PatentID	AssigneeID
AT2018172289T	A_005882
AT2022060396W	A_020563
AT602262021A	A_020564
AU2018050346W	A_020565
AU2018200976A	A_008252
AU2018204315A	A_020566
AU2018204317A	A_020566
AU2018204321A	A_020566
AU2018286646A	A_020567
AU2019101822A	A_020568
AU2019202129A	A_020569
AU2019202129A	A_020570
AU2019237372A	A_020571
AU2019250103A	A_020572
AU2019363031A	A_005857
AU2020100917A	A_020573
AU2020102305A	A_020574
AU2020102305A	A_020575
AU2020102305A	A_020576
AU2020102305A	A_020577
AU2020102305A	A_020578
AU2020102305A	A_020579
AU2020102305A	A_020580
AU2020102305A	A_020581
AU2020102305A	A_020582
AU2020102305A	A_020583
AU2020103294A	A_020584
AU2020103294A	A_020585
AU2020103294A	A_020586
AU2020103294A	A_020587
AU2020103294A	A_020588
AU2020103294A	A_020589
AU2020103294A	A_020590
AU2020103294A	A_020591
AU2020103294A	A_020592
AU2020203575A	A_020572
AU2020204166A	A_005500
AU2020217302A	A_000037
AU2020262292A	A_005500
AU2020275846A	A_020593
AU2021100672A	A_020594
AU2021100672A	A_020595
AU2021100672A	A_020596
AU2021100672A	A_020597
AU2021100672A	A_020598
AU2021100672A	A_020599
AU2021100672A	A_020600
AU2021100864A	A_020601
AU2021107088A	A_020602
AU2021107088A	A_020603
AU2021107088A	A_020604
AU2021107088A	A_020605
AU2021107088A	A_020606
AU2021107439A	A_020607
AU2021107439A	A_020608
AU2021107439A	A_020609
AU2021107439A	A_020610
AU2021107439A	A_020611
AU2021107439A	A_020612
AU2021221444A	A_020613
AU2021221444A	A_020614
AU2021258100A	A_020615
AU2021312378A	A_009255
AU2021351490A	A_020616
AU2021353084A	A_020617
AU2021360758A	A_020618
AU2021360758A	A_020619
AU2022051585W	A_020620
AU2022202429A	A_007986
AU2022202867A	A_020621
AU2022206663A	A_020622
AU2022247142A	A_020623
AU2022247649A	A_007778
AU2023203063A	A_020624
AU2023203325A	A_020625
AU2023222971A	A_007778
AU2023237061A	A_020626
AU2023272579A	A_020627
AU2023272796A	A_000050
AU2023307411A	A_020628
AU2023390313A	A_020629
AU2023437794A	A_020630
AU2023443525A	A_020631
AU2023459118A	A_000050
BE202200002A	A_020632
BR102019008496A	A_020633
BR102020016217	A_020634
BR102021011921A	A_020635
BR102021011921A	A_020636
BR102021011921A	A_020637
BR102022005912A	A_020638
BR102022021824A	A_020639
BR102022021824A	A_015125
BR112020013972A	A_020640
BR112020013972A	A_007705
BR112021015314A	A_020641
CA2020050342W	A_020642
CA2021050659W	A_020643
CA3020431A	A_020644
CA3034834A	A_020645
CA3051096A	A_005809
CA3065731A	A_020646
CA3065781A	A_020647
CA3074217A	A_020615
CA3104119A	A_020648
CA3108705A	A_013106
CA3164554A	A_020649
CA3178770A	A_000047
CA3211662A	A_020650
CA3216255A	A_000097
CH15082022A	A_020651
CN2018075538W	A_020652
CN2018075538W	A_013557
CN2018085094W	A_000128
CN2018085094W	A_000129
CN2018088988W	A_000128
CN2018095499W	A_020653
CN2018095499W	A_020654
CN201810028333.3	A_020655
CN201810033463.6	A_000260
CN201810037008.3	A_000294
CN201810038127.0	A_000196
CN201810048865.3	A_020656
CN201810060429.8	A_020657
CN201810066755.X	A_000134
CN201810076376.9	A_013698
CN201810078674.1	A_020658
CN201810079478.6	A_000732
CN201810091434.5	A_001138
CN201810094988.0	A_011615
CN201810096958.3	A_000161
CN201810150231.9	A_020659
CN201810158853.6	A_020660
CN201810160942.4	A_020661
CN201810163870.9	A_000294
CN201810170774.7	A_008783
CN201810170774.7	A_020662
CN201810182396.4	A_020663
CN201810185972.0	A_003779
CN201810185972.0	A_020664
CN201810188883.1	A_013819
CN201810189728.1	A_001229
CN201810193223.2	A_020665
CN201810194685.6	A_020666
CN201810202375.4	A_020667
CN201810212455.8	A_020668
CN201810219565.7	A_000996
CN201810219766.7	A_020669
CN201810224455.X	A_020670
CN201810229422.4	A_020671
CN201810232999.0	A_000339
CN201810236334.7	A_000756
CN201810237060.3	A_020672
CN201810241018.9	A_000316
CN201810253227.5	A_020673
CN201810261331.9	A_000613
CN201810298872.9	A_020674
CN201810299122.3	A_001229
CN201810311356.5	A_020675
CN201810325262.3	A_000689
CN201810327673.6	A_000240
CN201810329238.7	A_001659
CN201810334753.4	A_020676
CN2018103580W	A_000226
CN2018103580W	A_000492
CN201810359449.5	A_020041
CN201810361245.5	A_000725
CN201810362152.4	A_000725
CN201810362164.7	A_000725
CN201810362173.6	A_000725
CN201810382529.2	A_000856
CN201810392430.0	A_000258
CN201810393557.4	A_000234
CN2018104025W	A_012652
CN201810404931.6	A_020677
CN201810407292.9	A_000261
CN201810408435.8	A_000261
CN201810463947.4	A_000292
CN201810469433.X	A_020678
CN201810480881.X	A_001710
CN201810484717.6	A_002400
CN201810485686.6	A_000756
CN201810493720.4	A_000407
CN201810504070.9	A_001676
CN201810531006.X	A_002132
CN201810531008.9	A_002132
CN201810534077.5	A_003072
CN201810535906.1	A_000260
CN201810540558.7	A_020679
CN201810574006.8	A_011788
CN201810574584.1	A_020680
CN201810584613.2	A_000182
CN201810586568.4	A_015296
CN201810589304.4	A_001575
CN201810596592.6	A_020681
CN201810596880.1	A_020682
CN201810603814.2	A_020683
CN201810610199.8	A_000543
CN201810611918.8	A_020684
CN201810622316.2	A_020685
CN201810625974.7	A_020686
CN201810639869.9	A_000317
CN201810652044.0	A_020687
CN201810670062.1	A_000345
CN201810697357.8	A_020688
CN201810706272.1	A_010115
CN201810712872.9	A_002970
CN201810721960.5	A_020689
CN201810721960.5	A_000995
CN201810721960.5	A_000384
CN201810750002.0	A_000182
CN201810761336.8	A_000367
CN201810762537.X	A_020690
CN201810781115.7	A_002616
CN201810781115.7	A_000384
CN201810789039.4	A_012652
CN201810790066.3	A_000474
CN201810798681.9	A_001109
CN201810803266.8	A_020685
CN201810807503.8	A_000162
CN201810813562.6	A_020691
CN201810825689.X	A_000198
CN2018108401W	A_000128
CN2018108401W	A_000129
CN2018108423W	A_000130
CN2018108423W	A_020692
CN201810845840.6	A_001044
CN201810847167.X	A_000452
CN201810852951.X	A_000381
CN201810860429.6	A_000182
CN201810865285.3	A_020693
CN201810873782.8	A_020694
CN201810874300.0	A_020695
CN201810895156.9	A_020696
CN201810909148.5	A_020697
CN201810914370.4	A_000979
CN201810924226.9	A_002927
CN201810924226.9	A_020698
CN201810925974.9	A_020699
CN201810938663.6	A_001055
CN201810941563.9	A_000294
CN201810959346.2	A_020700
CN201810978590.3	A_002132
CN201810980326.3	A_001485
CN201810982009.5	A_020701
CN2018109951W	A_012652
CN201810996260.7	A_020702
CN201811002575.1	A_000276
CN201811005375.1	A_000421
CN201811014678.X	A_000421
CN201811015421.6	A_000304
CN201811017379.1	A_001075
CN201811019471.1	A_020703
CN201811024682.4	A_020704
CN201811027883.X	A_020705
CN201811036858.8	A_002872
CN201811045079.4	A_000253
CN201811047779.7	A_001770
CN201811051016.X	A_003787
CN201811073251.7	A_020706
CN201811073251.7	A_020707
CN201811073774.1	A_020685
CN201811076049.X	A_003830
CN201811076049.X	A_000384
CN201811076248.0	A_020708
CN201811080439.4	A_000202
CN201811081708.9	A_020709
CN201811081796.2	A_020709
CN201811087841.5	A_020710
CN201811094762.7	A_000294
CN201811095230.5	A_020711
CN201811095926.8	A_000294
CN201811100697.4	A_000234
CN201811104859.1	A_001179
CN201811104859.1	A_020712
CN201811116540.0	A_020713
CN201811123247.7	A_000198
CN201811126648.8	A_020714
CN201811128665.5	A_000417
CN201811131656.1	A_015280
CN201811133359.0	A_012878
CN201811149658.3	A_020715
CN201811166453.6	A_000528
CN201811174173.X	A_012652
CN201811176059.0	A_020716
CN201811179366.4	A_020717
CN201811186419.5	A_020718
CN201811188344.4	A_000862
CN201811193714.3	A_020719
CN201811199959.7	A_000182
CN201811201792.3	A_020720
CN201811201792.3	A_020721
CN201811215787.8	A_020722
CN201811215820.7	A_020723
CN201811217286.3	A_000543
CN201811217963.1	A_000543
CN201811221643.3	A_020719
CN201811221788.3	A_020724
CN201811222454.8	A_020719
CN201811249088.5	A_020725
CN201811249088.5	A_000609
CN201811251801.X	A_020726
CN201811274054.1	A_010122
CN201811274656.7	A_010122
CN201811275902.0	A_020727
CN201811275984.9	A_000234
CN201811278411.1	A_020728
CN201811280179.5	A_020729
CN201811281801.4	A_020730
CN201811295781.6	A_000304
CN201811306304.5	A_020731
CN201811306304.5	A_020732
CN201811315966.9	A_013774
CN201811321756.0	A_013774
CN201811324616.9	A_020733
CN201811327307.7	A_013819
CN201811336709.3	A_020734
CN201811338415.4	A_016582
CN201811349174.3	A_001991
CN201811351029.9	A_002268
CN201811356896.1	A_000845
CN201811362045.8	A_020735
CN201811363678.0	A_000268
CN201811390428.6	A_020723
CN201811392270.6	A_020723
CN201811396269.0	A_000387
CN201811397300.2	A_020736
CN201811418898.9	A_000895
CN201811436113.0	A_020685
CN201811444129.6	A_020685
CN201811449077.1	A_020734
CN201811450696.2	A_020723
CN201811450728.9	A_020723
CN201811455827.6	A_020723
CN201811456719.0	A_020723
CN201811456735.X	A_020723
CN201811457866.X	A_020726
CN201811458041.X	A_020723
CN201811458042.4	A_020723
CN201811461568.8	A_000510
CN201811470100.5	A_020737
CN201811473003.1	A_000177
CN201811474770.4	A_020726
CN201811474803.5	A_020738
CN201811475041.0	A_020726
CN201811476027.2	A_020726
CN201811480633.1	A_020739
CN201811488125.8	A_001765
CN201811488146.X	A_001765
CN201811489482.6	A_001765
CN201811490220.1	A_020726
CN201811492747.8	A_000756
CN201811494297.6	A_000845
CN201811510551.7	A_020740
CN201811512256.5	A_020741
CN201811518727.3	A_020742
CN201811534505.0	A_020724
CN201811536154.7	A_020724
CN201811539161.2	A_020743
CN201811543168.1	A_000177
CN2018115456W	A_000226
CN201811549441.1	A_002933
CN201811554242.X	A_020744
CN201811554322.5	A_002505
CN201811563990.4	A_003171
CN201811567206.7	A_020718
CN201811570061.6	A_020719
CN201811570361.4	A_003727
CN201811572663.5	A_020745
CN201811578471.5	A_020746
CN201811592204.3	A_020723
CN201811592246.7	A_020723
CN201811598037.3	A_020747
CN201811598037.3	A_020748
CN201811598711.8	A_020749
CN201811602408.0	A_001574
CN201811609263.7	A_020750
CN201811621244.6	A_020723
CN201811621258.8	A_020723
CN201811621262.4	A_020723
CN201811625377.0	A_020751
CN201811625704.2	A_020723
CN201811628079.7	A_020723
CN201811628203.X	A_020723
CN201811634859.2	A_000292
CN201811649068.7	A_002935
CN201811653575.8	A_020719
CN2018118007W	A_000128
CN2018118007W	A_000129
CN2018120301W	A_020752
CN2018120301W	A_020753
CN2018122059W	A_000128
CN2018124346W	A_000128
CN2018124346W	A_000129
CN201820284409.4	A_020754
CN201820496118.1	A_000652
CN201820496118.1	A_002939
CN201820509263.9	A_000414
CN201820520170.6	A_000689
CN201820850740.8	A_005351
CN201821018019.9	A_020755
CN201821224663.1	A_020756
CN201821275479.X	A_020757
CN201821394923.X	A_020758
CN201821755937.X	A_000128
CN201821770781.2	A_020759
CN201821770781.2	A_020760
CN201822024488.8	A_020738
CN201822126419.8	A_002933
CN201880001318.8	A_020726
CN201880002336.8	A_020723
CN201880002473.1	A_020726
CN201880002658.2	A_020726
CN201880011996.2	A_000128
CN201880012524.9	A_000128
CN201880015441.5	A_020761
CN201880016197.4	A_020762
CN201880016197.4	A_020763
CN201880016197.4	A_020764
CN201880020181.0	A_000260
CN201880025414.6	A_020765
CN201880026964.X	A_020766
CN201880030467.7	A_020767
CN201880031704.1	A_020768
CN201880032934.X	A_020726
CN201880035829.1	A_020769
CN201880037251.3	A_000128
CN201880037903.3	A_000128
CN201880039855.1	A_000128
CN201880043257.1	A_012652
CN201880047753.4	A_020770
CN201880048818.7	A_020771
CN201880049130.0	A_000260
CN201880051149.9	A_000910
CN201880052041.1	A_020772
CN201880054143.7	A_000910
CN201880056552.0	A_020659
CN201880060900.1	A_001519
CN201880066962.3	A_020767
CN201880069257.9	A_000128
CN201880069832.5	A_020773
CN201880072532.2	A_012769
CN201880072862.1	A_020774
CN201880083795.3	A_020775
CN201880087333.9	A_020767
CN201880089729.7	A_020776
CN201880093319.X	A_020726
CN201880097333.7	A_000910
CN201880097366.1	A_020777
CN201880098100.9	A_020778
CN201880098130.X	A_020779
CN201880098130.X	A_020780
CN201880100512.1	A_020683
CN2019075707W	A_000128
CN2019075707W	A_000129
CN2019077896W	A_000128
CN2019081027W	A_000128
CN2019083723W	A_020572
CN2019086003W	A_010153
CN2019089425W	A_000128
CN2019089425W	A_000129
CN2019098657W	A_000128
CN2019098657W	A_000129
CN201910001855.9	A_020723
CN201910009101.8	A_020726
CN201910014299.9	A_020781
CN201910017216.1	A_000484
CN201910021208.4	A_020782
CN201910021208.4	A_002168
CN201910024269.6	A_020726
CN201910031685.9	A_020783
CN201910031780.9	A_013782
CN201910032058.7	A_000162
CN201910041340.1	A_020784
CN201910050655.2	A_000211
CN201910052234.3	A_000196
CN201910058735.2	A_020785
CN201910071671.X	A_020726
CN201910072182.6	A_000253
CN201910075812.5	A_020726
CN201910089314.6	A_000279
CN201910089314.6	A_000829
CN201910096126.6	A_016496
CN201910105186.X	A_001154
CN201910109823.0	A_020786
CN201910110591.0	A_011172
CN201910115003.2	A_020726
CN201910116109.4	A_020787
CN201910117903.0	A_000884
CN201910123394.2	A_000636
CN201910128689.9	A_000985
CN201910128689.9	A_000384
CN201910129652.8	A_020788
CN201910130821.X	A_020789
CN201910131289.3	A_001613
CN201910131557.1	A_000942
CN201910136312.8	A_000182
CN201910137717.3	A_000326
CN201910138792.1	A_020790
CN201910141501.4	A_010708
CN201910143490.3	A_020791
CN201910143490.3	A_020792
CN201910146313.0	A_013698
CN201910158111.8	A_020793
CN201910173584.5	A_000211
CN201910175932.2	A_020723
CN201910179295.6	A_019314
CN201910182414.3	A_000134
CN201910185925.0	A_001770
CN201910204723.6	A_020794
CN201910208251.1	A_020795
CN201910214205.2	A_000294
CN201910217800.1	A_020796
CN201910218449.8	A_020797
CN201910221244.5	A_020798
CN201910221244.5	A_003262
CN201910222786.4	A_020799
CN201910226552.7	A_020719
CN201910226732.5	A_000756
CN201910233985.5	A_020752
CN201910237503.3	A_020800
CN201910237944.3	A_010153
CN201910239669.9	A_001005
CN201910239669.9	A_002522
CN201910246793.8	A_020801
CN201910247682.9	A_020802
CN201910254872.3	A_000304
CN201910255573.1	A_000756
CN201910257826.9	A_002872
CN201910260017.3	A_020803
CN201910260017.3	A_020804
CN201910261963.X	A_020805
CN201910264598.8	A_020806
CN201910264724.X	A_020807
CN201910267513.1	A_000915
CN201910272728.2	A_015433
CN201910272728.2	A_015434
CN201910278641.6	A_001962
CN201910279639.0	A_000948
CN201910288355.8	A_020808
CN201910291184.4	A_020809
CN201910291949.4	A_012652
CN201910293190.3	A_020723
CN201910293748.8	A_020723
CN201910293777.4	A_020723
CN201910294776.1	A_020810
CN201910296235.2	A_000377
CN201910300260.3	A_001135
CN201910306620.0	A_000182
CN201910308883.5	A_000898
CN201910315522.3	A_011662
CN201910315522.3	A_020811
CN201910318028.2	A_020812
CN201910318251.7	A_020813
CN201910318970.9	A_001251
CN201910319617.2	A_010122
CN201910320211.6	A_020814
CN201910326657.X	A_020815
CN201910328531.6	A_000756
CN201910328985.3	A_020816
CN201910336562.6	A_002293
CN201910342011.0	A_020817
CN201910355630.3	A_020818
CN201910363879.9	A_020819
CN201910368348.9	A_002168
CN201910369420.X	A_020820
CN201910369420.X	A_003970
CN201910377070.1	A_000223
CN201910378719.1	A_000388
CN201910386566.5	A_002318
CN201910387136.5	A_000182
CN201910392509.8	A_020821
CN201910396867.6	A_020719
CN201910401602.0	A_002615
CN201910402787.7	A_020723
CN201910404582.2	A_000276
CN201910405785.3	A_020688
CN201910406775.1	A_020723
CN201910412708.0	A_020723
CN201910416789.1	A_020723
CN201910420274.9	A_020723
CN201910420283.8	A_020723
CN201910420331.3	A_020723
CN201910420738.6	A_020723
CN201910422872.X	A_020688
CN201910440969.3	A_000861
CN201910440969.3	A_020822
CN201910443425.2	A_002913
CN201910451544.2	A_020823
CN201910452161.7	A_020824
CN201910452161.7	A_020825
CN201910456031.0	A_020826
CN201910458113.9	A_020827
CN201910460861.0	A_000198
CN201910464019.4	A_020828
CN201910467770.X	A_016582
CN201910467770.X	A_002642
CN201910485788.2	A_020800
CN201910486384.5	A_020829
CN201910486503.7	A_012652
CN201910486810.5	A_002199
CN201910492141.2	A_020719
CN2019104924W	A_020830
CN201910495997.5	A_020831
CN201910500076.3	A_020832
CN201910500482.X	A_020833
CN201910503595.5	A_020834
CN201910506682.6	A_020835
CN201910508537.1	A_011719
CN201910509302.4	A_014948
CN201910510606.2	A_000756
CN201910511054.7	A_002415
CN201910529463.X	A_000988
CN201910532054.5	A_002565
CN201910537538.9	A_020836
CN201910542307.7	A_000203
CN201910554969.6	A_000304
CN201910555209.7	A_020837
CN201910555209.7	A_020838
CN201910556880.3	A_000182
CN201910568633.5	A_000177
CN201910569557.X	A_020839
CN201910578663.4	A_020767
CN201910583440.7	A_000452
CN201910587455.0	A_001821
CN201910587644.8	A_001821
CN201910596703.8	A_000477
CN201910614713.X	A_020840
CN201910616614.5	A_020841
CN201910617165.6	A_020842
CN201910620068.2	A_020843
CN201910620069.7	A_020843
CN201910620766.2	A_020723
CN201910620768.1	A_020723
CN201910623290.8	A_020723
CN201910623996.4	A_002433
CN201910625442.8	A_020723
CN201910625698.9	A_020844
CN201910628929.1	A_020845
CN201910629417.7	A_020723
CN201910636077.0	A_020723
CN201910636339.3	A_020723
CN201910645052.7	A_020723
CN201910646202.6	A_020846
CN201910646515.1	A_001659
CN201910649741.5	A_020847
CN201910652457.3	A_020848
CN201910671015.3	A_001314
CN201910671015.3	A_014611
CN201910671015.3	A_000384
CN201910676122.5	A_000260
CN201910677541.0	A_002168
CN201910680789.2	A_000709
CN201910681228.4	A_020685
CN201910684793.6	A_000253
CN201910685108.1	A_020849
CN201910686677.8	A_020850
CN201910686677.8	A_000514
CN201910689309.9	A_000337
CN201910703451.4	A_020752
CN201910710454.0	A_020850
CN201910710454.0	A_000514
CN201910713451.2	A_020851
CN201910724830.1	A_020723
CN201910724900.3	A_020723
CN201910725012.3	A_020723
CN201910725178.5	A_020723
CN201910728575.8	A_000139
CN201910740483.1	A_020752
CN201910740813.7	A_020723
CN201910741705.1	A_000223
CN201910742230.8	A_020723
CN201910742350.8	A_020723
CN201910742486.9	A_020723
CN201910742597.X	A_020723
CN201910742674.1	A_020723
CN201910743220.6	A_020723
CN201910745141.9	A_020723
CN201910745314.7	A_020723
CN201910746108.8	A_020723
CN201910747898.1	A_020723
CN201910747969.8	A_020723
CN201910751191.8	A_000510
CN201910752567.7	A_020852
CN201910753662.9	A_008526
CN201910753662.9	A_020853
CN201910755816.8	A_020723
CN201910761588.5	A_000299
CN201910771212.2	A_000756
CN201910775103.8	A_020854
CN201910775103.8	A_020855
CN201910779274.8	A_020726
CN201910779407.1	A_008682
CN201910782134.6	A_020856
CN201910782216.0	A_000253
CN201910782216.0	A_003923
CN201910787859.4	A_020685
CN201910792992.9	A_020857
CN201910792992.9	A_020858
CN201910803497.3	A_003012
CN201910803497.3	A_005266
CN201910804112.5	A_000273
CN201910805835.7	A_003436
CN201910806797.7	A_020859
CN201910810002.X	A_020860
CN201910816606.5	A_011946
CN201910817892.7	A_020723
CN201910819000.7	A_020723
CN201910819013.4	A_020723
CN201910819020.4	A_020723
CN201910834056.X	A_000177
CN201910841009.8	A_020752
CN201910844223.9	A_000273
CN201910849702.X	A_001765
CN201910849943.4	A_000968
CN201910862731.X	A_004955
CN201910880434.8	A_020861
CN201910883602.9	A_020862
CN201910888165.X	A_020863
CN201910891952.X	A_000543
CN201910897536.0	A_020864
CN201910897536.0	A_020865
CN201910902652.7	A_020723
CN201910902842.9	A_020723
CN201910913739.4	A_000198
CN201910916980.2	A_020866
CN201910917491.9	A_020867
CN201910929448.4	A_015732
CN201910931108.5	A_010122
CN201910936106.5	A_020859
CN201910939419.6	A_020859
CN201910941466.4	A_020868
CN201910945757.0	A_020723
CN2019109473W	A_020869
CN201910948851.1	A_001455
CN201910949100.1	A_020859
CN201910949879.7	A_002312
CN201910949879.7	A_020870
CN201910971896.0	A_020871
CN201910972022.7	A_020872
CN201910977770.4	A_000253
CN201910979630.0	A_020873
CN201910982426.4	A_000198
CN201910986667.6	A_003688
CN201910986667.6	A_020874
CN201910995125.5	A_020875
CN201910998477.6	A_020876
CN201910998909.3	A_000385
CN201910999717.4	A_000636
CN201911004533.6	A_018954
CN201911012978.9	A_015827
CN201911013848.7	A_000273
CN2019110146W	A_020723
CN201911015876.2	A_018566
CN201911019575.7	A_020752
CN201911025404.5	A_000198
CN201911033006.8	A_020877
CN201911034185.7	A_000326
CN201911034185.7	A_015827
CN201911036226.6	A_020878
CN201911037194.1	A_012780
CN201911037194.1	A_000384
CN201911041239.2	A_000729
CN201911041964.X	A_000299
CN201911042554.7	A_020879
CN201911060743.7	A_020880
CN201911066306.6	A_001750
CN201911066306.6	A_020881
CN201911066852.X	A_020851
CN201911066983.8	A_001750
CN201911066983.8	A_014611
CN201911080634.1	A_020882
CN201911085730.5	A_002312
CN201911090550.6	A_020883
CN201911092326.0	A_012652
CN201911093360.X	A_008632
CN201911097298.1	A_020884
CN201911107090.3	A_002616
CN201911107090.3	A_000384
CN201911107090.3	A_004496
CN201911107795.5	A_018529
CN201911115072.X	A_000326
CN201911119545.3	A_014792
CN201911119545.3	A_000294
CN201911121497.1	A_020885
CN201911122468.7	A_020886
CN201911124102.3	A_020887
CN201911136344.4	A_012652
CN201911142736.1	A_000543
CN201911148779.0	A_000294
CN201911161044.1	A_020888
CN201911163463.9	A_018587
CN201911163852.1	A_020752
CN201911172676.8	A_002312
CN201911179704.9	A_020889
CN201911188087.9	A_020890
CN201911193583.3	A_020891
CN201911195639.9	A_002913
CN2019112012W	A_000128
CN201911211331.9	A_020892
CN201911218131.6	A_000596
CN201911223845.6	A_020893
CN201911236923.6	A_000543
CN201911237806.1	A_000345
CN201911242937.9	A_020894
CN201911244292.2	A_020895
CN201911245318.5	A_000292
CN201911246879.7	A_015648
CN2019112472W	A_000128
CN2019112472W	A_000129
CN201911249399.6	A_000636
CN201911249957.9	A_020896
CN201911250399.8	A_001183
CN201911251231.9	A_003875
CN201911251231.9	A_000384
CN201911251292.5	A_001304
CN201911251292.5	A_020897
CN201911251292.5	A_001305
CN201911255889.7	A_020734
CN201911258328.2	A_020896
CN201911261163.4	A_020896
CN201911262011.6	A_000223
CN201911273395.1	A_020898
CN201911275864.3	A_020719
CN201911278596.0	A_010122
CN201911289421.X	A_020899
CN201911296716.X	A_000828
CN201911296716.X	A_020900
CN201911299550.7	A_000292
CN201911300756.7	A_000543
CN201911303656.X	A_020901
CN201911304441.X	A_001139
CN201911309557.2	A_001455
CN201911311109.6	A_020902
CN201911318745.1	A_020903
CN201911319821.0	A_020904
CN201911320004.7	A_020905
CN201911321609.8	A_020906
CN201911326992.6	A_020896
CN201911330655.4	A_020859
CN201911330753.8	A_020859
CN201911337677.3	A_020896
CN201911338879.X	A_000315
CN201911338879.X	A_001634
CN201911349822.X	A_020723
CN201911357463.2	A_001136
CN201911358086.4	A_020896
CN201911360210.0	A_020907
CN201911360380.9	A_000923
CN201911369146.2	A_015592
CN201911372187.7	A_020908
CN201911377917.2	A_020896
CN201911378116.8	A_003729
CN201911378277.7	A_000636
CN201911380375.4	A_020767
CN201911382798.X	A_020767
CN201911382956.1	A_000543
CN201911395066.4	A_000901
CN201911396401.2	A_001137
CN201911396401.2	A_001138
CN201911400504.1	A_020909
CN201911409162.X	A_002942
CN201911420099.X	A_000299
CN2019114713W	A_000128
CN2019124580W	A_000128
CN2019124580W	A_000129
CN2019126040W	A_000226
CN2019127052W	A_020910
CN2019127659W	A_000128
CN2019129324W	A_020726
CN2019130962W	A_000128
CN201920050600.7	A_020911
CN201920402793.8	A_000304
CN201920484304.8	A_020808
CN201920592023.4	A_020912
CN201920791415.3	A_020913
CN201920821228.5	A_020914
CN201920860856.4	A_004161
CN201920860856.4	A_011188
CN201920945315.1	A_020915
CN201921083289.2	A_000810
CN201921313558.X	A_020852
CN201921886251.9	A_000477
CN201921894436.4	A_020916
CN201921989191.3	A_020917
CN201922019715.2	A_020918
CN201922123884.0	A_000614
CN201980000865.9	A_020726
CN201980003627.3	A_020919
CN201980004932.4	A_020659
CN201980005222.3	A_000128
CN201980005403.6	A_014498
CN201980005550.3	A_000128
CN201980008957.1	A_014498
CN201980009520.X	A_000128
CN201980011724.7	A_020920
CN201980016415.9	A_014498
CN201980019304.3	A_020921
CN201980024756.0	A_000910
CN201980028957.8	A_000910
CN201980029897.1	A_020922
CN201980030364.5	A_000128
CN201980033189.5	A_000128
CN201980033554.2	A_000128
CN201980033604.7	A_014498
CN201980038392.1	A_000128
CN201980039061.X	A_000128
CN201980039701.7	A_000128
CN201980040485.8	A_020923
CN201980043994.6	A_020767
CN201980045708.X	A_008941
CN201980047034.7	A_020924
CN201980048144.5	A_000260
CN201980050918.8	A_001519
CN201980054722.6	A_020925
CN201980056822.2	A_020920
CN201980059539.5	A_000910
CN201980064013.6	A_000260
CN201980065673.6	A_020926
CN201980068079.2	A_012652
CN201980068824.3	A_020927
CN201980070070.5	A_012652
CN201980070460.2	A_020928
CN201980072234.8	A_020929
CN201980075111.X	A_020930
CN201980076419.6	A_020928
CN201980078393.9	A_020931
CN201980080545.9	A_020932
CN201980081195.8	A_000910
CN201980083138.3	A_000910
CN201980085815.5	A_020715
CN201980086899.4	A_020933
CN201980086986.X	A_020934
CN201980092470.6	A_020935
CN201980092470.6	A_020936
CN201980092973.3	A_020937
CN2020071822W	A_000128
CN2020071857W	A_000128
CN2020073417W	A_020572
CN2020073652W	A_020726
CN2020073652W	A_020572
CN2020073656W	A_000128
CN2020077481W	A_020752
CN2020077481W	A_020753
CN2020078629W	A_000226
CN2020078629W	A_000492
CN2020080640W	A_020723
CN2020081223W	A_020938
CN2020082831W	A_020723
CN2020087591W	A_000128
CN2020087591W	A_000129
CN2020092645W	A_000226
CN2020092645W	A_000492
CN2020094381W	A_010153
CN2020098181W	A_000128
CN2020098181W	A_000129
CN202010000373.4	A_000304
CN202010000879.5	A_000182
CN202010003211.6	A_000384
CN202010003211.6	A_020881
CN202010003211.6	A_001750
CN202010009028.7	A_000636
CN202010012511.0	A_001676
CN202010018459.X	A_001676
CN202010019423.3	A_020939
CN202010022388.0	A_020940
CN202010022564.0	A_000514
CN202010022985.3	A_000947
CN202010025820.1	A_020941
CN202010028260.5	A_020883
CN202010031198.5	A_004153
CN202010031878.7	A_000134
CN202010032544.1	A_001668
CN202010032544.1	A_020942
CN202010032544.1	A_020943
CN202010032544.1	A_020944
CN202010043670.7	A_020752
CN202010043670.7	A_000947
CN202010051099.3	A_020945
CN202010054020.2	A_004721
CN202010055258.7	A_000304
CN202010060853.X	A_020946
CN202010062264.5	A_003744
CN202010066954.8	A_000139
CN202010077029.5	A_020859
CN202010082108.5	A_020947
CN202010084820.9	A_020752
CN202010088743.4	A_003267
CN202010088859.8	A_020863
CN202010091091.X	A_008913
CN202010091091.X	A_000384
CN202010091091.X	A_020948
CN202010091834.3	A_013764
CN202010091834.3	A_013765
CN202010101115.5	A_001455
CN202010102248.4	A_020752
CN202010107027.6	A_000308
CN202010107342.9	A_020752
CN202010113357.6	A_000756
CN202010114364.8	A_020949
CN202010117318.3	A_000636
CN202010120410.5	A_000139
CN202010121676.1	A_010161
CN202010125469.3	A_020950
CN202010125469.3	A_000134
CN202010126905.9	A_020685
CN202010126965.0	A_003267
CN202010126965.0	A_000778
CN202010128968.8	A_020896
CN202010129042.0	A_012739
CN202010129553.2	A_020752
CN202010129553.2	A_000609
CN202010129720.3	A_020876
CN202010130319.1	A_000315
CN202010130319.1	A_000652
CN202010131483.4	A_020724
CN202010137005.4	A_020951
CN202010142990.8	A_020752
CN202010154383.3	A_020952
CN202010154383.3	A_020953
CN202010161349.9	A_000339
CN202010164167.7	A_000509
CN202010167880.7	A_020954
CN202010167880.7	A_000241
CN202010167880.7	A_000337
CN202010173558.5	A_001237
CN202010174163.7	A_002565
CN202010182180.5	A_020752
CN202010183301.8	A_002472
CN202010185811.9	A_019262
CN202010185811.9	A_020955
CN202010197757.X	A_004005
CN202010198544.9	A_020956
CN202010198544.9	A_000198
CN202010205552.1	A_020957
CN202010206871.4	A_000452
CN202010206871.4	A_020958
CN202010207255.0	A_000452
CN202010207255.0	A_020958
CN202010208111.7	A_002268
CN202010212189.6	A_020959
CN202010219905.3	A_020960
CN202010220519.6	A_020961
CN202010220527.0	A_020962
CN202010220663.X	A_020963
CN202010224463.1	A_020876
CN202010225912.4	A_020719
CN202010226673.4	A_020964
CN202010228134.4	A_020965
CN202010228134.4	A_020966
CN202010229641.X	A_003044
CN202010231088.3	A_020967
CN202010231230.4	A_001018
CN202010231230.4	A_020968
CN202010231438.6	A_000389
CN202010232246.7	A_020969
CN202010242292.5	A_020970
CN202010242292.5	A_020971
CN202010243874.5	A_017213
CN202010244427.1	A_002455
CN202010244437.5	A_002455
CN202010244594.6	A_012276
CN202010244594.6	A_004382
CN202010244594.6	A_000384
CN202010245436.2	A_020354
CN202010245436.2	A_013765
CN202010257497.0	A_011755
CN202010267251.1	A_000336
CN202010274128.2	A_000936
CN202010275526.6	A_020972
CN202010279789.4	A_014624
CN202010279789.4	A_020973
CN202010280895.4	A_004992
CN202010293284.3	A_001099
CN202010295474.9	A_020689
CN202010295474.9	A_020974
CN202010295474.9	A_000384
CN202010296174.2	A_020975
CN202010299822.X	A_010122
CN202010302692.0	A_020976
CN202010303295.5	A_016582
CN202010304250.X	A_020977
CN202010306306.5	A_000223
CN202010306431.6	A_000304
CN202010307650.6	A_020978
CN202010316880.9	A_001567
CN202010316880.9	A_001568
CN202010317207.7	A_000947
CN202010318986.2	A_000294
CN202010326763.0	A_020979
CN202010326763.0	A_020980
CN202010326763.0	A_020981
CN202010328576.6	A_020982
CN202010331448.7	A_020983
CN202010332204.0	A_000171
CN202010332204.0	A_020984
CN202010332782.4	A_019298
CN202010333502.1	A_020985
CN202010333502.1	A_012084
CN202010335557.6	A_020986
CN202010336314.4	A_010153
CN202010336320.X	A_000234
CN202010336978.0	A_000294
CN202010340381.3	A_020987
CN202010340381.3	A_012301
CN202010340381.3	A_020988
CN202010344387.8	A_020989
CN202010344398.6	A_018615
CN202010344398.6	A_010302
CN202010344398.6	A_020990
CN202010345760.1	A_020991
CN202010345760.1	A_020992
CN202010350455.1	A_020715
CN202010355522.9	A_020993
CN202010358140.1	A_020677
CN202010363703.6	A_020876
CN202010366056.4	A_000292
CN202010366536.0	A_000223
CN202010374154.2	A_020994
CN202010374982.6	A_020995
CN202010380930.X	A_000260
CN202010386129.6	A_000294
CN202010388930.4	A_020996
CN202010392259.0	A_000838
CN202010393807.1	A_000294
CN202010393944.5	A_004323
CN202010393944.5	A_001179
CN202010393944.5	A_000384
CN202010395451.5	A_020997
CN202010400283.4	A_000253
CN202010401407.0	A_020998
CN202010401595.7	A_020998
CN202010403923.7	A_000202
CN202010405041.4	A_020998
CN202010413115.9	A_020999
CN202010414269.X	A_020999
CN202010415124.1	A_003168
CN202010415124.1	A_021000
CN202010415191.3	A_003168
CN202010415191.3	A_021000
CN202010418103.5	A_000845
CN202010422871.8	A_002859
CN202010436503.9	A_000528
CN202010440017.4	A_010122
CN202010441686.3	A_000198
CN202010442497.8	A_021001
CN202010449115.4	A_001451
CN202010450427.7	A_000253
CN202010451564.2	A_003676
CN202010452017.6	A_000915
CN202010452861.9	A_000182
CN202010456397.0	A_021002
CN202010466779.1	A_012652
CN202010468941.3	A_000988
CN202010475356.6	A_001600
CN202010475356.6	A_001601
CN202010485102.2	A_021003
CN202010490445.8	A_021004
CN202010490445.8	A_021005
CN202010490446.2	A_021004
CN202010490446.2	A_021005
CN202010493078.7	A_000845
CN202010508865.4	A_012825
CN202010510683.0	A_021006
CN202010512952.7	A_021007
CN202010513538.8	A_002951
CN202010517174.0	A_000196
CN202010518074.X	A_000292
CN202010518778.7	A_000292
CN202010520588.9	A_000351
CN202010521118.4	A_021008
CN202010538989.7	A_021009
CN202010539677.8	A_021010
CN202010542392.X	A_003085
CN202010542392.X	A_002434
CN202010548412.4	A_020683
CN202010548732.X	A_004809
CN202010556136.6	A_001765
CN202010558359.6	A_021011
CN202010561751.6	A_001765
CN202010566355.2	A_021012
CN202010567537.1	A_021012
CN202010567584.6	A_020863
CN202010568720.3	A_000543
CN202010570810.6	A_000196
CN202010572679.7	A_000253
CN202010573599.3	A_001821
CN202010575803.5	A_000709
CN202010583529.6	A_001127
CN202010583529.6	A_021013
CN202010583530.9	A_001127
CN202010583530.9	A_021013
CN202010587150.2	A_021014
CN202010587476.5	A_021015
CN202010587476.5	A_012747
CN202010593324.6	A_021016
CN202010599603.3	A_021017
CN202010602032.4	A_020967
CN202010603011.4	A_000315
CN202010603024.1	A_000315
CN202010603574.3	A_000315
CN202010612229.6	A_000316
CN202010612237.0	A_000474
CN202010615825.X	A_021018
CN202010621183.4	A_000177
CN202010622371.9	A_020967
CN202010629415.0	A_014519
CN202010634213.5	A_021019
CN202010640270.4	A_000609
CN202010641397.8	A_020752
CN202010641464.6	A_018851
CN202010642437.0	A_020752
CN202010642900.1	A_021020
CN202010646314.4	A_021021
CN202010648955.3	A_015822
CN202010650687.9	A_001568
CN202010650687.9	A_002768
CN202010650687.9	A_001567
CN202010650687.9	A_021022
CN202010650764.0	A_020767
CN202010652125.8	A_000294
CN202010653600.3	A_004096
CN202010653600.3	A_021023
CN202010653600.3	A_000337
CN202010658155.X	A_021024
CN202010659147.7	A_000273
CN202010659871.X	A_021025
CN202010661349.5	A_000294
CN202010661482.0	A_001366
CN202010664026.1	A_021026
CN202010666486.8	A_001659
CN202010667632.9	A_000134
CN202010668385.4	A_020752
CN202010668639.2	A_021027
CN202010675678.5	A_020767
CN202010682845.9	A_021028
CN202010686373.4	A_000636
CN202010688147.X	A_018529
CN202010690289.X	A_000778
CN202010690289.X	A_001132
CN202010690289.X	A_003267
CN202010690289.X	A_000384
CN202010691927.X	A_002109
CN202010691927.X	A_015612
CN202010691927.X	A_000384
CN202010692749.2	A_000966
CN202010693500.3	A_021029
CN202010694141.3	A_020989
CN202010698694.6	A_021030
CN202010699868.0	A_001455
CN202010699868.0	A_021031
CN202010701602.5	A_001031
CN202010701602.5	A_021032
CN202010703266.8	A_000947
CN202010704173.7	A_000947
CN202010704859.6	A_021033
CN202010704859.6	A_013765
CN202010709580.7	A_021034
CN202010710518.X	A_021035
CN202010711376.9	A_021036
CN202010713692.X	A_021037
CN202010713989.6	A_021038
CN202010716404.6	A_002897
CN202010717432.X	A_020326
CN202010728152.9	A_021039
CN202010731771.3	A_021040
CN202010733886.6	A_021041
CN202010733886.6	A_021042
CN202010735117.X	A_003951
CN202010739194.2	A_005297
CN202010742468.3	A_020989
CN202010747273.8	A_021043
CN202010748649.7	A_020946
CN202010751602.6	A_021007
CN202010753912.1	A_021044
CN202010757317.5	A_020967
CN202010758152.3	A_000294
CN202010758637.2	A_001029
CN202010759876.X	A_021045
CN202010762116.4	A_020659
CN202010769384.9	A_021046
CN202010769384.9	A_021047
CN202010769384.9	A_021048
CN202010773141.2	A_000198
CN202010776018.6	A_021049
CN202010777915.9	A_002044
CN202010778287.6	A_002346
CN202010779950.4	A_021050
CN202010779950.4	A_000636
CN202010779989.6	A_001087
CN202010779989.6	A_001132
CN202010779989.6	A_000778
CN202010779989.6	A_000384
CN202010783146.3	A_001139
CN202010788407.0	A_000337
CN202010792999.3	A_021051
CN202010794123.2	A_021052
CN202010798420.4	A_000292
CN202010799729.5	A_021053
CN202010800039.7	A_001682
CN202010800103.1	A_021054
CN202010800463.1	A_021055
CN202010801960.3	A_004157
CN202010806596.X	A_000704
CN202010808602.5	A_021056
CN202010817004.4	A_021057
CN202010817006.3	A_021057
CN202010817404.5	A_021057
CN202010819055.0	A_000514
CN202010819487.1	A_000294
CN202010822627.0	A_021058
CN202010822885.9	A_021059
CN202010823012.X	A_021060
CN202010831933.0	A_021061
CN202010832716.3	A_000326
CN202010837186.1	A_020752
CN202010840441.8	A_021062
CN202010841306.5	A_021063
CN202010851675.2	A_000377
CN202010857536.0	A_002109
CN202010857536.0	A_021064
CN202010857536.0	A_000384
CN202010863734.8	A_001574
CN202010864844.6	A_001574
CN202010866776.7	A_021065
CN202010872628.6	A_001958
CN202010874049.5	A_021066
CN202010876077.0	A_000742
CN202010884720.4	A_000253
CN202010886446.4	A_016582
CN202010888482.4	A_002418
CN202010893898.5	A_000182
CN202010894265.6	A_003084
CN202010895916.3	A_000182
CN202010896152.X	A_000177
CN202010909570.8	A_013698
CN202010925782.5	A_010122
CN202010925818.X	A_021067
CN202010925838.7	A_001770
CN202010928979.4	A_021068
CN202010929972.4	A_001029
CN202010937248.6	A_001122
CN202010946775.3	A_021069
CN202010946810.1	A_021069
CN202010946929.9	A_001710
CN202010953191.9	A_021070
CN202010954401.6	A_000213
CN202010954830.3	A_020977
CN202010955548.7	A_021071
CN202010958813.7	A_000509
CN202010969798.6	A_000330
CN202010969798.6	A_021072
CN202010970455.1	A_000299
CN202010973416.7	A_021073
CN202010973416.7	A_010633
CN202010979248.2	A_003003
CN202011007801.2	A_021074
CN202011008679.0	A_021075
CN202011017557.8	A_000276
CN202011019957.2	A_021076
CN202011021134.3	A_020783
CN202011021830.4	A_021077
CN202011023462.7	A_000318
CN202011028820.3	A_000345
CN202011031428.4	A_021078
CN202011032433.7	A_000294
CN202011034288.6	A_002615
CN202011037626.1	A_001099
CN202011038186.1	A_004125
CN202011039086.0	A_000179
CN202011044327.0	A_021079
CN202011048572.9	A_021080
CN202011050704.1	A_000371
CN202011051731.0	A_000543
CN202011051868.6	A_021081
CN202011053213.2	A_021082
CN202011053519.8	A_011860
CN202011055663.5	A_001575
CN202011059966.4	A_020736
CN202011060679.5	A_021083
CN202011064409.1	A_021084
CN202011064721.0	A_001756
CN202011070146.5	A_012652
CN202011071103.9	A_012739
CN202011073830.9	A_002418
CN202011076327.9	A_021079
CN202011078653.3	A_020752
CN202011079450.6	A_008869
CN202011082916.8	A_002141
CN202011082916.8	A_000384
CN202011083230.0	A_021085
CN202011089713.1	A_021086
CN202011094017.X	A_000304
CN202011094017.X	A_021087
CN202011094017.X	A_003876
CN202011096886.6	A_002933
CN202011097458.5	A_020752
CN202011100273.5	A_021088
CN202011109393.1	A_021089
CN202011112224.3	A_000543
CN202011112708.8	A_002897
CN202011115429.7	A_000252
CN202011115554.8	A_021090
CN202011115554.8	A_000384
CN202011122094.1	A_012724
CN202011124853.8	A_021091
CN202011127063.5	A_001613
CN202011133499.5	A_021086
CN202011135135.0	A_021092
CN202011137105.3	A_021093
CN202011137107.2	A_021094
CN202011138294.6	A_020752
CN202011140224.4	A_008702
CN202011141786.0	A_021095
CN202011142515.7	A_021096
CN202011142674.7	A_001818
CN202011144677.4	A_021097
CN202011144731.5	A_021098
CN202011145538.3	A_021099
CN202011147477.4	A_020896
CN202011147629.0	A_013698
CN202011154817.6	A_001200
CN202011162436.2	A_002438
CN202011165485.1	A_021100
CN202011169549.5	A_016582
CN202011169847.4	A_000517
CN202011170901.7	A_000221
CN202011171771.9	A_021101
CN202011172312.2	A_011273
CN202011179725.3	A_000260
CN202011181759.6	A_000923
CN202011186129.8	A_008869
CN202011186649.9	A_000182
CN202011196825.7	A_021102
CN202011199906.2	A_000663
CN202011202816.4	A_021103
CN202011203316.2	A_001640
CN202011203968.6	A_003168
CN202011204079.1	A_017044
CN202011204481.X	A_021104
CN202011207822.9	A_000353
CN202011208642.2	A_021105
CN202011213182.2	A_000345
CN202011213921.8	A_000936
CN202011227963.7	A_001327
CN202011235336.8	A_020429
CN202011238824.4	A_021106
CN202011239317.2	A_020752
CN202011240400.1	A_021106
CN202011253124.2	A_003082
CN202011253124.2	A_021107
CN202011254212.4	A_020752
CN202011254687.3	A_002360
CN202011261517.8	A_000315
CN202011263226.2	A_020896
CN202011263242.1	A_021108
CN202011263242.1	A_021109
CN202011265676.5	A_000294
CN202011265676.5	A_000182
CN202011265676.5	A_021110
CN202011268445.X	A_001003
CN202011268691.5	A_020767
CN202011271244.5	A_020896
CN202011271277.X	A_020896
CN202011271292.4	A_020896
CN202011272801.5	A_021111
CN202011273463.7	A_020896
CN202011282013.4	A_000793
CN202011282021.9	A_000793
CN202011285672.3	A_001455
CN202011285803.8	A_001455
CN202011289514.5	A_002438
CN202011289514.5	A_021112
CN202011290425.2	A_000182
CN202011293623.4	A_001099
CN202011295739.1	A_021113
CN202011295809.3	A_020896
CN202011298262.2	A_000469
CN202011300874.0	A_021114
CN202011300946.1	A_021115
CN202011302684.2	A_000202
CN202011305590.0	A_020752
CN202011308185.4	A_021116
CN202011309470.8	A_000318
CN202011309583.8	A_000345
CN202011312789.6	A_001756
CN202011314262.7	A_000333
CN202011324668.3	A_021117
CN202011324987.4	A_021118
CN202011326682.7	A_000326
CN202011327500.8	A_000550
CN202011329033.2	A_020767
CN202011329509.2	A_020975
CN202011329752.4	A_020767
CN202011330418.0	A_020752
CN202011331054.8	A_020752
CN202011336236.4	A_001404
CN202011337605.1	A_002565
CN202011337605.1	A_021119
CN202011344659.0	A_021120
CN202011344676.4	A_021120
CN202011344704.2	A_021120
CN202011344739.6	A_021120
CN202011348434.2	A_021121
CN202011350152.6	A_021120
CN202011352855.2	A_001770
CN202011353440.7	A_000294
CN202011356028.0	A_021122
CN202011359966.6	A_000157
CN202011361273.0	A_021123
CN202011362104.9	A_020752
CN202011364970.1	A_000543
CN202011367786.2	A_021124
CN202011367786.2	A_000299
CN202011371441.4	A_021125
CN202011372355.5	A_013904
CN202011373402.8	A_004479
CN202011376400.4	A_021126
CN202011378398.4	A_000202
CN202011381523.7	A_010313
CN202011383103.2	A_002768
CN202011383103.2	A_001568
CN202011386581.9	A_000182
CN202011389362.6	A_000315
CN202011389362.6	A_000793
CN202011393836.4	A_000897
CN202011393836.4	A_000203
CN202011394631.8	A_021127
CN202011395703.0	A_000856
CN202011396136.0	A_000755
CN202011397484.X	A_000538
CN202011398301.6	A_001109
CN202011401276.2	A_010259
CN202011404228.9	A_021128
CN202011404228.9	A_021129
CN202011404228.9	A_000384
CN202011406366.0	A_021130
CN202011407061.1	A_021131
CN202011410398.8	A_002246
CN202011410728.3	A_020752
CN202011412039.6	A_021132
CN202011412454.1	A_000218
CN202011412786.X	A_001485
CN202011412834.5	A_012878
CN202011422570.1	A_021133
CN202011428895.0	A_021134
CN202011429992.1	A_012724
CN202011431548.3	A_000276
CN202011432481.5	A_003238
CN202011434542.1	A_000203
CN202011435692.4	A_003439
CN202011436119.5	A_021031
CN202011436119.5	A_001455
CN202011444443.1	A_020989
CN202011447312.9	A_021135
CN202011453678.7	A_000198
CN202011454715.6	A_011546
CN202011456194.8	A_011932
CN202011458952.X	A_017063
CN202011458952.X	A_000947
CN202011464473.9	A_021136
CN202011464932.3	A_020747
CN202011464932.3	A_021137
CN202011464932.3	A_020970
CN202011465483.4	A_001129
CN202011465773.9	A_000304
CN202011465989.5	A_015731
CN202011466024.8	A_021138
CN202011466964.7	A_021139
CN202011468514.1	A_021140
CN202011470928.8	A_012218
CN202011472136.4	A_003082
CN202011472214.0	A_021141
CN202011474139.1	A_004298
CN202011474139.1	A_011493
CN202011477934.6	A_000134
CN202011478862.7	A_016698
CN202011479306.1	A_001600
CN202011480427.8	A_000543
CN202011481727.8	A_020683
CN202011493005.4	A_001570
CN202011495674.5	A_021142
CN202011496196.X	A_000977
CN202011496340.X	A_021143
CN202011501416.3	A_012868
CN202011503093.1	A_018546
CN202011504246.4	A_020767
CN202011505987.4	A_000292
CN202011506360.0	A_000162
CN202011507891.1	A_000636
CN202011511072.4	A_001137
CN202011511072.4	A_001138
CN202011518154.1	A_021144
CN202011532221.5	A_021145
CN202011535040.8	A_020719
CN202011538720.5	A_000260
CN202011542223.2	A_000198
CN202011557617.5	A_000144
CN202011565143.9	A_020685
CN202011566471.0	A_021146
CN202011566471.0	A_021147
CN202011575060.8	A_016009
CN202011579361.8	A_000735
CN202011584771.1	A_021148
CN202011588101.7	A_012652
CN202011595178.7	A_020767
CN202011596310.6	A_020767
CN202011600516.1	A_021149
CN202011600516.1	A_002897
CN202011603068.0	A_020767
CN202011606183.3	A_021150
CN202011610670.7	A_020724
CN202011613732.X	A_021059
CN202011614940.1	A_021151
CN202011617797.1	A_001770
CN202011622274.6	A_019176
CN202011624931.0	A_020719
CN202011631683.2	A_020719
CN202011640462.1	A_021152
CN202011645448.0	A_000543
CN2020122716W	A_012652
CN2020122716W	A_005857
CN2020122856W	A_000226
CN2020128292W	A_020752
CN2020128292W	A_020753
CN2020135924W	A_020572
CN2020135971W	A_021153
CN2020135971W	A_021154
CN2020136414W	A_020726
CN2020136414W	A_020572
CN2020137132W	A_020726
CN2020137132W	A_020572
CN2020140729W	A_000339
CN2020140729W	A_021155
CN202020175668.0	A_003862
CN202020279002.X	A_021156
CN202020285568.3	A_000339
CN202020326678.X	A_021157
CN202020389835.1	A_010122
CN202021852319.4	A_021158
CN202022734215.X	A_021159
CN202022817810.X	A_000196
CN202023011011.X	A_000636
CN202023011011.X	A_021160
CN202023319677.1	A_003346
CN202023338130.6	A_002824
CN202080000932.X	A_003709
CN202080002022.5	A_021161
CN202080003279.2	A_021162
CN202080003279.2	A_002872
CN202080004531.1	A_020920
CN202080005138.4	A_000128
CN202080011203.4	A_021163
CN202080011231.6	A_021164
CN202080015225.8	A_000375
CN202080015583.9	A_003221
CN202080018327.5	A_021165
CN202080021995.3	A_002239
CN202080025847.9	A_021166
CN202080030165.7	A_020773
CN202080035114.3	A_020715
CN202080037240.2	A_021167
CN202080037833.9	A_020774
CN202080040039.X	A_000128
CN202080040489.9	A_020715
CN202080040490.1	A_021168
CN202080046680.4	A_021169
CN202080047348.X	A_021059
CN202080047648.8	A_020921
CN202080049364.2	A_021170
CN202080050773.4	A_021171
CN202080052539.5	A_000910
CN202080062796.7	A_001517
CN202080063798.8	A_021172
CN202080069838.X	A_021173
CN202080075156.X	A_021174
CN202080095374.X	A_021175
CN202080101392.4	A_012652
CN202080101979.5	A_021176
CN202080102141.8	A_021177
CN202080106667.3	A_021178
CN2021072977W	A_020726
CN2021076259W	A_000955
CN2021076259W	A_021179
CN2021076259W	A_021180
CN2021076259W	A_021181
CN2021081051W	A_000128
CN2021081480W	A_009973
CN2021084488W	A_012652
CN2021084725W	A_000128
CN2021084725W	A_000129
CN2021091767W	A_000128
CN2021095551W	A_000128
CN202110001781.6	A_000477
CN202110001781.6	A_021182
CN202110002537.1	A_015473
CN202110004886.7	A_001137
CN202110004886.7	A_001138
CN202110006278.X	A_021033
CN202110006278.X	A_013765
CN202110013510.2	A_021183
CN202110022439.4	A_021184
CN202110023285.0	A_021185
CN202110023710.6	A_021186
CN202110023710.6	A_000384
CN202110023710.6	A_001750
CN202110024413.3	A_021187
CN202110025542.4	A_010333
CN202110027953.7	A_021188
CN202110035261.7	A_015487
CN202110038150.1	A_021189
CN202110039057.2	A_000466
CN202110041653.4	A_020715
CN202110041955.1	A_015473
CN202110044732.0	A_020983
CN202110045561.3	A_021190
CN202110046360.5	A_003131
CN202110046360.5	A_003130
CN202110046360.5	A_021191
CN202110051743.1	A_021192
CN202110052479.3	A_021193
CN202110060594.5	A_000947
CN202110062943.7	A_021194
CN202110072030.3	A_000260
CN202110075191.8	A_000198
CN202110077771.0	A_008801
CN202110078737.5	A_021195
CN202110078737.5	A_021196
CN202110078914.X	A_021197
CN202110083050.0	A_000947
CN202110090431.1	A_020967
CN202110092586.9	A_000476
CN202110093115.X	A_000253
CN202110097191.8	A_020967
CN202110097730.8	A_021198
CN202110101522.0	A_001765
CN202110109172.2	A_015735
CN202110109383.6	A_001044
CN202110123374.2	A_004035
CN202110126127.8	A_021199
CN202110127168.9	A_021200
CN202110127611.2	A_002304
CN202110127611.2	A_002305
CN202110133522.9	A_021201
CN202110143657.3	A_000636
CN202110145980.4	A_000299
CN202110147736.1	A_000509
CN202110151354.6	A_000988
CN202110157469.6	A_021202
CN202110157469.6	A_021203
CN202110157827.3	A_020665
CN202110159075.4	A_000992
CN202110163909.9	A_000198
CN202110170259.0	A_019021
CN202110172841.0	A_000947
CN202110179090.5	A_021204
CN202110179090.5	A_021205
CN202110179090.5	A_021206
CN202110182132.0	A_014500
CN202110190547.2	A_001029
CN202110195448.3	A_003862
CN202110200618.2	A_000198
CN202110201334.5	A_000351
CN202110203869.6	A_001122
CN202110204397.6	A_000198
CN202110205807.9	A_021073
CN202110205807.9	A_010633
CN202110212015.4	A_001123
CN202110214837.6	A_010313
CN202110214840.8	A_010313
CN202110217882.7	A_021207
CN202110218473.9	A_021208
CN202110218500.2	A_021208
CN202110219889.2	A_020767
CN202110226697.4	A_021209
CN202110228122.6	A_008682
CN202110233520.7	A_020967
CN202110233533.4	A_020967
CN202110236925.6	A_000157
CN202110244628.6	A_016582
CN202110244678.4	A_000253
CN202110244970.6	A_003002
CN202110247254.3	A_012656
CN202110249076.8	A_000936
CN202110253313.8	A_000279
CN202110256230.4	A_021210
CN202110261337.8	A_000692
CN202110262299.8	A_000968
CN202110268491.8	A_000881
CN202110269419.7	A_000182
CN202110269609.9	A_000636
CN202110270558.1	A_021211
CN202110271888.2	A_000452
CN202110279451.3	A_021212
CN202110280687.9	A_000326
CN202110280989.6	A_021213
CN202110290914.6	A_021214
CN202110303421.1	A_000218
CN202110308211.1	A_021073
CN202110308211.1	A_010633
CN202110310004.X	A_021215
CN202110310011.X	A_021209
CN202110314938.0	A_021159
CN202110317561.4	A_020967
CN202110318945.8	A_001170
CN202110319469.1	A_020752
CN202110320464.0	A_000856
CN202110320985.6	A_001103
CN202110321459.1	A_000213
CN202110323376.6	A_021216
CN202110323376.6	A_000636
CN202110323376.6	A_002784
CN202110323775.2	A_000182
CN202110324814.0	A_021217
CN202110330765.1	A_020790
CN202110332571.5	A_000182
CN202110337942.9	A_000304
CN202110338394.1	A_000968
CN202110344018.3	A_001765
CN202110345378.5	A_000273
CN202110350008.0	A_000692
CN202110353157.2	A_000315
CN202110353278.7	A_000315
CN202110353482.9	A_000315
CN202110354619.2	A_000315
CN202110355358.6	A_021218
CN202110360038.X	A_002168
CN202110360140.X	A_011946
CN202110361836.4	A_001147
CN202110363438.6	A_001029
CN202110364109.3	A_000304
CN202110364651.9	A_000315
CN202110365060.3	A_021219
CN202110369038.6	A_002132
CN202110375858.6	A_000777
CN202110376657.8	A_000198
CN202110378022.1	A_002301
CN202110380406.7	A_010122
CN202110381883.5	A_010122
CN202110383706.0	A_021220
CN202110385043.6	A_002854
CN202110386195.8	A_020783
CN202110387173.3	A_000517
CN202110390010.0	A_000641
CN202110391631.0	A_012652
CN202110391804.9	A_016116
CN202110391804.9	A_021221
CN202110394016.5	A_000865
CN202110394113.4	A_003267
CN202110394113.4	A_000294
CN202110395279.8	A_002472
CN202110395279.8	A_021222
CN202110397163.8	A_000856
CN202110397172.7	A_000856
CN202110398811.1	A_000507
CN202110405460.2	A_003804
CN202110411326.3	A_021223
CN202110411797.4	A_021224
CN202110412089.2	A_021225
CN202110413678.2	A_000315
CN202110415127.X	A_000304
CN202110416463.6	A_002415
CN202110419325.3	A_021226
CN202110420155.0	A_001770
CN202110420236.0	A_021227
CN202110420236.0	A_000514
CN2021104202W	A_012652
CN2021104202W	A_005857
CN202110422013.8	A_021228
CN202110427339.X	A_000345
CN202110427428.4	A_021229
CN202110427760.0	A_021230
CN202110433850.0	A_021231
CN202110437892.1	A_018831
CN202110439928.X	A_002168
CN202110439928.X	A_021232
CN202110442697.8	A_021233
CN202110447134.8	A_000326
CN202110447755.6	A_016804
CN202110448009.9	A_000134
CN202110448009.9	A_021234
CN202110448797.1	A_021235
CN202110452374.7	A_000317
CN202110452906.7	A_021236
CN202110454639.7	A_021237
CN202110454766.7	A_021238
CN202110454766.7	A_021239
CN202110455259.5	A_000517
CN202110457606.8	A_000636
CN202110460574.7	A_021240
CN202110462257.9	A_020967
CN202110464030.8	A_021241
CN202110464398.4	A_001099
CN202110464398.4	A_001676
CN202110471718.9	A_001668
CN202110476545.X	A_020967
CN202110477130.4	A_001770
CN202110477130.4	A_002486
CN202110477134.2	A_001770
CN202110477134.2	A_002486
CN202110477941.4	A_021242
CN202110483524.0	A_021243
CN202110488565.9	A_003958
CN202110489078.4	A_001071
CN202110489830.5	A_000755
CN202110495380.0	A_020967
CN202110498185.3	A_017851
CN202110510136.7	A_000134
CN202110511878.1	A_021244
CN202110511878.1	A_021245
CN202110512015.6	A_001765
CN202110512674.X	A_001139
CN202110514830.6	A_020752
CN202110515931.5	A_021246
CN202110515931.5	A_021247
CN202110516984.9	A_021248
CN202110517463.5	A_001710
CN202110521035.X	A_003296
CN202110526997.4	A_002615
CN202110528432.X	A_000182
CN202110529675.5	A_021249
CN202110530019.7	A_021250
CN202110533752.4	A_021251
CN202110537588.4	A_014648
CN202110538023.8	A_000337
CN202110543495.2	A_000875
CN202110545256.0	A_019770
CN202110549258.7	A_021252
CN202110551735.3	A_000330
CN202110551735.3	A_021253
CN202110551735.3	A_001154
CN202110551735.3	A_021254
CN202110553890.9	A_021255
CN202110562167.7	A_001710
CN202110566991.X	A_002293
CN202110567571.3	A_000326
CN202110572072.3	A_021256
CN202110572077.6	A_002970
CN202110572819.5	A_021257
CN202110581678.3	A_001455
CN202110581901.4	A_012652
CN202110582074.0	A_000253
CN202110582120.7	A_000936
CN202110582120.7	A_021258
CN202110583903.7	A_020752
CN202110587688.8	A_010857
CN202110589371.8	A_021259
CN202110589371.8	A_008682
CN202110592734.3	A_014927
CN202110592734.3	A_000294
CN202110600387.4	A_021260
CN202110600387.4	A_021261
CN202110600387.4	A_021262
CN202110600483.9	A_021263
CN202110600483.9	A_002168
CN202110600483.9	A_000314
CN202110600483.9	A_021264
CN202110600483.9	A_021265
CN202110602795.3	A_021266
CN202110604048.3	A_000517
CN202110608863.7	A_001377
CN202110610282.7	A_012656
CN202110610538.4	A_021267
CN202110612085.9	A_001099
CN202110614575.2	A_001756
CN202110615178.7	A_000756
CN202110617673.1	A_012656
CN202110624901.8	A_001029
CN202110633417.1	A_013698
CN202110636073.X	A_000182
CN202110637876.7	A_001123
CN202110640365.0	A_000452
CN202110643955.9	A_020977
CN202110651171.0	A_001017
CN202110652812.4	A_000134
CN202110657179.8	A_010161
CN202110662591.9	A_021268
CN202110667185.1	A_002913
CN202110671163.2	A_003155
CN202110672081.X	A_021269
CN202110672117.4	A_021270
CN202110672301.9	A_020967
CN202110672413.4	A_001770
CN202110678752.3	A_020752
CN202110680030.1	A_015580
CN202110680030.1	A_016566
CN202110682705.6	A_021271
CN202110682705.6	A_002292
CN202110683898.7	A_004051
CN202110683982.9	A_000336
CN202110686701.5	A_021272
CN202110687502.6	A_000203
CN202110688332.3	A_000985
CN202110690807.2	A_002132
CN202110694111.7	A_021273
CN202110698243.7	A_021274
CN202110707119.2	A_000292
CN202110707169.0	A_021275
CN202110707336.1	A_021276
CN202110707336.1	A_021277
CN202110708286.9	A_010617
CN202110715304.6	A_000134
CN202110721707.1	A_000875
CN202110723550.6	A_000326
CN202110723829.4	A_000299
CN202110727123.5	A_021278
CN202110727133.9	A_021278
CN202110727270.2	A_000304
CN202110729042.9	A_021270
CN202110737114.4	A_000543
CN202110742948.4	A_001574
CN202110744506.3	A_021279
CN202110744506.3	A_021280
CN202110749529.3	A_021281
CN202110749529.3	A_021282
CN202110753667.9	A_001756
CN202110755666.8	A_021283
CN202110755912.X	A_020767
CN202110760101.9	A_021284
CN202110769129.9	A_021285
CN202110772153.8	A_010302
CN202110781518.3	A_021286
CN202110782921.8	A_000317
CN202110783689.X	A_000182
CN202110783784.X	A_021287
CN202110784002.4	A_021288
CN202110785415.4	A_012656
CN202110788976.X	A_021289
CN202110789926.3	A_021290
CN202110793808.X	A_021291
CN202110796097.1	A_021292
CN202110797472.4	A_004006
CN202110797472.4	A_001799
CN202110801050.X	A_020752
CN202110802831.0	A_001676
CN202110806607.9	A_003152
CN202110806776.2	A_004732
CN202110814260.2	A_021293
CN202110814260.2	A_021294
CN202110814260.2	A_000330
CN202110818992.9	A_021295
CN202110822361.4	A_021296
CN202110827342.0	A_001600
CN202110828902.4	A_020767
CN202110830687.1	A_003255
CN202110831248.2	A_012652
CN202110833341.7	A_002090
CN202110835831.0	A_012192
CN202110835831.0	A_012191
CN202110835879.1	A_000198
CN202110838362.8	A_002268
CN202110838840.5	A_021208
CN202110848178.1	A_000756
CN202110848629.1	A_021297
CN202110853817.3	A_000198
CN202110854863.5	A_009133
CN202110856111.2	A_020767
CN202110857029.1	A_011681
CN202110857029.1	A_011682
CN202110857092.5	A_021298
CN202110858525.9	A_001574
CN202110859551.3	A_009080
CN202110862185.7	A_021299
CN202110863082.2	A_002360
CN202110863405.8	A_021300
CN202110866653.8	A_001173
CN202110870123.0	A_014648
CN202110873102.4	A_001099
CN202110877066.9	A_021301
CN202110878241.6	A_012724
CN202110879618.X	A_000182
CN202110881270.8	A_003875
CN202110883251.9	A_000847
CN202110884455.4	A_021302
CN202110884519.0	A_021302
CN202110884850.2	A_000828
CN202110884850.2	A_020900
CN202110887264.3	A_000384
CN202110887264.3	A_002793
CN202110887264.3	A_021303
CN202110896186.3	A_000371
CN202110897965.5	A_000196
CN202110899050.8	A_002414
CN202110900575.9	A_003077
CN202110900587.1	A_020767
CN202110901991.0	A_021304
CN202110903027.1	A_020752
CN202110903638.6	A_003267
CN202110907843.X	A_020767
CN202110909513.4	A_001639
CN202110911033.1	A_001154
CN202110913765.4	A_015473
CN202110914018.2	A_021305
CN202110914538.3	A_021306
CN202110914560.8	A_000326
CN202110916258.6	A_021307
CN202110918758.3	A_000276
CN202110925104.3	A_020752
CN202110928045.5	A_001205
CN202110928645.1	A_000139
CN202110928645.1	A_021308
CN202110931817.0	A_002997
CN202110931817.0	A_002998
CN202110933442.1	A_021309
CN202110935558.9	A_021310
CN202110936856.X	A_018898
CN202110939836.8	A_000252
CN202110939911.0	A_002992
CN202110947070.8	A_021311
CN202110948248.0	A_001071
CN202110953805.8	A_021312
CN202110954207.2	A_000198
CN202110955636.1	A_003085
CN202110955636.1	A_003082
CN202110956929.1	A_002872
CN202110958598.5	A_002400
CN202110960152.6	A_002545
CN202110960270.7	A_021304
CN202110965319.8	A_021313
CN202110973091.7	A_020967
CN202110973275.3	A_021314
CN202110974842.7	A_020977
CN202110982779.1	A_000162
CN202110982779.1	A_000533
CN202110983603.8	A_010519
CN202110991888.X	A_011804
CN202110993730.6	A_000371
CN202110996312.2	A_020767
CN202110997903.1	A_021315
CN202110998804.5	A_021240
CN202111005847.5	A_008699
CN202111005847.5	A_000353
CN202111005887.X	A_000134
CN202111007221.8	A_020726
CN202111008327.X	A_020665
CN202111008419.8	A_013033
CN202111010802.7	A_002448
CN202111010802.7	A_021316
CN202111012132.2	A_001099
CN202111014483.7	A_021317
CN202111014698.9	A_021318
CN202111015298.X	A_000452
CN202111019579.2	A_002382
CN202111019579.2	A_021319
CN202111019579.2	A_000856
CN202111024520.2	A_021320
CN202111025639.1	A_021321
CN202111025882.3	A_020977
CN202111026439.8	A_020752
CN202111027241.1	A_000494
CN202111027241.1	A_021322
CN202111027241.1	A_003023
CN202111027241.1	A_021323
CN202111027809.X	A_021324
CN202111027996.1	A_002268
CN202111028947.X	A_002616
CN202111028947.X	A_000384
CN202111028947.X	A_021325
CN202111029184.0	A_001709
CN202111029184.0	A_021326
CN202111030629.7	A_021327
CN202111033825.X	A_021328
CN202111035987.7	A_001132
CN202111035987.7	A_010631
CN202111040829.0	A_020665
CN202111041309.1	A_000198
CN202111044664.4	A_000292
CN202111044664.4	A_001366
CN202111046498.1	A_002756
CN202111051756.5	A_021329
CN202111052058.7	A_019528
CN202111056764.9	A_021330
CN202111057974.X	A_021331
CN202111060574.4	A_021332
CN202111062329.7	A_001123
CN202111065830.9	A_020967
CN202111068940.0	A_000182
CN202111070360.5	A_000384
CN202111070360.5	A_000995
CN202111070360.5	A_021333
CN202111076651.5	A_021334
CN202111081731.X	A_003152
CN202111081731.X	A_003153
CN202111084424.7	A_021335
CN202111085888.X	A_021336
CN202111085888.X	A_001179
CN202111085888.X	A_000384
CN202111085888.X	A_021337
CN202111087830.9	A_001099
CN202111089935.8	A_014624
CN202111090780.X	A_021338
CN202111091333.6	A_000294
CN202111093830.X	A_000517
CN202111096413.0	A_002268
CN202111096413.0	A_004262
CN202111101601.8	A_021339
CN202111103703.3	A_021340
CN202111105771.3	A_020727
CN202111110784.X	A_021341
CN202111114080.X	A_021342
CN202111116094.5	A_000177
CN202111116159.6	A_000252
CN202111116418.5	A_020752
CN202111117421.9	A_000326
CN202111119157.2	A_004121
CN202111119650.4	A_021343
CN202111124320.4	A_021344
CN202111127405.8	A_000182
CN202111127910.2	A_021345
CN202111129644.7	A_021328
CN202111130254.1	A_003986
CN202111133429.4	A_021346
CN202111135848.1	A_021346
CN202111137334.X	A_000182
CN202111139242.5	A_021347
CN202111139671.2	A_000223
CN202111141249.0	A_001485
CN202111142274.0	A_001029
CN202111143286.5	A_021328
CN202111144072.X	A_020727
CN202111145496.8	A_020715
CN202111151538.9	A_021348
CN202111153531.0	A_021349
CN202111155472.0	A_000134
CN202111157430.0	A_021350
CN202111159649.4	A_021346
CN202111160391.X	A_000276
CN202111164169.7	A_021351
CN202111164729.9	A_021352
CN202111165286.5	A_021353
CN202111165286.5	A_020811
CN202111165471.4	A_000543
CN202111168408.6	A_021354
CN202111170023.3	A_000292
CN202111171135.0	A_000253
CN202111174404.9	A_003384
CN202111179902.2	A_001167
CN202111180896.2	A_020973
CN202111181265.2	A_020977
CN202111181310.4	A_021355
CN202111181310.4	A_021356
CN202111181310.4	A_021357
CN202111181490.6	A_021358
CN202111181490.6	A_000778
CN202111181490.6	A_021359
CN202111182565.2	A_001155
CN202111184947.9	A_000182
CN202111185757.9	A_000279
CN202111188719.9	A_021360
CN202111188880.6	A_021361
CN202111192381.4	A_020783
CN202111193281.3	A_002463
CN202111194527.9	A_021329
CN202111194533.4	A_021329
CN202111194535.3	A_021329
CN202111194730.6	A_015869
CN202111195167.4	A_021348
CN202111196412.3	A_002439
CN202111196412.3	A_002440
CN202111197959.5	A_000947
CN202111197982.4	A_001600
CN202111199642.5	A_001600
CN202111199729.2	A_000177
CN202111202856.3	A_020767
CN202111203931.8	A_001600
CN202111205160.6	A_004024
CN202111206461.0	A_021362
CN202111210712.2	A_020752
CN202111216824.9	A_000276
CN202111217127.5	A_021363
CN202111217167.X	A_000543
CN202111217560.9	A_021364
CN202111222524.1	A_021365
CN202111222524.1	A_000384
CN202111223444.8	A_021366
CN202111226832.1	A_021367
CN202111228906.5	A_000636
CN202111230826.3	A_000279
CN202111231331.2	A_021368
CN202111231639.7	A_020767
CN202111232210.X	A_000517
CN202111234265.4	A_021369
CN202111234265.4	A_021370
CN202111234265.4	A_021371
CN202111235343.2	A_018521
CN202111235483.X	A_021372
CN202111236971.2	A_001991
CN202111242316.8	A_021373
CN202111246198.8	A_003688
CN202111252271.2	A_021374
CN202111253507.4	A_002992
CN202111253951.6	A_000182
CN202111259453.2	A_021375
CN202111260746.2	A_000268
CN202111266873.3	A_021376
CN202111267210.3	A_021377
CN202111267660.2	A_001139
CN202111268831.3	A_015457
CN202111270090.2	A_021049
CN202111271432.2	A_020767
CN202111271501.X	A_011675
CN202111271501.X	A_000384
CN202111272515.3	A_020719
CN202111275302.6	A_002418
CN202111275603.9	A_020967
CN202111275914.5	A_000517
CN202111279533.4	A_020967
CN202111284632.1	A_000543
CN202111285956.7	A_005035
CN202111288516.7	A_000182
CN202111291351.9	A_021378
CN202111292214.7	A_002312
CN202111297200.4	A_002615
CN202111298096.0	A_021379
CN202111300514.5	A_021380
CN202111302408.0	A_000315
CN202111302408.0	A_001327
CN202111305048.X	A_021311
CN202111307856.X	A_020967
CN202111315616.4	A_021381
CN202111318812.7	A_021349
CN202111318952.4	A_002282
CN202111319956.4	A_021382
CN202111319956.4	A_000856
CN202111322157.2	A_021383
CN202111322804.X	A_001485
CN202111323605.0	A_021384
CN202111323605.0	A_000317
CN202111323605.0	A_021385
CN202111328489.1	A_000326
CN202111329694.X	A_000164
CN202111336188.3	A_000294
CN202111338158.6	A_000279
CN202111340113.2	A_021386
CN202111342712.8	A_000128
CN202111342955.1	A_000273
CN202111344647.2	A_000182
CN202111347193.4	A_004106
CN202111349134.0	A_020685
CN202111349888.6	A_003051
CN202111349888.6	A_000384
CN202111349888.6	A_021387
CN202111350312.1	A_021388
CN202111350315.5	A_021388
CN202111353699.6	A_021389
CN202111353706.2	A_021389
CN202111354063.3	A_021390
CN202111354063.3	A_001177
CN202111354063.3	A_021391
CN202111354063.3	A_000384
CN202111356785.2	A_001568
CN202111356785.2	A_021046
CN202111356785.2	A_000384
CN202111357023.4	A_011200
CN202111358627.0	A_020967
CN202111360123.2	A_021392
CN202111360123.2	A_021393
CN202111360123.2	A_021394
CN202111360671.5	A_011658
CN202111361807.4	A_000681
CN202111362896.4	A_020685
CN202111370644.6	A_003255
CN202111371935.7	A_001109
CN202111371935.7	A_000294
CN202111375540.4	A_000861
CN202111381158.4	A_021395
CN202111382992.5	A_021396
CN202111388646.8	A_001099
CN202111388669.9	A_003130
CN202111388669.9	A_003131
CN202111388669.9	A_001314
CN202111389310.3	A_021397
CN202111390810.9	A_002872
CN202111391807.9	A_000345
CN202111392428.1	A_020767
CN202111394547.0	A_021340
CN202111394961.1	A_000709
CN202111395071.2	A_020983
CN202111395212.0	A_020685
CN202111401112.4	A_005266
CN202111401594.3	A_021398
CN202111405222.8	A_010202
CN202111405275.X	A_004100
CN202111406313.3	A_015317
CN202111406783.X	A_020019
CN202111406783.X	A_002793
CN202111407236.3	A_004100
CN202111407726.3	A_015200
CN202111413098.X	A_021399
CN202111413442.5	A_021400
CN202111417719.1	A_021401
CN202111417719.1	A_021402
CN202111419948.7	A_011515
CN202111422011.5	A_021403
CN202111422304.3	A_000831
CN202111423198.0	A_008740
CN202111423715.4	A_021312
CN202111425221.X	A_021404
CN202111428307.8	A_001366
CN202111428552.9	A_011518
CN202111428552.9	A_015568
CN202111428552.9	A_021405
CN202111432025.5	A_021406
CN202111432705.7	A_021407
CN202111433760.8	A_021408
CN202111433843.7	A_001103
CN202111438434.6	A_004382
CN202111439832.X	A_011191
CN202111440665.0	A_021409
CN202111441490.5	A_021410
CN202111442274.2	A_021389
CN202111444616.4	A_001103
CN202111449334.3	A_004302
CN202111449863.3	A_000273
CN202111450273.2	A_020689
CN202111450273.2	A_000384
CN202111450273.2	A_000241
CN202111451052.7	A_001029
CN202111453753.4	A_021411
CN202111456579.9	A_021412
CN202111460793.1	A_000533
CN202111463215.3	A_000294
CN202111465719.9	A_003152
CN202111465719.9	A_021413
CN202111465719.9	A_021414
CN202111471473.6	A_001027
CN202111474505.8	A_021415
CN202111476397.8	A_000223
CN202111479890.5	A_021396
CN202111481985.0	A_021416
CN202111484793.5	A_014734
CN202111484956.X	A_021417
CN202111485487.3	A_021418
CN202111486358.6	A_021016
CN202111488160.1	A_000139
CN202111490901.X	A_021419
CN202111491910.0	A_000198
CN202111495683.9	A_000294
CN202111501609.3	A_021391
CN202111503701.3	A_021420
CN202111505030.4	A_021421
CN202111505642.3	A_003690
CN202111505642.3	A_003691
CN202111505642.3	A_000294
CN202111505678.1	A_003690
CN202111505678.1	A_003691
CN202111505678.1	A_000182
CN202111514378.X	A_021422
CN202111514378.X	A_000681
CN202111515239.9	A_021423
CN202111515854.X	A_011446
CN202111519852.8	A_021424
CN202111519852.8	A_000384
CN202111520821.4	A_001821
CN202111521034.1	A_000223
CN202111521905.X	A_021425
CN202111524339.8	A_000276
CN202111526066.0	A_001614
CN202111526258.1	A_021426
CN202111529026.1	A_021427
CN202111530035.2	A_000408
CN202111532682.7	A_021428
CN202111535313.3	A_021429
CN202111537535.9	A_000543
CN202111539681.5	A_000134
CN202111540584.8	A_021430
CN202111540584.8	A_000609
CN202111543310.4	A_000533
CN202111543416.4	A_015516
CN202111545871.8	A_000339
CN202111545932.0	A_000196
CN202111546267.7	A_021431
CN202111549558.1	A_021432
CN202111555635.4	A_001191
CN202111556782.3	A_003011
CN202111556782.3	A_001109
CN202111559823.4	A_020767
CN202111560205.1	A_021433
CN202111563081.2	A_021434
CN202111565612.1	A_021435
CN202111566561.4	A_000755
CN202111567636.0	A_021436
CN202111569461.7	A_021271
CN202111569461.7	A_002292
CN202111569577.0	A_002768
CN202111569577.0	A_001568
CN202111571592.9	A_017212
CN202111575372.3	A_005270
CN202111575851.5	A_003826
CN202111577154.3	A_021437
CN202111577154.3	A_021438
CN202111577154.3	A_021439
CN202111578176.1	A_021440
CN202111579144.3	A_021441
CN202111580161.9	A_021442
CN202111583147.4	A_021443
CN202111584214.4	A_021444
CN202111589658.7	A_000252
CN202111590547.8	A_000276
CN202111594416.7	A_000326
CN202111599488.0	A_000543
CN202111601363.7	A_021444
CN202111601879.1	A_020685
CN202111601975.6	A_000182
CN202111603196.X	A_000831
CN202111608973.X	A_021445
CN202111615460.1	A_021446
CN202111616248.7	A_021447
CN202111616884.X	A_021448
CN202111618171.7	A_021446
CN202111621843.X	A_021449
CN202111622968.4	A_021450
CN202111624230.1	A_021451
CN202111624638.9	A_021452
CN202111625009.8	A_020967
CN202111625244.5	A_003082
CN202111625378.7	A_000514
CN202111627783.2	A_003730
CN202111629230.0	A_000474
CN202111630748.6	A_000315
CN202111630748.6	A_000793
CN202111632391.5	A_021453
CN202111632391.5	A_021454
CN202111633172.9	A_000315
CN202111633172.9	A_000793
CN202111638019.5	A_021455
CN202111641818.8	A_014934
CN202111646573.8	A_000979
CN202111647166.9	A_010565
CN202111652224.7	A_020767
CN202111654187.3	A_002446
CN202111659058.3	A_000543
CN202111661799.5	A_000452
CN202111664859.9	A_003676
CN202111665151.5	A_021456
CN202111668486.2	A_000203
CN202111670920.0	A_000709
CN202111677412.5	A_020977
CN202111679359.2	A_021457
CN2021117414W	A_000128
CN2021137675W	A_012652
CN2021137675W	A_005857
CN2021138702W	A_020724
CN2021143625W	A_012652
CN202120620895.4	A_021458
CN202120784149.9	A_021459
CN202120879956.9	A_015883
CN202120931779.4	A_021460
CN202121146878.8	A_004111
CN202121345381.9	A_021461
CN202121390678.7	A_021462
CN202121390678.7	A_021463
CN202121390678.7	A_021464
CN202121390678.7	A_021465
CN202121390678.7	A_021466
CN202121448575.1	A_003011
CN202121450392.3	A_000299
CN202121954486.4	A_021467
CN202121993367.X	A_011494
CN202122047151.0	A_021468
CN202122047151.0	A_021469
CN202123321300.4	A_021447
CN202180002180.5	A_021470
CN202180002248.X	A_012652
CN202180005307.9	A_021471
CN202180005307.9	A_021472
CN202180006348.X	A_002239
CN202180014806.4	A_020715
CN202180023412.5	A_021473
CN202180040830.5	A_020767
CN202180050449.7	A_000910
CN202180057914.X	A_000910
CN202180065873.9	A_000910
CN202180068019.8	A_021474
CN202180079144.9	A_021475
CN202180085752.0	A_000910
CN202180090039.5	A_021476
CN202180090039.5	A_021477
CN202180090039.5	A_021478
CN202180090536.5	A_021479
CN202180100204.0	A_021059
CN202180100393.1	A_000128
CN202180102022.7	A_000128
CN2022075579W	A_001429
CN2022075579W	A_021480
CN2022078223W	A_012652
CN2022078997W	A_012652
CN2022078997W	A_005857
CN2022081013W	A_005857
CN2022081085W	A_012652
CN2022083108W	A_000128
CN2022083108W	A_000129
CN2022091260W	A_014648
CN2022091260W	A_021481
CN2022099839W	A_012652
CN2022099839W	A_005857
CN202210000110.2	A_000304
CN202210006641.2	A_021482
CN202210013687.7	A_001821
CN202210017409.9	A_021148
CN202210019796.X	A_000735
CN202210020637.1	A_004157
CN202210022342.8	A_002168
CN202210023102.X	A_001029
CN202210027080.4	A_000351
CN202210028176.2	A_021483
CN202210028207.4	A_021288
CN202210028555.1	A_016510
CN202210036903.X	A_019128
CN202210039208.9	A_001756
CN202210040564.2	A_000294
CN202210042332.0	A_020783
CN202210046007.1	A_001614
CN202210046007.1	A_000326
CN202210046866.0	A_002616
CN202210046866.0	A_000384
CN202210046866.0	A_021325
CN202210046866.0	A_021484
CN202210046866.0	A_004133
CN202210048150.4	A_020767
CN202210048242.2	A_001676
CN202210048417.X	A_001750
CN202210048866.4	A_020767
CN202210049012.8	A_021485
CN202210049105.0	A_020967
CN202210049821.9	A_021486
CN202210051033.3	A_000198
CN202210051986.X	A_020752
CN202210053117.0	A_003676
CN202210054867.X	A_001762
CN202210056344.9	A_002360
CN202210058008.8	A_002615
CN202210058539.7	A_021461
CN202210061551.3	A_000979
CN202210062341.6	A_019781
CN202210064052.X	A_000389
CN202210066451.X	A_020767
CN202210066819.2	A_021487
CN202210067056.3	A_021488
CN202210067388.1	A_001017
CN202210067925.2	A_021489
CN202210068906.1	A_021490
CN202210068906.1	A_000384
CN202210075108.1	A_000863
CN202210076711.1	A_021491
CN202210078080.7	A_002815
CN202210079600.6	A_021492
CN202210079992.6	A_020752
CN202210083359.4	A_000994
CN202210085038.8	A_002913
CN202210087058.9	A_000991
CN202210096074.4	A_021493
CN202210096568.2	A_001087
CN202210096568.2	A_002768
CN202210096568.2	A_000384
CN202210101985.1	A_012652
CN202210103108.8	A_001087
CN202210103108.8	A_002768
CN202210103108.8	A_000384
CN202210103828.4	A_021494
CN202210104079.7	A_021495
CN202210105782.X	A_000375
CN202210109162.3	A_002001
CN202210109162.3	A_000384
CN202210116789.1	A_003255
CN202210118201.6	A_011244
CN202210118201.6	A_002793
CN202210119799.0	A_001135
CN202210125579.9	A_020967
CN202210126099.4	A_021496
CN202210126139.5	A_001762
CN202210128714.5	A_003074
CN202210130283.6	A_021497
CN202210132644.0	A_000292
CN202210133912.0	A_002613
CN202210135087.8	A_021498
CN202210136625.5	A_021499
CN202210138340.5	A_020752
CN202210143945.3	A_001252
CN202210144225.9	A_021500
CN202210149563.1	A_021501
CN202210149587.7	A_005351
CN202210151871.8	A_001099
CN202210152480.8	A_021502
CN202210156492.8	A_000134
CN202210158386.3	A_021488
CN202210159494.2	A_021503
CN202210160571.6	A_021504
CN202210163556.7	A_012656
CN202210164290.8	A_004721
CN202210165534.4	A_021505
CN202210171613.6	A_001205
CN202210173003.X	A_011860
CN202210174578.3	A_019284
CN202210177508.3	A_021506
CN202210177552.4	A_021507
CN202210178013.2	A_021508
CN202210180005.1	A_021509
CN202210186976.7	A_004157
CN202210188230.X	A_000875
CN202210188881.9	A_021510
CN202210190167.3	A_021511
CN202210197541.2	A_002872
CN202210197541.2	A_021325
CN202210199577.4	A_021512
CN202210199760.4	A_021513
CN202210202128.0	A_021514
CN202210204250.1	A_019176
CN202210204279.X	A_019176
CN202210205071.X	A_003155
CN202210205255.6	A_021348
CN202210207048.4	A_021515
CN202210208659.0	A_002091
CN202210209912.4	A_000400
CN202210210763.3	A_003255
CN202210213173.6	A_001135
CN202210213493.1	A_021427
CN202210217080.0	A_021516
CN202210217354.6	A_001071
CN202210220494.9	A_012652
CN202210223565.0	A_021329
CN202210226012.0	A_002913
CN202210226012.0	A_000294
CN202210227357.8	A_001455
CN202210227821.3	A_021517
CN202210228094.2	A_002091
CN202210228630.9	A_000326
CN202210230865.1	A_018913
CN202210231489.8	A_000299
CN202210231500.0	A_001087
CN202210231500.0	A_000384
CN202210231500.0	A_020974
CN202210231830.X	A_001099
CN202210232646.7	A_015915
CN202210233038.8	A_016325
CN202210236743.3	A_021518
CN202210238437.3	A_021519
CN202210238878.3	A_000979
CN202210240227.8	A_021520
CN202210243256.X	A_021200
CN202210243404.8	A_001574
CN202210245836.2	A_021521
CN202210246271.X	A_002872
CN202210246642.4	A_001109
CN202210250711.9	A_000198
CN202210251103.X	A_021522
CN202210252498.5	A_000966
CN202210253316.6	A_021523
CN202210255754.6	A_000294
CN202210256543.4	A_000182
CN202210256828.8	A_001770
CN202210258670.8	A_002109
CN202210258670.8	A_015612
CN202210258670.8	A_000384
CN202210261375.8	A_021524
CN202210261651.0	A_003267
CN202210261651.0	A_016770
CN202210261786.7	A_000895
CN202210261786.7	A_015653
CN202210262592.9	A_000947
CN202210262593.3	A_000947
CN2022102635W	A_012652
CN2022102635W	A_005857
CN202210264535.4	A_000198
CN202210264690.6	A_003117
CN202210264690.6	A_021525
CN202210265565.7	A_002872
CN202210271032.X	A_021472
CN202210271316.9	A_020767
CN202210273481.8	A_001004
CN202210275988.7	A_002684
CN202210277740.4	A_002398
CN202210279191.4	A_002317
CN202210280959.X	A_021526
CN202210285744.7	A_021400
CN2022102904W	A_005857
CN202210292762.8	A_021527
CN202210296652.9	A_000943
CN202210299026.5	A_000377
CN202210302923.7	A_020685
CN202210311734.6	A_000292
CN202210312372.2	A_021528
CN202210313902.5	A_010607
CN202210314324.7	A_002168
CN202210315473.5	A_003072
CN202210319406.0	A_001676
CN202210320085.6	A_001099
CN202210320422.1	A_021529
CN202210321285.3	A_000304
CN202210321872.2	A_021530
CN202210323841.0	A_021531
CN202210324548.6	A_012345
CN202210324682.6	A_000451
CN202210327655.4	A_000252
CN202210328172.6	A_021532
CN202210330727.0	A_001344
CN202210330867.8	A_000979
CN202210331679.7	A_021533
CN202210336032.3	A_000304
CN202210336847.1	A_021490
CN202210336847.1	A_000384
CN202210339366.6	A_001772
CN202210339366.6	A_014568
CN202210339366.6	A_021534
CN202210339366.6	A_021535
CN202210339366.6	A_021536
CN202210344212.6	A_005002
CN202210344350.4	A_021537
CN202210346610.1	A_000543
CN202210350029.7	A_001029
CN202210353215.6	A_000294
CN202210353487.6	A_001071
CN202210353487.6	A_000538
CN202210353508.4	A_021538
CN202210354629.0	A_000514
CN202210355592.3	A_000371
CN202210360722.2	A_002872
CN202210361714.X	A_000304
CN202210361956.9	A_021539
CN202210362148.4	A_000304
CN202210362383.1	A_001179
CN202210362383.1	A_004323
CN202210363230.9	A_000345
CN202210364675.9	A_021540
CN202210365357.4	A_004393
CN202210366523.2	A_000182
CN202210368380.9	A_000735
CN202210371229.0	A_001327
CN202210373594.5	A_021541
CN202210373594.5	A_021542
CN202210376367.8	A_001656
CN202210377260.5	A_000393
CN202210379365.4	A_000252
CN202210381107.X	A_000134
CN202210381485.8	A_000856
CN202210385838.1	A_021543
CN202210386106.4	A_000337
CN202210386106.4	A_011684
CN202210387155.X	A_021544
CN202210392410.X	A_021545
CN202210392794.5	A_011946
CN202210398040.0	A_000139
CN202210399528.5	A_002872
CN202210401660.5	A_020752
CN202210401660.5	A_021546
CN202210403246.8	A_021547
CN202210409526.X	A_000389
CN202210410822.1	A_002332
CN202210413081.2	A_021548
CN202210419345.5	A_013029
CN202210420934.5	A_010258
CN202210422773.3	A_019770
CN202210423323.6	A_021549
CN202210424063.4	A_021397
CN202210425687.8	A_000182
CN202210426803.8	A_019128
CN202210428876.0	A_000182
CN202210430352.5	A_021550
CN202210430896.1	A_001029
CN202210433511.7	A_000477
CN202210433584.6	A_011519
CN202210434654.X	A_015501
CN202210436477.9	A_021551
CN202210436672.1	A_016259
CN202210436924.0	A_001099
CN202210436924.0	A_002630
CN202210441444.3	A_020767
CN202210441656.1	A_000198
CN202210441893.8	A_020767
CN202210443286.5	A_020752
CN202210444183.0	A_000294
CN202210444183.0	A_021552
CN202210451305.9	A_021553
CN202210451305.9	A_000384
CN202210451319.0	A_021554
CN202210453955.7	A_021555
CN202210456023.8	A_004703
CN202210458604.5	A_021556
CN202210459242.1	A_002168
CN202210462165.5	A_000315
CN202210462165.5	A_003116
CN202210462992.4	A_001659
CN202210467070.2	A_020752
CN202210472300.4	A_003660
CN202210474688.1	A_021153
CN202210476277.6	A_000947
CN202210476407.6	A_000641
CN202210479878.2	A_020767
CN202210481131.0	A_021557
CN202210483534.9	A_000324
CN202210483922.7	A_021483
CN202210484609.5	A_013905
CN202210484750.5	A_021558
CN202210486056.7	A_003787
CN202210486920.3	A_005163
CN202210486920.3	A_000384
CN202210487860.7	A_001574
CN202210488938.7	A_000353
CN202210489038.4	A_011822
CN202210490368.5	A_000198
CN202210491338.6	A_000380
CN202210492442.7	A_000198
CN202210493029.2	A_002854
CN202210495033.2	A_002132
CN202210498147.2	A_021559
CN202210498737.5	A_020767
CN202210499932.X	A_020752
CN202210500927.6	A_001962
CN202210504323.9	A_012652
CN202210504370.3	A_001369
CN202210505518.5	A_020767
CN202210506022.X	A_000337
CN202210508051.X	A_021329
CN202210513027.5	A_004051
CN202210513071.6	A_003082
CN202210515775.7	A_001770
CN202210517158.0	A_021560
CN2022105180W	A_020967
CN2022105180W	A_021561
CN202210519388.0	A_021562
CN202210519388.0	A_000514
CN202210523470.0	A_021563
CN202210523470.0	A_021564
CN202210529560.0	A_021565
CN202210529560.0	A_013765
CN202210530365.X	A_021566
CN202210531760.X	A_000182
CN202210536206.0	A_021567
CN202210539204.7	A_000681
CN202210539892.7	A_002268
CN202210541461.4	A_021568
CN202210543200.6	A_021569
CN202210546347.0	A_014651
CN202210547615.0	A_021570
CN202210549487.3	A_021571
CN202210550280.8	A_021572
CN202210552178.1	A_021573
CN202210552201.7	A_002312
CN202210556614.2	A_020005
CN202210557467.0	A_001902
CN202210560717.6	A_021574
CN202210565793.6	A_000896
CN202210566327.X	A_021329
CN202210571926.0	A_021523
CN202210572286.5	A_021575
CN202210572286.5	A_002168
CN202210576973.4	A_021427
CN202210577574.X	A_003155
CN202210582727.X	A_021576
CN202210584900.X	A_000326
CN202210585605.6	A_016778
CN202210587198.2	A_021577
CN202210587259.5	A_002942
CN202210587562.5	A_008968
CN202210588899.8	A_021578
CN202210591462.X	A_000162
CN202210592454.7	A_004157
CN202210593200.7	A_021579
CN202210593200.7	A_021580
CN202210600474.4	A_019260
CN202210601995.1	A_021488
CN202210603532.9	A_003255
CN202210603857.7	A_020967
CN202210605405.2	A_000304
CN202210608186.3	A_001756
CN202210608186.3	A_021581
CN202210608442.9	A_001139
CN202210608754.X	A_016011
CN202210610804.8	A_001485
CN202210610804.8	A_021582
CN202210614744.7	A_014475
CN202210616779.4	A_000476
CN202210616779.4	A_001552
CN202210622959.3	A_001003
CN202210622959.3	A_000134
CN202210625073.4	A_021583
CN202210625073.4	A_021584
CN202210625694.2	A_021585
CN202210626275.0	A_000294
CN202210626339.7	A_000304
CN202210630432.5	A_021586
CN202210630722.X	A_002494
CN202210631137.1	A_021587
CN202210635990.0	A_000337
CN202210640118.5	A_021588
CN202210642889.8	A_020767
CN202210648512.3	A_002897
CN202210648564.0	A_021589
CN202210651308.7	A_021014
CN202210654991.X	A_005351
CN202210655564.3	A_000947
CN202210655564.3	A_020752
CN202210655824.7	A_000979
CN202210657179.2	A_000514
CN202210658805.X	A_021590
CN202210658805.X	A_021591
CN202210672078.2	A_002318
CN202210674915.5	A_021592
CN202210676065.2	A_000895
CN202210677772.3	A_003970
CN202210679206.6	A_020720
CN202210680712.7	A_000337
CN202210680819.1	A_000947
CN202210681636.1	A_020715
CN202210682992.5	A_000636
CN202210684349.6	A_001750
CN202210684445.0	A_010561
CN202210684529.4	A_000681
CN202210686300.4	A_021593
CN202210687775.5	A_021594
CN202210687775.5	A_000198
CN202210693115.8	A_001029
CN202210693310.0	A_000177
CN202210703105.8	A_001770
CN202210705168.7	A_021595
CN202210705562.0	A_003916
CN202210709836.3	A_003089
CN202210710673.0	A_002168
CN202210710965.4	A_021596
CN2022107176W	A_000517
CN2022107176W	A_021597
CN202210719338.7	A_001676
CN202210720164.6	A_021598
CN202210726459.4	A_021599
CN202210726459.4	A_021600
CN202210726459.4	A_000384
CN202210731365.6	A_000308
CN202210733011.5	A_000252
CN202210734091.6	A_012195
CN202210734174.5	A_003436
CN202210736186.1	A_000252
CN202210737605.3	A_021601
CN202210738503.3	A_004323
CN202210738503.3	A_003875
CN202210738503.3	A_001133
CN202210739727.6	A_001756
CN202210739967.6	A_021427
CN202210740932.4	A_000326
CN202210744709.7	A_020977
CN202210744817.4	A_000895
CN202210744817.4	A_010633
CN202210748685.2	A_002615
CN202210750209.4	A_000182
CN202210751599.7	A_021602
CN202210754867.0	A_010561
CN202210755488.3	A_000273
CN202210755759.5	A_020752
CN202210764734.1	A_001071
CN202210767257.4	A_019182
CN202210769132.5	A_001129
CN202210769132.5	A_020982
CN202210772640.9	A_021603
CN202210772899.3	A_021604
CN202210773604.4	A_004157
CN202210773604.4	A_021605
CN202210774152.1	A_005287
CN202210774152.1	A_021606
CN202210776349.9	A_004133
CN202210776349.9	A_021607
CN202210776563.4	A_001129
CN202210776709.5	A_001600
CN202210776709.5	A_001602
CN202210780486.X	A_021608
CN202210781266.9	A_021609
CN202210783544.4	A_003113
CN202210785448.3	A_000315
CN202210785448.3	A_000793
CN202210786422.0	A_015660
CN202210793476.X	A_000326
CN202210795548.4	A_021610
CN202210795758.3	A_001600
CN202210796600.8	A_000315
CN202210796600.8	A_002423
CN202210802470.4	A_016282
CN202210804444.5	A_000476
CN202210804444.5	A_001552
CN202210805443.2	A_021611
CN202210818468.6	A_003884
CN202210818468.6	A_021612
CN202210819811.9	A_000955
CN202210820807.4	A_020783
CN202210823931.6	A_021613
CN202210824888.5	A_003450
CN202210833600.0	A_021614
CN202210833600.0	A_021615
CN202210835230.4	A_002199
CN202210836824.7	A_001029
CN202210840255.3	A_001099
CN202210841666.4	A_000735
CN202210842134.2	A_002109
CN202210842134.2	A_004444
CN202210842134.2	A_000384
CN202210843027.1	A_021616
CN202210843396.0	A_021617
CN202210843396.0	A_000301
CN202210843396.0	A_021618
CN202210849784.X	A_021619
CN202210857095.3	A_021620
CN202210857095.3	A_013765
CN202210857999.6	A_000273
CN202210858985.6	A_020715
CN202210859384.7	A_000134
CN202210859885.5	A_021621
CN202210864342.2	A_021622
CN202210867253.3	A_021623
CN202210867780.4	A_021624
CN202210867979.7	A_021625
CN202210868161.7	A_020767
CN202210868213.0	A_021626
CN202210870382.8	A_016364
CN202210870765.5	A_001363
CN202210871230.X	A_000315
CN202210871230.X	A_001347
CN202210871261.5	A_000509
CN202210872242.4	A_001139
CN202210874554.9	A_021627
CN202210878561.6	A_020752
CN202210880785.0	A_021627
CN202210881394.0	A_021628
CN202210882060.5	A_010161
CN202210884619.8	A_000294
CN202210886996.5	A_003262
CN202210888129.5	A_021629
CN202210889426.1	A_000316
CN202210889701.X	A_001139
CN202210891565.8	A_001029
CN202210891565.8	A_000947
CN202210891737.1	A_000162
CN202210891737.1	A_021630
CN202210898757.1	A_021631
CN202210899213.7	A_021632
CN202210899699.4	A_001676
CN202210900123.5	A_021633
CN202210900123.5	A_001179
CN202210900123.5	A_021634
CN202210901535.0	A_021483
CN202210903345.2	A_021635
CN202210904278.6	A_010121
CN202210906484.0	A_016582
CN202210907397.7	A_021636
CN202210908110.2	A_000636
CN202210910103.6	A_021637
CN202210912163.1	A_021638
CN202210913918.X	A_021639
CN202210914447.4	A_021640
CN202210914538.8	A_001671
CN202210915482.8	A_003663
CN202210917031.8	A_002400
CN202210917631.4	A_021325
CN202210918045.1	A_021014
CN202210918501.2	A_003691
CN202210918501.2	A_003690
CN202210918508.4	A_021641
CN202210920526.6	A_000182
CN202210920753.9	A_021642
CN202210924238.8	A_001112
CN202210925190.2	A_000636
CN202210931595.7	A_003096
CN202210936465.2	A_020767
CN202210939061.9	A_002786
CN202210939940.1	A_000177
CN202210943583.6	A_021643
CN202210943706.6	A_021644
CN202210944699.1	A_021645
CN202210946277.8	A_010601
CN202210946277.8	A_010602
CN202210946600.1	A_021646
CN202210951128.0	A_020752
CN202210958756.1	A_000315
CN202210958756.1	A_002423
CN202210961683.1	A_020767
CN202210965882.X	A_020767
CN202210966593.1	A_021647
CN202210966593.1	A_002178
CN202210968401.0	A_016582
CN202210968767.8	A_021648
CN202210969860.0	A_021649
CN202210971422.8	A_021647
CN202210971422.8	A_002178
CN202210971923.6	A_018521
CN202210972306.8	A_001099
CN202210973131.2	A_000517
CN202210973707.5	A_021650
CN202210984081.8	A_001327
CN202210987618.6	A_000315
CN202210987618.6	A_001347
CN202210988843.1	A_003130
CN202210988843.1	A_003131
CN202210988843.1	A_021651
CN202210988843.1	A_021652
CN202210993568.2	A_020767
CN202210997535.5	A_000315
CN202210997535.5	A_001347
CN202211000295.3	A_000182
CN202211003374.X	A_012652
CN202211003481.2	A_000971
CN202211005289.7	A_003625
CN202211005289.7	A_021653
CN202211005713.8	A_000315
CN202211005713.8	A_002353
CN202211006997.2	A_021654
CN202211007901.4	A_011723
CN202211008633.8	A_021655
CN202211008846.0	A_000315
CN202211008846.0	A_001347
CN202211009757.8	A_004496
CN202211012380.1	A_015568
CN202211012380.1	A_011518
CN202211012380.1	A_000384
CN202211012982.7	A_011723
CN202211013962.1	A_000315
CN202211013962.1	A_000316
CN202211014424.4	A_021656
CN202211014424.4	A_021200
CN202211014426.3	A_021656
CN202211014426.3	A_021200
CN202211014436.7	A_021656
CN202211014436.7	A_021200
CN202211014725.7	A_001714
CN202211015048.0	A_002434
CN202211015351.0	A_021657
CN202211016268.5	A_000966
CN202211018634.0	A_002639
CN202211018881.0	A_001821
CN202211023483.8	A_020767
CN202211023605.3	A_001426
CN202211024853.X	A_013937
CN202211030529.9	A_000196
CN202211030888.4	A_020767
CN202211035662.3	A_001116
CN202211037183.5	A_001676
CN202211043806.X	A_021658
CN202211043894.3	A_021659
CN202211043894.3	A_021660
CN202211043894.3	A_021661
CN202211047405.1	A_021662
CN202211047405.1	A_021663
CN202211052529.9	A_000182
CN202211057649.8	A_021664
CN202211059825.1	A_021665
CN202211065374.2	A_021666
CN202211065727.9	A_021667
CN202211065961.1	A_003256
CN202211067658.5	A_021668
CN202211068031.1	A_002464
CN202211068031.1	A_014633
CN202211073385.5	A_021669
CN202211075195.7	A_001099
CN202211075991.0	A_021670
CN202211078606.8	A_000315
CN202211078606.8	A_002423
CN202211079007.8	A_000679
CN202211080548.2	A_011719
CN202211082825.3	A_021671
CN202211082837.6	A_021672
CN202211083483.7	A_000182
CN202211084194.9	A_011516
CN202211084516.X	A_000856
CN202211085149.5	A_001668
CN202211085981.5	A_021673
CN202211093346.1	A_000315
CN202211093346.1	A_003116
CN202211096743.4	A_021674
CN202211097536.0	A_000276
CN202211101549.0	A_001613
CN202211104688.9	A_021675
CN202211106309.X	A_002400
CN202211106309.X	A_021676
CN202211106756.5	A_021677
CN202211108488.0	A_021678
CN202211112467.6	A_021015
CN202211112467.6	A_021679
CN202211118713.9	A_001770
CN202211120727.4	A_021680
CN202211121134.X	A_000875
CN202211122671.6	A_021539
CN202211124537.X	A_000979
CN202211125757.4	A_021681
CN202211136321.5	A_000182
CN202211137648.4	A_021682
CN202211139277.3	A_021683
CN202211140141.4	A_002414
CN202211140312.3	A_000294
CN202211146873.4	A_000936
CN202211146873.4	A_001750
CN202211146873.4	A_012219
CN202211146873.4	A_020747
CN202211146873.4	A_000271
CN202211146873.4	A_020732
CN202211147429.4	A_021684
CN202211148505.3	A_000895
CN202211154202.2	A_001991
CN202211155143.0	A_001099
CN202211159057.7	A_000681
CN202211164052.3	A_000375
CN202211164062.7	A_021685
CN202211165213.0	A_021686
CN202211165720.4	A_021529
CN202211166059.9	A_021687
CN202211168084.0	A_002109
CN202211168084.0	A_015612
CN202211168084.0	A_000384
CN2022111681W	A_012652
CN2022111681W	A_005857
CN202211169894.8	A_001595
CN202211171519.7	A_000182
CN202211172700.X	A_021688
CN202211173252.5	A_004718
CN202211175849.3	A_021689
CN202211178397.4	A_021690
CN202211181778.8	A_001363
CN202211186421.9	A_000315
CN202211187837.2	A_021691
CN202211187837.2	A_000182
CN202211190061.X	A_021692
CN202211193593.9	A_002141
CN202211193593.9	A_000384
CN202211194257.6	A_000517
CN202211194947.1	A_001676
CN202211201357.7	A_001060
CN202211202473.0	A_021693
CN202211203268.6	A_018521
CN202211203761.8	A_016787
CN202211206797.1	A_011519
CN202211209990.0	A_020767
CN202211211208.9	A_021694
CN202211214463.9	A_020752
CN202211217266.2	A_021695
CN202211219560.7	A_021696
CN202211220070.9	A_004121
CN202211222924.7	A_016804
CN202211225141.4	A_000636
CN202211229050.8	A_021697
CN202211229050.8	A_001613
CN202211231763.8	A_021667
CN202211238074.X	A_021698
CN202211238074.X	A_000252
CN202211239005.0	A_021699
CN202211241227.6	A_021700
CN202211243495.1	A_000458
CN202211243535.2	A_021701
CN202211243569.1	A_021702
CN202211243706.1	A_021104
CN202211246719.4	A_000936
CN202211248613.8	A_000389
CN202211248998.8	A_008877
CN202211248998.8	A_021353
CN202211253965.2	A_021703
CN202211254432.6	A_021704
CN202211256165.6	A_005287
CN202211256378.9	A_021523
CN202211256958.8	A_010358
CN202211259179.3	A_021705
CN202211262597.8	A_021706
CN202211262597.8	A_019300
CN202211262597.8	A_021707
CN202211262597.8	A_021708
CN202211264550.5	A_021709
CN202211268023.1	A_021461
CN202211268130.4	A_002590
CN202211268130.4	A_021710
CN202211268716.0	A_001499
CN202211268716.0	A_000384
CN202211273444.3	A_019716
CN202211276583.1	A_021711
CN202211278838.8	A_000198
CN202211280071.2	A_021712
CN202211284235.9	A_021713
CN202211287877.4	A_020748
CN202211288276.5	A_021714
CN202211289005.1	A_021715
CN202211290849.8	A_021716
CN202211290849.8	A_021385
CN202211291592.8	A_021530
CN202211294542.5	A_021717
CN202211295413.8	A_002616
CN202211295413.8	A_000384
CN202211295413.8	A_021325
CN202211295413.8	A_002617
CN202211296427.1	A_003042
CN202211296427.1	A_000384
CN202211297480.3	A_021718
CN202211299187.0	A_001103
CN202211299471.8	A_021719
CN202211299681.7	A_000979
CN202211301223.2	A_021720
CN202211303431.6	A_021721
CN202211303431.6	A_002793
CN202211303431.6	A_000384
CN202211306075.3	A_021722
CN202211306320.0	A_000182
CN202211307345.2	A_021723
CN202211310449.9	A_004721
CN202211312027.5	A_001363
CN202211316842.9	A_020659
CN202211319263.X	A_003042
CN202211319263.X	A_000384
CN202211319263.X	A_021724
CN202211320085.2	A_002268
CN202211320085.2	A_021725
CN202211321579.2	A_000979
CN202211324033.2	A_000134
CN202211324394.7	A_021726
CN202211326592.7	A_021162
CN202211328701.9	A_000299
CN202211328989.X	A_021727
CN202211330461.6	A_001099
CN202211330461.6	A_008959
CN202211331200.6	A_000198
CN202211338504.5	A_021728
CN202211341172.6	A_021729
CN202211342063.6	A_020752
CN202211346600.4	A_003155
CN202211348203.0	A_021730
CN202211348203.0	A_021731
CN202211348203.0	A_013765
CN202211348468.0	A_021732
CN202211350359.2	A_010693
CN202211353135.7	A_000260
CN202211354690.1	A_000279
CN202211357701.1	A_021733
CN202211359202.6	A_000273
CN202211359202.6	A_021734
CN202211362100.X	A_021735
CN202211364129.1	A_021736
CN202211364352.6	A_021737
CN202211364986.1	A_000294
CN202211367704.3	A_021690
CN202211371137.9	A_000979
CN202211371137.9	A_021738
CN202211371179.2	A_021739
CN202211371179.2	A_001568
CN202211374114.3	A_004920
CN202211378473.6	A_001485
CN202211379773.6	A_021740
CN202211379913.X	A_021411
CN202211380952.1	A_000863
CN202211381488.8	A_000406
CN202211383226.5	A_004121
CN202211384858.3	A_020752
CN202211384955.2	A_000554
CN202211385311.5	A_020715
CN202211387111.3	A_000326
CN202211388882.4	A_002906
CN202211388882.4	A_000416
CN202211390408.5	A_019234
CN202211390408.5	A_012004
CN202211390408.5	A_021741
CN202211391551.6	A_021742
CN202211391724.4	A_000260
CN202211391811.X	A_001574
CN202211396824.6	A_020767
CN202211398750.X	A_000253
CN202211401173.5	A_021620
CN202211401173.5	A_013765
CN2022114043W	A_012652
CN2022114043W	A_005857
CN202211406328.4	A_000995
CN202211406328.4	A_000384
CN202211406328.4	A_021743
CN202211406704.X	A_000177
CN202211408390.7	A_000177
CN202211408484.4	A_021627
CN202211409069.0	A_002168
CN202211410007.1	A_011664
CN202211412113.3	A_017063
CN202211412113.3	A_000947
CN202211413283.3	A_021744
CN202211413834.6	A_021745
CN202211414880.8	A_021745
CN202211418489.5	A_001485
CN202211419973.X	A_021746
CN202211419985.2	A_003660
CN202211425592.2	A_003086
CN202211425592.2	A_008975
CN202211425972.6	A_000162
CN202211425973.0	A_021747
CN202211428489.3	A_011667
CN202211428489.3	A_011668
CN202211429979.5	A_021748
CN202211433675.6	A_000294
CN202211433892.5	A_000371
CN202211434486.0	A_004051
CN202211434486.0	A_021749
CN202211435885.9	A_000252
CN202211441960.2	A_021750
CN2022114459W	A_012652
CN202211446962.0	A_021751
CN202211446962.0	A_000384
CN202211446962.0	A_021556
CN202211449025.0	A_000406
CN202211451123.8	A_001363
CN202211452838.5	A_001455
CN202211454051.2	A_002783
CN202211455338.7	A_000507
CN202211457295.6	A_021752
CN202211458585.2	A_011822
CN202211459889.0	A_011946
CN202211460623.8	A_000345
CN202211462156.2	A_005045
CN202211471383.1	A_000528
CN202211471809.3	A_021753
CN202211474485.9	A_000134
CN202211475095.3	A_002168
CN202211477001.6	A_003106
CN202211477001.6	A_003107
CN202211486881.3	A_003267
CN202211487009.0	A_021754
CN202211488812.6	A_000507
CN202211491429.6	A_002590
CN202211491514.2	A_021755
CN202211491514.2	A_001799
CN202211494792.3	A_000162
CN202211494792.3	A_003162
CN202211494792.3	A_021756
CN202211495083.7	A_011506
CN202211497182.9	A_004044
CN202211503154.3	A_020752
CN202211504644.5	A_021757
CN202211504644.5	A_000995
CN202211504644.5	A_000384
CN202211504644.5	A_000636
CN202211505894.0	A_011860
CN202211506549.9	A_021758
CN202211507326.4	A_001485
CN202211507326.4	A_021759
CN202211507326.4	A_021760
CN202211508278.0	A_021761
CN202211509371.3	A_021762
CN202211509371.3	A_001676
CN202211509912.2	A_002274
CN202211510534.X	A_000134
CN202211511271.4	A_020752
CN202211512181.7	A_021763
CN202211513937.X	A_015822
CN202211515957.0	A_001167
CN202211518838.0	A_021764
CN202211519779.9	A_021765
CN202211520578.0	A_020752
CN202211521091.4	A_021766
CN202211521091.4	A_004721
CN202211521784.3	A_021522
CN202211523716.0	A_021767
CN202211523716.0	A_001179
CN202211523716.0	A_000384
CN202211523716.0	A_021768
CN202211524233.2	A_002768
CN202211524233.2	A_001568
CN202211524233.2	A_000384
CN202211526217.7	A_021769
CN202211529332.X	A_020967
CN202211530042.7	A_000273
CN202211530042.7	A_021770
CN202211530423.5	A_011748
CN202211531425.6	A_002872
CN202211531425.6	A_021771
CN202211531447.2	A_004146
CN202211531447.2	A_021772
CN202211532562.1	A_021773
CN202211535093.9	A_003476
CN202211538664.4	A_010445
CN202211545086.7	A_002615
CN202211549460.0	A_020967
CN202211552328.5	A_000162
CN202211552328.5	A_003162
CN202211552328.5	A_021756
CN202211552328.5	A_011569
CN202211552603.3	A_021774
CN202211553152.5	A_021775
CN202211555741.7	A_012218
CN202211557263.3	A_000895
CN202211559260.3	A_013698
CN202211560110.4	A_005287
CN202211560110.4	A_021776
CN202211561107.4	A_002268
CN202211562598.4	A_000134
CN202211570756.0	A_003121
CN202211573994.7	A_000315
CN202211573994.7	A_001347
CN202211575124.3	A_002613
CN202211577188.7	A_020685
CN202211579032.2	A_018561
CN202211581197.3	A_021777
CN202211581708.1	A_011202
CN202211584679.4	A_004281
CN202211586543.7	A_000218
CN202211587872.3	A_012360
CN202211590870.X	A_000756
CN202211591739.5	A_002795
CN202211596042.7	A_020752
CN202211602512.6	A_018756
CN202211604035.7	A_000134
CN202211604172.0	A_020752
CN202211611242.5	A_000509
CN202211611275.X	A_021778
CN202211611275.X	A_004157
CN202211624636.4	A_021779
CN202211629322.3	A_021780
CN202211632122.3	A_021781
CN202211634246.5	A_000260
CN202211636576.8	A_008930
CN202211636576.8	A_000384
CN202211636576.8	A_008931
CN202211636779.7	A_000505
CN202211636977.3	A_021782
CN202211638510.2	A_021783
CN202211641799.3	A_011492
CN202211642201.2	A_021784
CN202211642201.2	A_003949
CN202211643646.2	A_021785
CN202211643646.2	A_015762
CN202211648891.2	A_000292
CN202211648891.2	A_021786
CN202211648990.0	A_003608
CN202211650046.9	A_020767
CN202211651886.7	A_004772
CN202211652066.X	A_001613
CN202211654102.6	A_004313
CN202211654903.2	A_021015
CN202211655026.0	A_021787
CN202211655026.0	A_000134
CN202211655026.0	A_021759
CN202211655201.6	A_000337
CN202211658219.1	A_021788
CN202211658475.0	A_016778
CN202211658926.0	A_015660
CN202211660348.4	A_021789
CN202211660882.5	A_021790
CN202211661737.9	A_021791
CN202211661837.1	A_021792
CN202211664409.4	A_021793
CN202211664790.4	A_003114
CN202211665809.7	A_002446
CN202211666345.1	A_021794
CN202211666427.6	A_011842
CN202211667511.X	A_021795
CN202211668829.X	A_000514
CN202211669918.6	A_021796
CN202211669918.6	A_003625
CN202211672028.0	A_021797
CN202211672034.6	A_021798
CN202211672034.6	A_021799
CN202211673679.1	A_020767
CN202211674867.6	A_003681
CN202211674867.6	A_000384
CN202211676407.7	A_003165
CN202211676470.0	A_000735
CN202211679241.4	A_021800
CN202211679325.8	A_000315
CN202211679325.8	A_015646
CN202211679954.0	A_001139
CN202211681625.X	A_001280
CN202211684285.6	A_000315
CN202211684285.6	A_002353
CN202211684374.0	A_020767
CN202211685420.9	A_021801
CN202211687359.1	A_021802
CN202211687916.X	A_003011
CN202211688240.6	A_003011
CN202211692414.6	A_004031
CN202211693438.3	A_001568
CN202211693438.3	A_021803
CN202211693438.3	A_021804
CN202211693537.1	A_000609
CN202211693979.6	A_010259
CN202211693979.6	A_001152
CN202211694361.1	A_021805
CN202211696588.X	A_000554
CN202211699205.4	A_002446
CN202211701736.2	A_001155
CN202211704058.5	A_021806
CN202211709314.X	A_021807
CN202211710167.8	A_021808
CN202211716067.6	A_021809
CN202211716989.7	A_021810
CN202211717591.5	A_000406
CN202211718990.3	A_001103
CN202211721969.9	A_001835
CN202211722234.8	A_021811
CN2022117222W	A_021437
CN2022117222W	A_021812
CN2022117222W	A_021439
CN2022117222W	A_021813
CN202211724381.9	A_003165
CN202211728523.9	A_021814
CN202211730309.7	A_021815
CN202211731742.2	A_021816
CN202211733378.3	A_021817
CN202211733378.3	A_021818
CN202211733378.3	A_021819
CN202211735289.2	A_021820
CN202211741240.8	A_021821
CN2022123602W	A_007790
CN2022124889W	A_012652
CN2022124889W	A_005857
CN2022125114W	A_002446
CN2022125114W	A_021822
CN2022127307W	A_012652
CN2022127307W	A_005857
CN2022130532W	A_000509
CN2022130532W	A_021823
CN2022132390W	A_021824
CN2022132390W	A_021825
CN2022136777W	A_005857
CN2022139520W	A_021811
CN2022139520W	A_021826
CN202220177861.7	A_011744
CN202220265877.3	A_011244
CN202220265877.3	A_002793
CN202220950668.2	A_021827
CN202220950668.2	A_021828
CN202221223883.9	A_008702
CN202221369342.7	A_002864
CN202221876399.6	A_003744
CN202222090980.1	A_021829
CN202222165414.2	A_021830
CN202222328497.2	A_021831
CN202222480733.2	A_003095
CN202222487426.7	A_004165
CN202223350436.2	A_003618
CN202223505528.3	A_021832
CN202280000320.X	A_021493
CN202280002944.5	A_021162
CN202280004507.7	A_021162
CN202280013905.5	A_021833
CN202280016730.3	A_021834
CN202280017726.9	A_000260
CN202280019753.X	A_020767
CN202280025663.1	A_020767
CN202280028207.2	A_020715
CN202280029728.X	A_021170
CN202280031394.X	A_021835
CN202280031521.6	A_020767
CN202280032139.7	A_020767
CN202280037092.3	A_021836
CN202280037092.3	A_021837
CN202280048604.6	A_020921
CN202280054166.4	A_000910
CN202280056775.3	A_021838
CN202280061771.4	A_020920
CN202280061995.5	A_000318
CN202280062872.3	A_000910
CN202280069073.9	A_000260
CN202280072509.X	A_021838
CN202280075170.9	A_020715
CN202280075172.8	A_020715
CN202280086426.6	A_000260
CN202280096707.X	A_020779
CN202280096707.X	A_020780
CN202280098072.7	A_000910
CN202280098396.0	A_021059
CN202280098632.9	A_012652
CN202280099860.8	A_021839
CN202280100260.9	A_020659
CN202280100266.6	A_020659
CN202280100320.7	A_020659
CN202280100597.X	A_020659
CN202280102677.9	A_021840
CN2023074204W	A_021841
CN2023074204W	A_021842
CN2023074204W	A_021843
CN2023074204W	A_021844
CN2023074204W	A_021845
CN2023076515W	A_012652
CN2023076515W	A_005857
CN2023077843W	A_000294
CN2023077843W	A_021846
CN2023080929W	A_000947
CN2023080929W	A_021847
CN2023099688W	A_012652
CN2023099688W	A_005857
CN202310001717.7	A_020752
CN202310002940.3	A_021848
CN202310003324.X	A_021849
CN202310004260.5	A_021850
CN202310005355.9	A_021329
CN202310007654.6	A_000388
CN202310007898.4	A_001139
CN202310008389.3	A_002854
CN202310010866.X	A_021851
CN202310010876.3	A_002056
CN202310012989.7	A_000253
CN202310014323.5	A_020977
CN202310014966.X	A_020752
CN202310015179.7	A_020828
CN202310017792.2	A_000838
CN202310017827.2	A_000838
CN202310020106.7	A_000139
CN202310020106.7	A_021308
CN202310020405.0	A_021852
CN202310021781.1	A_003779
CN202310021781.1	A_021853
CN202310025316.5	A_000388
CN202310027816.2	A_021854
CN202310028015.8	A_021855
CN202310028596.5	A_001237
CN202310029986.4	A_015523
CN202310030850.5	A_021856
CN202310031398.4	A_021857
CN202310032053.0	A_002927
CN202310034767.5	A_000304
CN202310034767.5	A_015461
CN202310035062.5	A_003074
CN202310038646.8	A_000223
CN202310043426.4	A_001614
CN202310047220.9	A_014490
CN202310048920.X	A_000182
CN202310049128.6	A_002425
CN202310050734.X	A_000507
CN202310051326.6	A_001613
CN202310053476.0	A_000198
CN202310056324.6	A_021858
CN202310056324.6	A_020970
CN202310057497.X	A_000509
CN202310057840.0	A_000218
CN202310058537.2	A_000213
CN202310060428.4	A_000510
CN202310060428.4	A_002472
CN202310066932.5	A_001613
CN202310069440.1	A_004302
CN202310069813.5	A_004157
CN202310072530.6	A_021859
CN202310077504.2	A_000610
CN202310077504.2	A_021860
CN202310078774.5	A_001139
CN202310079593.4	A_010122
CN202310080666.1	A_000223
CN202310083900.6	A_021861
CN202310084309.2	A_021862
CN202310084645.7	A_021863
CN202310085529.7	A_003901
CN202310089578.8	A_011462
CN202310089578.8	A_021864
CN202310089578.8	A_000384
CN202310092414.0	A_021865
CN202310093944.7	A_002590
CN202310094129.2	A_018907
CN202310094811.1	A_000326
CN202310102292.9	A_021866
CN202310105524.6	A_021867
CN202310107123.4	A_001141
CN202310107754.6	A_021868
CN202310108020.X	A_000906
CN202310108884.1	A_001018
CN202310108884.1	A_021869
CN202310117198.0	A_021159
CN202310119200.8	A_012652
CN202310119722.8	A_021870
CN202310120959.8	A_001710
CN202310121563.5	A_021871
CN202310123079.6	A_000337
CN202310123405.3	A_002590
CN202310126143.6	A_021120
CN202310127545.8	A_021872
CN202310127549.6	A_020967
CN202310128657.5	A_020812
CN202310136377.9	A_000337
CN202310137245.8	A_002719
CN202310138675.1	A_001865
CN202310138675.1	A_000574
CN202310138675.1	A_021873
CN202310142202.9	A_000234
CN202310145406.8	A_021874
CN202310145500.3	A_015473
CN202310146206.4	A_010808
CN202310147580.6	A_021694
CN202310148429.4	A_001139
CN202310149232.2	A_021700
CN202310153691.8	A_002312
CN202310154609.3	A_000276
CN202310154695.8	A_021875
CN202310156117.8	A_000636
CN202310156315.4	A_021876
CN202310156686.2	A_001676
CN202310156954.0	A_001362
CN202310158945.5	A_021149
CN202310161440.4	A_021877
CN202310161507.4	A_003916
CN202310165072.0	A_000254
CN202310165072.0	A_000255
CN202310165665.7	A_021878
CN202310166583.4	A_000507
CN202310172207.6	A_020752
CN202310172835.4	A_020715
CN202310172972.8	A_000182
CN202310173464.1	A_000315
CN202310173464.1	A_002423
CN202310180269.1	A_001600
CN202310180438.1	A_021879
CN202310181121.X	A_021880
CN202310183698.4	A_001676
CN202310184039.2	A_021116
CN202310184373.8	A_021781
CN202310186140.1	A_000134
CN202310193234.1	A_012652
CN202310196769.4	A_021881
CN202310200598.8	A_017027
CN202310202132.1	A_001412
CN202310202132.1	A_016763
CN202310202132.1	A_021882
CN202310204898.3	A_021883
CN202310206621.4	A_021884
CN202310208002.9	A_000631
CN202310209878.5	A_000507
CN202310214501.9	A_021885
CN202310216467.9	A_000339
CN202310216882.4	A_021886
CN202310220971.6	A_000507
CN202310224123.2	A_020767
CN2023102265W	A_000304
CN2023102265W	A_021887
CN202310226682.7	A_000218
CN202310229903.6	A_001071
CN202310231937.9	A_000339
CN202310232031.9	A_021888
CN202310233622.8	A_018464
CN202310234720.3	A_001613
CN202310236520.1	A_008469
CN202310237267.1	A_021889
CN202310238345.X	A_000273
CN202310240781.0	A_000198
CN202310243599.0	A_000517
CN202310249124.2	A_011210
CN202310250828.1	A_003011
CN202310250878.X	A_021874
CN202310252401.5	A_001600
CN202310256264.2	A_020752
CN202310259657.9	A_021890
CN202310259657.9	A_021891
CN202310260349.8	A_010617
CN202310260423.6	A_020752
CN202310262629.2	A_000988
CN202310266239.2	A_002400
CN202310266610.5	A_021049
CN202310266803.0	A_021892
CN202310271427.4	A_000861
CN202310272983.3	A_000389
CN202310273832.X	A_021875
CN202310275476.5	A_000326
CN202310279257.4	A_000756
CN202310279990.6	A_021893
CN202310279990.6	A_021894
CN202310279990.6	A_021895
CN202310279990.6	A_021896
CN202310279990.6	A_021897
CN202310285293.1	A_000947
CN202310286272.1	A_003168
CN202310286417.8	A_011822
CN202310286828.7	A_021898
CN202310287941.7	A_002623
CN202310288672.6	A_001167
CN202310291577.1	A_011872
CN202310292198.4	A_004157
CN202310292198.4	A_003033
CN202310292198.4	A_021605
CN202310294164.9	A_001676
CN202310296371.8	A_003042
CN202310296371.8	A_000384
CN202310299003.9	A_001821
CN202310300997.1	A_000337
CN202310303205.6	A_021490
CN202310305929.4	A_002859
CN202310313411.5	A_013698
CN202310314318.6	A_001960
CN202310315214.7	A_000326
CN202310315237.8	A_014931
CN202310315237.8	A_001141
CN202310315237.8	A_019314
CN202310316365.4	A_021899
CN202310319658.8	A_021900
CN202310321795.5	A_021901
CN202310322770.7	A_001103
CN202310328766.1	A_021902
CN202310331050.7	A_021903
CN202310331816.1	A_001314
CN202310335621.4	A_021329
CN202310340017.0	A_021904
CN202310346561.6	A_001137
CN202310347799.0	A_021905
CN202310347799.0	A_021506
CN202310351837.X	A_021906
CN202310354570.X	A_000458
CN202310354849.8	A_000326
CN202310354991.2	A_021907
CN202310354991.2	A_016204
CN202310354991.2	A_014745
CN202310355180.4	A_021908
CN202310356107.9	A_021909
CN202310357631.8	A_010631
CN202310358754.3	A_021910
CN202310361768.0	A_010202
CN202310361996.8	A_021015
CN202310362925.X	A_019298
CN202310362925.X	A_004050
CN202310363849.4	A_001676
CN202310364802.X	A_002374
CN202310365930.6	A_021911
CN202310366473.2	A_021912
CN202310366770.7	A_000756
CN202310366844.7	A_001962
CN202310377548.7	A_021913
CN202310381902.3	A_021914
CN202310383609.0	A_021915
CN202310383609.0	A_011860
CN202310383609.0	A_000896
CN202310384577.6	A_010601
CN202310392547.X	A_000299
CN202310395908.6	A_000315
CN202310395908.6	A_003116
CN202310398862.3	A_021916
CN202310400213.2	A_020967
CN202310403335.7	A_021338
CN202310403994.0	A_000294
CN202310404631.9	A_000330
CN202310406721.1	A_013774
CN202310406721.1	A_010617
CN202310406721.1	A_021917
CN202310407420.0	A_001433
CN202310407737.4	A_000198
CN202310408780.2	A_003804
CN202310409740.X	A_002615
CN202310410111.9	A_021918
CN202310410349.1	A_002362
CN202310410380.5	A_005121
CN202310410380.5	A_005122
CN202310416626.X	A_021919
CN202310419595.3	A_016051
CN202310420280.0	A_013698
CN202310421509.2	A_000253
CN202310423031.7	A_012218
CN202310423305.2	A_000614
CN202310428082.9	A_002859
CN202310429983.X	A_004302
CN202310431635.6	A_021233
CN202310432170.6	A_000464
CN202310433040.4	A_000345
CN202310436011.3	A_000134
CN202310436909.0	A_021920
CN202310438776.0	A_000213
CN202310443046.X	A_021921
CN202310446386.8	A_021922
CN202310450223.7	A_000641
CN202310452180.6	A_000375
CN202310453734.4	A_021923
CN202310453734.4	A_000384
CN202310456470.8	A_000756
CN202310459251.5	A_000452
CN202310469313.0	A_004005
CN202310469744.7	A_000345
CN202310472873.1	A_000756
CN202310474211.8	A_000517
CN202310475114.0	A_021924
CN202310475462.8	A_000514
CN202310476530.2	A_021864
CN202310476530.2	A_000384
CN202310481620.0	A_012652
CN202310481630.4	A_021925
CN202310482377.4	A_000139
CN202310483467.5	A_021864
CN202310483913.2	A_000756
CN202310485617.6	A_000139
CN202310485947.5	A_012652
CN202310485947.5	A_002913
CN202310486128.2	A_021289
CN202310487646.6	A_011860
CN202310488272.X	A_021926
CN202310488781.2	A_021690
CN202310489020.9	A_003827
CN202310489908.2	A_020752
CN202310493813.8	A_018502
CN202310495231.3	A_016898
CN202310495418.3	A_021927
CN202310495601.3	A_002913
CN202310495913.4	A_000336
CN202310497479.3	A_021928
CN202310498165.5	A_021929
CN202310499993.0	A_000139
CN202310500567.4	A_003255
CN202310502767.3	A_021930
CN202310502767.3	A_000253
CN202310502767.3	A_021931
CN202310505340.9	A_000196
CN202310507861.8	A_000466
CN202310508864.3	A_000162
CN202310511388.0	A_000979
CN202310517660.6	A_003152
CN202310517660.6	A_003153
CN202310520400.4	A_021932
CN202310522170.5	A_021933
CN202310522604.1	A_008976
CN202310522808.5	A_021934
CN202310522817.4	A_015358
CN202310523177.9	A_014797
CN202310525215.4	A_021935
CN202310525866.3	A_000182
CN202310529852.9	A_012218
CN202310530777.8	A_003321
CN202310533242.6	A_003255
CN202310534738.5	A_001099
CN202310534928.7	A_000756
CN202310534928.7	A_021936
CN202310539666.3	A_021937
CN202310540229.3	A_021938
CN202310541020.9	A_003255
CN202310541615.4	A_021939
CN202310542358.6	A_021898
CN202310542570.2	A_011200
CN202310542609.0	A_001770
CN202310545900.3	A_021940
CN202310545908.X	A_000198
CN202310550273.2	A_001018
CN202310551032.X	A_002282
CN202310551757.9	A_021000
CN202310552457.2	A_000793
CN202310553904.6	A_021941
CN202310555177.7	A_000252
CN202310557383.1	A_021942
CN202310559241.9	A_021943
CN202310560244.4	A_021944
CN202310560996.0	A_001071
CN202310565792.6	A_021945
CN202310565792.6	A_000330
CN202310572043.6	A_020752
CN202310572049.3	A_001190
CN202310573698.5	A_021946
CN202310573698.5	A_021947
CN202310574794.1	A_000394
CN202310576536.7	A_021948
CN202310576536.7	A_021949
CN202310576536.7	A_000384
CN202310578108.8	A_000636
CN202310579091.8	A_000198
CN202310580934.6	A_000301
CN202310582646.4	A_021950
CN202310582698.1	A_021951
CN202310583664.4	A_021952
CN202310587781.8	A_003436
CN202310589770.3	A_011860
CN202310590487.2	A_015426
CN202310591358.5	A_000203
CN202310591626.3	A_000609
CN202310591899.8	A_003349
CN202310592510.1	A_000223
CN202310594851.2	A_000182
CN202310594954.9	A_021953
CN202310597122.2	A_020752
CN202310598297.5	A_000294
CN202310600494.6	A_011461
CN202310601229.X	A_020715
CN202310601247.8	A_021954
CN202310601611.0	A_002109
CN202310601611.0	A_015612
CN202310601611.0	A_021955
CN202310601628.6	A_021729
CN202310601846.X	A_003714
CN202310601846.X	A_000416
CN202310604707.2	A_000315
CN202310604707.2	A_002423
CN202310606978.1	A_008930
CN202310606978.1	A_000384
CN202310606978.1	A_008931
CN202310611183.X	A_021956
CN202310611941.8	A_021014
CN202310617232.0	A_011461
CN202310619913.0	A_000326
CN202310622969.1	A_011712
CN202310624269.6	A_002378
CN202310624809.0	A_014821
CN202310624809.0	A_014820
CN202310624809.0	A_021957
CN202310625123.3	A_021958
CN202310625316.9	A_001613
CN202310626001.6	A_002872
CN202310627154.2	A_021959
CN202310627154.2	A_021116
CN202310627154.2	A_021960
CN202310627943.6	A_021935
CN202310627953.X	A_021935
CN202310629209.3	A_021961
CN202310629466.7	A_021962
CN202310630402.9	A_000315
CN202310630402.9	A_001347
CN2023106311W	A_001762
CN2023106311W	A_012449
CN202310632190.8	A_016950
CN202310632190.8	A_021963
CN202310632190.8	A_018657
CN202310632190.8	A_000384
CN202310633348.3	A_000177
CN202310633367.6	A_000966
CN202310633809.7	A_000326
CN202310634015.2	A_001655
CN202310634015.2	A_021964
CN202310636278.7	A_021965
CN202310636356.3	A_001170
CN202310639153.X	A_000756
CN202310639397.8	A_021493
CN202310639397.8	A_021966
CN202310639688.7	A_008455
CN202310640048.8	A_000299
CN202310641180.0	A_021967
CN202310642118.3	A_021968
CN202310642530.5	A_000299
CN202310643611.7	A_021969
CN202310645397.9	A_003436
CN202310646951.5	A_001613
CN202310646951.5	A_021970
CN202310647068.8	A_005127
CN202310647768.7	A_002913
CN202310651127.9	A_000304
CN202310651282.0	A_021971
CN202310653598.3	A_021972
CN202310656028.X	A_000294
CN202310656680.1	A_021973
CN202310660298.8	A_001433
CN202310662571.0	A_000198
CN202310665646.0	A_003875
CN202310666160.9	A_000679
CN202310668270.9	A_000304
CN202310669747.5	A_003970
CN202310670520.2	A_000991
CN202310675717.5	A_010808
CN202310676204.6	A_001485
CN202310677553.X	A_021974
CN202310678688.8	A_011506
CN202310678936.9	A_021975
CN202310681444.5	A_020752
CN202310682196.6	A_000315
CN202310682196.6	A_003116
CN202310685229.2	A_001574
CN202310688677.8	A_000636
CN202310689278.3	A_021976
CN202310690849.5	A_001017
CN202310691371.8	A_021977
CN202310691964.4	A_002913
CN202310694161.4	A_014820
CN202310694161.4	A_014821
CN202310697231.1	A_021978
CN202310698095.8	A_004120
CN202310698095.8	A_000326
CN202310698648.X	A_004639
CN202310698648.X	A_000936
CN202310698648.X	A_004640
CN202310699814.8	A_021808
CN202310703473.7	A_021979
CN202310705565.9	A_021980
CN202310705565.9	A_001568
CN202310705696.7	A_000406
CN202310706055.3	A_021981
CN202310706524.1	A_021982
CN202310706524.1	A_003436
CN202310709440.3	A_001344
CN202310710574.7	A_001600
CN202310710722.5	A_020798
CN202310713108.4	A_021983
CN202310718154.3	A_003688
CN202310718154.3	A_021984
CN202310719132.9	A_004051
CN202310719548.0	A_002132
CN202310721207.7	A_021985
CN202310723124.1	A_000162
CN202310723124.1	A_014363
CN202310725582.9	A_021986
CN202310725582.9	A_002001
CN202310727549.X	A_021987
CN202310736792.8	A_021988
CN202310736894.X	A_000273
CN202310740932.9	A_000182
CN202310741335.8	A_021607
CN202310741335.8	A_000636
CN202310741356.X	A_021607
CN202310741356.X	A_000636
CN202310742767.0	A_021989
CN202310744465.7	A_021990
CN202310748600.5	A_020752
CN202310748727.7	A_003532
CN202310750292.X	A_002168
CN202310750935.0	A_010808
CN202310753155.1	A_021991
CN202310754204.3	A_004157
CN202310754204.3	A_003033
CN202310759699.9	A_000326
CN202310760615.3	A_021992
CN202310761539.8	A_015646
CN202310767179.2	A_020798
CN202310767294.X	A_016975
CN202310768612.4	A_001799
CN202310769349.0	A_021993
CN202310769349.0	A_000384
CN202310769349.0	A_021994
CN202310769349.0	A_021995
CN202310770124.7	A_001574
CN202310775421.0	A_000685
CN202310775974.6	A_021996
CN202310779728.8	A_021997
CN202310779784.1	A_000134
CN202310780433.2	A_021998
CN202310787050.8	A_020909
CN202310788152.1	A_000464
CN202310789016.4	A_002795
CN202310789376.4	A_000992
CN202310790256.6	A_009080
CN202310793300.9	A_001546
CN202310796111.7	A_016259
CN202310797280.2	A_000177
CN202310798628.X	A_021999
CN202310800589.2	A_022000
CN202310800725.8	A_000979
CN202310801406.9	A_004491
CN202310803643.9	A_000679
CN202310803643.9	A_022001
CN202310804647.9	A_016116
CN202310804647.9	A_022002
CN202310806353.X	A_015592
CN202310807436.0	A_022003
CN202310809619.6	A_022004
CN202310809640.6	A_001710
CN202310809640.6	A_022005
CN202310811089.9	A_022006
CN202310811089.9	A_013765
CN202310811478.1	A_022007
CN202310812134.2	A_001137
CN202310813594.7	A_022008
CN202310814661.7	A_000273
CN202310814661.7	A_000896
CN202310815341.3	A_022009
CN202310815607.4	A_000294
CN202310816055.9	A_001602
CN202310817490.3	A_021086
CN202310817914.6	A_000253
CN202310820294.1	A_020752
CN202310821131.5	A_022010
CN202310825156.2	A_000452
CN202310825857.6	A_000377
CN202310826667.6	A_022011
CN202310826980.X	A_010128
CN202310833639.7	A_000452
CN202310835602.8	A_004333
CN202310836022.0	A_004125
CN202310836663.6	A_022012
CN202310839191.X	A_022013
CN202310840032.1	A_012218
CN202310840521.7	A_022014
CN202310841240.3	A_021974
CN202310844076.1	A_022015
CN202310846016.3	A_022016
CN202310847756.9	A_000223
CN202310851290.X	A_003002
CN202310852710.6	A_000326
CN202310852749.8	A_000476
CN202310854148.0	A_022017
CN202310854162.0	A_022018
CN202310854345.2	A_000203
CN202310855285.6	A_018979
CN202310856669.X	A_022019
CN202310857318.0	A_003814
CN202310859586.6	A_003916
CN202310861675.4	A_022020
CN202310862988.1	A_022021
CN2023108655W	A_012652
CN2023108655W	A_005857
CN202310867315.5	A_002341
CN202310870021.8	A_000135
CN202310870869.0	A_000636
CN202310870869.0	A_022022
CN202310874685.1	A_000134
CN202310876130.0	A_000509
CN202310877468.8	A_022023
CN202310879277.5	A_019234
CN202310879277.5	A_022024
CN202310879277.5	A_015255
CN202310881575.8	A_011658
CN202310881575.8	A_022025
CN202310881663.8	A_016483
CN202310882338.3	A_022026
CN202310885230.X	A_003082
CN202310888073.8	A_000315
CN202310888073.8	A_000316
CN202310891841.5	A_022027
CN202310892648.3	A_000636
CN202310893129.9	A_001770
CN202310896128.X	A_022028
CN202310903742.4	A_022029
CN202310904428.8	A_022030
CN202310904523.8	A_022031
CN202310907297.9	A_000294
CN202310912282.1	A_021815
CN202310914523.6	A_000756
CN202310914975.4	A_002993
CN202310917686.X	A_022032
CN202310919047.7	A_003419
CN202310921040.9	A_022033
CN202310924514.5	A_000756
CN202310924832.1	A_022034
CN202310926065.8	A_002132
CN202310926065.8	A_016693
CN202310927521.0	A_001485
CN202310929015.5	A_000452
CN202310932860.8	A_022035
CN202310933117.4	A_015857
CN202310933403.0	A_011492
CN202310935732.9	A_015888
CN202310938781.8	A_022036
CN202310938781.8	A_022037
CN202310938781.8	A_022038
CN202310939361.1	A_022039
CN202310939854.5	A_021808
CN202310940455.0	A_000292
CN202310941819.7	A_016692
CN202310941819.7	A_002132
CN202310941819.7	A_016693
CN202310941973.4	A_022040
CN202310942766.0	A_022041
CN202310943518.8	A_010601
CN202310944284.9	A_000315
CN202310944284.9	A_002353
CN202310949047.1	A_022042
CN202310950554.7	A_000895
CN202310951129.X	A_001363
CN202310952052.8	A_022043
CN202310954638.8	A_022044
CN202310960245.8	A_002362
CN202310960581.2	A_001167
CN202310960707.6	A_010601
CN202310961569.3	A_021596
CN202310963315.5	A_000744
CN202310964289.8	A_010601
CN202310967219.8	A_022045
CN202310967328.X	A_021667
CN202310968588.9	A_001455
CN202310972291.X	A_014568
CN202310972291.X	A_021536
CN202310974219.0	A_022046
CN202310977127.8	A_022047
CN202310977505.2	A_014083
CN202310977905.3	A_022048
CN202310983553.2	A_000936
CN202310983553.2	A_001099
CN202310984988.9	A_000895
CN202310985549.X	A_022049
CN202310987010.8	A_022050
CN202310988332.4	A_004080
CN202310989860.1	A_000936
CN202310989860.1	A_001099
CN202310992117.1	A_003625
CN202310992611.8	A_015434
CN202310992611.8	A_022051
CN202310992866.4	A_022052
CN202310993016.6	A_022053
CN202310993016.6	A_001139
CN202310993101.2	A_020752
CN202310998160.9	A_000955
CN202311000457.8	A_004703
CN202311003217.3	A_002176
CN202311004688.6	A_000856
CN202311004759.2	A_002433
CN202311007313.5	A_022054
CN202311008917.1	A_004047
CN202311012390.X	A_022055
CN202311015010.8	A_021864
CN202311015010.8	A_021544
CN202311015010.8	A_000384
CN202311022453.X	A_002993
CN202311026568.6	A_000134
CN202311028182.9	A_022050
CN202311029104.0	A_000317
CN202311029104.0	A_021385
CN202311029568.1	A_015535
CN202311030067.5	A_022056
CN202311035820.X	A_000995
CN202311035820.X	A_000384
CN202311035820.X	A_022057
CN202311038241.0	A_000139
CN202311038567.3	A_000294
CN202311041018.1	A_019281
CN202311041778.2	A_022058
CN202311042806.2	A_000317
CN202311043677.9	A_022059
CN202311043677.9	A_022060
CN202311044309.6	A_012652
CN202311046291.3	A_001363
CN202311046291.3	A_004024
CN202311048783.6	A_022061
CN202311051000.X	A_000326
CN202311052967.X	A_002168
CN202311054481.X	A_001498
CN202311054481.X	A_001179
CN202311058298.7	A_000856
CN202311058440.8	A_000317
CN202311059413.2	A_013698
CN202311061587.2	A_022062
CN202311066973.0	A_003074
CN202311068460.3	A_000134
CN202311074453.4	A_004005
CN202311076176.0	A_018756
CN202311076176.0	A_004005
CN202311077007.9	A_000474
CN202311077187.0	A_004050
CN202311077842.2	A_003801
CN202311079752.7	A_022063
CN202311080022.9	A_000315
CN202311082911.9	A_022064
CN202311082911.9	A_022065
CN202311082911.9	A_022066
CN202311082911.9	A_022067
CN202311083274.7	A_022068
CN202311083274.7	A_022069
CN202311086400.4	A_001129
CN202311087417.1	A_002913
CN202311092777.0	A_022070
CN202311093295.7	A_022071
CN202311097477.1	A_000509
CN202311098271.0	A_001613
CN202311098391.0	A_022072
CN202311100117.2	A_022073
CN202311100117.2	A_022074
CN202311100391.X	A_022075
CN202311103723.X	A_022076
CN202311104263.2	A_000182
CN202311108209.5	A_001765
CN202311108969.6	A_003949
CN202311111230.0	A_015259
CN202311112136.7	A_022077
CN202311114802.0	A_022078
CN202311116754.9	A_019301
CN202311116754.9	A_019300
CN202311116754.9	A_022079
CN202311116754.9	A_022080
CN202311119970.9	A_022081
CN202311119988.9	A_000194
CN202311122379.9	A_022082
CN202311122604.9	A_003789
CN202311123643.0	A_022083
CN202311125746.0	A_022084
CN202311126439.4	A_002268
CN202311127732.2	A_002309
CN202311127732.2	A_022085
CN202311127732.2	A_022086
CN202311129335.9	A_001614
CN202311129335.9	A_000326
CN202311130033.3	A_016582
CN202311130565.7	A_022077
CN202311136146.4	A_002024
CN202311136488.6	A_003907
CN202311137007.3	A_011824
CN202311137007.3	A_000406
CN202311139858.1	A_003801
CN202311144222.6	A_022087
CN202311144627.X	A_022088
CN202311149313.9	A_022089
CN202311149466.3	A_022070
CN202311151278.4	A_022090
CN202311151777.3	A_000828
CN202311153020.8	A_010476
CN202311153020.8	A_011681
CN202311153020.8	A_022091
CN202311156169.1	A_002132
CN202311160428.8	A_000196
CN202311160742.6	A_000162
CN202311163222.0	A_005239
CN202311164084.8	A_022092
CN202311164655.8	A_000609
CN202311170669.0	A_014933
CN202311170971.6	A_021403
CN202311171065.8	A_015426
CN202311171065.8	A_022093
CN202311174479.6	A_002872
CN202311177502.7	A_005266
CN202311177551.0	A_022094
CN202311178912.3	A_022095
CN202311179192.2	A_005045
CN202311183043.3	A_000377
CN202311185491.7	A_000692
CN202311188225.X	A_022096
CN202311190103.4	A_022097
CN202311191051.2	A_022098
CN202311191075.8	A_001676
CN202311191126.7	A_021403
CN202311193092.5	A_003002
CN202311193895.0	A_020752
CN202311195794.7	A_021117
CN202311195794.7	A_022099
CN202311195827.8	A_002942
CN202311196955.4	A_003978
CN202311199985.0	A_022100
CN202311200120.1	A_000198
CN202311200125.4	A_022101
CN202311201273.8	A_022102
CN202311201646.1	A_012652
CN202311203972.6	A_000241
CN202311203972.6	A_001087
CN202311203972.6	A_000242
CN202311204636.3	A_022103
CN202311205987.6	A_022104
CN202311205987.6	A_022105
CN202311206083.5	A_022106
CN202311207437.8	A_022107
CN202311207437.8	A_016582
CN202311208094.7	A_016582
CN202311208490.X	A_008801
CN202311209833.4	A_003804
CN202311210430.1	A_000315
CN202311210430.1	A_022108
CN202311210618.6	A_022109
CN202311210618.6	A_022110
CN202311213464.6	A_000389
CN202311213707.6	A_022111
CN202311214166.9	A_014475
CN202311214170.5	A_004865
CN202311214960.3	A_020954
CN202311219762.6	A_004062
CN202311220017.3	A_001676
CN2023112229W	A_022112
CN2023112229W	A_022113
CN202311223579.3	A_022114
CN202311224483.9	A_020096
CN202311225942.5	A_021212
CN202311226910.7	A_022115
CN202311230039.8	A_012652
CN202311231503.5	A_013732
CN202311232241.4	A_022116
CN202311234036.1	A_005287
CN202311235979.6	A_022117
CN202311237447.6	A_000252
CN202311238688.2	A_001003
CN202311240464.5	A_015631
CN202311240464.5	A_001173
CN202311240699.4	A_022118
CN202311241866.7	A_022119
CN202311242135.4	A_000299
CN202311242579.8	A_022120
CN202311243294.6	A_021740
CN202311244399.3	A_001087
CN202311244399.3	A_021949
CN202311244399.3	A_022121
CN202311245903.1	A_001099
CN202311247461.4	A_022122
CN202311247867.2	A_000304
CN202311248751.0	A_022123
CN202311249181.7	A_022124
CN202311249601.1	A_011855
CN202311252043.4	A_022125
CN202311252858.2	A_016189
CN202311255809.4	A_000979
CN202311255809.4	A_004084
CN202311257901.4	A_005130
CN202311258271.2	A_001003
CN202311263244.4	A_000253
CN202311265393.4	A_022126
CN202311266962.7	A_022127
CN202311268136.6	A_022128
CN202311268541.8	A_010161
CN202311269495.3	A_020892
CN202311270611.3	A_000979
CN202311272726.6	A_022129
CN202311272726.6	A_001655
CN202311272726.6	A_021964
CN202311275760.9	A_002002
CN202311278756.8	A_022130
CN202311279033.X	A_021212
CN202311279151.0	A_000936
CN202311279745.1	A_000198
CN202311280215.9	A_022131
CN202311284455.6	A_015426
CN202311285175.7	A_003386
CN202311285175.7	A_001257
CN202311285546.1	A_000831
CN202311286306.3	A_022132
CN202311287307.X	A_012652
CN202311288492.4	A_015259
CN202311288629.6	A_021728
CN202311289737.5	A_003436
CN202311290411.4	A_022112
CN202311291151.2	A_014578
CN202311291630.4	A_000326
CN202311292266.3	A_012652
CN202311293225.6	A_000134
CN202311293886.9	A_000304
CN202311294231.3	A_010617
CN202311294231.3	A_021917
CN202311296345.1	A_022047
CN202311297331.1	A_003676
CN202311297725.7	A_000406
CN202311298865.6	A_000875
CN202311299290.X	A_015516
CN202311300083.1	A_022133
CN202311300272.9	A_022134
CN202311300948.4	A_003007
CN202311308394.2	A_001676
CN202311311166.0	A_003450
CN202311313249.3	A_022135
CN202311319163.1	A_003002
CN202311319249.4	A_002141
CN202311320951.2	A_000749
CN202311321541.X	A_001772
CN202311321842.2	A_021993
CN202311321842.2	A_000384
CN202311321928.5	A_000134
CN202311322492.1	A_022136
CN202311322535.6	A_001003
CN202311322535.6	A_021692
CN202311322712.0	A_022137
CN202311323486.8	A_000458
CN202311323951.8	A_010693
CN202311324535.X	A_002199
CN202311326053.8	A_000315
CN202311326053.8	A_001634
CN202311326719.X	A_022138
CN202311327237.6	A_003315
CN202311329363.5	A_003779
CN202311331018.5	A_000528
CN202311332415.4	A_022139
CN202311332415.4	A_022140
CN202311334787.0	A_001027
CN202311335079.9	A_022141
CN202311336675.9	A_000936
CN202311336750.1	A_003714
CN202311336750.1	A_000416
CN202311337419.1	A_020812
CN202311338624.X	A_000477
CN202311338942.6	A_014087
CN202311338942.6	A_000535
CN202311342703.8	A_004016
CN202311342703.8	A_000416
CN202311343885.0	A_010362
CN202311343885.0	A_001099
CN202311346810.8	A_022142
CN202311349117.6	A_015440
CN202311352027.2	A_022143
CN202311352766.1	A_000294
CN202311353992.1	A_012739
CN202311354742.X	A_022144
CN202311355644.8	A_018997
CN202311356021.2	A_020168
CN2023113573W	A_012652
CN2023113573W	A_005857
CN2023113573W	A_022145
CN2023113573W	A_022146
CN202311361640.0	A_001856
CN202311361640.0	A_001960
CN202311362019.6	A_020752
CN202311364873.6	A_022147
CN202311364873.6	A_021015
CN202311365309.6	A_002792
CN202311365309.6	A_002793
CN202311365309.6	A_000384
CN202311365902.0	A_000294
CN202311366689.5	A_002768
CN202311366689.5	A_001568
CN202311368293.4	A_000260
CN202311369886.2	A_014648
CN202311370721.7	A_022148
CN202311371352.3	A_000749
CN202311375017.0	A_022149
CN202311376401.2	A_000955
CN202311377223.5	A_002463
CN202311377223.5	A_003033
CN202311377486.6	A_000610
CN202311378806.X	A_001099
CN202311385265.3	A_022150
CN202311386521.0	A_010742
CN202311386521.0	A_000896
CN202311386927.9	A_022151
CN202311387049.2	A_012652
CN202311387795.1	A_003183
CN202311387796.6	A_022152
CN202311388369.X	A_022153
CN202311389967.9	A_000709
CN202311392636.0	A_020798
CN202311393148.1	A_022154
CN202311393148.1	A_000384
CN202311393740.1	A_000406
CN202311394887.2	A_002992
CN202311395893.X	A_000182
CN202311396978.X	A_003865
CN202311397551.1	A_002422
CN202311398533.5	A_010618
CN202311398838.6	A_022155
CN202311398838.6	A_022156
CN202311398838.6	A_022157
CN202311400149.4	A_003823
CN202311400149.4	A_001231
CN202311400365.9	A_005270
CN202311401928.6	A_022158
CN202311402511.1	A_020967
CN202311405942.3	A_003745
CN202311405942.3	A_002382
CN202311405942.3	A_000384
CN202311405990.2	A_022159
CN202311411653.4	A_000380
CN202311412448.X	A_022160
CN202311412448.X	A_022161
CN202311412448.X	A_022162
CN202311413477.8	A_019128
CN202311413879.8	A_018561
CN202311414752.8	A_001229
CN202311416363.9	A_002970
CN202311418943.1	A_000134
CN202311420143.3	A_022163
CN202311422264.1	A_003730
CN202311425765.5	A_000196
CN202311428417.3	A_003082
CN202311429314.9	A_000374
CN202311430030.1	A_003436
CN202311433058.0	A_021811
CN202311433232.1	A_001485
CN202311433232.1	A_021759
CN202311436094.2	A_020752
CN202311437213.6	A_001060
CN202311437328.5	A_022164
CN202311437697.4	A_000292
CN202311439313.2	A_003905
CN202311439313.2	A_001179
CN202311439313.2	A_001498
CN202311439518.0	A_022165
CN202311439518.0	A_005267
CN202311439950.X	A_000294
CN202311442358.5	A_002615
CN202311448726.7	A_000182
CN202311449591.6	A_018756
CN202311449591.6	A_004005
CN202311451913.0	A_022166
CN202311452714.1	A_004121
CN202311453965.1	A_022167
CN202311453965.1	A_022168
CN202311453965.1	A_015416
CN202311455674.6	A_001991
CN202311460929.8	A_020752
CN202311463762.0	A_002414
CN202311463762.0	A_022169
CN202311464530.7	A_012652
CN202311465774.7	A_001676
CN202311468277.2	A_021765
CN202311469612.0	A_021740
CN202311470640.4	A_001676
CN202311471294.1	A_000533
CN202311471294.1	A_005302
CN202311473491.7	A_003804
CN202311474808.9	A_004624
CN202311475743.X	A_001314
CN202311477463.2	A_022170
CN202311477514.1	A_001485
CN202311478036.6	A_022171
CN202311484425.X	A_000252
CN202311486013.X	A_022172
CN202311486013.X	A_022173
CN202311486217.3	A_012652
CN202311486510.X	A_019234
CN202311486510.X	A_021741
CN202311486534.5	A_008740
CN202311486658.3	A_011240
CN202311488624.8	A_022174
CN202311489754.3	A_010693
CN202311489887.0	A_022175
CN202311489887.0	A_022176
CN202311489887.0	A_022177
CN202311489887.0	A_022178
CN202311489887.0	A_022179
CN202311493961.6	A_002282
CN202311494159.9	A_000452
CN202311496042.4	A_005287
CN202311499547.6	A_021113
CN202311501965.4	A_022180
CN202311501965.4	A_000276
CN202311503266.3	A_000198
CN202311504700.X	A_000345
CN202311505497.8	A_022103
CN202311506991.6	A_000345
CN202311507326.9	A_022181
CN202311507549.5	A_003787
CN202311508560.3	A_022182
CN202311509334.7	A_022183
CN202311513474.1	A_022184
CN202311513474.1	A_003916
CN202311514493.6	A_002293
CN202311515943.3	A_020723
CN202311516364.0	A_013698
CN202311517360.4	A_001799
CN202311517360.4	A_003033
CN202311517407.7	A_020752
CN202311518616.3	A_000315
CN202311518616.3	A_022108
CN202311518943.9	A_020752
CN202311520105.5	A_000315
CN202311520105.5	A_001347
CN202311521705.3	A_000609
CN202311522831.0	A_010693
CN202311522850.3	A_022185
CN202311522850.3	A_011860
CN202311523057.5	A_000294
CN202311524738.3	A_010693
CN202311524872.3	A_001485
CN202311524872.3	A_022186
CN202311525055.X	A_004766
CN202311525261.0	A_000741
CN202311526232.6	A_010602
CN202311527544.9	A_022187
CN202311527607.0	A_022188
CN202311528480.4	A_000254
CN202311528480.4	A_000255
CN202311531662.7	A_011210
CN202311533467.8	A_022189
CN202311534726.9	A_008933
CN202311534752.1	A_008933
CN202311536040.3	A_022190
CN202311536313.4	A_022191
CN202311536313.4	A_014904
CN202311536313.4	A_016698
CN202311536651.8	A_003044
CN202311537570.X	A_022192
CN202311539347.9	A_022193
CN202311540529.8	A_022194
CN202311542873.0	A_001613
CN202311543973.5	A_022118
CN202311544964.8	A_011946
CN202311546343.3	A_022195
CN2023115476W	A_012652
CN2023115476W	A_005857
CN202311548509.5	A_021544
CN202311548932.5	A_022196
CN202311549847.0	A_022197
CN202311550695.6	A_000464
CN202311550937.1	A_021596
CN202311551035.X	A_008801
CN202311551130.X	A_004208
CN202311554904.4	A_021076
CN202311556266.X	A_001363
CN202311557722.2	A_012652
CN202311557833.3	A_004055
CN202311558484.7	A_000223
CN202311558641.4	A_000157
CN202311565230.8	A_000991
CN202311565327.9	A_000574
CN202311566567.0	A_022198
CN202311566567.0	A_000947
CN202311567054.1	A_022199
CN202311567359.2	A_000756
CN202311567730.5	A_022200
CN202311571862.5	A_002768
CN202311571862.5	A_001568
CN202311574131.6	A_013744
CN202311576511.3	A_022201
CN202311577880.4	A_001280
CN202311578095.0	A_000543
CN202311578497.0	A_022202
CN202311578857.7	A_000276
CN202311582889.4	A_000218
CN202311583304.0	A_020767
CN202311583709.4	A_022203
CN202311585023.9	A_000294
CN202311585967.6	A_022204
CN202311587702.X	A_000315
CN202311588296.9	A_022205
CN202311588902.7	A_011210
CN202311588902.7	A_022206
CN202311588919.2	A_004157
CN202311589331.9	A_001485
CN202311589331.9	A_022186
CN202311589564.9	A_022207
CN202311593733.6	A_003688
CN202311596887.0	A_022208
CN202311598210.0	A_022209
CN202311601803.8	A_000294
CN202311603360.6	A_000936
CN202311604723.8	A_003970
CN202311605004.8	A_022210
CN202311605505.6	A_000326
CN202311605505.6	A_018591
CN202311605788.4	A_000182
CN202311606191.1	A_022211
CN202311606892.5	A_000276
CN202311607110.X	A_021403
CN202311607174.X	A_022212
CN202311609687.4	A_002334
CN202311612286.4	A_021808
CN202311612367.4	A_000253
CN202311612643.7	A_014927
CN202311612643.7	A_000294
CN202311616497.5	A_011546
CN202311617433.7	A_003168
CN202311618148.7	A_001071
CN202311618148.7	A_000538
CN202311619209.1	A_000679
CN202311622397.3	A_003873
CN202311625120.6	A_022213
CN202311625177.6	A_022214
CN202311627840.6	A_000182
CN202311629141.5	A_022215
CN202311629194.7	A_002455
CN202311629336.X	A_000845
CN202311629466.3	A_022216
CN202311630745.1	A_012652
CN202311631565.5	A_022217
CN202311632023.X	A_022218
CN202311632023.X	A_022219
CN202311632901.8	A_000389
CN202311635115.3	A_021666
CN202311637928.6	A_003155
CN202311638040.4	A_016770
CN202311640677.7	A_002790
CN202311640807.7	A_002768
CN202311640807.7	A_001568
CN202311641052.2	A_016922
CN202311642261.9	A_000406
CN202311643710.1	A_022187
CN202311643992.5	A_000198
CN202311644251.9	A_008801
CN202311647345.1	A_016364
CN202311647728.9	A_022220
CN202311648831.5	A_022221
CN202311648831.5	A_013765
CN202311649495.6	A_022222
CN202311650097.6	A_003779
CN202311652008.1	A_022223
CN202311652070.0	A_000198
CN202311652692.3	A_000196
CN202311653781.X	A_022224
CN202311656940.1	A_022225
CN202311658151.1	A_004323
CN202311658407.9	A_010703
CN202311658407.9	A_022226
CN202311659082.6	A_001839
CN202311660200.5	A_003923
CN202311667519.0	A_002440
CN202311667519.0	A_022227
CN202311667519.0	A_000778
CN202311667519.0	A_002439
CN202311667592.8	A_000315
CN202311667592.8	A_000850
CN202311667862.5	A_003056
CN202311668731.9	A_008598
CN202311668731.9	A_002199
CN202311670199.4	A_004121
CN202311672653.X	A_002282
CN202311672720.8	A_001856
CN202311672720.8	A_001960
CN202311673510.0	A_002438
CN202311675101.4	A_021162
CN202311675335.9	A_022228
CN202311675763.1	A_001087
CN202311676475.8	A_022212
CN202311678962.8	A_003677
CN202311678962.8	A_000384
CN202311679389.2	A_000744
CN202311681659.3	A_000332
CN202311683504.3	A_022229
CN202311683504.3	A_001765
CN202311684466.3	A_001765
CN202311691056.1	A_002872
CN202311691103.2	A_014605
CN202311691103.2	A_001176
CN202311691103.2	A_000384
CN202311693476.3	A_000315
CN202311693810.5	A_022230
CN202311693810.5	A_022231
CN202311694704.9	A_001433
CN202311695298.8	A_021780
CN202311695302.0	A_022232
CN202311695327.0	A_015457
CN202311696236.9	A_003114
CN202311696236.9	A_015420
CN202311697139.1	A_008801
CN202311698328.0	A_003033
CN202311698328.0	A_019284
CN202311698328.0	A_022233
CN202311698946.5	A_001824
CN202311699242.X	A_022234
CN202311699416.2	A_022234
CN202311699657.7	A_022235
CN202311700350.4	A_000134
CN202311700350.4	A_022236
CN202311700967.6	A_022237
CN202311701581.7	A_000928
CN202311705281.6	A_022238
CN202311707042.4	A_022239
CN202311707575.2	A_000452
CN202311707575.2	A_021971
CN202311709587.9	A_002268
CN202311709886.2	A_000213
CN202311710451.X	A_000198
CN202311711078.X	A_000756
CN202311712395.3	A_000162
CN202311716052.4	A_003130
CN202311716052.4	A_004323
CN202311716078.9	A_000559
CN202311716499.1	A_003057
CN202311717986.X	A_000182
CN202311717986.X	A_022240
CN202311719971.7	A_000315
CN202311719971.7	A_003116
CN202311722447.5	A_000268
CN202311722870.5	A_022241
CN202311723940.9	A_000252
CN202311724249.2	A_000337
CN202311724249.2	A_019370
CN202311724594.6	A_010857
CN202311727067.0	A_013943
CN202311727067.0	A_022242
CN202311727147.6	A_022243
CN202311727607.5	A_002913
CN202311728754.4	A_022244
CN202311732901.5	A_012218
CN202311734470.6	A_022245
CN202311734574.7	A_013744
CN202311734808.8	A_022246
CN202311734808.8	A_003436
CN202311734930.5	A_022247
CN202311736259.8	A_020752
CN202311736897.X	A_000294
CN202311737926.4	A_001676
CN202311738144.2	A_004157
CN202311738144.2	A_021605
CN202311738525.0	A_022248
CN202311740752.7	A_022208
CN202311740913.2	A_000198
CN202311741118.5	A_003724
CN202311741118.5	A_000406
CN202311741519.0	A_012858
CN202311741519.0	A_022249
CN202311742024.X	A_001075
CN202311742514.X	A_004575
CN202311742600.0	A_000326
CN202311742819.0	A_022250
CN202311742877.3	A_002282
CN202311743263.7	A_000931
CN202311744153.2	A_021777
CN202311744200.3	A_019788
CN202311746846.5	A_000389
CN202311747948.9	A_021588
CN202311748373.2	A_001994
CN202311748403.X	A_000351
CN202311750293.0	A_005122
CN202311750873.X	A_022251
CN202311750873.X	A_022252
CN202311751863.8	A_022253
CN202311751863.8	A_001363
CN202311753478.7	A_022254
CN202311754318.4	A_022255
CN202311754318.4	A_022256
CN202311755202.2	A_000315
CN202311755202.2	A_012724
CN202311759731.X	A_002787
CN202311761260.6	A_022257
CN202311761928.7	A_001372
CN202311762743.8	A_022258
CN202311765183.1	A_000451
CN202311765183.1	A_011269
CN202311765325.4	A_020967
CN202311765404.5	A_020967
CN202311766708.3	A_003907
CN202311767795.4	A_003901
CN202311768143.2	A_020967
CN202311769643.8	A_012652
CN202311773020.8	A_014665
CN202311775041.3	A_022259
CN202311775041.3	A_021526
CN202311775563.3	A_000389
CN202311775772.8	A_022260
CN202311778705.1	A_000198
CN202311778984.1	A_002109
CN202311778984.1	A_004444
CN202311778984.1	A_000384
CN202311781202.X	A_000406
CN202311781417.1	A_022032
CN202311785475.1	A_013698
CN202311785675.7	A_000371
CN202311787387.5	A_022261
CN202311788137.3	A_022262
CN202311788653.6	A_022091
CN202311788653.6	A_022263
CN202311790026.6	A_002953
CN202311792983.2	A_012652
CN202311794391.4	A_022264
CN202311796027.1	A_001676
CN202311796419.8	A_003179
CN202311797667.4	A_002859
CN202311797825.6	A_022265
CN202311799328.X	A_022266
CN202311799653.6	A_004213
CN202311799653.6	A_005107
CN202311801357.5	A_000182
CN202311805599.1	A_022267
CN202311806392.6	A_019234
CN202311809699.1	A_022268
CN202311809903.X	A_000474
CN202311810119.0	A_022269
CN202311810136.4	A_011944
CN202311810136.4	A_022270
CN202311813691.2	A_022271
CN202311814756.5	A_000337
CN202311814756.5	A_019370
CN202311816509.9	A_000294
CN202311816509.9	A_000223
CN202311816957.9	A_021686
CN202311817710.9	A_000514
CN202311817710.9	A_022272
CN202311817845.5	A_000477
CN202311819424.6	A_000371
CN202311820308.6	A_015516
CN202311821364.1	A_021374
CN202311821577.4	A_022273
CN202311823232.2	A_022274
CN202311823232.2	A_022275
CN202311823232.2	A_022276
CN202311824276.7	A_001485
CN202311824276.7	A_021759
CN202311824276.7	A_022277
CN202311824440.4	A_022278
CN2023118269W	A_012652
CN2023118269W	A_005857
CN202311827108.3	A_022279
CN202311827471.5	A_019528
CN202311830191.X	A_022259
CN202311830191.X	A_021526
CN202311832006.0	A_000389
CN202311833278.2	A_022280
CN202311833278.2	A_002463
CN202311835914.5	A_000198
CN202311836704.8	A_022281
CN202311836704.8	A_002463
CN202311837321.2	A_022282
CN202311840596.1	A_003119
CN202311840596.1	A_011515
CN202311840618.4	A_003119
CN202311840618.4	A_011515
CN202311841565.8	A_022283
CN202311841920.1	A_022284
CN202311845879.5	A_011723
CN202311846442.3	A_022285
CN202311846461.6	A_000559
CN202311847645.4	A_000317
CN202311848563.1	A_002472
CN202311850241.0	A_022286
CN202311850746.7	A_005045
CN202311850910.4	A_012149
CN202311854141.5	A_022287
CN202311854230.X	A_000559
CN202311861763.0	A_022288
CN202311865410.8	A_022289
CN202311870691.6	A_022281
CN202311870691.6	A_002463
CN202311873115.7	A_012652
CN2023119787W	A_020989
CN2023119787W	A_022290
CN2023123230W	A_012652
CN2023123230W	A_005857
CN2023124352W	A_022291
CN2023124352W	A_022292
CN2023125148W	A_022293
CN2023125148W	A_022294
CN2023128915W	A_005857
CN2023135709W	A_012652
CN2023135709W	A_005857
CN202320280798.4	A_022295
CN202320280798.4	A_021146
CN202320517791.X	A_021236
CN202320631347.0	A_000636
CN202320631347.0	A_019039
CN202321011097.7	A_013698
CN202321573647.4	A_022296
CN202321573647.4	A_022297
CN202321781187.4	A_022298
CN202321866688.2	A_016230
CN202321866688.2	A_022299
CN202321866688.2	A_022300
CN202322341243.9	A_003714
CN202322341243.9	A_000416
CN202323013399.0	A_022301
CN202323013399.0	A_022302
CN202323132629.5	A_003002
CN202323267400.2	A_018734
CN202323330820.0	A_022303
CN202323334230.5	A_000864
CN202323452629.3	A_022304
CN202323452629.3	A_022305
CN202380008239.0	A_021162
CN202380013445.0	A_020715
CN202380014072.9	A_020715
CN202380018919.0	A_020767
CN202380019977.5	A_020715
CN202380022232.4	A_000910
CN202380023156.9	A_000910
CN202380023208.2	A_014498
CN202380026144.1	A_022306
CN202380026290.4	A_020727
CN202380029689.8	A_022307
CN202380031178.X	A_000910
CN202380049699.8	A_008943
CN202380051418.2	A_000910
CN202380057586.2	A_000910
CN202380059183.1	A_000260
CN202380059552.7	A_000260
CN202380060877.7	A_002239
CN202380065133.4	A_022308
CN202380067715.6	A_022309
CN202380068439.5	A_022310
CN202380069074.8	A_001520
CN202380069326.7	A_021522
CN202380071787.8	A_000910
CN202380073194.5	A_000910
CN202380077532.2	A_020767
CN202380078633.1	A_022311
CN202380079928.0	A_022311
CN202380081589.X	A_012652
CN202380084216.8	A_000910
CN202380084373.9	A_022312
CN202380084749.6	A_021288
CN202380086312.6	A_000910
CN202380087323.6	A_022313
CN202380090417.9	A_022309
CN202380091979.5	A_000910
CN202380092800.8	A_021059
CN202380094180.1	A_020767
CN202380094231.0	A_022314
CN202380095701.5	A_022315
CN202380098259.1	A_012652
CN202380098864.9	A_012652
CN202410173562.X	A_022211
CN202410315445.2	A_000260
CN202410350646.6	A_000260
CN202410388267.6	A_003691
CN202410550152.2	A_020767
CN202410678476.4	A_020767
CN202410721499.9	A_021011
CN202411098751.1	A_022316
CN202411362236.X	A_020715
CN202411946243.4	A_000407
CN202411970019.9	A_022317
CN202510040616.X	A_000261
CN202510062531.1	A_022318
CN202510269552.0	A_000177
CN202510522997.5	A_021242
CN202511052152.0	A_020715
CN202511057731.4	A_022319
CO2018000021W	A_022320
DE102018000067A	A_022321
DE102018000067A	A_022322
DE102018000643A	A_022323
DE102018000789A	A_005518
DE102018001533A	A_005525
DE102018003112A	A_005518
DE102018125966A	A_022324
DE102018205804A	A_022325
DE102018209206A	A_022326
DE102018209316A	A_009274
DE102018215563A	A_007986
DE102018216561A	A_022327
DE102018218256A	A_005404
DE102019006679A	A_005525
DE102019105398A	A_005426
DE102019106796A	A_022328
DE102019114970A	A_007790
DE102019127229A	A_022329
DE102019206147A	A_005404
DE102020002939A	A_022330
DE102020003188A	A_022331
DE102020103665A	A_022332
DE102020126906A	A_022333
DE102020128209A	A_005426
DE102020132384A	A_005402
DE102020202398A	A_005426
DE102020203979A	A_005518
DE102020204981A	A_005404
DE102020210622A	A_022334
DE102021117809A	A_007790
DE102021123618A	A_022335
DE102021127175A	A_022336
DE102021130626A	A_022336
DE102021131749A	A_005415
DE102021206235A	A_022336
DE102021207502A	A_005404
DE102021209043A	A_005426
DE102021210593A	A_005519
DE102021213798A	A_022337
DE102022103059A	A_022338
DE102022105464A	A_022339
DE102022106939A	A_005587
DE102022108496A	A_022333
DE102022110106A	A_022340
DE102022112130A	A_022341
DE102022115322A	A_007733
DE102022119203A	A_022338
DE102022119799A	A_022342
DE102022120389A	A_022343
DE102022121472A	A_009973
DE102022126706A	A_022336
DE102022128030A	A_022336
DE102022129438A	A_022336
DE102022211501A	A_005426
DE102023111505A	A_022333
DE102023112016A	A_022344
DE102023117466A	A_022345
DE102023117999A	A_022346
DE102023121593A	A_022336
DE102023125558A	A_022347
DE102023125558A	A_022348
DE102023125558A	A_022349
DE102023128544A	A_022336
DE102023134057A	A_009973
DE102023136142A	A_007733
DE102023208366A	A_005411
DE102023208372A	A_005411
DE102023212875A	A_022350
DE102023213360A	A_005411
DE112018001447T	A_007778
DE112018003225T	A_007824
DE112020002709T	A_005496
DE112020004561T	A_005426
DE112021004576T	A_005680
DE112021006744T	A_006170
DE112021007277T	A_005618
DE112022000498T	A_022336
DE112022002809T	A_022336
DE112022003562T	A_022351
DE112022008124T	A_022352
DE112023000383T	A_022336
DE112023000487T	A_022336
DE112023000493T	A_022336
DE112023002470T	A_022353
DE112023004259T	A_022341
DE2018200091W	A_022325
DE202020105099U	A_022354
DE202022105964U	A_022355
DE202022105964U	A_022356
DE202022105964U	A_022357
DE202022105964U	A_022358
DE202022105964U	A_022359
DE202023103973U	A_022360
DE202023103973U	A_022361
DE202023103973U	A_005453
DE202023103973U	A_022362
DE202023105341U	A_022363
DE202023105341U	A_022364
DE202023105341U	A_022365
DE202023105341U	A_022366
DE202023105341U	A_022367
DE202023105341U	A_022368
DK18778956T	A_022369
EP18156212A	A_005882
EP18156807A	A_000112
EP18159939A	A_005472
EP18164451A	A_013124
EP18165893A	A_006703
EP18195438A	A_022370
EP18198517A	A_005469
EP18206212A	A_022371
EP18209351A	A_007790
EP18210504A	A_022372
EP18213808A	A_022373
EP18701907A	A_022374
EP18704561A	A_000113
EP18714614A	A_022375
EP18717754A	A_022376
EP18727996A	A_005572
EP18752762A	A_022377
EP18752884A	A_008150
EP18765267A	A_022376
EP18773318A	A_007705
EP18784452A	A_022377
EP18786166A	A_005503
EP18795894A	A_007705
EP18798430A	A_006703
EP18798687A	A_022378
EP18815873A	A_022374
EP18823688A	A_005576
EP18825419A	A_006226
EP18826119A	A_005577
EP18829141A	A_022379
EP18833369A	A_007705
EP18834335A	A_006294
EP18841685A	A_022380
EP18851006A	A_022381
EP18851006A	A_022382
EP18895000A	A_022383
EP18898155A	A_022384
EP18902838A	A_005576
EP18904476A	A_022385
EP18933853A	A_013595
EP19151256A	A_022386
EP19154860A	A_022387
EP19160127A	A_022388
EP19178374A	A_022389
EP19178438A	A_022390
EP19184647A	A_022391
EP19186659A	A_005469
EP19187368A	A_022377
EP19190726A	A_022392
EP19190726A	A_006703
EP19191178A	A_006703
EP19197635A	A_005469
EP19213041A	A_022377
EP19213648A	A_020649
EP19214309A	A_005469
EP19216266A	A_000122
EP19217511A	A_022393
EP19219535A	A_022394
EP19219897A	A_022395
EP19275095A	A_000048
EP19275096A	A_000048
EP19720241A	A_022396
EP19722981A	A_022397
EP19725096A	A_005404
EP19728098A	A_022398
EP19737645A	A_007705
EP19744977A	A_007790
EP19757834A	A_005507
EP19759456A	A_008252
EP19765341A	A_022399
EP19765908A	A_022400
EP19790912A	A_007705
EP19791376A	A_022401
EP19796734A	A_000050
EP19797017A	A_022402
EP19800091A	A_022403
EP19804289A	A_006703
EP19807665A	A_022404
EP19817233A	A_022405
EP19831666A	A_007383
EP19855573A	A_007996
EP19857582A	A_022406
EP19859096A	A_012627
EP19860992A	A_022407
EP19871470A	A_022408
EP19878027A	A_022409
EP19884235A	A_022410
EP19891813A	A_022411
EP19893830A	A_022412
EP19902550A	A_022413
EP19905518A	A_000492
EP19906605A	A_022414
EP19907516A	A_022415
EP19908505A	A_013124
EP19926726A	A_022416
EP20152391A	A_022417
EP20153261A	A_022418
EP20155437A	A_022419
EP20155812A	A_022377
EP20162621A	A_022420
EP20166652A	A_006703
EP20168511A	A_022421
EP20173104A	A_009274
EP20178564A	A_000037
EP2018066626W	A_022422
EP2018066626W	A_022423
EP20180906A	A_022424
EP20185965A	A_022425
EP20189636A	A_000037
EP2019053066W	A_022426
EP2019059236W	A_005519
EP2019061426W	A_022427
EP2019063750W	A_022428
EP20193531A	A_022429
EP20195697A	A_005467
EP20198740A	A_007986
EP20199487A	A_005469
EP2020057148W	A_013068
EP20204029A	A_019399
EP2021069944W	A_022430
EP20214398A	A_005882
EP2022052712W	A_007383
EP2022086708W	A_022431
EP2023054281W	A_013595
EP2023067074W	A_022432
EP2023084750W	A_022433
EP2023086468W	A_022434
EP20700047A	A_022435
EP20700050A	A_022435
EP20701650A	A_022436
EP20701650A	A_022437
EP20701650A	A_022438
EP20704011A	A_007383
EP20710564A	A_005496
EP20710564A	A_005497
EP20716791A	A_022439
EP20718637A	A_007383
EP20722667A	A_022440
EP20729186A	A_022441
EP20729920A	A_007705
EP20733230A	A_022442
EP20748260A	A_022443
EP20748260A	A_022444
EP20750893A	A_022445
EP20751611A	A_022446
EP20753266A	A_009728
EP20753625A	A_007705
EP20762984A	A_022447
EP20769617A	A_022448
EP20786359A	A_007824
EP20788571A	A_022449
EP20819294A	A_022450
EP20819468A	A_022451
EP20821013A	A_000113
EP20829549A	A_005404
EP20849389A	A_022452
EP20859652A	A_022453
EP20876483A	A_022454
EP20889688A	A_022455
EP20906140A	A_022456
EP20958157A	A_022457
EP21151029A	A_006703
EP21155555A	A_022458
EP21159411A	A_007790
EP21163577A	A_022417
EP21163577A	A_022459
EP21169013A	A_005469
EP21172871A	A_022419
EP21183809A	A_007790
EP21189018A	A_007790
EP21189253A	A_007790
EP21189268A	A_005882
EP21191292A	A_022460
EP21191771A	A_007790
EP21191835A	A_005882
EP21196602A	A_007790
EP21197172A	A_007790
EP21197965A	A_007790
EP21198560A	A_007790
EP21210974A	A_022461
EP21216303A	A_000037
EP21216623A	A_022462
EP21217802A	A_022463
EP21703185A	A_022464
EP21704412A	A_022465
EP21714084A	A_007578
EP21723764A	A_022466
EP21723764A	A_022467
EP21725634A	A_007705
EP21736567A	A_007383
EP21740380A	A_020616
EP21740963A	A_022468
EP21743154A	A_022469
EP21745608A	A_022470
EP21758916A	A_007705
EP21759161A	A_007963
EP21759502A	A_007705
EP21762159A	A_008113
EP21762229A	A_007705
EP21773247A	A_007705
EP21776108A	A_022471
EP21782012A	A_007962
EP21790456A	A_000113
EP21790705A	A_007705
EP21798914A	A_007705
EP21803141A	A_022472
EP21806901A	A_007705
EP21811198A	A_000099
EP21813818A	A_000020
EP21816260A	A_007705
EP21818811A	A_013124
EP21820017A	A_022397
EP21830401A	A_022473
EP21844092A	A_007705
EP21854761A	A_005526
EP21862704A	A_022474
EP21867392A	A_022475
EP21889612A	A_006695
EP21911791A	A_007790
EP21917804A	A_006695
EP21966324A	A_006083
EP22152266A	A_022476
EP22153254A	A_000112
EP22155866A	A_022477
EP22159591A	A_022478
EP22162529A	A_022479
EP22164358A	A_007790
EP22166658A	A_006703
EP22167108A	A_022480
EP22172265A	A_005469
EP22177884A	A_000122
EP22180501A	A_022481
EP22188561A	A_006703
EP22189247A	A_007790
EP22190134A	A_022370
EP22197924A	A_022482
EP22198159A	A_022483
EP22198159A	A_022484
EP22200577A	A_022485
EP22204294A	A_007790
EP22205073A	A_017798
EP22207258A	A_007790
EP22207329A	A_006703
EP22210413A	A_022486
EP22214141A	A_022487
EP22214457A	A_022377
EP22215375A	A_022488
EP22215375A	A_012612
EP22216084A	A_007790
EP22216503A	A_022489
EP22307011A	A_022490
EP22702373A	A_022374
EP22708611A	A_007383
EP22715237A	A_007705
EP22730357A	A_022491
EP22751033A	A_022492
EP22751033A	A_022411
EP22751994A	A_007705
EP22754600A	A_022374
EP22754650A	A_022374
EP22756703A	A_009920
EP22757026A	A_020622
EP22757256A	A_022493
EP22760690A	A_022430
EP22761518A	A_022494
EP22777378A	A_007705
EP22777881A	A_007705
EP22785646A	A_000125
EP22789047A	A_009973
EP22795548A	A_022495
EP22796526A	A_022496
EP22811964A	A_020622
EP22816701A	A_022497
EP22827279A	A_005857
EP22828870A	A_007383
EP22836272A	A_022498
EP22842932A	A_020615
EP22863760A	A_007682
EP22879204A	A_022499
EP22879204A	A_022500
EP22893762A	A_009973
EP22912458A	A_022501
EP22920708A	A_006695
EP22923614A	A_005857
EP22925194A	A_009973
EP23150196A	A_022502
EP23150776A	A_006181
EP23151976A	A_022503
EP23153441A	A_006703
EP23153986A	A_020651
EP23156413A	A_005469
EP23165024A	A_000008
EP23168879A	A_022504
EP23171088A	A_007790
EP23173605A	A_022505
EP23177231A	A_006294
EP23178660A	A_019399
EP23183378A	A_006402
EP23185915A	A_007986
EP23188834A	A_008103
EP23190112A	A_022506
EP23192220A	A_022482
EP23192404A	A_006703
EP23195843A	A_022507
EP23200113A	A_022387
EP23202502A	A_022508
EP23205377A	A_005618
EP23207731A	A_000037
EP23210154A	A_022377
EP23212062A	A_022509
EP23213867A	A_007790
EP23213920A	A_005469
EP23215844A	A_022510
EP23217522A	A_022373
EP23220696A	A_022486
EP23305383A	A_022511
EP23382192A	A_022512
EP23382875A	A_022513
EP23708107A	A_007705
EP23710297A	A_022377
EP23712412A	A_022514
EP23718915A	A_005636
EP23724364A	A_008449
EP23746149A	A_005857
EP23758004A	A_022515
EP23775589A	A_022516
EP23781629A	A_020617
EP23849134A	A_005857
EP23877126A	A_005496
EP23877127A	A_005496
EP23906701A	A_005496
EP24156444A	A_022517
EP24186084A	A_022518
EP24198018A	A_000037
EP25166423A	A_022519
EP25184663A	A_022520
EP25188791A	A_012619
EP25194460A	A_022521
EP25206138A	A_005548
ES18856012T	A_022522
ES19780576T	A_022523
ES19860170T	A_022524
ES201831178A	A_022525
ES202290008A	A_022526
ES202330130A	A_022527
ES202330130A	A_022528
ES20761880T	A_000048
ES21210686T	A_022529
ES22205446T	A_022508
ES22823634T	A_005645
FR1800307A	A_005680
FR1800787A	A_005680
FR1870395A	A_022530
FR1902310A	A_005680
FR1902620A	A_022531
FR1904123A	A_022532
FR1906376A	A_022533
FR1908548A	A_022534
FR1909383A	A_022535
FR1910866A	A_010881
FR1914350A	A_005680
FR2000357A	A_022536
FR2003444A	A_000112
FR2007614A	A_022537
FR2009581A	A_005680
FR2011821A	A_005680
FR2018052934W	A_022538
FR2100154A	A_005680
FR2100243A	A_005680
FR2106771A	A_005680
FR2110498A	A_022539
FR2112781A	A_022473
FR2202257A	A_005680
FR2209587A	A_022540
FR2214318A	A_005680
FR2300302A	A_005428
FR2309595A	A_022541
GB2018052402W	A_022542
GB201806628A	A_022543
GB201808435A	A_022333
GB201813509A	A_009301
GB201817593A	A_022544
GB201902722A	A_022545
GB201902722A	A_022546
GB201903136A	A_022547
GB201905242A	A_005809
GB201905256A	A_022548
GB201918826A	A_005693
GB202006358A	A_022549
GB202008870A	A_009998
GB202102738A	A_022550
GB202202279A	A_022351
GB2022050439W	A_022551
GB2022051374W	A_022552
GB202212689A	A_022553
GB202212811A	A_013124
GB202219702A	A_007373
GB202303102A	A_022554
GB202305423A	A_022555
GB202306651A	A_022556
GB202306651A	A_022557
GB202308077A	A_022558
GB202314149A	A_022559
GB202316580A	A_022560
GB202317512A	A_022561
GB202401219A	A_022562
IB2018001107W	A_022563
IB2018001107W	A_022564
IB2018001107W	A_022565
IB2018001107W	A_022566
IB2018060153W	A_022567
IB2018060396W	A_022568
IB2018060630W	A_022568
IB2018060734W	A_022569
IB2019052223W	A_022570
IB2019052223W	A_022571
IB2019052223W	A_022572
IB2019061250W	A_022573
IB2019061250W	A_022574
IB2019061250W	A_022575
IB2020000520W	A_022576
IB2020053083W	A_022577
IB2020053083W	A_022578
IB2020053083W	A_022579
IB2020053083W	A_022580
IB2020056896W	A_022581
IB2021059400W	A_022582
IB2021061553W	A_022583
IB2022000393W	A_022584
IB2022056961W	A_022585
IB2023053133W	A_007383
IB2023053859W	A_007383
IB2023054115W	A_007383
IB2023054365W	A_022586
IB2023054365W	A_022587
IB2023054365W	A_022588
IB2023054365W	A_022589
IB2023055374W	A_022590
IB2023055374W	A_022591
IB2023056558W	A_022592
IB2023061010W	A_007383
IB2023061400W	A_007383
IB2023062099W	A_022593
IL2019051095W	A_022594
IL2022050618W	A_022595
IL2022050759W	A_022596
IL2022050905W	A_022597
IL26727819A	A_022598
IL27617820A	A_022599
IL27834120A	A_022600
IL27834120A	A_022601
IL28426921A	A_022413
IL28493221A	A_022602
IL28493221A	A_022603
IL28493221A	A_022604
IL28958822A	A_022605
IL29569122A	A_022606
IL29784622A	A_022605
IN201811025770	A_006703
IN201814014170	A_006703
IN201814037344	A_022419
IN201817011149	A_022607
IN201817011149	A_015130
IN201817017257	A_007705
IN201817023282	A_022608
IN201817029232	A_007705
IN201817035543	A_022609
IN201817049050	A_020572
IN201817049481	A_022610
IN201821035845	A_005882
IN201821044118	A_022611
IN201821047954	A_005882
IN201821048031	A_005882
IN201827002100	A_000020
IN201847012476	A_007705
IN201847041921	A_007705
IN201847043570	A_007705
IN201917021798	A_006703
IN201917022385	A_006703
IN201917027701	A_022374
IN201921035526	A_022612
IN201921035526	A_022613
IN201921035526	A_022614
IN201921039321	A_022615
IN201924002838	A_022616
IN201927012789	A_000020
IN201941003216	A_022617
IN201941003216	A_022618
IN201941020477	A_022619
IN201941028863	A_009368
IN201941035691	A_022620
IN201947012782	A_005809
IN201947013456	A_005809
IN201947022852	A_005428
IN201947022852	A_005599
IN2020050083W	A_022621
IN2020050083W	A_022622
IN2020050925W	A_022623
IN202011015251	A_022624
IN202011025812	A_022625
IN202011025812	A_022626
IN202011025812	A_022627
IN202011025812	A_022628
IN202011025812	A_022629
IN202011025812	A_022630
IN202011033404	A_013214
IN202011045249	A_022631
IN202011045249	A_022632
IN202011045249	A_022633
IN202011045249	A_022634
IN202011045249	A_022635
IN202011045249	A_022636
IN202011051493	A_000045
IN202011056466	A_022637
IN202011056466	A_022638
IN202011056466	A_022639
IN202011056466	A_022640
IN202011056466	A_022641
IN202011056466	A_022642
IN202011056466	A_022643
IN202011056466	A_022644
IN202011056466	A_022645
IN202011056466	A_022646
IN202011056466	A_022647
IN202011056466	A_022648
IN202011056466	A_022649
IN202011056466	A_022650
IN202011056466	A_022651
IN202011056466	A_022652
IN202014002171	A_022418
IN202014002648	A_022418
IN202014003588	A_022418
IN202017008971	A_022653
IN202017024792	A_007383
IN202021003758	A_005882
IN202021011865	A_022654
IN202021025784	A_005882
IN202021035553	A_022655
IN202021036740	A_005882
IN202021046516	A_022656
IN202021046516	A_022657
IN202021046516	A_022658
IN202021046516	A_022659
IN202021055433	A_022660
IN202021055433	A_022661
IN202021055433	A_022662
IN202021055433	A_022663
IN202021055433	A_022664
IN202021055433	A_022665
IN202021055433	A_022666
IN202021055433	A_022667
IN202021055433	A_022668
IN202024002510	A_022418
IN202027027686	A_005857
IN202031044075	A_005985
IN202041013421	A_022669
IN202041026615	A_006703
IN202041027026	A_022670
IN202041041090	A_022671
IN202041041090	A_022672
IN202041055266	A_022673
IN202044035082	A_022419
IN202047002395	A_007705
IN202047002663	A_007705
IN2021051186W	A_022674
IN2021051186W	A_022675
IN202111012567	A_022624
IN202111013589	A_013214
IN202111020181	A_005469
IN202111029711	A_022676
IN202111029711	A_022677
IN202117016531	A_022374
IN202117047469	A_022585
IN202117055177	A_022678
IN202121006780	A_022679
IN202121006780	A_022680
IN202121006780	A_022681
IN202121006780	A_022682
IN202121006780	A_022683
IN202121016180	A_022684
IN202121016180	A_022685
IN202121016180	A_022686
IN202121016180	A_022687
IN202121016180	A_022688
IN202121016180	A_022689
IN202121029153	A_005882
IN202121038175	A_005882
IN202121047159	A_022690
IN202121047159	A_022691
IN202121047159	A_022692
IN202121047159	A_022693
IN202121047159	A_022694
IN202121047159	A_022695
IN202121047159	A_022696
IN202121047159	A_022697
IN202121047159	A_022698
IN202121047159	A_022699
IN202121047159	A_022700
IN202121059295	A_022701
IN202121061341	A_005882
IN202127025896	A_005557
IN202127044675	A_022576
IN202127050056	A_007705
IN202127052569	A_014296
IN202127059404	A_022702
IN202127060061	A_008252
IN202127060061	A_022703
IN202127060061	A_022704
IN202127060061	A_022705
IN202127060061	A_022706
IN202127060061	A_022707
IN202131001783	A_022708
IN202131001783	A_022709
IN202131001783	A_022710
IN202131013270	A_022711
IN202131013270	A_022712
IN202131013270	A_022713
IN202141008351	A_022714
IN202141008351	A_022715
IN202141008351	A_022716
IN202141008351	A_022717
IN202141008351	A_022718
IN202141008351	A_022719
IN202141010955	A_005883
IN202141010955	A_005884
IN202141020624	A_022720
IN202141025792	A_022721
IN202141025792	A_022722
IN202141025792	A_022723
IN202141025792	A_022724
IN202141026804	A_022725
IN202141027839	A_022726
IN202141027839	A_022727
IN202141027839	A_022728
IN202141027839	A_022729
IN202141030415	A_022730
IN202141030415	A_022731
IN202141030415	A_022732
IN202141030415	A_022733
IN202141030415	A_022734
IN202141030415	A_022735
IN202141034801	A_007692
IN202141039960	A_022736
IN202141039960	A_022737
IN202141039960	A_022738
IN202141039960	A_022739
IN202141039960	A_022740
IN202141039960	A_022741
IN202141039960	A_022742
IN202141039960	A_013192
IN202141039960	A_022743
IN202141039960	A_022744
IN202141039960	A_005839
IN202141039960	A_022745
IN202141039960	A_022746
IN202141039960	A_022747
IN202141059724	A_006035
IN202141061006	A_022748
IN202141061006	A_022749
IN202141061006	A_022750
IN202141061006	A_022751
IN202141061006	A_022752
IN202141061006	A_022753
IN202141061006	A_022754
IN202141061006	A_022755
IN202141061006	A_022756
IN202141061006	A_022757
IN202147048552	A_005618
IN202147051483	A_007705
IN2022050162W	A_007383
IN2022050162W	A_022758
IN2022050511W	A_022759
IN202211002250	A_022760
IN202211002250	A_022761
IN202211002250	A_022762
IN202211002250	A_022763
IN202211002250	A_022764
IN202211002250	A_022765
IN202211003820	A_022766
IN202211008478	A_022767
IN202211008478	A_022768
IN202211027052	A_022769
IN202211027052	A_022770
IN202211027052	A_022771
IN202211027052	A_022772
IN202211039391	A_005811
IN202211039391	A_005937
IN202211041210	A_005918
IN202211067496	A_022773
IN202211076713	A_005876
IN202211076865	A_005936
IN202211076865	A_005937
IN202217000105	A_017250
IN202217001775	A_022416
IN202217011296	A_022585
IN202217025899	A_022774
IN202217029055	A_022775
IN202221005538	A_022776
IN202221005538	A_022777
IN202221005538	A_022778
IN202221005538	A_022779
IN202221005538	A_022780
IN202221019788	A_013262
IN202221019791	A_013262
IN202221040445	A_022781
IN202221059890	A_005882
IN202221063524	A_022782
IN202221063524	A_022783
IN202221067167	A_022784
IN202221067167	A_022785
IN202227005514	A_007705
IN202227023688	A_007705
IN202227038502	A_007705
IN202227041238	A_007705
IN202227041242	A_007705
IN202227041718	A_007705
IN202227041980	A_007705
IN202227044098	A_007705
IN202227050576	A_007705
IN202227051922	A_007705
IN202231054142	A_022786
IN202231054142	A_022787
IN202241006146	A_022788
IN202241006146	A_022789
IN202241006146	A_022790
IN202241006146	A_022791
IN202241006146	A_022792
IN202241006146	A_022793
IN202241006146	A_022794
IN202241027371	A_006035
IN202241031010	A_009274
IN202241032220	A_017321
IN202241036655	A_013276
IN202241036655	A_022795
IN202241036655	A_022796
IN202241037444	A_013212
IN202241037444	A_022797
IN202241037444	A_022798
IN202241037444	A_022799
IN202241037444	A_022800
IN202241037444	A_022801
IN202241037444	A_022802
IN202241037444	A_022803
IN202241037444	A_022804
IN202241037444	A_022805
IN202241037921	A_022806
IN202241037922	A_022806
IN202241042004	A_022807
IN202241042004	A_022808
IN202241042004	A_022809
IN202241042004	A_022810
IN202241042004	A_022811
IN202241042004	A_022812
IN202241042004	A_013225
IN202241042004	A_022813
IN202241042004	A_022814
IN202241051679	A_007790
IN202241058188	A_006703
IN202241060554	A_022815
IN202241063090	A_022816
IN202241063090	A_022817
IN202241063090	A_022818
IN202241063090	A_022819
IN202241063090	A_022820
IN202241063090	A_022821
IN202241063090	A_022822
IN202241063901	A_005900
IN202241066484	A_022823
IN202241066484	A_022824
IN202241066484	A_022825
IN202241066484	A_022826
IN202241066484	A_022827
IN202241066484	A_022828
IN202241066484	A_022829
IN202247052060	A_007705
IN202247071900	A_022830
IN202311001753	A_022831
IN202311013035	A_005811
IN202311016657	A_022766
IN202311019288	A_013214
IN202311024629	A_009416
IN202311033111	A_022832
IN202311033111	A_022833
IN202311033111	A_022834
IN202311042363	A_000045
IN202311045094	A_005932
IN202311047075	A_009416
IN202311048893	A_022835
IN202311048893	A_022836
IN202311049907	A_000045
IN202311053270	A_022837
IN202311053270	A_022838
IN202311053270	A_022839
IN202311053270	A_022840
IN202311053270	A_022841
IN202311053270	A_022842
IN202311053270	A_022843
IN202311053270	A_022844
IN202311053270	A_022845
IN202311053270	A_022846
IN202311053270	A_022847
IN202311057022	A_005933
IN202311057022	A_022848
IN202311061807	A_005935
IN202311064507A	A_013595
IN202311065885	A_022849
IN202311065885	A_022850
IN202311065885	A_022851
IN202311065885	A_022852
IN202311065885	A_022853
IN202311066664	A_022854
IN202311066664	A_022855
IN202311066664	A_022856
IN202311066664	A_022857
IN202311068114	A_000045
IN202311069290	A_013237
IN202311074914A	A_022858
IN202311086372	A_000045
IN202311086871	A_000045
IN202311087679	A_000045
IN202321028137	A_022859
IN202321042437	A_022860
IN202321042437	A_022861
IN202321042437	A_022862
IN202321042437	A_022863
IN202321042437	A_022864
IN202321065951	A_022865
IN202321068214	A_022866
IN202321071605A	A_022867
IN202321071619	A_022868
IN202321072614A	A_005882
IN202321072972	A_022869
IN202321075441	A_022870
IN202321080693A	A_005882
IN202321089373	A_017296
IN202327035740	A_007705
IN202327040106	A_007705
IN202331000697	A_022871
IN202331000697	A_022872
IN202331035248	A_022873
IN202331062418	A_022874
IN202331062418	A_022875
IN202331066476A	A_017300
IN202331073120A	A_005857
IN202341004788	A_022876
IN202341004788	A_022877
IN202341004788	A_022878
IN202341004788	A_022879
IN202341005165	A_009402
IN202341005552	A_018130
IN202341007553	A_022880
IN202341007553	A_022881
IN202341007553	A_022882
IN202341007553	A_022883
IN202341007553	A_022884
IN202341007553	A_022885
IN202341007553	A_022886
IN202341007553	A_022887
IN202341009564	A_022888
IN202341009564	A_022889
IN202341009564	A_022890
IN202341009564	A_022891
IN202341009564	A_022892
IN202341009564	A_022893
IN202341026013	A_022894
IN202341029768	A_022895
IN202341029768	A_022896
IN202341029768	A_022897
IN202341029768	A_022898
IN202341036798	A_022899
IN202341036798	A_022900
IN202341036798	A_022901
IN202341045619	A_022902
IN202341045619	A_022903
IN202341045619	A_022904
IN202341046230	A_009401
IN202341048255	A_022905
IN202341048255	A_022906
IN202341048255	A_022907
IN202341048255	A_022908
IN202341058631	A_022909
IN202341060122	A_018130
IN202341061341	A_018130
IN202341063225	A_018130
IN202341063596	A_022910
IN202341063596	A_022911
IN202341063596	A_022912
IN202341063596	A_022913
IN202341063596	A_022914
IN202341063596	A_022915
IN202341063596	A_022916
IN202341063596	A_022917
IN202341063596	A_022918
IN202341063596	A_022919
IN202341069636A	A_014140
IN202341069639A	A_014140
IN202341075779	A_018130
IN202341077570	A_006035
IN202341080353	A_009402
IN202341082660	A_022920
IN202341082660	A_022921
IN202341083886	A_017376
IN202341087161A	A_022922
IN202341087966	A_005869
JP2018004469A	A_006313
JP2018010277W	A_022923
JP2018018306A	A_012396
JP2018032663A	A_022924
JP2018032663A	A_022925
JP2018037008W	A_022926
JP2018039811W	A_005628
JP2018039908A	A_022927
JP2018039908A	A_022928
JP2018039908A	A_022929
JP2018039908A	A_022930
JP2018052719A	A_006286
JP2018055577A	A_022931
JP2018070133A	A_001108
JP2018079448A	A_022932
JP2018079448A	A_022933
JP2018138958A	A_006090
JP2018138958A	A_009547
JP2018147094A	A_006059
JP2018147094A	A_000037
JP2018167802A	A_022934
JP2018172207A	A_006157
JP2018199505A	A_022935
JP2018199505A	A_022936
JP2018206529A	A_005618
JP2018206529A	A_006114
JP2018208503A	A_022937
JP2018208503A	A_022938
JP2018208503A	A_022939
JP2018211564A	A_022940
JP2018232575A	A_006062
JP2018242584A	A_022941
JP2018539449A	A_022942
JP2019005910A	A_022943
JP2019005910A	A_006703
JP2019022273W	A_022944
JP2019022273W	A_022945
JP2019022675A	A_005604
JP2019025788A	A_006313
JP2019026914W	A_022946
JP2019026914W	A_022947
JP2019026914W	A_022948
JP2019026914W	A_022949
JP2019065374A	A_022950
JP2019092132A	A_022943
JP2019092132A	A_006703
JP2019110516A	A_006151
JP2019115508A	A_006322
JP2019115508A	A_006169
JP2019119885A	A_006097
JP2019123695A	A_022951
JP2019124246A	A_006167
JP2019124246A	A_006166
JP2019130033A	A_022952
JP2019138291A	A_022953
JP2019138291A	A_022954
JP2019143695A	A_006058
JP2019143695A	A_006057
JP2019152476A	A_000037
JP2019152476A	A_006059
JP2019163507A	A_006198
JP2019163507A	A_006199
JP2019182805A	A_022955
JP2019182805A	A_022956
JP2019194549A	A_000037
JP2019196993A	A_022957
JP2019200217A	A_022958
JP2019200217A	A_022959
JP2019205247A	A_005507
JP2019205247A	A_022960
JP2019215804A	A_022961
JP2019221604A	A_022962
JP2019221604A	A_022963
JP2019229938A	A_017589
JP2019231829A	A_022964
JP2019231829A	A_014154
JP2019238401A	A_009503
JP2019238401A	A_009504
JP2019509694A	A_006256
JP2019526529A	A_022965
JP2019536242A	A_022966
JP2019536242A	A_022967
JP2019538596A	A_022968
JP2019541770A	A_022969
JP2019552737A	A_006084
JP2019552737A	A_006083
JP2019560814A	A_006196
JP2019566476A	A_006084
JP2019566476A	A_006083
JP2019569277A	A_022970
JP2019569277A	A_022971
JP2020009407W	A_005612
JP2020012356A	A_006302
JP2020027190W	A_006170
JP2020034260A	A_005618
JP2020034260A	A_006114
JP2020034274A	A_005618
JP2020034274A	A_006114
JP2020041802A	A_006112
JP2020041802A	A_000129
JP2020050059A	A_022972
JP2020050918A	A_017589
JP2020059791A	A_006058
JP2020059791A	A_006057
JP2020069862A	A_022973
JP2020073569A	A_006157
JP2020073569A	A_006156
JP2020078247A	A_010941
JP2020078247A	A_006151
JP2020087060A	A_022974
JP2020087060A	A_022975
JP2020087285A	A_006231
JP2020089067A	A_006284
JP2020089067A	A_009485
JP2020091449A	A_006177
JP2020097769A	A_022976
JP2020100646A	A_006302
JP2020107230A	A_006313
JP2020107230A	A_022977
JP2020109001A	A_006312
JP2020109001A	A_006313
JP2020114061A	A_005487
JP2020122143A	A_005604
JP2020135891A	A_022978
JP2020135891A	A_022979
JP2020157257A	A_010941
JP2020161248A	A_022980
JP2020168964A	A_022981
JP2020175660A	A_022982
JP2020175660A	A_022983
JP2020175660A	A_022984
JP2020175660A	A_022985
JP2020175828A	A_006137
JP2020175828A	A_006322
JP2020175962A	A_022986
JP2020175962A	A_022987
JP2020186157A	A_022988
JP2020186157A	A_022989
JP2020187157A	A_022990
JP2020187157A	A_022991
JP2020189526A	A_022992
JP2020189526A	A_022993
JP2020190213A	A_022994
JP2020195270A	A_022995
JP2020195270A	A_022996
JP2020195360A	A_006313
JP2020195360A	A_022977
JP2020201114A	A_014154
JP2020201114A	A_022964
JP2020203710A	A_022997
JP2020215588A	A_022998
JP2020215588A	A_022999
JP2020508701A	A_006169
JP2020508701A	A_006170
JP2020540392A	A_023000
JP2020540392A	A_023001
JP2020543190A	A_023002
JP2020544504A	A_023003
JP2020544504A	A_023004
JP2020545486A	A_023005
JP2020557859A	A_006114
JP2020565666A	A_023006
JP2020565666A	A_023007
JP2020568705A	A_006183
JP2020568705A	A_005577
JP2020570570A	A_023008
JP2020571892A	A_006151
JP2020571892A	A_010941
JP2020572969A	A_023009
JP2020572969A	A_009998
JP2021000546A	A_023010
JP2021000546A	A_023011
JP2021000659A	A_023012
JP2021012898A	A_017589
JP2021015306A	A_023013
JP2021015306A	A_023014
JP2021027191A	A_023015
JP2021027191A	A_023016
JP2021027412A	A_006235
JP2021027412A	A_006128
JP2021028842A	A_006079
JP2021028842A	A_006080
JP2021031695W	A_006223
JP2021031695W	A_006169
JP2021044300A	A_023017
JP2021044300A	A_023018
JP2021058450A	A_006156
JP2021058450A	A_006157
JP2021058902A	A_023013
JP2021058902A	A_023019
JP2021058902A	A_023014
JP2021058902A	A_023020
JP2021066536A	A_023021
JP2021066536A	A_023022
JP2021067013A	A_023023
JP2021067013A	A_023024
JP2021070349A	A_006138
JP2021070349A	A_006139
JP2021076203A	A_023025
JP2021076203A	A_023026
JP2021077851A	A_009509
JP2021077851A	A_023027
JP2021077883A	A_009509
JP2021077883A	A_023027
JP2021077891A	A_009509
JP2021077891A	A_023027
JP2021079403A	A_023028
JP2021080206A	A_022927
JP2021080206A	A_022928
JP2021080206A	A_022929
JP2021080206A	A_022930
JP2021081641A	A_006302
JP2021081641A	A_005628
JP2021081836A	A_006313
JP2021081836A	A_022977
JP2021095949A	A_006157
JP2021095949A	A_006156
JP2021098984A	A_023029
JP2021107164A	A_023030
JP2021107164A	A_022351
JP2021109881A	A_023031
JP2021109881A	A_023032
JP2021111206A	A_006196
JP2021114800A	A_023033
JP2021117320A	A_010945
JP2021117320A	A_010944
JP2021117321A	A_010944
JP2021117321A	A_010945
JP2021118608A	A_006156
JP2021123098A	A_023034
JP2021125233A	A_022995
JP2021125233A	A_022996
JP2021128185A	A_022943
JP2021128185A	A_006703
JP2021133296A	A_006156
JP2021133884A	A_023035
JP2021133884A	A_023036
JP2021133884A	A_023037
JP2021133884A	A_023038
JP2021142469A	A_006083
JP2021142469A	A_006084
JP2021142963A	A_006311
JP2021142963A	A_006310
JP2021143626A	A_023039
JP2021143626A	A_023040
JP2021144745A	A_006286
JP2021144745A	A_006284
JP2021144745A	A_013319
JP2021144745A	A_015021
JP2021150654A	A_006157
JP2021150654A	A_006156
JP2021153356A	A_006111
JP2021153356A	A_006110
JP2021154198A	A_023041
JP2021154198A	A_023042
JP2021156330A	A_006310
JP2021157480A	A_023043
JP2021157480A	A_023044
JP2021158613A	A_006056
JP2021158613A	A_013293
JP2021160688A	A_006170
JP2021160688A	A_006169
JP2021161438A	A_023045
JP2021161438A	A_023046
JP2021161438A	A_023047
JP2021161438A	A_023048
JP2021161438A	A_023049
JP2021161438A	A_023050
JP2021168738A	A_006313
JP2021170432A	A_006156
JP2021170432A	A_006157
JP2021174889A	A_009509
JP2021174889A	A_023027
JP2021176421A	A_009509
JP2021176421A	A_023027
JP2021176629A	A_006215
JP2021177855A	A_005426
JP2021177855A	A_023051
JP2021179865A	A_023028
JP2021184277A	A_006114
JP2021184277A	A_005618
JP2021184760A	A_005487
JP2021189276A	A_023052
JP2021189276A	A_023053
JP2021190702A	A_005426
JP2021190702A	A_023054
JP2021191376A	A_006156
JP2021193096A	A_006284
JP2021193096A	A_015021
JP2021193096A	A_006286
JP2021193096A	A_013319
JP2021194710A	A_006114
JP2021194710A	A_005618
JP2021196198A	A_023028
JP2021196198A	A_023055
JP2021200682A	A_005487
JP2021204405A	A_006284
JP2021204405A	A_006286
JP2021207223A	A_023056
JP2021212983A	A_006215
JP2021213802A	A_006302
JP2021213802A	A_005628
JP2021509055A	A_006196
JP2021509055A	A_005496
JP2021511446A	A_006293
JP2021511446A	A_006294
JP2021520081A	A_006196
JP2021520081A	A_005496
JP2021523573A	A_023057
JP2021523573A	A_023058
JP2021532912A	A_023059
JP2021543218A	A_006293
JP2021543218A	A_006294
JP2021546271A	A_023060
JP2021546271A	A_009728
JP2021555854A	A_023061
JP2021558418A	A_006114
JP2021558418A	A_005618
JP2021558600A	A_023062
JP2021558600A	A_006703
JP2021575363A	A_023030
JP2021575363A	A_022351
JP2022015148W	A_023063
JP2022015148W	A_023064
JP2022015289W	A_006234
JP2022015289W	A_006235
JP2022017348A	A_023065
JP2022017348A	A_023066
JP2022020494A	A_005618
JP2022020494A	A_006114
JP2022020495A	A_006114
JP2022020495A	A_005618
JP2022029255A	A_023067
JP2022039317A	A_023068
JP2022039317A	A_023069
JP2022041031A	A_013302
JP2022041031A	A_006056
JP2022041494A	A_006284
JP2022041494A	A_006286
JP2022048127W	A_006068
JP2022048127W	A_006069
JP2022053129A	A_023070
JP2022053129A	A_023071
JP2022058523A	A_006453
JP2022058523A	A_006177
JP2022062311A	A_022351
JP2022062311A	A_023030
JP2022067096A	A_023072
JP2022067096A	A_023073
JP2022073230A	A_012431
JP2022073230A	A_023074
JP2022073230A	A_023075
JP2022073732A	A_023076
JP2022078880A	A_022351
JP2022078880A	A_023030
JP2022080016A	A_023077
JP2022080016A	A_023078
JP2022083197A	A_022403
JP2022088042A	A_010941
JP2022088042A	A_006151
JP2022088424A	A_022351
JP2022088424A	A_023030
JP2022090040A	A_022351
JP2022090040A	A_023030
JP2022091665A	A_008252
JP2022091665A	A_023079
JP2022093892A	A_022486
JP2022093892A	A_023080
JP2022098905A	A_022984
JP2022098905A	A_022982
JP2022104168A	A_023081
JP2022104168A	A_023082
JP2022104623A	A_023083
JP2022104623A	A_023084
JP2022104623A	A_023085
JP2022104623A	A_023086
JP2022105546A	A_023087
JP2022105546A	A_006069
JP2022105546A	A_023088
JP2022105546A	A_006068
JP2022107561A	A_023089
JP2022107561A	A_023090
JP2022108607A	A_006157
JP2022108607A	A_006156
JP2022109168A	A_017589
JP2022109168A	A_017588
JP2022110104A	A_006322
JP2022110104A	A_006169
JP2022114100A	A_023091
JP2022114100A	A_023092
JP2022115997A	A_009547
JP2022116732A	A_006302
JP2022116732A	A_005628
JP2022120572A	A_006286
JP2022120572A	A_006284
JP2022136652A	A_006325
JP2022138718A	A_023093
JP2022138771A	A_010941
JP2022138771A	A_006151
JP2022143107A	A_023094
JP2022143107A	A_023095
JP2022153897A	A_005487
JP2022153897A	A_006215
JP2022155162A	A_005507
JP2022155162A	A_006062
JP2022155162A	A_022960
JP2022155162A	A_023096
JP2022156314A	A_023097
JP2022156314A	A_006153
JP2022159739A	A_023098
JP2022159739A	A_022353
JP2022185750A	A_006312
JP2022185750A	A_006313
JP2022188052A	A_023099
JP2022188052A	A_023100
JP2022192532A	A_013302
JP2022203538A	A_006062
JP2022203538A	A_005507
JP2022205675A	A_005487
JP2022211709A	A_006206
JP2022211709A	A_006264
JP2022502631A	A_006235
JP2022502631A	A_006128
JP2022503981A	A_023101
JP2022503981A	A_023102
JP2022511759A	A_006169
JP2022511759A	A_006170
JP2022517526A	A_006196
JP2022517526A	A_005496
JP2022520207A	A_023103
JP2022520207A	A_022341
JP2022523846A	A_023030
JP2022523846A	A_022351
JP2022527120A	A_023104
JP2022532569A	A_023105
JP2022532776A	A_023106
JP2022533395A	A_023107
JP2022540325A	A_023108
JP2022540325A	A_005857
JP2022546572A	A_023109
JP2022546572A	A_023110
JP2022554528A	A_023111
JP2022554528A	A_022605
JP2022558563A	A_023112
JP2022559033A	A_014154
JP2022559033A	A_022964
JP2022566234A	A_015031
JP2022566234A	A_015032
JP2022575156A	A_006428
JP2022579731A	A_023113
JP2022579731A	A_023114
JP2023000458A	A_023115
JP2023000458A	A_023116
JP2023001506A	A_023117
JP2023011947A	A_009547
JP2023011947A	A_006090
JP2023012997A	A_006303
JP2023013899A	A_006090
JP2023014258W	A_023118
JP2023014258W	A_023119
JP2023014613A	A_006327
JP2023014613A	A_006231
JP2023020753W	A_006358
JP2023020753W	A_006359
JP2023020753W	A_006360
JP2023020753W	A_006361
JP2023020814A	A_006206
JP2023020814A	A_006264
JP2023026112W	A_005618
JP2023026112W	A_006114
JP2023030442A	A_006350
JP2023030442A	A_006351
JP2023034445A	A_023120
JP2023034445A	A_023121
JP2023035624W	A_006223
JP2023035624W	A_006169
JP2023036556A	A_023122
JP2023036556A	A_023123
JP2023039787W	A_005526
JP2023041387A	A_023124
JP2023041387A	A_023125
JP2023044711A	A_023126
JP2023044711A	A_023127
JP2023052064A	A_005618
JP2023052064A	A_006114
JP2023053246A	A_023128
JP2023053246A	A_023129
JP2023055643A	A_023070
JP2023055643A	A_023071
JP2023056427A	A_023130
JP2023056427A	A_023131
JP2023059177A	A_005604
JP2023059177A	A_006196
JP2023072580A	A_006312
JP2023072580A	A_006313
JP2023078671A	A_023132
JP2023078671A	A_020621
JP2023089770A	A_005487
JP2023089770A	A_006215
JP2023089771A	A_006215
JP2023089771A	A_005487
JP2023089818A	A_023133
JP2023089818A	A_023134
JP2023092039A	A_022993
JP2023092039A	A_022992
JP2023093096A	A_006312
JP2023093096A	A_006313
JP2023093715A	A_023135
JP2023093715A	A_023136
JP2023095934A	A_023137
JP2023095934A	A_023138
JP2023097950A	A_005628
JP2023097950A	A_006302
JP2023101763A	A_005487
JP2023101763A	A_006215
JP2023106133A	A_023139
JP2023106133A	A_023140
JP2023109014A	A_005628
JP2023109014A	A_006302
JP2023109401A	A_023141
JP2023109401A	A_023142
JP2023111498A	A_023143
JP2023111498A	A_023144
JP2023112599A	A_023145
JP2023112599A	A_022942
JP2023116729A	A_023139
JP2023116729A	A_023140
JP2023118555A	A_023146
JP2023118555A	A_023147
JP2023131604A	A_023148
JP2023131604A	A_023149
JP2023132443A	A_022486
JP2023132443A	A_023080
JP2023135749A	A_022964
JP2023135749A	A_014154
JP2023137663A	A_006703
JP2023139435A	A_005628
JP2023139435A	A_006302
JP2023140243A	A_022964
JP2023140243A	A_014154
JP2023145770A	A_019413
JP2023145770A	A_019414
JP2023150752A	A_023150
JP2023150752A	A_023151
JP2023150752A	A_023152
JP2023150752A	A_023153
JP2023150752A	A_023154
JP2023150752A	A_023155
JP2023150752A	A_023156
JP2023150752A	A_023157
JP2023150752A	A_023158
JP2023150752A	A_023159
JP2023150752A	A_023160
JP2023150752A	A_023161
JP2023153054A	A_023143
JP2023153054A	A_023144
JP2023154539A	A_023143
JP2023154539A	A_023144
JP2023160301A	A_023143
JP2023160301A	A_023144
JP2023162930A	A_014157
JP2023162930A	A_014156
JP2023166518A	A_010922
JP2023166518A	A_010921
JP2023179424A	A_023162
JP2023179424A	A_023163
JP2023184817A	A_005618
JP2023184817A	A_006114
JP2023191284A	A_023164
JP2023191284A	A_023165
JP2023193555A	A_023016
JP2023193555A	A_023015
JP2023194677A	A_005628
JP2023194677A	A_006302
JP2023200985A	A_019414
JP2023200985A	A_019413
JP2023204283A	A_023166
JP2023204283A	A_023167
JP2023204587A	A_006110
JP2023204587A	A_006111
JP2023205119A	A_023051
JP2023205119A	A_005426
JP2023207214A	A_023168
JP2023207214A	A_023019
JP2023207214A	A_023169
JP2023207214A	A_023013
JP2023207239A	A_006312
JP2023207239A	A_006313
JP2023207759A	A_006215
JP2023207759A	A_005487
JP2023216396A	A_023170
JP2023216396A	A_023171
JP2023217924A	A_006310
JP2023217924A	A_006311
JP2023218480A	A_011404
JP2023218480A	A_011403
JP2023502696A	A_023172
JP2023502696A	A_007682
JP2023505454A	A_023173
JP2023505454A	A_020616
JP2023506576A	A_023174
JP2023512405A	A_023056
JP2023512405A	A_020640
JP2023528006A	A_023175
JP2023528006A	A_023176
JP2023528006A	A_023177
JP2023528006A	A_023178
JP2023528006A	A_023179
JP2023531450A	A_006196
JP2023531450A	A_005496
JP2023541026A	A_023180
JP2023542379A	A_006111
JP2023542379A	A_006110
JP2023557156A	A_023079
JP2023557156A	A_008252
JP2023563006A	A_023181
JP2023563006A	A_023182
JP2023571880A	A_023183
JP2023571880A	A_009274
JP2024513797A	A_023184
JP2024516355A	A_023185
JP2024516355A	A_015670
JP2024516780A	A_023186
JP2024516780A	A_009973
JP2024532922A	A_023187
JP2024532922A	A_007705
JP2024556542A	A_023187
JP2024556542A	A_007705
JP2024562331A	A_023056
JP2024562331A	A_020640
JP2024573864A	A_023188
JP2024573864A	A_023189
JP2025508880A	A_023108
JP2025508880A	A_005857
JP2025518350A	A_023190
JP2025518350A	A_023191
JP2025520182A	A_023192
JP2025522634A	A_023193
JP2025522634A	A_023194
JP2025526710A	A_006382
JP2025526710A	A_005552
KR2018000210W	A_009587
KR2018000210W	A_006703
KR20180003675A	A_023195
KR20180003675A	A_023196
KR20180003942A	A_006702
KR20180007353A	A_023197
KR20180007353A	A_023198
KR20180008465A	A_023199
KR20180008465A	A_023200
KR20180011947A	A_023201
KR20180011947A	A_023202
KR20180011948A	A_023201
KR20180012316A	A_006591
KR20180012316A	A_023203
KR20180012316A	A_006592
KR20180012316A	A_023204
KR20180012316A	A_023205
KR20180012316A	A_023206
KR20180012316A	A_023207
KR20180012316A	A_023208
KR20180012316A	A_023209
KR20180012316A	A_023210
KR20180015268A	A_023211
KR20180019534A	A_023212
KR20180019534A	A_023213
KR20180025323A	A_010954
KR20180025323A	A_010955
KR20180025348A	A_023214
KR20180025348A	A_023215
KR2018002559W	A_006702
KR2018002559W	A_006703
KR2018002567W	A_009570
KR2018002567W	A_019457
KR20180025818A	A_023216
KR20180025818A	A_023217
KR20180025818A	A_023218
KR20180025818A	A_023219
KR20180028362A	A_023220
KR20180029344A	A_013486
KR20180029344A	A_007188
KR20180029479A	A_023221
KR20180030450A	A_011000
KR20180030450A	A_011001
KR20180033491A	A_006550
KR20180033491A	A_012544
KR20180033491A	A_006655
KR20180033491A	A_019461
KR2018003668W	A_009587
KR2018003668W	A_006703
KR2018003687W	A_006702
KR2018003687W	A_006703
KR20180037547A	A_023222
KR20180037547A	A_023223
KR20180046141A	A_006702
KR20180046830A	A_023224
KR20180046830A	A_023225
KR20180049823A	A_023226
KR20180049823A	A_023227
KR20180049823A	A_023228
KR20180050182A	A_023229
KR20180050182A	A_023230
KR20180056604A	A_023231
KR20180056604A	A_023232
KR2018005776W	A_009587
KR2018005776W	A_006703
KR20180059678A	A_023233
KR20180064459A	A_023234
KR20180065198A	A_023235
KR20180065198A	A_023236
KR2018006600W	A_009587
KR2018006600W	A_006703
KR20180066744A	A_009576
KR20180066744A	A_009577
KR20180067894A	A_023237
KR20180067894A	A_023238
KR20180068211A	A_023239
KR20180068211A	A_023240
KR20180071799A	A_007179
KR20180071799A	A_006857
KR20180071799A	A_023241
KR20180075469A	A_006852
KR20180075469A	A_023242
KR20180077681A	A_023243
KR20180077990A	A_023244
KR20180077990A	A_023245
KR20180080961A	A_012457
KR20180080961A	A_012458
KR20180082032A	A_023246
KR20180082032A	A_023247
KR20180082633A	A_023248
KR2018008731W	A_023249
KR2018008731W	A_006936
KR2018009485W	A_009587
KR2018009485W	A_006703
KR20180095423A	A_023250
KR20180095423A	A_023251
KR20180097101A	A_023252
KR20180097101A	A_023253
KR20180097313A	A_023254
KR20180097313A	A_023255
KR20180097690A	A_006591
KR20180097690A	A_006592
KR20180097690A	A_023256
KR20180097690A	A_023257
KR20180097690A	A_023258
KR20180097690A	A_023259
KR20180098615A	A_006479
KR20180098615A	A_000037
KR20180101618A	A_023260
KR20180101618A	A_023261
KR20180102888A	A_006709
KR20180102888A	A_006710
KR20180105100A	A_006702
KR20180105100A	A_006703
KR20180106978A	A_009618
KR20180106978A	A_008184
KR20180106982A	A_023262
KR20180108168A	A_023263
KR20180108168A	A_023264
KR20180109873A	A_019442
KR20180109873A	A_019443
KR20180110867A	A_006715
KR20180110867A	A_006716
KR20180112441A	A_023265
KR20180118076A	A_006754
KR20180118076A	A_023266
KR20180118076A	A_023267
KR20180118076A	A_006755
KR20180118076A	A_023268
KR20180118076A	A_023269
KR20180119054A	A_006702
KR20180119054A	A_006703
KR20180119100A	A_006703
KR20180119848A	A_009633
KR20180119848A	A_009634
KR20180121295A	A_023270
KR20180121295A	A_023271
KR20180121536A	A_023272
KR20180124740A	A_006834
KR20180124740A	A_006835
KR20180125024A	A_023273
KR20180125836A	A_023274
KR20180125836A	A_023275
KR20180127222A	A_006555
KR20180127222A	A_006556
KR20180127222A	A_023276
KR20180127222A	A_023277
KR20180127222A	A_012457
KR20180127222A	A_023278
KR20180129143A	A_010976
KR20180133077A	A_009775
KR20180133077A	A_023279
KR20180134938A	A_006636
KR20180134938A	A_006637
KR20180140281A	A_006533
KR20180140281A	A_006534
KR20180142375A	A_023280
KR20180142375A	A_023281
KR20180143850A	A_023282
KR20180143850A	A_023283
KR20180146996A	A_023284
KR20180147827A	A_023285
KR20180147827A	A_023286
KR20180147827A	A_023287
KR20180147827A	A_023288
KR20180147827A	A_023289
KR20180147827A	A_023290
KR20180148362A	A_023291
KR20180148362A	A_023292
KR20180150703A	A_023293
KR20180150703A	A_023294
KR20180150907A	A_023295
KR20180150907A	A_023296
KR20180152557A	A_006555
KR20180152557A	A_006556
KR20180153634A	A_011321
KR20180153634A	A_011322
KR20180154157A	A_023297
KR20180154705A	A_023298
KR20180154705A	A_023299
KR20180156242A	A_023222
KR20180156242A	A_023223
KR20180157427A	A_023300
KR20180157427A	A_023301
KR20180157428A	A_023302
KR20180157428A	A_023303
KR20180160144A	A_023304
KR20180160144A	A_023305
KR20180160144A	A_023306
KR20180160706A	A_023307
KR20180160706A	A_023308
KR20180165182A	A_006504
KR20180165182A	A_007025
KR20180165182A	A_006505
KR20180165182A	A_007027
KR20180165194A	A_006504
KR20180165194A	A_007025
KR20180165194A	A_006505
KR20180165194A	A_007027
KR20180166464A	A_023309
KR20180166464A	A_023310
KR20180169119A	A_015104
KR20180171308A	A_010965
KR20180171308A	A_006470
KR20180171718A	A_023311
KR20180171718A	A_023312
KR20190000698A	A_006578
KR20190000698A	A_006580
KR20190000757A	A_023313
KR20190000757A	A_023314
KR20190000932A	A_006702
KR20190000932A	A_006703
KR20190001574A	A_023315
KR20190001574A	A_023316
KR20190004874A	A_023317
KR20190004874A	A_023318
KR20190004941A	A_023319
KR20190008393A	A_023320
KR20190010198A	A_007266
KR20190010198A	A_023321
KR20190010198A	A_023322
KR20190010198A	A_023323
KR20190010198A	A_023324
KR20190010198A	A_009646
KR20190010198A	A_023325
KR20190010198A	A_023326
KR20190012135A	A_006702
KR20190012135A	A_006703
KR20190012900A	A_007311
KR20190012900A	A_023327
KR20190014366A	A_007253
KR20190014366A	A_007254
KR20190014869A	A_023328
KR20190014869A	A_023329
KR20190014902A	A_007257
KR20190014902A	A_007258
KR20190015710A	A_023330
KR20190015710A	A_023331
KR20190020161A	A_023332
KR20190022357A	A_023333
KR20190022357A	A_023334
KR20190024576A	A_023335
KR20190024576A	A_023336
KR20190024645A	A_023337
KR20190024645A	A_023338
KR20190025161A	A_006702
KR20190026159A	A_006702
KR20190026159A	A_006703
KR20190026231A	A_023339
KR20190026231A	A_023340
KR20190028479A	A_023341
KR20190028479A	A_023342
KR20190028997A	A_009633
KR20190033524A	A_006555
KR20190033524A	A_006556
KR20190034924A	A_009649
KR20190034924A	A_009650
KR20190035632A	A_006942
KR20190035632A	A_006826
KR20190037290A	A_013443
KR20190037290A	A_013444
KR20190039134A	A_006759
KR20190039134A	A_005625
KR20190039134A	A_023343
KR20190039134A	A_008099
KR20190039392A	A_023344
KR20190039392A	A_023345
KR20190043498A	A_023346
KR20190043498A	A_006484
KR20190045860A	A_023347
KR20190045860A	A_023348
KR20190048258A	A_023349
KR20190048258A	A_023350
KR20190048329A	A_006636
KR20190048329A	A_006637
KR20190050313A	A_023351
KR20190050313A	A_023352
KR20190050603A	A_006702
KR20190050603A	A_006703
KR20190050603A	A_006935
KR20190050603A	A_006936
KR20190053580A	A_023353
KR20190053580A	A_023354
KR2019005842W	A_009587
KR2019005842W	A_006703
KR20190067990A	A_023355
KR20190068245A	A_006694
KR20190068245A	A_006695
KR20190071499A	A_023356
KR20190071499A	A_023357
KR20190072509A	A_023358
KR20190073095A	A_006694
KR20190073095A	A_006695
KR20190078866A	A_006694
KR20190080963A	A_007257
KR20190080963A	A_007258
KR20190085509A	A_023212
KR20190085509A	A_023359
KR2019008572W	A_006695
KR2019008675W	A_006694
KR2019008675W	A_006695
KR2019008795W	A_006694
KR2019008795W	A_006695
KR20190088922A	A_006694
KR20190088922A	A_006695
KR20190089907A	A_023360
KR20190089907A	A_023361
KR20190090080A	A_006694
KR20190090080A	A_006695
KR20190090637A	A_023362
KR20190093041A	A_006694
KR20190093041A	A_006695
KR20190093501A	A_006694
KR20190093501A	A_006695
KR20190096952A	A_006694
KR20190096952A	A_006695
KR20190097384A	A_006694
KR20190097384A	A_006695
KR20190097389A	A_006694
KR20190097389A	A_006695
KR20190097435A	A_006694
KR20190098000A	A_006694
KR20190098000A	A_006695
KR20190098001A	A_006694
KR20190098001A	A_006695
KR20190098353A	A_023363
KR20190098353A	A_023364
KR20190098353A	A_023365
KR20190098353A	A_023366
KR20190098869A	A_006694
KR20190098869A	A_006695
KR20190099975A	A_006694
KR20190099975A	A_006695
KR20190099980A	A_006694
KR20190099980A	A_006695
KR20190100079A	A_006694
KR20190102525A	A_006694
KR20190102525A	A_006695
KR20190102937A	A_006479
KR20190102937A	A_000037
KR20190103528A	A_006694
KR20190103528A	A_006695
KR20190104364A	A_006694
KR20190105090A	A_006694
KR20190105090A	A_006695
KR20190106710A	A_006694
KR20190106710A	A_006695
KR20190107798A	A_006694
KR20190107798A	A_006695
KR20190108039A	A_006694
KR20190111340A	A_006694
KR20190111340A	A_006695
KR20190112083A	A_023304
KR20190112083A	A_023306
KR20190112888A	A_006910
KR20190112888A	A_007262
KR20190116997A	A_006694
KR20190116997A	A_006695
KR20190118312A	A_013363
KR20190118312A	A_013364
KR20190118483A	A_023367
KR20190118483A	A_023368
KR20190118674A	A_006694
KR20190122560A	A_006694
KR20190122560A	A_006695
KR2019012391W	A_023369
KR2019012391W	A_023370
KR20190125030A	A_006779
KR20190125030A	A_006780
KR20190125336A	A_006935
KR20190125336A	A_006936
KR20190125640A	A_006765
KR20190125640A	A_012471
KR20190126195A	A_006694
KR20190126195A	A_006695
KR20190127920A	A_023371
KR20190127967A	A_006694
KR20190127967A	A_006695
KR20190129741A	A_006694
KR20190129741A	A_006695
KR20190130120A	A_006694
KR20190130120A	A_006695
KR20190132209A	A_006765
KR20190132209A	A_012471
KR20190133585A	A_023372
KR20190135154A	A_023373
KR20190135154A	A_023374
KR20190136774A	A_006694
KR20190137075A	A_023375
KR20190139450A	A_006969
KR20190139450A	A_006970
KR20190143199A	A_006694
KR20190143199A	A_006695
KR20190143639A	A_023376
KR20190143639A	A_023377
KR20190144305A	A_007179
KR20190144305A	A_007180
KR20190146105A	A_023378
KR20190146105A	A_023379
KR20190147983A	A_006586
KR20190147983A	A_009739
KR20190148263A	A_023380
KR20190148514A	A_023381
KR20190148514A	A_023382
KR20190148686A	A_023383
KR20190148686A	A_023384
KR20190149345A	A_023385
KR20190149345A	A_023386
KR20190149345A	A_023387
KR20190149345A	A_023388
KR20190149345A	A_023389
KR20190149345A	A_023390
KR20190149345A	A_023391
KR20190149345A	A_023392
KR20190151115A	A_023393
KR20190151119A	A_023393
KR20190151119A	A_023394
KR20190151242A	A_006694
KR20190151242A	A_006695
KR20190151318A	A_023395
KR20190151319A	A_023395
KR20190151404A	A_006555
KR20190151404A	A_006556
KR20190151848A	A_023396
KR20190151848A	A_023397
KR20190152364A	A_010991
KR20190152364A	A_010992
KR20190153784A	A_023398
KR20190153884A	A_023399
KR2019015509W	A_023293
KR2019015509W	A_023294
KR20190158101A	A_023400
KR20190158101A	A_023401
KR20190158132A	A_023402
KR20190158132A	A_023403
KR20190159215A	A_006694
KR20190159618A	A_012497
KR20190160644A	A_006694
KR20190160644A	A_006695
KR20190160746A	A_006586
KR20190160746A	A_009739
KR20190162018A	A_006694
KR20190162018A	A_006695
KR20190162352A	A_023404
KR20190162352A	A_023405
KR20190164048A	A_023406
KR20190164048A	A_023407
KR20190164144A	A_006550
KR20190164732A	A_023408
KR20190164732A	A_023409
KR20190170923A	A_023410
KR20190170923A	A_023411
KR20190170923A	A_023412
KR20190170923A	A_023413
KR2019017296W	A_023414
KR20190173119A	A_006694
KR20190173119A	A_006695
KR20190174430A	A_023415
KR20190174430A	A_023416
KR20190174506A	A_006694
KR20190174506A	A_006695
KR20190174654A	A_006480
KR20190174654A	A_006945
KR20190175364A	A_007042
KR20190175364A	A_007043
KR20190176540A	A_023351
KR20190176540A	A_023352
KR20190178944A	A_023417
KR20190178944A	A_023418
KR20197020081A	A_006694
KR20197020081A	A_006695
KR20197020228A	A_006695
KR20197030696A	A_023419
KR20197030696A	A_013568
KR20197031657A	A_023420
KR20197031657A	A_023421
KR20197035126A	A_023422
KR20197035126A	A_007782
KR20200003253A	A_007257
KR20200003253A	A_023423
KR20200009811A	A_023424
KR20200009811A	A_023425
KR20200010670A	A_006694
KR20200010670A	A_006695
KR20200010723A	A_023426
KR20200010723A	A_023427
KR20200015691A	A_023428
KR20200015691A	A_023429
KR20200017801A	A_023430
KR20200017801A	A_023431
KR20200020826A	A_006694
KR20200020826A	A_006695
KR20200020997A	A_023432
KR20200021173A	A_023433
KR20200022695A	A_006731
KR20200022695A	A_023434
KR20200026610A	A_023435
KR20200028555A	A_013441
KR20200028555A	A_013442
KR20200029956A	A_023436
KR20200029956A	A_023437
KR20200030145A	A_023438
KR20200030257A	A_006779
KR20200030257A	A_006780
KR20200030739A	A_023439
KR20200030739A	A_023440
KR20200032036A	A_023441
KR20200036433A	A_006702
KR20200036433A	A_006703
KR20200037285A	A_023442
KR20200037285A	A_023443
KR20200045976A	A_006834
KR20200045976A	A_006835
KR20200046284A	A_007213
KR20200046284A	A_007214
KR20200047985A	A_023444
KR20200047985A	A_023445
KR20200048457A	A_006702
KR20200048457A	A_006703
KR20200048994A	A_023446
KR20200049191A	A_006765
KR20200049191A	A_006766
KR20200049191A	A_007147
KR20200049191A	A_007073
KR20200049803A	A_023447
KR20200050908A	A_023448
KR20200050908A	A_023449
KR20200056209A	A_023450
KR20200056209A	A_023451
KR20200061415A	A_023452
KR20200061786A	A_006550
KR20200061799A	A_023453
KR20200061799A	A_023454
KR20200070721A	A_023455
KR20200070721A	A_020621
KR20200071617A	A_006571
KR20200071617A	A_006685
KR2020007406W	A_023456
KR2020007406W	A_023457
KR20200075913A	A_023458
KR20200075913A	A_023459
KR20200075916A	A_023458
KR20200075916A	A_023459
KR20200079651A	A_023460
KR20200079651A	A_023461
KR20200079816A	A_023462
KR20200079816A	A_023463
KR20200080646A	A_023464
KR20200080646A	A_023465
KR20200080646A	A_023466
KR20200081035A	A_023467
KR20200085199A	A_006500
KR20200085199A	A_006501
KR20200085201A	A_006500
KR20200085201A	A_006501
KR20200086530A	A_023444
KR20200086530A	A_023445
KR20200086712A	A_023468
KR20200086749A	A_009746
KR20200088899A	A_023469
KR20200093694A	A_013397
KR20200093694A	A_013398
KR20200095764A	A_012497
KR2020009839W	A_006694
KR2020009839W	A_006695
KR20200099350A	A_023430
KR20200099350A	A_023431
KR20200104464A	A_023470
KR20200104464A	A_023471
KR20200104949A	A_023472
KR20200104949A	A_023473
KR20200107066A	A_023474
KR20200107066A	A_023475
KR20200110041A	A_006702
KR20200110041A	A_006703
KR20200112890A	A_023476
KR20200113283A	A_023477
KR20200113283A	A_023478
KR20200113618A	A_023479
KR20200113618A	A_023480
KR20200114005A	A_006702
KR20200114005A	A_006703
KR20200114865A	A_023481
KR20200114865A	A_023482
KR20200115341A	A_014176
KR20200115341A	A_014177
KR20200117046A	A_006702
KR20200117046A	A_006935
KR20200117046A	A_006703
KR20200117046A	A_006936
KR20200117102A	A_006765
KR20200117102A	A_012471
KR20200117770A	A_009560
KR20200117770A	A_023483
KR20200117770A	A_023484
KR20200117770A	A_023485
KR20200118166A	A_023486
KR20200118166A	A_023487
KR20200120024A	A_023488
KR20200120024A	A_023489
KR20200126000A	A_023490
KR20200126000A	A_023491
KR20200128794A	A_009605
KR20200128794A	A_009606
KR20200129478A	A_023492
KR20200129478A	A_023493
KR20200129478A	A_023494
KR20200129478A	A_023495
KR20200129478A	A_023496
KR20200129478A	A_023497
KR20200129478A	A_023498
KR20200129478A	A_023499
KR20200129478A	A_023500
KR20200129478A	A_023501
KR20200132151A	A_006702
KR20200132151A	A_006703
KR20200132410A	A_023502
KR20200132562A	A_006827
KR20200132652A	A_023503
KR20200132652A	A_023504
KR20200136439A	A_023505
KR20200136613A	A_023506
KR20200136613A	A_023507
KR20200137178A	A_023508
KR20200137178A	A_023509
KR20200137956A	A_023510
KR20200137956A	A_023511
KR20200138232A	A_006702
KR20200138232A	A_006703
KR20200138232A	A_007024
KR20200138232A	A_007026
KR20200141915A	A_013486
KR20200142104A	A_012457
KR20200142104A	A_006882
KR20200143598A	A_006555
KR20200146773A	A_023512
KR20200146773A	A_023513
KR20200151325A	A_006702
KR20200151325A	A_006703
KR20200153326A	A_023514
KR20200153568A	A_023515
KR20200153568A	A_023516
KR2020015562W	A_023517
KR20200158379A	A_023518
KR20200158379A	A_023519
KR20200159758A	A_023520
KR20200159758A	A_023521
KR20200161266A	A_023522
KR20200161266A	A_023523
KR20200161770A	A_006491
KR20200161770A	A_006493
KR20200161999A	A_023524
KR20200161999A	A_023525
KR20200162415A	A_023526
KR20200162415A	A_023527
KR20200165118A	A_012456
KR20200166198A	A_006935
KR20200166198A	A_006936
KR20200168830A	A_023528
KR20200168830A	A_023529
KR20200171241A	A_023530
KR20200171241A	A_023531
KR20200171286A	A_023532
KR20200171286A	A_023533
KR20200177003A	A_009760
KR20200179962A	A_006834
KR20200179962A	A_006835
KR20200180593A	A_023534
KR20200180593A	A_023535
KR20200181794A	A_023536
KR20200181794A	A_023537
KR2020018462W	A_023538
KR2020018462W	A_023539
KR20200187143A	A_023540
KR20200187143A	A_023541
KR20200187144A	A_023540
KR20200187144A	A_023541
KR20200189655A	A_007103
KR20200189655A	A_007104
KR20200189900A	A_006702
KR20200189900A	A_006530
KR20200189900A	A_006703
KR20200189900A	A_006531
KR20207034189A	A_023542
KR20207034189A	A_023543
KR20207035694A	A_023544
KR20207035694A	A_023545
KR20210002315U	A_023546
KR20210002384A	A_006700
KR20210002384A	A_006701
KR20210003836A	A_019448
KR20210003836A	A_023547
KR2021000523W	A_006694
KR2021000523W	A_006695
KR2021000768W	A_013431
KR2021000768W	A_013432
KR20210010590A	A_023548
KR20210010590A	A_023549
KR20210010655A	A_006586
KR20210010655A	A_023550
KR20210015036A	A_023551
KR20210015036A	A_023552
KR20210015036A	A_023553
KR20210015036A	A_023554
KR20210015280A	A_011321
KR20210018469A	A_007204
KR20210018469A	A_007205
KR20210019343A	A_006763
KR20210020236A	A_023555
KR20210020236A	A_023556
KR20210021467A	A_023557
KR20210021467A	A_023558
KR20210023078A	A_019448
KR20210023909A	A_019448
KR20210024597A	A_023559
KR20210024877A	A_023560
KR20210024877A	A_023561
KR20210026107A	A_009645
KR20210026107A	A_006593
KR20210027789A	A_023562
KR20210027789A	A_023563
KR20210031244A	A_023564
KR20210031244A	A_023363
KR20210032454A	A_023235
KR20210032454A	A_023565
KR20210034037A	A_023566
KR20210034531A	A_007187
KR20210034531A	A_007188
KR20210035361A	A_023567
KR20210035361A	A_023568
KR20210036710A	A_006765
KR20210036710A	A_006766
KR20210038110A	A_023569
KR20210040845A	A_023570
KR20210040845A	A_023571
KR20210041492A	A_013379
KR20210041492A	A_013416
KR20210042156A	A_023572
KR20210042156A	A_023573
KR20210042156A	A_023574
KR20210042156A	A_023575
KR20210042156A	A_023576
KR20210042156A	A_023577
KR20210043196A	A_023578
KR20210043459A	A_023579
KR20210043459A	A_023580
KR20210044595A	A_023581
KR20210044595A	A_019458
KR20210045063A	A_023582
KR20210045063A	A_023583
KR20210046231A	A_023584
KR20210047991A	A_023585
KR20210047991A	A_023586
KR20210048591A	A_023587
KR20210050733A	A_023588
KR20210050733A	A_023589
KR20210050734A	A_023588
KR20210050734A	A_023589
KR20210052222A	A_023590
KR20210052222A	A_023591
KR20210054266A	A_023592
KR20210055903A	A_006685
KR20210057773A	A_023593
KR20210057868A	A_023594
KR20210057868A	A_023595
KR20210058694A	A_006942
KR20210058694A	A_006826
KR20210059196A	A_023596
KR20210059196A	A_023550
KR20210059196A	A_023597
KR20210059196A	A_023598
KR20210061111A	A_023599
KR20210061111A	A_023600
KR20210061111A	A_023601
KR2021006359W	A_006694
KR2021006359W	A_006695
KR20210064080A	A_023395
KR20210064080A	A_023602
KR20210064813A	A_006547
KR20210064813A	A_007003
KR20210064814A	A_006547
KR20210064814A	A_007003
KR20210067653A	A_010969
KR20210067667A	A_023456
KR20210067667A	A_023457
KR20210070555A	A_006923
KR20210070629A	A_023603
KR20210072150A	A_023604
KR20210072150A	A_023605
KR20210072606A	A_006485
KR20210072774A	A_006827
KR20210072774A	A_006894
KR20210074322A	A_006834
KR20210074322A	A_006835
KR20210078698A	A_023606
KR20210078698A	A_023607
KR20210078967A	A_023608
KR20210078967A	A_023609
KR2021007899W	A_006695
KR20210079026A	A_023610
KR20210079026A	A_023611
KR20210079975A	A_023612
KR20210084848A	A_023613
KR20210084848A	A_023614
KR20210086650A	A_006759
KR20210086650A	A_006267
KR20210086650A	A_006760
KR20210086650A	A_006268
KR20210089229A	A_006702
KR20210089229A	A_006703
KR20210090250A	A_009699
KR20210090250A	A_009700
KR20210090661A	A_006754
KR20210094649A	A_023349
KR20210094649A	A_023350
KR20210097788A	A_023615
KR20210097788A	A_023616
KR20210098372A	A_007103
KR20210098372A	A_007104
KR20210098745A	A_023617
KR20210098745A	A_023618
KR20210099052A	A_023619
KR20210101937A	A_023620
KR20210101937A	A_023621
KR20210104317A	A_014221
KR20210104317A	A_014222
KR20210105104A	A_023622
KR20210105104A	A_023623
KR20210106046A	A_023624
KR20210106046A	A_023625
KR20210106053A	A_023626
KR20210106053A	A_023627
KR20210106462A	A_023628
KR20210106462A	A_023629
KR20210108084A	A_006910
KR20210108084A	A_007262
KR20210110201A	A_023630
KR20210110201A	A_023631
KR20210110201A	A_023632
KR20210110201A	A_023633
KR20210112831A	A_023634
KR20210112831A	A_023635
KR20210113410A	A_023302
KR20210117399A	A_006586
KR20210117399A	A_023550
KR20210117400A	A_006586
KR20210117775A	A_011338
KR20210117775A	A_011339
KR20210118140A	A_023636
KR20210118140A	A_023637
KR20210118324A	A_023638
KR20210118324A	A_023639
KR20210123537A	A_014393
KR20210123537A	A_014394
KR20210123537A	A_023640
KR20210123537A	A_023641
KR20210125253A	A_006779
KR20210125253A	A_006780
KR20210126344A	A_023642
KR20210128585A	A_006700
KR20210128990A	A_023643
KR20210129324A	A_023644
KR20210129324A	A_023645
KR20210132585A	A_007317
KR20210133461A	A_023646
KR20210133461A	A_023642
KR20210133947A	A_023647
KR20210133947A	A_023648
KR20210134884A	A_006523
KR20210134884A	A_023649
KR20210134884A	A_006524
KR20210134884A	A_023650
KR20210138494A	A_023651
KR20210138494A	A_023652
KR20210138494A	A_023653
KR20210138494A	A_023654
KR2021013871W	A_006703
KR20210139256A	A_023655
KR20210139256A	A_023656
KR20210139261A	A_023655
KR20210139261A	A_023656
KR20210139267A	A_023655
KR20210139267A	A_023656
KR20210141709A	A_023395
KR20210141709A	A_023602
KR20210142695A	A_012457
KR20210142768A	A_023657
KR20210142768A	A_023658
KR20210142773A	A_023657
KR20210142773A	A_023658
KR20210143754A	A_006942
KR20210143754A	A_006826
KR20210147757A	A_023659
KR20210147757A	A_023660
KR20210149442A	A_006799
KR20210149442A	A_007164
KR20210150283A	A_023661
KR20210150283A	A_023662
KR20210151177A	A_006910
KR20210151177A	A_007262
KR20210151380A	A_023663
KR20210151380A	A_023664
KR20210152098A	A_007135
KR20210152098A	A_007136
KR20210152830A	A_006702
KR20210152830A	A_006703
KR20210153927A	A_023665
KR20210153927A	A_023666
KR20210153927A	A_023667
KR20210153927A	A_023668
KR20210154349A	A_023669
KR20210154349A	A_023670
KR20210154388A	A_006571
KR20210154663A	A_023671
KR20210154663A	A_023672
KR20210155479A	A_010991
KR20210155479A	A_010992
KR20210157133A	A_023673
KR20210157133A	A_007790
KR20210159562A	A_023674
KR20210159562A	A_023675
KR20210159562A	A_023676
KR20210160021A	A_006555
KR20210160021A	A_006556
KR20210160022A	A_006555
KR20210160022A	A_006556
KR20210161920A	A_023677
KR20210161920A	A_023678
KR20210162941A	A_006564
KR20210163173A	A_006480
KR20210163173A	A_005588
KR20210163792A	A_023679
KR20210163792A	A_023680
KR20210164516A	A_023681
KR20210164516A	A_023682
KR20210164516A	A_023683
KR20210164516A	A_023684
KR20210164516A	A_023685
KR20210164516A	A_023686
KR20210164762A	A_012487
KR20210164762A	A_012488
KR20210164800A	A_006765
KR20210164800A	A_006766
KR20210164876A	A_006480
KR20210164876A	A_005588
KR20210164993A	A_006910
KR20210164993A	A_007262
KR20210166456A	A_023687
KR20210166456A	A_023688
KR20210166456A	A_023689
KR20210166456A	A_023690
KR20210167138A	A_023691
KR20210167138A	A_023692
KR20210167585A	A_023693
KR20210167585A	A_023694
KR20210169103A	A_006765
KR20210169103A	A_006766
KR20210170313A	A_023695
KR20210170313A	A_023696
KR20210171028A	A_006759
KR20210171028A	A_005625
KR20210171028A	A_006760
KR20210171028A	A_005626
KR20210172139A	A_006731
KR20210172139A	A_023434
KR20210172796A	A_006550
KR20210172964A	A_023677
KR20210172964A	A_023678
KR20210173143A	A_006933
KR20210173143A	A_006934
KR20210173532A	A_006663
KR20210173532A	A_006722
KR20210173797A	A_023697
KR20210173797A	A_023698
KR20210173892A	A_023699
KR20210174479A	A_009563
KR20210174479A	A_009564
KR20210174642A	A_006480
KR20210174642A	A_005588
KR20210175313A	A_023697
KR20210175313A	A_023698
KR20210175349A	A_023700
KR20210175349A	A_023701
KR20210177093A	A_023702
KR20210177093A	A_023703
KR20210178423A	A_012457
KR20210178423A	A_012458
KR20210180650A	A_023704
KR20210180945A	A_023705
KR20210180945A	A_023706
KR2021018109W	A_006694
KR2021018109W	A_006695
KR20210182110A	A_010976
KR20210182110A	A_010977
KR20210182474A	A_023707
KR20210182474A	A_023708
KR20210182885A	A_006547
KR20210182885A	A_007003
KR20210184652A	A_023709
KR20210184652A	A_023710
KR20210184652A	A_023711
KR20210184652A	A_023712
KR20210186311A	A_023713
KR20210189344A	A_023714
KR20210189344A	A_023715
KR20210190144A	A_023716
KR20210190144A	A_023717
KR20210192218A	A_023655
KR20210192218A	A_023656
KR20210192601A	A_006828
KR20210192601A	A_006829
KR20210193378A	A_007044
KR20210193378A	A_007045
KR20210193974A	A_009760
KR20217005597A	A_023718
KR20217005597A	A_009973
KR20217014480A	A_023719
KR20217014480A	A_023720
KR20217041105A	A_007171
KR20217041105A	A_007172
KR20217042277A	A_023718
KR20217042277A	A_009973
KR20220000416A	A_006581
KR20220002186A	A_023646
KR20220002186A	A_023642
KR20220003240A	A_006759
KR20220003240A	A_005625
KR20220003240A	A_006760
KR20220003240A	A_005626
KR20220003715A	A_012462
KR20220003715A	A_012463
KR20220003913A	A_006779
KR20220003913A	A_006780
KR20220008796A	A_023721
KR20220017019A	A_023722
KR20220017019A	A_023723
KR20220018086A	A_023724
KR20220018086A	A_023725
KR20220018430A	A_023726
KR20220018430A	A_023727
KR20220019511A	A_023728
KR20220019531A	A_023729
KR20220020540A	A_006702
KR20220020540A	A_006703
KR20220020777A	A_023730
KR20220021313A	A_023731
KR20220021313A	A_023732
KR20220021877A	A_007063
KR20220022940A	A_007245
KR20220024088A	A_023733
KR20220024973A	A_023249
KR20220024973A	A_006936
KR20220030779A	A_009746
KR20220030779A	A_009747
KR20220031210A	A_023734
KR20220031210A	A_023735
KR20220033821A	A_023736
KR20220033821A	A_023737
KR20220035728A	A_023738
KR20220035728A	A_023739
KR20220038660A	A_006523
KR20220038660A	A_006524
KR20220040050A	A_023740
KR20220040050A	A_023741
KR20220041034A	A_023742
KR20220041034A	A_023743
KR20220045470A	A_023744
KR20220045470A	A_023745
KR20220045507A	A_023744
KR20220045507A	A_023745
KR20220046482A	A_023746
KR20220047324A	A_023747
KR20220047324A	A_023748
KR20220047526A	A_023749
KR20220047526A	A_023750
KR20220047602A	A_023749
KR20220047602A	A_023750
KR20220048524A	A_023669
KR20220048524A	A_023670
KR20220048680A	A_006702
KR20220048680A	A_006703
KR20220049359A	A_006935
KR20220049359A	A_006936
KR20220051703A	A_006739
KR20220051703A	A_006740
KR20220053275A	A_007042
KR20220053275A	A_023751
KR20220053275A	A_007043
KR20220053275A	A_023752
KR20220053616A	A_006547
KR20220054854A	A_006586
KR20220054854A	A_009739
KR20220054878A	A_023657
KR20220054878A	A_023658
KR2022005517W	A_023753
KR2022005517W	A_023748
KR20220056765A	A_006773
KR20220056765A	A_006774
KR20220057672A	A_023754
KR20220057672A	A_023755
KR20220059962A	A_023756
KR20220059962A	A_023757
KR2022006096W	A_023758
KR2022006096W	A_023759
KR20220061363A	A_006825
KR20220061363A	A_006826
KR20220064474A	A_023760
KR20220064474A	A_023761
KR20220064788A	A_023762
KR20220064788A	A_023763
KR20220066865A	A_009699
KR20220066865A	A_009700
KR20220067520A	A_023764
KR2022007049W	A_006694
KR2022007049W	A_006695
KR2022007049W	A_023765
KR2022007049W	A_023766
KR20220072535A	A_023767
KR20220072535A	A_023768
KR20220075366A	A_023320
KR20220075366A	A_023769
KR20220076577A	A_023770
KR20220076577A	A_023771
KR20220079814A	A_006702
KR20220079814A	A_006703
KR20220081812A	A_006765
KR20220081812A	A_006766
KR2022008338W	A_023772
KR2022008338W	A_023773
KR2022008338W	A_007213
KR2022008338W	A_023774
KR20220084058A	A_023775
KR20220084058A	A_023776
KR2022008438W	A_023610
KR2022008438W	A_023611
KR20220084776A	A_023777
KR20220084776A	A_023778
KR20220086304A	A_006702
KR20220086304A	A_006703
KR20220090283A	A_006910
KR20220090283A	A_007262
KR20220090412A	A_006547
KR20220090412A	A_023779
KR20220091318A	A_006702
KR20220091318A	A_006703
KR20220091832A	A_023780
KR20220091832A	A_023781
KR20220092427A	A_023782
KR20220092427A	A_023783
KR20220092941A	A_006663
KR20220092941A	A_006722
KR20220094183A	A_023784
KR20220094183A	A_023785
KR20220098704A	A_023786
KR20220098704A	A_023787
KR20220100004A	A_007036
KR20220100004A	A_006417
KR20220100004A	A_006547
KR20220100004A	A_007003
KR20220102472A	A_023744
KR20220102472A	A_023745
KR20220103067A	A_006661
KR20220103067A	A_006662
KR20220103631A	A_023788
KR20220103631A	A_023789
KR20220103631A	A_023790
KR20220103631A	A_023791
KR20220105749A	A_023792
KR20220105749A	A_023793
KR20220106370A	A_023794
KR20220106370A	A_023795
KR20220106870A	A_023796
KR20220106870A	A_023797
KR20220112908A	A_023798
KR20220112908A	A_023799
KR20220113963A	A_006702
KR20220113963A	A_006703
KR20220113963A	A_006935
KR20220113963A	A_006936
KR20220114824A	A_023800
KR20220114824A	A_023801
KR20220114971A	A_023802
KR20220114971A	A_023803
KR20220116072A	A_006935
KR20220116072A	A_006936
KR20220118704A	A_023804
KR20220118704A	A_023805
KR20220118716A	A_023804
KR20220118716A	A_023805
KR20220121445A	A_009666
KR20220121445A	A_023806
KR20220121445A	A_023807
KR20220121445A	A_023808
KR20220121445A	A_023809
KR20220121445A	A_023810
KR20220124979A	A_023811
KR20220124979A	A_023812
KR20220124979A	A_023813
KR20220124979A	A_023814
KR20220126306A	A_006702
KR20220126306A	A_006703
KR20220126811A	A_023815
KR20220126811A	A_023816
KR20220126963A	A_006702
KR20220126963A	A_006703
KR2022012707W	A_006731
KR2022012707W	A_023434
KR20220127308A	A_012487
KR20220127308A	A_012488
KR20220128033A	A_006876
KR20220128033A	A_006877
KR20220131435A	A_023817
KR20220131435A	A_023818
KR20220131439A	A_023817
KR20220131439A	A_023818
KR20220132548A	A_023819
KR20220132548A	A_023820
KR20220132548A	A_023821
KR20220132548A	A_023822
KR20220133195A	A_023823
KR20220133195A	A_022408
KR20220133420A	A_023824
KR20220135210A	A_006702
KR20220135210A	A_006703
KR20220136978A	A_023702
KR20220136978A	A_023703
KR20220138037A	A_007118
KR20220138037A	A_006937
KR20220138533A	A_023825
KR20220138533A	A_023826
KR20220140089A	A_023349
KR20220140089A	A_023350
KR20220140501A	A_006702
KR20220140501A	A_006703
KR20220140502A	A_006702
KR20220140502A	A_006703
KR20220141469A	A_006664
KR20220141469A	A_006665
KR20220144298A	A_023827
KR20220144298A	A_023828
KR20220145384A	A_023829
KR20220145384A	A_023830
KR20220145835A	A_023831
KR20220145835A	A_023832
KR20220149657A	A_006702
KR20220149657A	A_006703
KR2022015121W	A_006694
KR2022015121W	A_006695
KR20220151754A	A_023492
KR20220151754A	A_023833
KR20220152525A	A_023834
KR20220152525A	A_023835
KR20220152788A	A_023836
KR20220152788A	A_023837
KR20220154100A	A_023838
KR20220155296A	A_023839
KR20220155296A	A_023840
KR20220157683A	A_006594
KR20220157683A	A_006595
KR20220157890A	A_007025
KR20220157890A	A_014442
KR20220157890A	A_023470
KR20220157890A	A_023471
KR20220159449A	A_023841
KR20220159449A	A_023842
KR20220160144A	A_006828
KR20220160144A	A_006829
KR20220160321A	A_006929
KR20220160321A	A_006930
KR20220160919A	A_023843
KR20220160919A	A_023844
KR20220160919A	A_023845
KR20220160919A	A_023846
KR20220162353A	A_023847
KR20220162353A	A_023848
KR20220162780A	A_023849
KR20220162780A	A_023850
KR20220162791A	A_023851
KR20220162791A	A_023852
KR20220162799A	A_023853
KR20220162799A	A_023854
KR20220162800A	A_023853
KR20220162800A	A_023854
KR20220162950A	A_023592
KR20220162950A	A_023855
KR20220163299A	A_006840
KR20220163299A	A_010976
KR20220163299A	A_006841
KR20220163299A	A_010977
KR20220166319A	A_023856
KR20220166319A	A_023857
KR20220166817A	A_023858
KR20220166817A	A_023859
KR20220168167A	A_012455
KR20220168167A	A_012456
KR20220169660A	A_023860
KR20220169660A	A_023791
KR20220170410A	A_006702
KR20220170410A	A_006703
KR20220170755A	A_023861
KR20220171139A	A_023646
KR20220171139A	A_023642
KR20220171608A	A_023862
KR20220171608A	A_023863
KR20220172998A	A_006759
KR20220172998A	A_005625
KR20220172998A	A_006760
KR20220172998A	A_005626
KR20220174074A	A_023864
KR20220174074A	A_023865
KR20220176573A	A_023866
KR20220176573A	A_023867
KR20220176867A	A_023868
KR20220176867A	A_023869
KR20220176922A	A_023344
KR20220176922A	A_023345
KR20220177731A	A_023870
KR20220177731A	A_023871
KR20220177921A	A_006917
KR20220177921A	A_006918
KR20220179841A	A_023872
KR20220179841A	A_023873
KR20220179841A	A_023874
KR20220179841A	A_023875
KR20220181222A	A_023876
KR20220181222A	A_023877
KR20220181417A	A_023878
KR20220181417A	A_023879
KR20220181418A	A_023878
KR20220181418A	A_023879
KR20220184034A	A_023839
KR20220184034A	A_023840
KR20220186173A	A_023880
KR2022018624W	A_006694
KR2022018624W	A_006695
KR20220188648A	A_007257
KR20220188648A	A_007258
KR20220189554A	A_006876
KR20220189554A	A_006877
KR2022020213W	A_023881
KR2022020213W	A_023882
KR2022020213W	A_006876
KR2022020213W	A_006877
KR2022020213W	A_023883
KR2022020213W	A_023884
KR2022021243W	A_006703
KR20227010968A	A_023885
KR20227010968A	A_023886
KR20227023244A	A_023718
KR20227023244A	A_009973
KR20227029363A	A_023718
KR20227029363A	A_009973
KR20227046102A	A_006694
KR20227046102A	A_006695
KR20230000352A	A_006702
KR20230000352A	A_006703
KR20230001007A	A_023887
KR20230001007A	A_022503
KR20230002573A	A_023888
KR20230002573A	A_023889
KR20230002575A	A_023888
KR20230002575A	A_023889
KR20230002623A	A_009726
KR20230002623A	A_006880
KR20230002908A	A_023890
KR2023000318W	A_023891
KR2023000318W	A_023892
KR20230006910A	A_006702
KR20230006910A	A_006703
KR20230006923A	A_023887
KR20230006923A	A_022503
KR20230007564A	A_007081
KR20230007564A	A_007082
KR20230007886A	A_023893
KR20230007886A	A_023894
KR20230008183A	A_006754
KR20230008183A	A_006755
KR20230008479A	A_023895
KR20230008479A	A_023896
KR20230010005A	A_023897
KR20230010005A	A_023898
KR20230010209A	A_006491
KR20230010209A	A_006493
KR20230010736A	A_006776
KR20230010736A	A_013486
KR20230012578A	A_023899
KR20230012578A	A_023900
KR20230012819A	A_023901
KR20230012819A	A_023902
KR20230013599A	A_023903
KR20230013599A	A_023904
KR20230013654A	A_023646
KR20230013654A	A_023642
KR20230013882A	A_006702
KR20230013882A	A_006703
KR20230015450A	A_023646
KR20230015450A	A_023642
KR20230017073A	A_023905
KR20230017073A	A_023906
KR20230017518A	A_023817
KR20230017518A	A_023818
KR20230018276A	A_006702
KR20230018276A	A_006703
KR20230018358A	A_012455
KR20230018358A	A_023907
KR20230018946A	A_006975
KR20230018946A	A_006976
KR20230019954A	A_007162
KR20230019954A	A_009650
KR20230020104A	A_007135
KR20230020104A	A_007136
KR20230021269A	A_006702
KR20230021269A	A_006703
KR20230023016A	A_012455
KR20230023016A	A_012456
KR20230024911A	A_023818
KR20230026334A	A_023739
KR20230028270A	A_023908
KR20230028270A	A_023909
KR20230030793A	A_010969
KR20230037304A	A_023910
KR20230037304A	A_023911
KR20230039987A	A_006702
KR20230039987A	A_006703
KR20230044784A	A_023912
KR20230044784A	A_023913
KR20230045090A	A_023914
KR20230045090A	A_023915
KR20230045090A	A_023916
KR20230045090A	A_023917
KR20230045090A	A_023918
KR20230045090A	A_023919
KR2023004515W	A_007253
KR2023004515W	A_007254
KR20230047900A	A_023344
KR20230047900A	A_023345
KR20230048690A	A_023646
KR20230048690A	A_023642
KR20230048698A	A_023920
KR20230048698A	A_023191
KR20230049007A	A_023921
KR20230049007A	A_023922
KR20230049184A	A_023923
KR20230049184A	A_023924
KR20230049485A	A_023925
KR20230049485A	A_023926
KR20230049485A	A_006828
KR20230049485A	A_006829
KR20230049642A	A_023927
KR20230049642A	A_023928
KR20230050496A	A_023929
KR20230050496A	A_023930
KR2023005063W	A_023931
KR2023005063W	A_023932
KR2023005063W	A_023276
KR2023005063W	A_023277
KR20230051333A	A_006759
KR20230051333A	A_005625
KR20230051333A	A_006760
KR20230051333A	A_005626
KR20230051664A	A_023933
KR20230051664A	A_023934
KR20230054652A	A_023935
KR20230054652A	A_022999
KR20230055290A	A_023936
KR20230055290A	A_023937
KR20230055317A	A_023938
KR20230055317A	A_023939
KR2023005737W	A_023936
KR2023005737W	A_023940
KR20230060777A	A_023691
KR20230060777A	A_023692
KR20230061167A	A_013434
KR20230061167A	A_023941
KR20230062435A	A_006694
KR20230062551A	A_023942
KR20230062551A	A_023943
KR20230064529A	A_023944
KR20230064529A	A_023945
KR20230065529A	A_023946
KR20230065529A	A_023947
KR20230066006A	A_023948
KR20230066271A	A_023522
KR20230066271A	A_023523
KR20230066369A	A_023949
KR20230066369A	A_023950
KR20230066369A	A_023951
KR20230066369A	A_023952
KR20230066369A	A_023953
KR20230066369A	A_023954
KR20230066657A	A_023646
KR20230066657A	A_023642
KR20230067558A	A_023955
KR20230067558A	A_023956
KR20230067897A	A_023596
KR20230067897A	A_009739
KR20230069242A	A_006550
KR20230069242A	A_006655
KR20230070393A	A_023957
KR20230070393A	A_023958
KR20230070393A	A_023959
KR20230070393A	A_023960
KR20230070393A	A_023961
KR20230070393A	A_023962
KR20230070393A	A_023963
KR20230070393A	A_023964
KR20230071124A	A_006765
KR20230071124A	A_006766
KR20230072717A	A_006663
KR20230072717A	A_006722
KR20230073260A	A_023646
KR20230073260A	A_023642
KR20230075981A	A_023965
KR20230075981A	A_023966
KR20230076637A	A_019860
KR20230076637A	A_019861
KR20230077898A	A_023967
KR20230077898A	A_023968
KR20230077901A	A_023967
KR20230077901A	A_023968
KR20230077966A	A_023923
KR20230077966A	A_023969
KR20230079474A	A_007114
KR20230079474A	A_007115
KR20230081149A	A_023970
KR20230081149A	A_023971
KR20230082373A	A_023972
KR20230082373A	A_023973
KR20230084960A	A_023974
KR20230084960A	A_023975
KR20230085386A	A_023976
KR20230085386A	A_023977
KR20230085388A	A_023976
KR20230085388A	A_023977
KR20230089579A	A_023978
KR20230089579A	A_023979
KR20230091444A	A_006644
KR20230091444A	A_023980
KR20230091444A	A_006745
KR20230092178A	A_023981
KR20230092178A	A_023982
KR20230092974A	A_023983
KR20230092974A	A_023984
KR20230093551A	A_023705
KR20230093551A	A_023985
KR20230095104A	A_023825
KR20230095104A	A_023826
KR20230096475A	A_023986
KR20230096475A	A_023987
KR20230096517A	A_011331
KR20230096517A	A_011332
KR20230096970A	A_019860
KR20230096970A	A_019861
KR20230101790A	A_006702
KR20230101790A	A_006703
KR20230103303A	A_007185
KR20230103303A	A_007186
KR20230103303A	A_007181
KR20230103303A	A_007182
KR20230103303A	A_007183
KR20230103303A	A_007184
KR20230103303A	A_012495
KR20230103303A	A_012496
KR20230103873A	A_023646
KR20230103873A	A_023642
KR20230103877A	A_006702
KR20230103877A	A_006703
KR20230103888A	A_009735
KR20230103888A	A_009736
KR20230106070A	A_023988
KR20230106070A	A_023989
KR20230106960A	A_006702
KR20230106960A	A_006703
KR20230111036A	A_006473
KR20230111036A	A_006751
KR20230112081A	A_023990
KR20230112081A	A_023991
KR20230114725A	A_023992
KR20230114725A	A_023993
KR20230115473A	A_023597
KR20230115473A	A_023598
KR20230115991A	A_017621
KR20230115991A	A_017622
KR20230116486A	A_023994
KR20230116486A	A_023995
KR20230117415A	A_023996
KR20230117415A	A_023997
KR20230120934A	A_023998
KR20230120934A	A_023999
KR20230125662A	A_024000
KR20230125663A	A_006550
KR20230125663A	A_006581
KR20230126578A	A_024001
KR20230126578A	A_024002
KR20230128615A	A_024003
KR20230128615A	A_024004
KR20230129930A	A_023562
KR20230129930A	A_023563
KR20230131135A	A_024005
KR20230131135A	A_024006
KR20230131576A	A_024007
KR20230131576A	A_024008
KR20230132282A	A_024009
KR20230132282A	A_024010
KR20230133538A	A_023996
KR20230133538A	A_023997
KR20230134169A	A_024011
KR20230134169A	A_024012
KR20230136791A	A_011346
KR20230136791A	A_011347
KR20230137626A	A_006834
KR20230137626A	A_010969
KR20230138342A	A_024013
KR20230138342A	A_024014
KR20230139664A	A_024015
KR20230139664A	A_024016
KR20230139666A	A_024015
KR20230139666A	A_024016
KR20230141643A	A_024017
KR20230141643A	A_024018
KR20230141750A	A_024019
KR20230141750A	A_024020
KR2023014262W	A_006702
KR2023014262W	A_006703
KR20230142744A	A_006754
KR20230142744A	A_009782
KR20230143021A	A_007192
KR20230143021A	A_007193
KR20230145354A	A_015103
KR20230145354A	A_015104
KR20230147237A	A_024021
KR20230147419A	A_024022
KR20230147419A	A_024023
KR20230148536A	A_006929
KR20230148536A	A_006930
KR20230148834A	A_024024
KR20230148834A	A_024025
KR20230150961A	A_006702
KR20230150961A	A_006703
KR20230152300A	A_023845
KR20230152300A	A_023846
KR20230152300A	A_024026
KR20230152300A	A_024027
KR20230152725A	A_024028
KR20230152725A	A_024029
KR20230153096A	A_006702
KR20230153096A	A_006703
KR20230153097A	A_006702
KR20230153097A	A_006703
KR20230153666A	A_024030
KR20230153666A	A_024031
KR20230154017A	A_024032
KR20230154017A	A_024033
KR20230154017A	A_024034
KR20230154017A	A_024035
KR20230154017A	A_024036
KR20230154017A	A_024037
KR20230154017A	A_007147
KR20230154017A	A_024038
KR20230154503A	A_023878
KR20230154503A	A_023879
KR20230155267A	A_024039
KR20230155267A	A_024040
KR20230155469A	A_024041
KR20230155469A	A_024042
KR20230155469A	A_024043
KR20230155469A	A_024044
KR20230155829A	A_024045
KR20230155829A	A_024046
KR20230156163A	A_024047
KR20230156163A	A_024048
KR20230156789A	A_024049
KR20230156789A	A_024050
KR20230157061A	A_024051
KR20230157061A	A_024052
KR20230158417A	A_006571
KR20230158417A	A_006685
KR20230158418A	A_024053
KR20230158418A	A_024054
KR20230158420A	A_006550
KR20230158420A	A_006581
KR20230158841A	A_007265
KR20230158841A	A_007266
KR20230158972A	A_006702
KR20230158972A	A_006703
KR20230160270A	A_007185
KR20230160270A	A_007186
KR20230161586A	A_024055
KR20230161586A	A_024056
KR20230162125A	A_023738
KR20230162125A	A_023739
KR20230162343A	A_012457
KR20230162343A	A_006882
KR20230162907A	A_007081
KR20230162907A	A_007082
KR20230163439A	A_023716
KR20230163439A	A_023717
KR20230166293A	A_013443
KR20230166293A	A_024057
KR20230166649A	A_013476
KR20230166649A	A_013477
KR20230166690A	A_024058
KR20230166690A	A_024059
KR20230167621A	A_024060
KR20230167621A	A_024061
KR20230170784A	A_023522
KR20230170784A	A_023523
KR20230170926A	A_024062
KR20230170926A	A_024063
KR20230171692A	A_023716
KR20230171692A	A_023717
KR20230172901A	A_024064
KR20230172901A	A_024065
KR20230172940A	A_006731
KR20230172940A	A_006732
KR20230174337A	A_006749
KR20230174337A	A_006750
KR20230175805A	A_024066
KR20230175805A	A_024067
KR20230177466A	A_024068
KR20230177466A	A_024069
KR20230179006A	A_007351
KR20230179006A	A_007352
KR20230179399A	A_023646
KR20230179399A	A_023642
KR20230179533A	A_023646
KR20230179533A	A_023642
KR20230180351A	A_017621
KR20230180351A	A_017622
KR20230180450A	A_012457
KR20230180450A	A_006882
KR20230181823A	A_023758
KR20230181823A	A_023759
KR20230182251A	A_023788
KR20230182251A	A_024070
KR20230182251A	A_023790
KR20230182251A	A_023791
KR20230182251A	A_024071
KR20230182251A	A_024072
KR20230183472A	A_024009
KR20230183472A	A_024010
KR20230186051A	A_012487
KR20230186051A	A_012488
KR20230186051A	A_024073
KR20230186051A	A_024074
KR20230186530A	A_012487
KR20230186530A	A_012488
KR20230186746A	A_007147
KR20230186746A	A_007118
KR20230186746A	A_007073
KR20230186746A	A_006937
KR20230187903A	A_006485
KR20230187903A	A_024075
KR20230188353A	A_023522
KR20230188353A	A_023523
KR20230188604A	A_013434
KR20230188604A	A_013436
KR20230188787A	A_024076
KR20230188787A	A_024077
KR20230190899A	A_006702
KR20230190899A	A_006703
KR20230191427A	A_023395
KR20230191427A	A_023602
KR20230191618A	A_024078
KR20230191618A	A_024079
KR20230191618A	A_024080
KR20230191618A	A_024081
KR20230193439A	A_024082
KR20230193439A	A_024083
KR20230193799A	A_023646
KR20230193799A	A_023642
KR20230194013A	A_010991
KR20230194013A	A_010992
KR20230194074A	A_024021
KR20230194074A	A_024084
KR20230194076A	A_024021
KR20230194076A	A_024084
KR20230194959A	A_024085
KR20230194959A	A_024086
KR20230195322A	A_023705
KR20230195322A	A_023985
KR20230195322A	A_024087
KR20230195322A	A_024088
KR20230197583A	A_023738
KR20230197583A	A_023739
KR20230197709A	A_023693
KR20230197709A	A_023694
KR20230197709A	A_024089
KR20230197709A	A_024090
KR2023022052W	A_024091
KR2023022052W	A_024092
KR20237000794A	A_006694
KR20237000794A	A_006695
KR20237007045A	A_006694
KR20237007045A	A_006695
KR20237007073A	A_006694
KR20237007073A	A_006695
KR20237007080A	A_006694
KR20237007080A	A_006695
KR20237010974A	A_006694
KR20237010974A	A_006695
KR20237016588A	A_015109
KR20237016588A	A_005636
KR20237025127A	A_024093
KR20237025127A	A_020640
KR20237028511A	A_024094
KR20237028511A	A_024095
KR20237037033A	A_023657
KR20237037033A	A_023658
KR20237043173A	A_006695
KR20247003035A	A_024096
KR20247003035A	A_024097
KR20247006882A	A_006695
KR20247015340A	A_024093
KR20247015340A	A_020640
KR20247019152A	A_024096
KR20247019152A	A_024097
KR20247028438A	A_024098
KR20247035064A	A_024096
KR20247035064A	A_024097
KR20247040596A	A_024099
KR20247040596A	A_023076
KR20247040755A	A_006694
KR20247040755A	A_006695
KR20247042291A	A_024100
KR20247042291A	A_022374
KR20257001208A	A_006694
KR20257001208A	A_006695
KR20257003799A	A_023455
KR20257003799A	A_020621
KR20257007839A	A_024101
KR20257007839A	A_022403
KR20257008969A	A_006694
KR20257008969A	A_006695
KR20257009984A	A_015109
KR20257009984A	A_005636
KR20257010124A	A_015109
KR20257010124A	A_005636
KR20257010832A	A_024102
KR20257010832A	A_024103
KR20257016415A	A_024104
KR20257016415A	A_024105
KR20257017665A	A_024106
KR20257017665A	A_024107
KR20257018330A	A_024108
KR20257018330A	A_022430
KR20257021396A	A_024109
KR20257021396A	A_024110
KR20257023962A	A_009783
KR20257023962A	A_008324
KR20257027980A	A_024111
KR20257027980A	A_022774
LU501248A	A_024112
LU503012A	A_024113
LU504080A	A_024114
MX2018000085W	A_024115
NL2027547A	A_024116
NL2030417A	A_009785
NL2031012A	A_024117
NL2033285A	A_005426
OA1202200211	A_007383
OA1202300199	A_024118
PH12022050064A	A_024119
PL2019050084W	A_007824
PL44048122A	A_024120
PT2018050042W	A_024121
RO202100789A	A_024122
RU2018122596U	A_024123
RU2018130996A	A_024124
RU2018145842A	A_024125
RU2019108817A	A_024126
RU2019129223A	A_024127
RU2020100724A	A_024128
RU2020105705A	A_005557
RU2020109861A	A_005622
RU2020122606A	A_024129
RU2020123778A	A_024130
RU2020123778A	A_024131
RU2021103087A	A_020572
RU2021105060U	A_024132
RU2021112739A	A_024133
RU2021131930A	A_024134
RU2021138125A	A_024135
RU2022107829A	A_024136
RU2022112066A	A_024137
RU2022133019A	A_007545
SA521422066A	A_006888
SA521422066A	A_024138
SA521422066A	A_024139
SA521422066A	A_024140
SE2018051295W	A_024141
SE2022051050W	A_007383
SE2023050328W	A_007383
SE2023050681W	A_007383
SE2150218A	A_024142
SE2450424A	A_024143
SG11201906699W	A_024144
SG11202204678U	A_024107
SG2020050670W	A_024145
SG2021050619W	A_024146
SK500072023A	A_007581
SK572023A	A_024147
TR2018050847W	A_024148
TR202000857A	A_024149
TR202000857A	A_024150
TR2020051315W	A_024151
TR202009210A	A_024152
TR202009210A	A_024153
TR2021016197U	A_024154
TR2021016197U	A_024155
TR2022010250A	A_017733
TR2022010250A	A_024156
TR2022/018178	A_024157
TR2022/020937	A_007602
TR2023007770A	A_024158
TR2023051850W	A_024159
TR2023/000111	A_024160
TR2023/004922	A_024161
TR2023/005089	A_024162
TW107110051A	A_024163
TW107111994A	A_024164
TW107112664A	A_024165
TW107118248A	A_024166
TW107118268A	A_024167
TW107118268A	A_024168
TW107119028A	A_024164
TW107120802A	A_024164
TW107122993A	A_024169
TW107125997A	A_024164
TW107131587A	A_024164
TW107135830A	A_024164
TW107136221A	A_024170
TW107139524A	A_024171
TW107142893A	A_024172
TW107212084U	A_007652
TW108102688A	A_024164
TW108133206A	A_024173
TW108133643A	A_024174
TW108134017A	A_024164
TW108137508A	A_024175
TW108208512U	A_024176
TW108208512U	A_024177
TW109105830A	A_024178
TW109215192U	A_007639
TW110102731A	A_024179
TW110116202A	A_024164
TW110119405A	A_024180
TW110128516A	A_024180
TW110128954A	A_024181
TW110132907A	A_024182
TW110134170A	A_024183
TW110139345A	A_024184
TW111116213A	A_024185
TW111138301A	A_024186
TW111214031U	A_024187
TW112104021A	A_024188
TW112118728A	A_024189
TW112149564A	A_024190
TW112208123U	A_024191
TW112208123U	A_024192
TW114127301A	A_024193
UA201812555U	A_024194
UA2023000020W	A_024195
US2018000280W	A_023004
US2018013468W	A_024196
US2018017038W	A_024197
US2018021697W	A_005809
US2018028643W	A_024198
US2018030368W	A_005467
US2018031947W	A_024199
US2018035118W	A_024200
US2018037142W	A_024201
US2018042383W	A_005809
US2018042896W	A_005809
US2018044560W	A_024202
US2018044912W	A_005467
US2018045372W	A_007705
US2018045379W	A_007705
US2018047775W	A_007790
US2018047775W	A_024203
US2018047775W	A_024204
US2018047951W	A_007824
US2018056552W	A_007705
US2018056587W	A_024205
US2018062075W	A_007705
US2018064862W	A_007824
US201815860928A	A_007705
US201815863669A	A_024206
US201815864871A	A_007705
US201815870024A	A_008125
US201815871758A	A_000037
US201815872329A	A_024207
US201815874066A	A_005469
US201815878992A	A_005809
US201815879033A	A_024208
US201815879686A	A_013124
US201815883290A	A_007682
US201815883290A	A_024209
US201815886989A	A_006703
US201815888321A	A_024210
US201815888899A	A_022374
US201815890027A	A_024211
US201815891608A	A_024212
US201815893986A	A_024212
US201815894031A	A_006184
US201815894214A	A_024213
US201815896488A	A_024214
US201815896921A	A_024215
US201815897788A	A_024216
US201815898984A	A_000037
US201815898994A	A_000037
US201815900038A	A_007700
US201815901393A	A_024217
US201815902400A	A_024218
US201815902626A	A_007824
US201815904282A	A_012627
US201815907453A	A_007805
US201815907487A	A_005469
US201815909999A	A_024219
US201815912316A	A_014421
US201815912406A	A_022477
US201815912820A	A_007759
US201815912951A	A_005809
US201815914868A	A_024220
US201815919170A	A_024221
US201815921744A	A_007824
US201815921753A	A_024222
US201815933358A	A_024223
US201815933743A	A_022419
US201815934870A	A_024224
US201815934870A	A_024225
US201815939040A	A_024226
US201815939500A	A_008054
US201815941899A	A_007790
US201815942191A	A_007705
US201815942789A	A_024227
US201815946209A	A_007705
US201815946693A	A_005576
US201815947032A	A_005576
US201815948415A	A_024228
US201815950955A	A_007705
US201815953970A	A_024210
US201815955802A	A_007700
US201815956083A	A_024229
US201815956175A	A_024230
US201815956541A	A_007700
US201815957243A	A_007700
US201815957756A	A_014421
US201815958438A	A_007705
US201815960356A	A_007705
US201815960437A	A_024231
US201815960640A	A_024232
US201815962714A	A_024233
US201815962714A	A_024234
US201815963027A	A_000050
US201815963143A	A_005809
US201815963783A	A_007835
US201815964644A	A_024235
US201815965174A	A_024098
US201815971982A	A_005576
US201815974016A	A_024236
US201815974611A	A_000037
US201815976267A	A_007841
US201815976517A	A_024237
US201815979872A	A_024238
US201815980517A	A_011075
US201815982490A	A_000129
US201815986054A	A_024239
US201815989489A	A_006703
US201815990469A	A_007705
US201815991976A	A_024098
US201815993280A	A_024240
US201815993294A	A_005469
US201815994754A	A_007705
US201815994955A	A_007705
US201815995953A	A_006703
US201815998684A	A_024241
US201816001421A	A_024242
US201816002961A	A_024243
US201816003518A	A_022419
US201816009175A	A_024244
US201816010295A	A_024245
US201816010839A	A_024246
US201816012347A	A_007705
US201816012701A	A_023018
US201816013418A	A_024247
US201816015333A	A_006226
US201816017661A	A_024248
US201816018074A	A_024249
US201816018911A	A_022374
US201816020224A	A_007790
US201816022575A	A_007979
US201816029056A	A_009890
US201816029465A	A_024250
US201816029868A	A_024240
US201816032238A	A_007705
US201816035888A	A_008052
US201816047649A	A_024098
US201816048791A	A_024251
US201816048909A	A_005577
US201816049810A	A_024252
US201816050170A	A_013558
US201816050298A	A_007682
US201816051005A	A_024253
US201816051673A	A_024254
US201816053659A	A_009232
US201816053971A	A_005809
US201816059564A	A_006703
US201816100489A	A_024229
US201816104622A	A_024255
US201816106449A	A_008042
US201816106507A	A_024256
US201816107136A	A_007705
US201816107738A	A_007822
US201816108742A	A_024235
US201816109646A	A_022517
US201816110730A	A_005809
US201816111487A	A_000121
US201816112132A	A_024257
US201816112169A	A_024258
US201816114756A	A_022400
US201816115097A	A_024259
US201816117271A	A_007733
US201816117952A	A_007705
US201816118529A	A_012627
US201816118529A	A_024260
US201816122121A	A_007986
US201816126292A	A_019399
US201816128728A	A_022941
US201816130866A	A_022396
US201816131646A	A_022377
US201816132144A	A_024261
US201816134559A	A_007705
US201816135646A	A_024262
US201816137153A	A_006184
US201816140554A	A_024263
US201816141098A	A_005577
US201816141492A	A_022403
US201816141558A	A_024264
US201816144694A	A_024265
US201816145537A	A_006223
US201816147043A	A_007790
US201816150018A	A_009871
US201816156528A	A_024266
US201816161499A	A_024267
US201816161499A	A_024268
US201816162508A	A_007705
US201816163146A	A_007700
US201816163508A	A_024269
US201816163565A	A_024270
US201816167193A	A_007705
US201816168224A	A_024271
US201816170881A	A_024098
US201816171219A	A_024245
US201816173109A	A_000054
US201816173669A	A_022509
US201816173918A	A_022377
US201816174525A	A_000022
US201816179223A	A_007841
US201816179223A	A_005587
US201816181829A	A_024272
US201816183647A	A_022504
US201816184250A	A_024273
US201816185854A	A_024274
US201816188752A	A_005587
US201816189512A	A_020622
US201816196098A	A_006703
US201816198104A	A_007824
US201816198295A	A_007754
US201816198497A	A_005577
US201816199032A	A_000129
US201816199549A	A_007705
US201816202694A	A_008125
US201816203812A	A_005469
US201816209641A	A_007700
US201816209784A	A_008042
US201816211009A	A_005809
US201816216782A	A_005503
US201816216868A	A_008396
US201816217524A	A_000129
US201816217896A	A_024275
US201816217896A	A_007841
US201816218420A	A_005565
US201816218428A	A_005565
US201816218442A	A_005565
US201816224138A	A_005467
US201816225925A	A_007733
US201816228389A	A_024276
US201816230410A	A_024277
US201816232148A	A_024210
US201816236528A	A_020572
US201816237044A	A_009973
US201816482357A	A_006703
US201816485797A	A_024278
US201816493277A	A_007719
US201816497419A	A_006703
US201816498617A	A_022325
US201816604076A	A_020626
US201816604905A	A_024279
US201816609451A	A_024280
US201816609973A	A_000022
US201816615257A	A_006703
US201816617057A	A_024281
US201816620328A	A_000008
US201816630658A	A_007963
US201816631388A	A_024282
US201816637828A	A_024283
US201816643991A	A_007719
US201816645390A	A_019425
US201816650135A	A_024284
US201816756316A	A_014296
US201816756316A	A_024285
US201816756465A	A_022409
US201816756614A	A_006083
US201816756771A	A_024286
US201816759185A	A_017215
US201816761088A	A_024287
US201816763987A	A_024288
US201816764128A	A_024289
US201816767921A	A_024290
US201816769982A	A_024291
US201816770170A	A_024292
US201816771103A	A_022487
US201816956254A	A_006703
US201816979009A	A_007824
US201817040859A	A_006223
US201817252101A	A_013124
US201817288869A	A_024293
US2019012613W	A_005809
US2019015043W	A_022374
US2019015218W	A_005809
US2019015796W	A_007705
US2019016091W	A_005809
US2019018506W	A_024210
US2019029507W	A_024294
US2019029895W	A_024295
US2019031283W	A_024296
US2019033738W	A_024210
US2019036551W	A_005809
US2019047912W	A_024297
US2019047921W	A_024297
US2019050264W	A_024298
US2019053539W	A_024299
US2019055205W	A_009871
US2019057272W	A_024300
US2019057335W	A_024301
US2019058049W	A_009871
US2019059425W	A_024302
US2019060606W	A_007705
US2019068149W	A_007705
US201915733658A	A_007963
US201915733875A	A_022411
US201916239046A	A_006703
US201916242520A	A_007705
US201916242873A	A_008243
US201916242873A	A_000069
US201916243406A	A_024303
US201916243668A	A_007822
US201916249574A	A_024304
US201916252543A	A_024305
US201916254272A	A_000129
US201916255073A	A_024235
US201916256795A	A_024306
US201916259136A	A_014250
US201916259281A	A_005809
US201916260683A	A_005809
US201916260923A	A_007992
US201916262708A	A_024307
US201916265873A	A_007824
US201916266108A	A_024308
US201916266108A	A_005518
US201916277175A	A_006402
US201916278042A	A_000129
US201916278206A	A_006223
US201916279277A	A_022445
US201916279357A	A_022388
US201916279357A	A_024309
US201916280687A	A_008150
US201916281290A	A_007705
US201916281410A	A_013558
US201916283019A	A_000121
US201916283180A	A_007751
US201916284186A	A_007790
US201916285985A	A_024310
US201916287947A	A_024311
US201916289458A	A_024312
US201916291735A	A_008008
US201916291843A	A_008252
US201916292298A	A_024313
US201916293261A	A_009973
US201916293925A	A_007829
US201916294536A	A_024314
US201916295921A	A_024315
US201916296881A	A_009867
US201916297364A	A_024316
US201916297706A	A_024317
US201916351038A	A_024318
US201916351725A	A_007733
US201916352185A	A_006703
US201916352201A	A_023543
US201916352923A	A_024319
US201916355736A	A_005404
US201916357895A	A_000129
US201916358422A	A_005469
US201916359341A	A_024320
US201916359341A	A_024321
US201916359639A	A_024322
US201916359841A	A_022504
US201916360312A	A_008125
US201916361530A	A_007682
US201916362272A	A_024323
US201916363343A	A_024272
US201916365186A	A_000129
US201916365660A	A_024324
US201916365743A	A_024325
US201916367219A	A_024326
US201916368286A	A_024327
US201916368286A	A_024328
US201916370077A	A_007790
US201916370141A	A_005469
US201916370461A	A_024329
US201916373051A	A_024098
US201916375795A	A_007705
US201916377966A	A_024330
US201916378882A	A_005572
US201916381189A	A_007705
US201916382878A	A_024331
US201916382878A	A_013668
US201916385097A	A_019495
US201916395410A	A_005809
US201916396427A	A_009911
US201916397685A	A_022504
US201916399860A	A_020615
US201916400479A	A_024332
US201916403647A	A_024333
US201916405158A	A_024334
US201916405551A	A_007705
US201916405637A	A_007705
US201916408917A	A_005618
US201916409056A	A_022336
US201916411576A	A_000050
US201916412294A	A_024335
US201916413239A	A_024336
US201916415942A	A_005576
US201916416055A	A_007733
US201916416629A	A_019878
US201916416783A	A_022403
US201916419906A	A_022377
US201916420414A	A_009963
US201916422498A	A_024337
US201916424191A	A_020615
US201916425793A	A_007705
US201916426825A	A_007705
US201916428048A	A_005577
US201916428540A	A_024338
US201916435337A	A_022336
US201916438445A	A_024339
US201916438905A	A_007682
US201916439407A	A_007790
US201916441480A	A_024340
US201916442370A	A_024341
US201916444201A	A_013124
US201916445909A	A_022377
US201916446367A	A_024342
US201916447799A	A_024343
US201916448513A	A_013558
US201916449127A	A_005809
US201916449230A	A_005577
US201916450565A	A_024344
US201916451202A	A_024345
US201916452636A	A_007700
US201916454989A	A_008042
US201916455457A	A_007790
US201916457075A	A_024346
US201916457075A	A_024347
US201916457167A	A_007790
US201916457929A	A_007790
US201916459762A	A_022419
US201916493848A	A_006695
US201916503543A	A_024348
US201916503878A	A_024304
US201916505599A	A_024349
US201916505620A	A_024349
US201916505730A	A_024350
US201916505730A	A_024351
US201916506894A	A_024098
US201916508136A	A_007705
US201916516152A	A_024352
US201916519531A	A_007705
US201916519538A	A_007705
US201916521155A	A_024353
US201916521166A	A_024354
US201916521637A	A_024229
US201916522235A	A_005572
US201916527264A	A_008001
US201916528104A	A_024304
US201916529946A	A_007822
US201916530301A	A_024200
US201916533935A	A_007996
US201916535091A	A_024355
US201916535322A	A_007700
US201916537607A	A_024356
US201916537607A	A_024357
US201916538978A	A_008125
US201916539871A	A_005577
US201916541088A	A_006695
US201916545605A	A_006695
US201916545656A	A_022403
US201916547725A	A_024358
US201916547725A	A_024359
US201916547813A	A_024360
US201916548217A	A_000129
US201916548722A	A_007705
US201916549815A	A_006695
US201916552816A	A_007824
US201916553098A	A_013124
US201916554332A	A_009973
US201916554411A	A_006695
US201916554412A	A_006695
US201916555502A	A_024361
US201916555928A	A_006695
US201916556838A	A_022504
US201916557489A	A_022419
US201916557503A	A_024362
US201916557503A	A_024363
US201916558398A	A_024364
US201916559114A	A_006695
US201916560935A	A_024365
US201916562758A	A_005882
US201916563287A	A_006695
US201916563497A	A_007986
US201916563552A	A_024366
US201916568104A	A_024367
US201916568462A	A_024368
US201916569150A	A_007682
US201916569660A	A_024369
US201916569660A	A_024370
US201916570018A	A_024371
US201916570044A	A_022377
US201916571071A	A_024372
US201916571071A	A_022459
US201916572205A	A_008358
US201916573021A	A_005503
US201916573745A	A_022445
US201916573751A	A_008358
US201916575873A	A_024373
US201916577683A	A_000129
US201916577865A	A_006695
US201916577924A	A_006695
US201916577964A	A_024374
US201916580200A	A_000037
US201916582672A	A_007829
US201916584119A	A_000037
US201916585058A	A_000054
US201916585577A	A_014250
US201916586242A	A_005577
US201916586433A	A_006695
US201916588367A	A_024360
US201916588789A	A_005577
US201916589100A	A_024375
US201916589356A	A_024376
US201916589625A	A_024377
US201916590879A	A_007705
US201916593155A	A_006695
US201916593499A	A_024378
US201916597197A	A_008410
US201916597411A	A_024379
US201916597809A	A_024380
US201916600222A	A_006695
US201916600445A	A_024381
US201916601418A	A_024382
US201916623347A	A_024383
US201916653053A	A_024384
US201916654027A	A_006226
US201916658238A	A_024385
US201916658605A	A_024386
US201916661076A	A_024387
US201916667643A	A_006695
US201916668459A	A_022338
US201916669288A	A_005587
US201916669694A	A_009976
US201916671078A	A_008421
US201916674523A	A_024388
US201916675249A	A_024389
US201916675249A	A_006223
US201916675709A	A_006703
US201916676345A	A_024390
US201916677401A	A_024391
US201916678827A	A_007705
US201916679546A	A_024392
US201916684458A	A_005576
US201916684735A	A_007998
US201916685295A	A_008052
US201916687824A	A_022941
US201916690365A	A_006184
US201916690921A	A_006695
US201916692325A	A_024393
US201916694802A	A_000113
US201916695249A	A_020572
US201916697556A	A_000129
US201916699831A	A_024394
US201916700055A	A_008042
US201916700489A	A_013599
US201916700804A	A_000113
US201916701607A	A_008175
US201916701607A	A_007747
US201916703705A	A_024395
US201916703720A	A_007705
US201916705041A	A_005577
US201916708922A	A_024396
US201916709879A	A_024307
US201916710448A	A_024384
US201916711060A	A_024271
US201916712502A	A_006703
US201916714251A	A_006695
US201916715565A	A_009973
US201916720130A	A_007850
US201916720551A	A_007705
US201916720906A	A_024397
US201916720929A	A_000129
US201916721132A	A_000005
US201916721132A	A_007674
US201916724936A	A_006255
US201916725170A	A_009274
US201916725759A	A_024398
US201916725874A	A_000129
US201916728832A	A_000129
US201916729193A	A_020572
US201916729711A	A_006703
US201916730459A	A_006695
US201916730652A	A_006695
US201916731891A	A_024399
US201916959844A	A_000099
US201916963836A	A_024400
US201916967380A	A_022394
US201916967405A	A_024401
US201916968310A	A_024402
US201916978261A	A_024403
US201916978434A	A_024404
US201917041660A	A_006223
US201917044596A	A_024405
US201917047377A	A_006703
US201917047906A	A_006083
US201917049859A	A_007976
US201917050846A	A_020572
US201917050967A	A_024406
US201917051066A	A_024407
US201917059010A	A_006703
US201917255497A	A_013357
US201917260065A	A_009274
US201917260954A	A_006695
US201917262562A	A_005428
US201917262792A	A_019399
US201917263116A	A_022411
US201917264699A	A_024408
US201917264699A	A_024409
US201917266931A	A_022437
US201917266931A	A_024410
US201917266931A	A_024411
US201917280238A	A_006223
US201917280544A	A_005404
US201917292345A	A_005496
US201917413342A	A_024412
US201917413342A	A_024413
US201917413342A	A_024414
US201917413342A	A_024415
US201917413520A	A_005496
US201917414760A	A_005404
US201917416461A	A_024416
US201917421084A	A_024417
US201917604700A	A_024418
US201917604700A	A_024419
US201917616025A	A_007383
US201917616976A	A_007383
US201917622719A	A_023123
US201917626724A	A_006083
US201917756674A	A_007824
US201917781430A	A_006223
US2020012653W	A_024420
US2020012653W	A_024421
US2020012653W	A_024422
US2020012653W	A_024423
US2020012833W	A_007705
US2020015309W	A_024424
US2020017254W	A_024425
US2020022940W	A_020639
US2020026023W	A_022445
US2020030840W	A_024098
US2020031561W	A_024426
US2020035773W	A_024427
US2020038189W	A_008252
US2020044910W	A_024428
US2020045319W	A_007841
US2020046250W	A_024429
US2020047789W	A_007795
US2020049139W	A_024430
US2020050234W	A_024431
US2020050886W	A_024432
US2020055743W	A_013656
US2020060659W	A_024433
US2020061308W	A_009973
US2020062753W	A_024434
US2020062753W	A_024435
US2020062753W	A_024436
US2020062753W	A_024437
US2020062753W	A_024438
US202016733201A	A_024439
US202016733676A	A_007790
US202016734715A	A_006703
US202016736942A	A_022338
US202016738143A	A_024440
US202016739920A	A_022563
US202016739920A	A_024441
US202016739920A	A_024442
US202016739920A	A_024443
US202016739920A	A_024444
US202016739920A	A_024445
US202016739920A	A_024446
US202016739920A	A_024447
US202016739920A	A_024448
US202016742145A	A_000129
US202016742831A	A_024449
US202016743862A	A_024450
US202016745394A	A_024451
US202016746667A	A_024452
US202016746805A	A_024453
US202016748921A	A_006226
US202016749173A	A_024454
US202016749200A	A_024455
US202016750819A	A_007790
US202016777815A	A_024456
US202016777828A	A_024457
US202016778813A	A_008103
US202016779297A	A_022403
US202016779574A	A_024458
US202016780071A	A_024098
US202016781907A	A_024459
US202016781907A	A_024460
US202016783923A	A_005467
US202016787264A	A_006703
US202016788054A	A_024461
US202016788054A	A_024462
US202016788275A	A_008034
US202016790985A	A_024463
US202016791203A	A_024464
US202016791627A	A_024465
US202016794257A	A_024466
US202016795532A	A_024466
US202016798887A	A_007705
US202016799637A	A_013558
US202016800064A	A_024467
US202016800064A	A_024468
US202016801072A	A_009973
US202016803463A	A_007682
US202016804390A	A_008001
US202016804419A	A_005577
US202016805589A	A_022514
US202016808347A	A_024469
US202016808347A	A_024470
US202016809820A	A_024471
US202016814578A	A_006695
US202016814583A	A_024472
US202016815456A	A_024473
US202016819267A	A_024474
US202016819782A	A_008141
US202016819826A	A_024475
US202016819826A	A_024476
US202016819898A	A_024477
US202016820440A	A_024330
US202016820572A	A_024478
US202016822636A	A_005577
US202016822801A	A_006835
US202016824191A	A_005618
US202016825442A	A_000129
US202016826678A	A_024479
US202016829163A	A_024353
US202016830395A	A_024480
US202016830395A	A_024481
US202016831401A	A_007753
US202016831518A	A_024482
US202016832056A	A_007841
US202016833200A	A_007790
US202016834710A	A_023004
US202016837017A	A_024483
US202016837017A	A_024484
US202016837017A	A_024485
US202016837529A	A_007682
US202016837763A	A_005481
US202016837944A	A_024307
US202016839037A	A_024486
US202016840530A	A_024098
US202016841289A	A_005577
US202016841865A	A_007705
US202016842146A	A_024487
US202016842618A	A_008151
US202016843932A	A_020572
US202016844892A	A_024488
US202016845343A	A_024489
US202016846575A	A_005636
US202016847399A	A_009969
US202016851279A	A_024490
US202016851279A	A_024491
US202016851426A	A_024492
US202016854960A	A_013545
US202016856759A	A_007996
US202016857457A	A_024493
US202016858217A	A_024494
US202016858217A	A_024495
US202016858217A	A_024496
US202016858230A	A_024497
US202016858602A	A_024498
US202016858602A	A_024499
US202016860368A	A_007821
US202016866243A	A_009973
US202016868202A	A_007705
US202016869006A	A_024500
US202016874266A	A_024501
US202016874389A	A_009973
US202016877417A	A_024352
US202016878861A	A_007790
US202016883670A	A_007790
US202016885214A	A_020572
US202016885786A	A_024502
US202016885792A	A_024502
US202016886085A	A_000037
US202016889527A	A_007841
US202016890030A	A_022393
US202016891015A	A_024503
US202016891267A	A_024229
US202016892277A	A_008014
US202016894563A	A_022403
US202016894733A	A_024504
US202016895891A	A_008263
US202016897826A	A_022353
US202016899864A	A_000037
US202016900151A	A_024505
US202016902793A	A_008145
US202016904033A	A_024506
US202016906297A	A_006703
US202016909149A	A_024304
US202016909352A	A_024507
US202016909495A	A_000129
US202016910559A	A_024316
US202016912667A	A_024508
US202016913748A	A_009973
US202016914315A	A_024509
US202016914803A	A_022413
US202016915056A	A_024510
US202016917227A	A_008125
US202016917708A	A_024449
US202016918038A	A_006695
US202016922775A	A_000121
US202016924045A	A_024511
US202016926449A	A_000047
US202016926946A	A_020641
US202016928874A	A_000129
US202016935849A	A_024512
US202016935988A	A_006226
US202016936668A	A_005809
US202016942341A	A_009973
US202016945969A	A_007824
US202016947926A	A_022413
US202016949353A	A_024513
US202016949452A	A_009973
US202016949892A	A_009973
US202016950293A	A_000129
US202016950596A	A_024514
US202016950759A	A_000113
US202016951213A	A_024515
US202016951900A	A_024516
US202016951900A	A_024517
US202016952163A	A_007996
US202016953384A	A_007824
US202016983030A	A_006703
US202016986236A	A_024518
US202016987124A	A_024514
US202016988205A	A_024519
US202016988337A	A_024520
US202016988854A	A_009973
US202016990361A	A_005809
US202016990411A	A_024521
US202016991344A	A_024497
US202016991890A	A_024522
US202016991944A	A_024523
US202016992088A	A_024524
US202016993038A	A_024525
US202016993966A	A_007996
US202016994484A	A_024526
US202016996315A	A_008036
US202016997437A	A_024527
US202016997542A	A_007705
US202016997825A	A_021846
US202016997833A	A_021846
US202016998257A	A_022403
US202016999209A	A_024528
US202016999297A	A_022419
US202017000561A	A_005577
US202017001021A	A_020615
US202017003012A	A_000121
US202017004609A	A_000129
US202017005079A	A_024514
US202017005143A	A_007705
US202017005158A	A_024353
US202017006741A	A_024529
US202017006741A	A_024530
US202017007666A	A_012627
US202017008904A	A_008039
US202017011630A	A_009973
US202017012715A	A_024531
US202017013254A	A_024532
US202017013377A	A_024533
US202017013925A	A_007824
US202017013952A	A_005503
US202017017104A	A_022509
US202017017197A	A_024534
US202017018627A	A_013104
US202017019125A	A_007705
US202017019318A	A_024535
US202017023513A	A_007732
US202017027039A	A_024536
US202017027039A	A_024537
US202017027039A	A_024538
US202017027039A	A_024539
US202017027039A	A_024540
US202017027039A	A_024541
US202017028641A	A_024542
US202017029306A	A_007682
US202017032509A	A_022509
US202017033583A	A_009973
US202017033722A	A_007790
US202017034093A	A_024543
US202017035149A	A_009973
US202017039604A	A_024271
US202017060140A	A_024544
US202017061187A	A_024545
US202017061439A	A_006703
US202017062011A	A_024546
US202017062201A	A_006402
US202017062724A	A_005469
US202017063208A	A_008141
US202017063593A	A_024547
US202017065070A	A_024548
US202017065455A	A_009973
US202017065605A	A_024549
US202017067131A	A_024550
US202017067228A	A_007986
US202017067276A	A_005469
US202017068142A	A_024551
US202017068340A	A_024552
US202017068663A	A_024553
US202017069556A	A_024554
US202017071680A	A_007996
US202017074292A	A_007700
US202017074464A	A_024555
US202017074464A	A_024556
US202017075022A	A_007733
US202017075733A	A_024333
US202017076579A	A_005469
US202017076979A	A_024557
US202017078148A	A_024558
US202017078148A	A_024559
US202017078148A	A_024560
US202017079355A	A_022403
US202017080365A	A_024561
US202017080876A	A_024562
US202017081361A	A_007578
US202017083768A	A_009973
US202017085511A	A_007790
US202017085634A	A_022509
US202017085726A	A_007996
US202017086227A	A_024563
US202017087545A	A_024564
US202017088455A	A_013601
US202017088455A	A_024565
US202017088575A	A_024566
US202017089343A	A_010017
US202017090043A	A_024567
US202017091224A	A_024568
US202017091725A	A_024569
US202017092237A	A_022509
US202017094387A	A_024570
US202017094620A	A_022941
US202017095669A	A_024571
US202017097318A	A_024258
US202017098118A	A_024572
US202017098320A	A_006486
US202017098660A	A_020641
US202017099092A	A_024573
US202017099313A	A_008042
US202017100257A	A_007751
US202017101193A	A_008125
US202017101297A	A_024574
US202017101600A	A_024575
US202017101600A	A_024576
US202017102425A	A_022419
US202017102480A	A_024577
US202017102557A	A_007733
US202017103049A	A_006695
US202017103768A	A_024578
US202017106116A	A_024579
US202017107192A	A_007795
US202017107736A	A_008042
US202017107736A	A_024580
US202017107812A	A_005577
US202017108826A	A_024581
US202017108954A	A_024272
US202017108976A	A_024435
US202017108976A	A_024436
US202017108976A	A_024437
US202017108976A	A_024438
US202017108976A	A_024434
US202017109672A	A_008150
US202017110853A	A_006835
US202017111470A	A_007705
US202017112503A	A_024582
US202017113368A	A_024304
US202017115983A	A_022400
US202017116229A	A_022336
US202017118358A	A_024583
US202017119199A	A_024098
US202017119231A	A_024584
US202017119257A	A_024585
US202017119290A	A_009973
US202017119576A	A_009973
US202017119657A	A_007790
US202017119785A	A_007790
US202017120031A	A_024586
US202017122080A	A_020622
US202017123879A	A_022338
US202017124413A	A_022484
US202017125770A	A_024507
US202017132888A	A_024587
US202017133876A	A_007790
US202017134438A	A_024588
US202017137020A	A_007751
US202017138853A	A_024589
US202017139413A	A_022336
US202017139970A	A_024330
US202017247790A	A_007751
US202017247791A	A_007751
US202017260959A	A_009973
US202017272113A	A_009973
US202017275567A	A_009973
US202017427414A	A_006695
US202017429816A	A_024590
US202017431134A	A_005882
US202017438043A	A_006083
US202017442427A	A_024591
US202017442800A	A_005496
US202017604727A	A_024592
US202017612978A	A_014296
US202017616293A	A_024593
US202017618991A	A_024594
US202017622310A	A_006223
US202017622365A	A_024595
US202017623216A	A_005809
US202017626694A	A_014296
US202017629741A	A_024428
US202017636841A	A_024596
US202017640742A	A_024285
US202017757226A	A_024597
US202017758439A	A_024598
US202017762826A	A_024599
US202017766186A	A_024600
US202017767381A	A_024601
US202017768437A	A_024602
US202017768437A	A_024603
US202017773976A	A_006083
US202017774640A	A_024604
US202017774707A	A_005614
US202017776099A	A_006185
US202017776345A	A_006185
US202017776402A	A_024605
US202017777671A	A_024606
US202017780009A	A_024607
US202017789752A	A_005496
US202017919365A	A_007383
US202017924125A	A_007383
US202018001548A	A_013124
US202018001548A	A_024608
US202018001622A	A_024609
US202018035468A	A_006458
US202018250897A	A_022585
US2021013428W	A_007795
US2021025474W	A_024610
US2021027787W	A_024611
US2021039607W	A_024609
US2021044554W	A_024612
US2021052833W	A_024613
US2021054489W	A_022563
US2021056835W	A_022408
US2021056960W	A_024098
US2021058719W	A_007824
US2021062463W	A_007705
US2021063392W	A_020616
US2021063756W	A_024611
US2021072544W	A_020572
US202117140527A	A_008039
US202117140785A	A_009973
US202117141769A	A_024098
US202117146419A	A_024614
US202117146776A	A_024615
US202117148274A	A_000129
US202117149114A	A_020572
US202117149854A	A_024616
US202117151918A	A_000129
US202117155532A	A_024617
US202117155532A	A_024618
US202117155532A	A_024619
US202117157303A	A_009973
US202117159048A	A_007733
US202117159982A	A_024098
US202117159986A	A_024098
US202117162339A	A_024620
US202117162470A	A_024620
US202117165714A	A_024621
US202117165714A	A_024622
US202117165792A	A_024623
US202117166587A	A_024624
US202117167652A	A_006703
US202117168975A	A_007751
US202117171128A	A_006703
US202117171914A	A_024625
US202117173732A	A_007790
US202117174442A	A_008042
US202117174582A	A_006835
US202117176056A	A_024626
US202117178809A	A_024627
US202117178809A	A_024628
US202117179521A	A_007996
US202117181712A	A_009973
US202117182102A	A_024629
US202117182685A	A_006223
US202117183129A	A_020616
US202117185068A	A_024630
US202117188938A	A_005618
US202117188938A	A_024631
US202117190204A	A_024229
US202117190507A	A_009969
US202117190631A	A_024632
US202117191793A	A_020556
US202117192832A	A_020572
US202117193059A	A_024633
US202117194646A	A_008274
US202117194752A	A_007824
US202117195005A	A_007996
US202117195151A	A_008379
US202117196146A	A_024304
US202117196438A	A_013592
US202117196764A	A_024634
US202117197192A	A_022495
US202117199010A	A_024635
US202117199010A	A_024636
US202117199010A	A_012591
US202117199010A	A_024637
US202117199010A	A_024638
US202117199010A	A_024639
US202117199010A	A_024640
US202117199146A	A_024641
US202117200231A	A_024616
US202117200718A	A_009998
US202117201419A	A_024642
US202117201458A	A_024557
US202117208889A	A_024643
US202117208999A	A_024644
US202117209542A	A_024645
US202117210254A	A_024646
US202117211380A	A_024647
US202117211509A	A_024648
US202117211873A	A_024649
US202117211885A	A_005507
US202117212181A	A_005618
US202117213918A	A_009998
US202117214145A	A_005469
US202117215888A	A_024650
US202117217437A	A_005469
US202117219087A	A_009274
US202117219129A	A_010017
US202117220832A	A_005499
US202117221827A	A_024651
US202117224822A	A_024313
US202117227593A	A_007996
US202117227913A	A_008150
US202117228056A	A_007996
US202117228162A	A_024235
US202117233097A	A_024098
US202117234749A	A_006695
US202117235062A	A_024098
US202117237268A	A_024642
US202117237407A	A_024652
US202117240471A	A_009973
US202117240680A	A_024098
US202117240723A	A_009973
US202117240961A	A_024653
US202117241487A	A_007751
US202117244734A	A_009973
US202117306300A	A_008042
US202117306419A	A_009973
US202117307667A	A_006163
US202117308663A	A_022336
US202117313504A	A_020615
US202117315225A	A_024611
US202117316893A	A_006703
US202117317378A	A_007751
US202117318208A	A_008114
US202117318871A	A_022336
US202117319366A	A_024497
US202117319891A	A_022336
US202117320274A	A_024654
US202117324198A	A_007788
US202117325082A	A_008029
US202117326963A	A_024655
US202117327309A	A_007705
US202117328505A	A_022336
US202117328734A	A_024656
US202117328843A	A_000002
US202117328934A	A_022419
US202117330136A	A_007824
US202117330509A	A_024295
US202117335305A	A_024657
US202117336205A	A_024658
US202117336999A	A_024098
US202117337410A	A_024659
US202117337829A	A_024660
US202117337868A	A_024660
US202117339510A	A_020622
US202117339935A	A_024661
US202117340272A	A_005704
US202117341320A	A_000129
US202117342853A	A_005587
US202117344328A	A_008243
US202117344328A	A_000069
US202117347233A	A_009864
US202117347692A	A_009274
US202117348248A	A_007790
US202117348392A	A_007998
US202117348408A	A_024662
US202117348861A	A_024663
US202117349021A	A_024098
US202117349829A	A_022504
US202117350871A	A_008396
US202117352021A	A_024664
US202117352459A	A_024098
US202117353037A	A_009973
US202117354460A	A_005552
US202117354533A	A_005577
US202117355806A	A_024665
US202117356043A	A_007790
US202117357257A	A_007682
US202117357821A	A_020616
US202117358526A	A_007790
US202117358908A	A_007790
US202117359057A	A_024666
US202117359806A	A_024667
US202117361324A	A_005587
US202117361605A	A_024574
US202117364597A	A_024307
US202117364795A	A_024668
US202117365243A	A_006294
US202117366444A	A_007996
US202117369209A	A_024669
US202117369742A	A_005576
US202117371990A	A_024670
US202117373301A	A_009973
US202117374225A	A_024304
US202117375903A	A_006402
US202117377251A	A_020615
US202117378393A	A_024671
US202117378887A	A_008028
US202117380592A	A_024672
US202117381036A	A_000047
US202117381611A	A_007996
US202117382086A	A_024673
US202117382437A	A_024674
US202117382658A	A_007705
US202117382675A	A_007705
US202117385317A	A_024675
US202117387736A	A_024676
US202117387973A	A_022374
US202117388341A	A_024677
US202117390595A	A_024271
US202117390843A	A_024678
US202117390843A	A_024679
US202117391374A	A_022336
US202117391378A	A_022336
US202117391395A	A_022336
US202117393812A	A_006703
US202117394086A	A_008220
US202117395295A	A_009973
US202117397393A	A_009973
US202117397882A	A_024680
US202117398259A	A_024304
US202117398804A	A_024304
US202117399287A	A_024681
US202117400684A	A_024307
US202117400975A	A_007705
US202117402029A	A_024682
US202117405615A	A_024683
US202117407373A	A_010021
US202117410134A	A_024684
US202117434314A	A_006703
US202117445324A	A_007705
US202117446746A	A_009973
US202117447625A	A_024685
US202117448828A	A_007705
US202117449778A	A_007705
US202117451030A	A_024686
US202117451161A	A_024687
US202117451988A	A_007705
US202117452749A	A_022336
US202117452751A	A_022336
US202117455473A	A_009911
US202117456980A	A_009973
US202117457081A	A_024507
US202117457945A	A_024272
US202117457956A	A_007824
US202117458095A	A_006163
US202117460112A	A_009973
US202117460395A	A_024688
US202117461173A	A_024582
US202117461252A	A_022484
US202117461354A	A_024689
US202117461527A	A_009973
US202117464023A	A_009973
US202117464853A	A_009973
US202117464911A	A_005636
US202117467718A	A_022336
US202117468264A	A_009973
US202117469999A	A_000037
US202117470291A	A_024690
US202117473859A	A_024691
US202117474580A	A_024692
US202117475748A	A_013558
US202117477124A	A_024693
US202117477124A	A_024694
US202117477214A	A_022336
US202117477784A	A_006703
US202117478649A	A_000057
US202117479266A	A_008125
US202117479916A	A_007705
US202117480421A	A_007682
US202117480915A	A_024695
US202117481113A	A_005809
US202117481572A	A_007790
US202117483944A	A_024696
US202117484153A	A_024697
US202117484253A	A_007790
US202117484455A	A_024698
US202117485201A	A_009973
US202117485233A	A_009973
US202117486260A	A_009973
US202117487081A	A_024699
US202117489448A	A_024700
US202117490500A	A_024701
US202117491229A	A_024098
US202117492172A	A_024702
US202117492220A	A_009973
US202117492740A	A_024703
US202117493450A	A_024704
US202117497322A	A_024098
US202117497487A	A_024705
US202117497997A	A_024706
US202117497997A	A_024707
US202117498248A	A_024580
US202117498248A	A_008042
US202117498355A	A_024708
US202117498651A	A_007705
US202117499156A	A_024098
US202117499258A	A_024709
US202117502375A	A_024271
US202117502793A	A_008252
US202117502897A	A_009911
US202117503541A	A_008145
US202117504711A	A_007790
US202117504782A	A_008111
US202117506549A	A_022373
US202117507884A	A_008014
US202117508253A	A_000037
US202117509156A	A_020616
US202117509926A	A_008084
US202117509963A	A_007824
US202117513913A	A_023658
US202117514872A	A_024271
US202117515127A	A_024710
US202117515325A	A_022445
US202117517124A	A_008396
US202117518012A	A_005577
US202117520824A	A_024711
US202117521625A	A_000050
US202117521630A	A_007790
US202117522238A	A_024712
US202117522417A	A_022336
US202117522973A	A_005585
US202117523694A	A_005587
US202117524471A	A_009973
US202117524814A	A_009973
US202117524909A	A_022445
US202117525246A	A_024713
US202117525246A	A_024714
US202117525246A	A_024715
US202117525839A	A_024098
US202117526007A	A_024716
US202117527096A	A_024717
US202117528277A	A_022509
US202117529067A	A_000037
US202117530572A	A_014431
US202117531581A	A_009973
US202117531776A	A_024718
US202117533508A	A_024719
US202117533603A	A_024580
US202117533603A	A_008042
US202117534023A	A_024720
US202117534272A	A_008263
US202117534745A	A_024721
US202117535052A	A_008170
US202117535116A	A_024098
US202117535472A	A_022403
US202117536433A	A_024722
US202117537253A	A_007661
US202117537369A	A_024723
US202117539159A	A_024724
US202117539904A	A_024725
US202117540235A	A_008413
US202117540829A	A_008042
US202117542726A	A_009973
US202117543411A	A_005577
US202117544439A	A_006703
US202117545926A	A_024627
US202117545926A	A_024628
US202117545926A	A_024726
US202117550619A	A_005555
US202117551024A	A_009973
US202117551567A	A_007829
US202117551620A	A_024727
US202117551620A	A_024728
US202117552347A	A_020616
US202117552347A	A_024729
US202117552411A	A_024730
US202117553682A	A_007661
US202117554828A	A_024731
US202117556550A	A_009973
US202117556891A	A_009973
US202117556908A	A_009973
US202117556924A	A_009973
US202117558035A	A_009973
US202117558465A	A_009973
US202117559139A	A_019504
US202117559861A	A_005503
US202117560709A	A_008379
US202117561882A	A_005587
US202117562560A	A_009973
US202117562590A	A_009973
US202117563014A	A_024732
US202117563356A	A_010025
US202117564524A	A_024733
US202117565891A	A_022329
US202117566198A	A_024734
US202117566268A	A_024735
US202117597985A	A_009973
US202117628800A	A_009973
US202117631201A	A_009973
US202117633523A	A_009973
US202117644288A	A_000037
US202117644432A	A_022413
US202117645184A	A_009973
US202117646254A	A_009973
US202117646591A	A_023120
US202117755086A	A_024593
US202117758411A	A_024736
US202117758588A	A_006185
US202117774194A	A_024737
US202117790578A	A_024561
US202117791342A	A_024738
US202117794636A	A_005496
US202117795368A	A_005487
US202117795998A	A_006188
US202117802729A	A_024739
US202117866396A	A_022468
US202117905786A	A_024740
US202117920590A	A_009245
US202117920961A	A_024741
US202117922280A	A_007790
US202117924309A	A_000099
US202117925958A	A_024742
US202117928207A	A_024743
US202117928214A	A_024743
US202117929015A	A_024744
US202118002488A	A_024745
US202118004219A	A_007998
US202118007299A	A_007962
US202118011108A	A_022427
US202118013461A	A_024746
US202118015924A	A_024747
US202118017259A	A_024748
US202118017989A	A_024749
US202118017989A	A_024750
US202118018654A	A_007836
US202118020279A	A_024751
US202118028028A	A_024752
US202118032115A	A_000099
US202118033205A	A_024753
US202118038085A	A_024754
US202118252169A	A_015130
US202118252989A	A_024755
US202118257020A	A_024756
US202118257020A	A_024757
US202118257870A	A_024758
US202118259684A	A_022463
US202118263233A	A_024609
US202118266569A	A_006695
US202118267482A	A_024759
US202118268060A	A_006223
US202118270397A	A_018178
US202118272627A	A_022592
US202118283054A	A_006223
US202118283054A	A_024760
US202118283054A	A_024761
US202118293813A	A_022592
US202118566014A	A_007705
US202118579961A	A_006223
US202118701065A	A_013124
US202118703135A	A_022585
US202118705126A	A_007383
US202118712490A	A_024762
US202118716070A	A_024609
US2022013993W	A_024763
US2022020111W	A_024764
US2022022055W	A_007790
US2022028869W	A_022374
US2022030982W	A_022374
US2022031427W	A_022336
US2022034307W	A_024765
US2022037532W	A_024766
US2022039734W	A_024767
US2022040114W	A_024768
US2022042115W	A_009973
US2022042215W	A_020616
US2022042441W	A_013128
US2022053968W	A_024769
US2022053968W	A_024770
US2022054029W	A_024771
US2022070073W	A_020572
US2022072635W	A_009973
US2022072636W	A_009973
US2022075412W	A_009973
US2022077082W	A_007996
US2022082477W	A_024772
US202217568162A	A_000099
US202217568585A	A_024695
US202217568985A	A_024773
US202217570340A	A_024098
US202217570468A	A_024774
US202217570782A	A_024775
US202217571598A	A_024776
US202217572485A	A_005572
US202217573214A	A_009973
US202217574794A	A_007986
US202217574794A	A_019483
US202217576471A	A_014255
US202217577787A	A_024557
US202217578566A	A_006223
US202217578750A	A_024777
US202217578751A	A_008274
US202217579070A	A_005469
US202217580498A	A_024514
US202217580935A	A_024778
US202217581585A	A_024779
US202217582228A	A_008125
US202217583908A	A_024271
US202217584332A	A_007705
US202217585163A	A_024780
US202217585320A	A_024781
US202217586975A	A_017800
US202217587640A	A_024782
US202217587928A	A_007700
US202217589709A	A_024783
US202217589715A	A_011373
US202217590487A	A_024720
US202217591548A	A_009973
US202217591551A	A_009973
US202217592096A	A_022336
US202217646780A	A_007824
US202217647261A	A_005469
US202217647699A	A_009973
US202217648399A	A_009973
US202217652304A	A_007682
US202217652415A	A_009973
US202217652854A	A_007705
US202217652909A	A_007705
US202217656291A	A_024784
US202217656380A	A_022514
US202217657558A	A_000050
US202217658309A	A_024785
US202217658904A	A_007705
US202217659032A	A_022336
US202217659633A	A_022336
US202217660192A	A_009973
US202217660195A	A_009973
US202217660928A	A_024786
US202217661847A	A_005469
US202217661852A	A_005882
US202217662334A	A_022413
US202217663139A	A_009973
US202217663255A	A_009973
US202217663702A	A_007841
US202217663800A	A_009973
US202217664320A	A_009973
US202217664661A	A_024787
US202217664979A	A_022484
US202217667756A	A_024098
US202217668936A	A_007790
US202217669608A	A_024788
US202217670038A	A_008358
US202217674510A	A_022509
US202217675723A	A_024789
US202217676563A	A_024790
US202217677321A	A_011143
US202217677544A	A_009973
US202217678835A	A_022336
US202217679018A	A_009973
US202217681805A	A_005618
US202217683125A	A_022517
US202217683292A	A_022336
US202217683621A	A_020646
US202217684041A	A_024791
US202217684041A	A_024792
US202217686170A	A_024793
US202217687555A	A_020616
US202217687720A	A_024794
US202217688304A	A_024700
US202217688491A	A_000122
US202217688491A	A_006402
US202217689098A	A_024795
US202217689109A	A_020556
US202217689857A	A_009973
US202217690231A	A_007262
US202217690231A	A_006635
US202217690610A	A_024796
US202217691723A	A_022336
US202217693634A	A_024766
US202217693754A	A_024098
US202217694467A	A_007705
US202217694561A	A_006703
US202217696168A	A_020616
US202217698488A	A_005587
US202217698584A	A_024472
US202217700003A	A_024797
US202217700843A	A_007682
US202217702669A	A_024798
US202217702669A	A_022507
US202217703902A	A_009973
US202217704013A	A_024799
US202217704354A	A_006703
US202217704709A	A_024800
US202217708627A	A_009973
US202217709031A	A_022336
US202217709279A	A_007801
US202217709279A	A_008186
US202217710503A	A_000050
US202217716787A	A_007700
US202217720199A	A_024801
US202217721497A	A_006703
US202217721667A	A_024802
US202217721784A	A_024803
US202217722930A	A_024804
US202217722930A	A_024805
US202217722930A	A_024806
US202217722930A	A_024807
US202217722930A	A_005854
US202217726115A	A_005625
US202217726115A	A_005626
US202217726255A	A_009973
US202217726391A	A_024098
US202217726675A	A_008274
US202217727986A	A_009973
US202217728119A	A_009948
US202217728180A	A_024808
US202217728465A	A_005587
US202217729329A	A_024098
US202217729924A	A_024270
US202217731020A	A_024098
US202217731100A	A_009973
US202217731258A	A_007705
US202217731522A	A_024500
US202217731699A	A_014248
US202217733497A	A_024801
US202217733688A	A_022509
US202217734155A	A_007996
US202217735057A	A_024497
US202217735058A	A_024809
US202217735458A	A_009973
US202217738851A	A_022374
US202217739282A	A_024810
US202217739921A	A_008263
US202217740101A	A_008084
US202217740160A	A_007661
US202217740217A	A_024811
US202217740827A	A_009973
US202217740885A	A_024216
US202217741940A	A_009973
US202217742865A	A_007790
US202217742882A	A_024812
US202217744155A	A_008252
US202217744350A	A_009973
US202217745066A	A_007733
US202217745792A	A_024813
US202217747676A	A_009973
US202217747751A	A_024814
US202217748644A	A_009973
US202217749386A	A_006703
US202217749386A	A_006531
US202217750326A	A_022374
US202217751333A	A_020646
US202217752702A	A_007700
US202217758332A	A_009973
US202217804289A	A_024372
US202217804289A	A_022459
US202217805296A	A_024815
US202217805984A	A_024816
US202217806451A	A_024817
US202217807839A	A_024818
US202217808921A	A_009973
US202217809276A	A_010066
US202217812050A	A_011125
US202217812625A	A_005469
US202217812985A	A_022336
US202217813286A	A_009973
US202217814395A	A_009973
US202217814758A	A_024819
US202217816249A	A_006703
US202217816756A	A_022563
US202217817659A	A_024820
US202217818323A	A_024821
US202217818323A	A_024822
US202217818884A	A_007824
US202217819216A	A_007705
US202217819468A	A_012627
US202217820547A	A_024817
US202217821406A	A_024823
US202217821473A	A_008042
US202217821482A	A_007963
US202217822448A	A_007682
US202217823443A	A_009973
US202217824959A	A_024824
US202217826611A	A_022336
US202217827390A	A_022336
US202217827394A	A_022336
US202217827446A	A_022336
US202217829616A	A_024825
US202217829861A	A_009973
US202217830412A	A_024642
US202217830800A	A_009973
US202217833359A	A_006340
US202217833509A	A_024826
US202217834508A	A_024827
US202217834900A	A_024524
US202217835582A	A_024828
US202217835587A	A_024828
US202217836167A	A_007996
US202217837074A	A_024829
US202217837164A	A_008042
US202217839527A	A_022370
US202217840561A	A_024830
US202217841982A	A_005809
US202217842320A	A_024831
US202217842320A	A_024832
US202217842320A	A_024833
US202217842320A	A_024834
US202217843639A	A_009973
US202217845166A	A_008396
US202217847977A	A_024835
US202217849133A	A_009973
US202217849367A	A_024098
US202217850754A	A_024836
US202217853836A	A_000113
US202217855264A	A_024271
US202217855595A	A_024522
US202217855769A	A_008234
US202217858579A	A_009973
US202217860692A	A_022406
US202217861233A	A_009973
US202217863075A	A_024802
US202217863291A	A_007661
US202217864933A	A_010017
US202217865102A	A_009973
US202217865637A	A_006703
US202217866300A	A_009973
US202217866336A	A_009973
US202217866341A	A_009973
US202217867101A	A_007700
US202217867371A	A_009973
US202217867543A	A_024098
US202217868631A	A_013668
US202217868668A	A_022336
US202217870262A	A_024837
US202217872067A	A_020556
US202217872162A	A_006703
US202217872292A	A_024838
US202217872805A	A_007790
US202217873458A	A_024839
US202217874033A	A_009973
US202217874624A	A_005548
US202217878098A	A_024793
US202217878296A	A_024840
US202217878773A	A_024841
US202217878869A	A_024098
US202217879447A	A_022336
US202217880168A	A_006402
US202217882836A	A_009973
US202217883191A	A_009973
US202217884048A	A_007824
US202217884432A	A_009973
US202217885959A	A_024368
US202217887124A	A_009920
US202217887813A	A_009973
US202217888185A	A_022336
US202217888299A	A_009973
US202217890004A	A_022393
US202217890849A	A_022336
US202217890960A	A_020650
US202217891495A	A_006703
US202217891495A	A_009608
US202217891660A	A_024842
US202217892339A	A_005548
US202217892542A	A_024843
US202217893427A	A_007732
US202217895064A	A_024365
US202217895236A	A_006703
US202217895328A	A_024272
US202217895336A	A_022336
US202217895696A	A_009973
US202217895959A	A_009973
US202217896032A	A_007700
US202217896788A	A_006703
US202217897053A	A_009973
US202217897401A	A_024844
US202217898160A	A_009973
US202217898887A	A_022336
US202217899378A	A_024845
US202217900502A	A_022396
US202217902294A	A_024846
US202217902808A	A_007008
US202217903096A	A_024642
US202217929937A	A_006703
US202217929954A	A_009973
US202217929968A	A_009973
US202217930034A	A_009973
US202217930764A	A_011143
US202217931093A	A_022403
US202217931416A	A_009973
US202217931592A	A_008042
US202217931663A	A_007831
US202217933198A	A_024585
US202217935465A	A_022336
US202217935473A	A_022336
US202217937635A	A_008252
US202217938517A	A_000492
US202217938651A	A_006703
US202217942551A	A_022336
US202217942725A	A_009973
US202217942821A	A_009973
US202217942898A	A_022509
US202217944091A	A_022336
US202217944094A	A_005577
US202217949921A	A_024847
US202217950755A	A_005741
US202217952723A	A_024098
US202217953002A	A_007790
US202217953042A	A_024514
US202217953106A	A_024848
US202217953317A	A_024849
US202217955011A	A_024850
US202217955491A	A_024098
US202217955814A	A_024801
US202217955841A	A_024851
US202217955841A	A_022336
US202217956175A	A_007711
US202217956862A	A_024852
US202217956940A	A_005467
US202217956940A	A_007958
US202217957256A	A_008393
US202217957987A	A_007790
US202217959199A	A_024808
US202217959689A	A_024843
US202217959940A	A_024801
US202217960750A	A_007978
US202217960750A	A_024827
US202217960750A	A_014993
US202217960784A	A_022336
US202217961507A	A_007661
US202217961874A	A_018177
US202217962016A	A_020646
US202217962019A	A_024596
US202217962705A	A_024703
US202217963657A	A_024853
US202217963657A	A_009911
US202217964794A	A_009973
US202217965622A	A_000050
US202217965868A	A_024854
US202217966288A	A_022608
US202217966319A	A_024855
US202217967339A	A_009973
US202217967348A	A_000112
US202217968687A	A_007661
US202217969057A	A_005587
US202217969287A	A_024773
US202217969514A	A_022336
US202217971246A	A_024514
US202217971246A	A_024856
US202217971535A	A_022504
US202217973205A	A_006703
US202217973314A	A_009274
US202217974649A	A_020556
US202217974879A	A_024857
US202217974928A	A_024857
US202217975450A	A_024801
US202217975585A	A_008014
US202217976093A	A_024497
US202217976178A	A_024858
US202217976494A	A_024859
US202217976512A	A_024098
US202217977942A	A_022336
US202217978489A	A_006703
US202217978885A	A_022336
US202217983191A	A_024860
US202217986631A	A_007705
US202217987335A	A_008158
US202217987524A	A_014255
US202217988032A	A_006223
US202217988422A	A_020616
US202217989263A	A_024861
US202217989509A	A_024271
US202217990193A	A_000050
US202217991410A	A_024862
US202217992006A	A_023004
US202217993231A	A_022484
US202217993280A	A_006703
US202217994115A	A_006703
US202217994796A	A_008385
US202218045375A	A_020616
US202218045561A	A_007682
US202218046984A	A_007824
US202218047310A	A_007733
US202218048284A	A_009973
US202218048368A	A_024863
US202218048714A	A_023114
US202218051114A	A_022336
US202218053433A	A_007682
US202218053453A	A_007828
US202218055820A	A_020572
US202218056559A	A_022336
US202218056813A	A_008252
US202218057039A	A_022336
US202218057661A	A_000050
US202218058132A	A_009973
US202218058751A	A_023642
US202218059133A	A_005882
US202218059710A	A_005882
US202218061027A	A_022336
US202218061365A	A_007705
US202218061407A	A_024107
US202218061729A	A_008042
US202218063028A	A_024864
US202218063028A	A_024526
US202218064119A	A_022336
US202218064430A	A_007824
US202218066248A	A_007719
US202218066445A	A_007682
US202218067654A	A_005577
US202218067840A	A_024865
US202218067916A	A_005469
US202218068471A	A_022445
US202218069790A	A_007733
US202218070569A	A_024263
US202218070856A	A_022455
US202218070858A	A_005882
US202218072566A	A_007661
US202218072887A	A_024866
US202218072887A	A_024867
US202218073016A	A_024868
US202218073790A	A_024869
US202218073790A	A_023140
US202218074394A	A_024870
US202218075201A	A_007661
US202218076792A	A_020646
US202218077960A	A_024871
US202218077960A	A_024872
US202218078905A	A_024873
US202218079772A	A_022336
US202218080568A	A_009973
US202218081267A	A_022653
US202218081304A	A_022653
US202218081352A	A_022653
US202218081468A	A_009973
US202218081677A	A_022504
US202218081970A	A_024802
US202218082146A	A_024874
US202218082242A	A_024875
US202218082489A	A_009973
US202218082885A	A_022374
US202218083352A	A_022488
US202218083352A	A_012612
US202218083467A	A_008042
US202218083546A	A_022336
US202218083886A	A_006402
US202218084299A	A_024670
US202218085736A	A_022653
US202218086509A	A_024876
US202218088676A	A_024877
US202218089010A	A_009973
US202218090639A	A_006185
US202218090764A	A_007790
US202218090923A	A_022290
US202218091502A	A_024878
US202218091868A	A_020616
US202218147230A	A_013124
US202218147625A	A_007824
US202218147830A	A_024879
US202218147977A	A_023656
US202218147977A	A_024880
US202218148268A	A_005809
US202218263858A	A_024881
US202218272965A	A_024882
US202218275301A	A_024883
US202218279396A	A_024884
US202218287962A	A_005496
US202218288306A	A_024885
US202218288354A	A_022427
US202218294155A	A_024886
US202218564617A	A_024887
US202218564617A	A_024888
US202218568256A	A_022403
US202218573913A	A_024514
US202218574807A	A_024889
US202218575929A	A_005404
US202218576625A	A_013124
US202218577256A	A_024890
US202218579388A	A_022493
US202218688622A	A_024891
US202218691075A	A_024892
US202218692927A	A_022576
US202218695619A	A_007962
US202218695971A	A_024893
US202218698408A	A_000029
US202218699927A	A_005496
US202218700906A	A_024894
US202218703832A	A_022376
US202218711192A	A_000048
US202218711826A	A_007841
US202218711826A	A_007798
US202218711826A	A_024895
US202218711826A	A_024896
US202218712338A	A_024897
US202218719526A	A_022531
US202218723784A	A_024898
US202218723842A	A_024899
US202218837595A	A_000129
US202218848015A	A_006695
US202218848139A	A_024900
US202218850754A	A_007705
US202218865512A	A_007383
US202218876145A	A_007705
US2023013274W	A_024901
US2023016946W	A_007790
US2023017980W	A_022468
US2023025359W	A_024902
US2023033534W	A_022403
US2023036790W	A_000099
US2023036797W	A_024903
US2023060736W	A_024904
US2023060736W	A_024905
US2023060736W	A_024906
US2023063185W	A_008113
US2023063194W	A_008113
US2023063968W	A_022336
US2023072140W	A_007841
US2023076073W	A_005585
US2023081039W	A_024907
US2023082665W	A_024908
US2023082864W	A_015130
US2023083184W	A_009973
US2023084326W	A_024785
US2023084326W	A_024909
US2023084326W	A_024910
US2023084326W	A_024911
US2023084394W	A_008421
US2023084442W	A_022336
US2023084443W	A_022336
US2023084444W	A_022336
US2023084445W	A_022336
US2023084447W	A_022336
US2023085514W	A_022403
US202318093581A	A_007719
US202318093870A	A_022413
US202318093944A	A_024912
US202318093944A	A_008028
US202318095885A	A_024271
US202318096093A	A_007705
US202318098372A	A_024913
US202318098588A	A_000050
US202318099776A	A_007824
US202318101391A	A_024914
US202318102246A	A_005809
US202318102972A	A_024497
US202318103100A	A_024796
US202318104007A	A_009973
US202318104086A	A_022291
US202318104897A	A_009973
US202318104941A	A_015032
US202318105219A	A_024915
US202318109114A	A_005500
US202318110582A	A_006703
US202318110582A	A_024916
US202318110803A	A_007705
US202318111206A	A_024482
US202318111280A	A_009973
US202318112321A	A_024917
US202318112457A	A_024918
US202318113472A	A_007775
US202318114453A	A_024545
US202318114853A	A_024919
US202318116797A	A_024920
US202318117306A	A_024921
US202318117820A	A_009973
US202318118246A	A_024671
US202318119605A	A_024922
US202318120491A	A_024802
US202318120734A	A_022482
US202318120844A	A_024923
US202318123222A	A_022336
US202318124467A	A_007700
US202318124760A	A_024304
US202318124815A	A_022344
US202318125595A	A_009973
US202318126124A	A_024924
US202318126153A	A_024814
US202318126707A	A_020617
US202318127960A	A_007790
US202318128934A	A_024925
US202318128969A	A_024926
US202318129413A	A_006703
US202318130153A	A_007700
US202318130250A	A_022781
US202318130758A	A_024927
US202318131476A	A_007700
US202318132145A	A_024928
US202318133031A	A_013124
US202318133877A	A_024929
US202318134385A	A_024930
US202318134560A	A_024931
US202318134992A	A_024222
US202318137015A	A_024932
US202318137820A	A_009973
US202318137895A	A_009973
US202318138480A	A_024933
US202318139058A	A_007790
US202318140492A	A_024271
US202318140499A	A_024271
US202318140586A	A_024934
US202318140650A	A_024935
US202318141545A	A_024271
US202318141615A	A_005809
US202318141988A	A_022336
US202318143525A	A_024271
US202318149248A	A_022336
US202318149454A	A_022336
US202318149924A	A_022336
US202318150243A	A_010046
US202318150889A	A_022336
US202318151175A	A_022336
US202318153486A	A_022397
US202318153486A	A_022509
US202318154130A	A_022509
US202318154237A	A_022336
US202318154699A	A_005704
US202318155538A	A_005809
US202318156210A	A_007962
US202318156352A	A_024936
US202318156953A	A_024937
US202318158525A	A_005809
US202318159587A	A_024353
US202318159898A	A_024938
US202318160291A	A_024939
US202318160694A	A_022336
US202318161502A	A_022397
US202318161999A	A_022445
US202318163183A	A_000050
US202318165120A	A_022336
US202318165660A	A_008402
US202318166121A	A_022336
US202318167264A	A_011125
US202318167698A	A_024940
US202318167862A	A_024941
US202318168247A	A_005577
US202318168538A	A_008221
US202318168681A	A_006703
US202318169120A	A_024942
US202318170016A	A_007682
US202318170194A	A_024304
US202318170572A	A_024943
US202318170729A	A_022336
US202318170966A	A_017800
US202318173099A	A_008364
US202318173099A	A_008365
US202318173421A	A_007700
US202318173863A	A_005552
US202318174742A	A_020646
US202318174906A	A_022336
US202318178010A	A_007705
US202318178269A	A_005577
US202318179971A	A_024582
US202318180027A	A_024107
US202318180053A	A_024107
US202318180077A	A_024944
US202318180207A	A_007829
US202318180476A	A_022336
US202318181717A	A_024945
US202318182086A	A_022336
US202318182160A	A_024946
US202318182160A	A_024947
US202318182669A	A_009998
US202318184011A	A_005488
US202318184459A	A_022336
US202318185857A	A_022336
US202318186104A	A_024532
US202318186376A	A_008146
US202318187622A	A_007700
US202318188193A	A_007700
US202318189833A	A_007661
US202318190485A	A_022411
US202318190951A	A_024098
US202318191704A	A_005857
US202318191709A	A_024948
US202318194389A	A_024949
US202318195584A	A_024950
US202318196842A	A_007790
US202318196986A	A_024272
US202318197186A	A_024951
US202318199057A	A_009973
US202318199134A	A_024952
US202318199397A	A_024953
US202318201490A	A_024954
US202318202234A	A_008034
US202318202365A	A_007700
US202318203059A	A_024955
US202318206906A	A_024482
US202318208144A	A_006703
US202318208675A	A_024802
US202318208763A	A_024956
US202318208763A	A_024957
US202318208763A	A_024958
US202318209183A	A_000112
US202318209341A	A_005809
US202318209937A	A_024304
US202318210450A	A_024959
US202318211476A	A_009973
US202318212462A	A_024960
US202318212462A	A_024961
US202318212462A	A_024962
US202318212549A	A_024963
US202318216086A	A_024497
US202318216304A	A_007700
US202318216618A	A_024964
US202318217003A	A_007719
US202318217510A	A_024965
US202318218053A	A_024304
US202318219886A	A_022400
US202318219969A	A_022336
US202318220093A	A_022336
US202318220097A	A_024966
US202318220162A	A_022336
US202318222936A	A_022336
US202318222940A	A_024967
US202318222940A	A_024968
US202318224297A	A_024271
US202318224557A	A_022504
US202318225074A	A_024969
US202318225267A	A_022336
US202318225598A	A_024970
US202318225598A	A_024971
US202318226565A	A_024972
US202318226565A	A_024973
US202318227257A	A_024974
US202318227811A	A_024975
US202318228197A	A_000129
US202318228403A	A_020616
US202318231389A	A_024976
US202318233126A	A_024977
US202318233152A	A_024978
US202318233321A	A_024979
US202318233686A	A_024271
US202318233803A	A_007790
US202318235133A	A_009973
US202318235613A	A_024980
US202318237279A	A_024981
US202318241075A	A_024271
US202318241553A	A_024982
US202318243001A	A_024983
US202318243142A	A_008385
US202318244095A	A_006703
US202318244149A	A_000086
US202318289349A	A_024984
US202318295358A	A_007711
US202318296442A	A_008401
US202318297053A	A_009911
US202318300268A	A_024985
US202318300955A	A_024801
US202318301932A	A_022605
US202318302386A	A_022512
US202318302604A	A_024490
US202318303954A	A_008263
US202318304223A	A_007682
US202318304576A	A_000113
US202318304576A	A_024986
US202318304576A	A_024987
US202318304576A	A_022437
US202318308011A	A_024773
US202318309806A	A_023642
US202318311326A	A_007700
US202318312660A	A_023658
US202318314359A	A_007705
US202318314683A	A_023642
US202318315229A	A_008401
US202318315870A	A_010017
US202318316002A	A_024985
US202318316980A	A_022344
US202318317803A	A_013636
US202318318212A	A_022336
US202318318502A	A_005572
US202318318943A	A_024985
US202318319140A	A_006703
US202318319546A	A_022336
US202318319689A	A_022336
US202318320265A	A_022336
US202318320497A	A_007682
US202318320629A	A_007661
US202318320716A	A_022336
US202318321935A	A_022484
US202318322952A	A_024353
US202318323314A	A_024988
US202318323767A	A_022336
US202318324349A	A_024989
US202318326927A	A_024502
US202318327472A	A_023114
US202318327643A	A_022336
US202318328124A	A_024848
US202318329341A	A_024098
US202318331715A	A_024990
US202318331715A	A_024871
US202318333281A	A_022336
US202318333519A	A_022336
US202318334811A	A_022376
US202318337052A	A_023642
US202318337620A	A_008125
US202318337819A	A_009973
US202318337984A	A_022336
US202318338797A	A_023642
US202318339430A	A_007705
US202318339444A	A_006835
US202318339461A	A_024353
US202318339504A	A_024353
US202318340423A	A_005572
US202318340547A	A_024848
US202318341163A	A_022336
US202318342009A	A_024848
US202318342649A	A_007705
US202318342780A	A_022592
US202318342971A	A_024800
US202318343453A	A_005577
US202318343485A	A_024991
US202318344893A	A_023642
US202318345431A	A_022509
US202318347304A	A_024992
US202318347322A	A_024992
US202318347408A	A_022396
US202318347485A	A_022403
US202318348456A	A_024993
US202318348850A	A_024994
US202318349758A	A_024995
US202318350239A	A_005577
US202318350247A	A_024996
US202318351039A	A_006703
US202318351348A	A_000037
US202318351452A	A_024098
US202318351986A	A_009973
US202318352053A	A_007661
US202318352224A	A_007790
US202318352579A	A_022336
US202318352989A	A_024801
US202318353586A	A_022336
US202318353727A	A_024801
US202318354718A	A_024098
US202318356539A	A_024098
US202318357886A	A_023642
US202318359630A	A_007700
US202318360300A	A_007700
US202318365966A	A_022336
US202318366374A	A_024997
US202318366394A	A_022336
US202318367160A	A_024998
US202318368488A	A_024999
US202318370218A	A_022504
US202318372511A	A_000115
US202318373294A	A_022609
US202318373506A	A_025000
US202318373942A	A_025001
US202318375134A	A_025002
US202318378988A	A_007700
US202318379270A	A_008414
US202318380638A	A_000492
US202318381138A	A_025003
US202318381264A	A_025004
US202318381825A	A_022503
US202318382695A	A_024271
US202318382762A	A_025005
US202318382806A	A_000050
US202318384994A	A_024619
US202318385184A	A_005548
US202318385474A	A_022504
US202318386410A	A_014255
US202318386911A	A_009973
US202318386983A	A_006695
US202318387962A	A_022504
US202318388077A	A_005548
US202318389334A	A_022374
US202318391276A	A_022336
US202318392297A	A_006402
US202318393539A	A_025006
US202318395222A	A_009973
US202318396058A	A_024773
US202318396199A	A_024985
US202318397399A	A_009973
US202318397921A	A_024801
US202318398207A	A_007790
US202318398657A	A_025007
US202318400294A	A_024353
US202318400337A	A_025008
US202318447402A	A_024642
US202318447633A	A_024353
US202318447891A	A_005857
US202318449238A	A_022336
US202318449567A	A_007705
US202318450346A	A_025009
US202318450367A	A_010066
US202318451144A	A_005496
US202318451509A	A_008359
US202318452181A	A_006703
US202318452364A	A_022336
US202318452596A	A_025010
US202318452770A	A_025011
US202318453313A	A_023642
US202318453943A	A_024098
US202318455940A	A_024248
US202318456016A	A_024700
US202318456681A	A_025012
US202318456681A	A_023189
US202318457140A	A_009728
US202318457437A	A_008125
US202318460269A	A_024098
US202318460905A	A_007705
US202318462244A	A_013104
US202318462782A	A_005882
US202318463261A	A_007951
US202318463557A	A_007705
US202318465071A	A_024942
US202318466233A	A_008379
US202318467403A	A_023642
US202318467643A	A_025013
US202318467993A	A_007705
US202318468168A	A_025014
US202318468209A	A_022336
US202318469124A	A_005469
US202318469890A	A_024353
US202318470347A	A_022403
US202318470359A	A_022403
US202318471858A	A_000005
US202318473414A	A_007705
US202318473591A	A_022413
US202318477651A	A_022336
US202318477844A	A_007790
US202318479594A	A_025015
US202318481113A	A_024098
US202318482157A	A_007682
US202318482662A	A_024836
US202318482838A	A_025016
US202318482839A	A_025016
US202318483294A	A_022396
US202318483294A	A_025017
US202318483404A	A_022336
US202318483480A	A_025018
US202318483697A	A_022336
US202318484209A	A_010063
US202318484306A	A_022336
US202318485113A	A_025019
US202318485225A	A_022336
US202318485819A	A_025020
US202318487800A	A_022336
US202318487950A	A_025021
US202318488674A	A_022336
US202318488958A	A_025022
US202318490040A	A_009973
US202318490178A	A_006703
US202318490616A	A_024352
US202318492048A	A_024878
US202318492138A	A_009973
US202318493270A	A_025023
US202318493633A	A_022605
US202318494841A	A_024514
US202318497025A	A_022509
US202318497857A	A_025024
US202318498583A	A_007705
US202318500001A	A_022336
US202318500852A	A_022336
US202318501738A	A_025025
US202318502551A	A_007719
US202318505278A	A_022336
US202318506687A	A_007790
US202318506873A	A_009973
US202318508915A	A_009973
US202318509587A	A_009973
US202318510811A	A_005809
US202318511163A	A_022336
US202318514826A	A_025026
US202318515180A	A_010066
US202318515416A	A_005585
US202318515909A	A_025027
US202318517119A	A_025028
US202318518701A	A_025029
US202318519311A	A_009973
US202318520014A	A_005585
US202318520098A	A_022336
US202318520169A	A_009973
US202318521943A	A_009973
US202318522004A	A_005625
US202318522004A	A_005626
US202318522004A	A_025030
US202318522075A	A_022517
US202318522075A	A_025031
US202318522986A	A_007700
US202318523433A	A_022413
US202318523478A	A_009973
US202318523512A	A_024098
US202318525180A	A_022653
US202318525474A	A_025032
US202318525725A	A_025033
US202318526046A	A_025034
US202318526383A	A_023182
US202318526912A	A_024514
US202318527162A	A_005809
US202318527713A	A_007705
US202318528995A	A_007824
US202318529659A	A_025035
US202318531350A	A_025036
US202318531374A	A_022336
US202318531515A	A_005556
US202318532136A	A_007383
US202318532272A	A_022336
US202318533727A	A_009973
US202318533807A	A_006695
US202318533860A	A_024801
US202318534346A	A_022403
US202318534398A	A_025037
US202318534401A	A_008034
US202318535844A	A_008379
US202318538280A	A_024642
US202318539161A	A_009973
US202318539240A	A_007661
US202318540426A	A_022336
US202318540576A	A_007700
US202318541028A	A_025038
US202318543015A	A_025039
US202318543678A	A_024814
US202318543678A	A_025040
US202318544102A	A_007998
US202318544782A	A_007705
US202318545131A	A_023642
US202318545141A	A_005809
US202318545361A	A_007705
US202318545561A	A_024514
US202318545603A	A_024507
US202318545871A	A_007705
US202318545911A	A_022336
US202318698277A	A_009973
US202318833948A	A_025041
US202318838458A	A_025042
US202318839622A	A_007962
US202318843021A	A_025043
US202318843581A	A_005428
US202318847850A	A_025044
US202318850694A	A_007383
US202318856830A	A_007963
US202318866110A	A_024754
US202318866270A	A_006083
US202318866994A	A_025045
US202318867084A	A_008252
US202318869504A	A_007383
US202318879217A	A_006068
US202318879251A	A_006068
US202318879856A	A_025046
US202318997091A	A_005496
US202319134206A	A_005428
US202319134206A	A_025047
AU2024050658W	A_029399
AU2024202358A	A_009920
AU2024202415A	A_027742
AU2024202588A	A_029400
AU2024202588A	A_029401
AU2024204140A	A_029402
AU2024204700A	A_029403
AU2024224360A	A_029404
AU2024227765A	A_029405
AU2024236081A	A_029406
AU2024259790A	A_020621
AU2024267105A	A_029407
AU2024277194A	A_029408
AU2025200219A	A_029409
AU2025200800A	A_029410
AU2025203439A1	A_007778
BG647425U	A_019519
BG647425U	A_019520
BR2024050398W	A_029411
BR2024050398W	A_029412
BR2024050398W	A_029413
BR2024050398W	A_029414
CA2024051214W	A_027063
CA2024051562W	A_029415
CA2025050177W	A_022482
CN2024073486W	A_021059
CN2024073486W	A_023189
CN2024075546W	A_010709
CN2024075546W	A_029416
CN2024075760W	A_012652
CN2024075760W	A_005857
CN2024076929W	A_020752
CN2024076929W	A_029417
CN2024078743W	A_011837
CN2024078743W	A_029418
CN2024078743W	A_029419
CN2024078743W	A_029420
CN2024079473W	A_006223
CN2024079473W	A_029421
CN2024081539W	A_021493
CN2024081539W	A_029422
CN2024081539W	A_021966
CN2024081539W	A_007820
CN2024082509W	A_025904
CN2024082509W	A_025905
CN2024088304W	A_021493
CN2024088304W	A_029422
CN2024088304W	A_021966
CN2024088304W	A_007820
CN2024093798W	A_007790
CN2024093798W	A_029423
CN2024093798W	A_029424
CN2024093798W	A_029425
CN2024093798W	A_029426
CN2024094650W	A_014498
CN2024094650W	A_024777
CN2024097587W	A_005857
CN2024098261W	A_021162
CN2024098261W	A_009903
CN202410002265.9	A_029427
CN202410003858.7	A_029428
CN202410004944.X	A_027719
CN202410005106.4	A_029429
CN202410006821.X	A_000452
CN202410009039.3	A_027672
CN202410010782.0	A_025897
CN202410011548.X	A_003072
CN202410012016.8	A_029430
CN202410012106.7	A_025272
CN202410016326.7	A_029431
CN202410016983.1	A_004031
CN202410017170.4	A_020752
CN202410017728.9	A_003907
CN202410019578.5	A_000139
CN202410021297.3	A_001123
CN202410022952.7	A_021662
CN202410022952.7	A_021663
CN202410025738.7	A_001137
CN202410026178.7	A_003255
CN202410026178.7	A_026132
CN202410028481.0	A_015325
CN202410033480.5	A_021864
CN202410033480.5	A_020954
CN202410033899.0	A_029432
CN202410034387.6	A_011197
CN202410036515.0	A_019224
CN202410037582.4	A_029433
CN202410037597.0	A_029434
CN202410037786.8	A_029435
CN202410038398.1	A_020752
CN202410038439.7	A_000182
CN202410038585.X	A_000182
CN202410038782.1	A_001676
CN202410039003.X	A_000609
CN202410040978.4	A_015440
CN202410041634.5	A_000162
CN202410042582.3	A_001613
CN202410043032.3	A_029436
CN202410043297.3	A_000198
CN202410043322.8	A_029437
CN202410043322.8	A_029438
CN202410043322.8	A_029439
CN202410043322.8	A_029440
CN202410043322.8	A_029441
CN202410043322.8	A_029442
CN202410043322.8	A_029443
CN202410043322.8	A_029444
CN202410043322.8	A_029445
CN202410043322.8	A_029446
CN202410049852.3	A_029447
CN202410050613.X	A_004766
CN202410050942.4	A_002907
CN202410052632.6	A_021854
CN202410052968.2	A_019234
CN202410052968.2	A_015255
CN202410052968.2	A_012004
CN202410054847.1	A_000528
CN202410055210.4	A_013698
CN202410059835.8	A_029448
CN202410061672.7	A_000198
CN202410062926.7	A_000203
CN202410066127.7	A_029449
CN202410066127.7	A_002463
CN202410068292.6	A_021419
CN202410068893.7	A_029450
CN202410069717.5	A_000609
CN202410069717.5	A_001099
CN202410069719.4	A_000609
CN202410069719.4	A_001099
CN202410071437.8	A_021982
CN202410071943.7	A_001676
CN202410071943.7	A_029451
CN202410072134.8	A_029452
CN202410072550.8	A_015289
CN202410072550.8	A_000778
CN202410072550.8	A_003547
CN202410072550.8	A_000384
CN202410073376.9	A_021325
CN202410073860.1	A_018629
CN202410073860.1	A_004382
CN202410073860.1	A_000384
CN202410073860.1	A_011513
CN202410073860.1	A_014611
CN202410073990.5	A_029453
CN202410075144.7	A_021854
CN202410075727.X	A_029454
CN202410076221.0	A_001363
CN202410078512.3	A_022124
CN202410083190.1	A_001485
CN202410085336.6	A_000299
CN202410086081.5	A_000931
CN202410088354.X	A_003085
CN202410088354.X	A_029455
CN202410088354.X	A_000384
CN202410091051.3	A_029456
CN202410091209.7	A_025185
CN202410092797.6	A_000574
CN202410093362.3	A_003974
CN202410093686.7	A_029457
CN202410095101.5	A_004715
CN202410096763.4	A_001960
CN202410097217.2	A_003077
CN202410097217.2	A_011862
CN202410099398.2	A_000294
CN202410100686.5	A_002795
CN202410102260.3	A_010492
CN202410103219.8	A_000452
CN202410106108.2	A_008598
CN202410107385.5	A_029458
CN202410107567.2	A_000326
CN202410107567.2	A_003168
CN202410108084.4	A_003267
CN202410108703.X	A_029459
CN202410109574.6	A_029460
CN202410110473.0	A_001455
CN202410111299.1	A_022253
CN202410112767.7	A_015919
CN202410116474.6	A_017141
CN202410116722.7	A_021325
CN202410116994.7	A_000139
CN202410120022.5	A_000979
CN202410121286.2	A_000198
CN202410121290.9	A_002455
CN202410123945.6	A_008740
CN202410128845.2	A_029461
CN202410129047.1	A_000304
CN202410131361.3	A_000299
CN202410131835.4	A_029462
CN202410132314.0	A_001574
CN202410133054.9	A_002616
CN202410133054.9	A_000384
CN202410133054.9	A_000507
CN202410133054.9	A_008877
CN202410136077.5	A_029463
CN202410137453.2	A_000371
CN202410137463.6	A_000371
CN202410137609.7	A_029464
CN202410146316.5	A_001127
CN202410146892.X	A_001676
CN202410147018.8	A_001672
CN202410147018.8	A_001668
CN202410147018.8	A_019098
CN202410149359.9	A_000213
CN202410150009.4	A_004157
CN202410150009.4	A_003256
CN202410150639.1	A_000326
CN202410151641.0	A_011219
CN202410151641.0	A_001799
CN202410151641.0	A_019996
CN202410152369.8	A_029465
CN202410155848.5	A_000339
CN202410156729.1	A_020752
CN202410158053.X	A_002913
CN202410158053.X	A_025258
CN202410158735.0	A_029466
CN202410159474.4	A_000299
CN202410160077.9	A_029467
CN202410161789.2	A_029468
CN202410163455.9	A_002079
CN202410165132.3	A_008801
CN202410165322.5	A_022061
CN202410166889.4	A_011192
CN202410166889.4	A_000384
CN202410166889.4	A_008977
CN202410167618.0	A_010633
CN202410167838.3	A_011219
CN202410167838.3	A_001799
CN202410167838.3	A_019996
CN202410169475.7	A_005270
CN202410171622.4	A_029469
CN202410172096.3	A_002795
CN202410173446.8	A_029470
CN202410173923.0	A_020715
CN202410174105.2	A_001055
CN202410174516.1	A_029030
CN202410174667.7	A_020767
CN202410175419.4	A_002455
CN202410178046.6	A_029471
CN202410178049.X	A_029471
CN202410180007.X	A_000369
CN202410184102.7	A_020752
CN202410186768.6	A_029472
CN202410188809.5	A_001327
CN202410193108.0	A_003731
CN202410193254.3	A_004957
CN202410193254.3	A_000895
CN202410193254.3	A_029473
CN202410194557.7	A_000936
CN202410195688.7	A_020767
CN202410196222.9	A_029474
CN202410197067.2	A_004153
CN202410197067.2	A_021917
CN202410197393.3	A_003267
CN202410197393.3	A_016770
CN202410197393.3	A_000778
CN202410197624.0	A_000828
CN202410197624.0	A_020900
CN202410197979.X	A_000253
CN202410198181.7	A_021864
CN202410198181.7	A_000384
CN202410199221.X	A_021940
CN202410199328.4	A_020752
CN202410200400.0	A_027206
CN202410200927.3	A_029475
CN202410200927.3	A_000294
CN202410204890.1	A_019176
CN202410205446.1	A_021854
CN202410205446.1	A_029476
CN202410205495.5	A_029477
CN202410205495.5	A_029478
CN202410206546.6	A_005063
CN202410207257.8	A_029479
CN202410215219.7	A_003981
CN202410215617.9	A_002872
CN202410215617.9	A_029480
CN202410216408.6	A_001363
CN202410221085.X	A_029481
CN202410221684.1	A_000936
CN202410222501.8	A_015822
CN202410224012.6	A_029482
CN202410224978.X	A_029483
CN202410225088.0	A_029484
CN202410226028.0	A_029485
CN202410226028.0	A_029486
CN202410230164.7	A_029487
CN202410233339.X	A_000641
CN202410233339.X	A_015868
CN202410235173.5	A_002504
CN202410235184.3	A_002872
CN202410236234.X	A_001703
CN202410237187.0	A_026176
CN202410237187.0	A_021000
CN202410237187.0	A_019298
CN202410237669.6	A_001799
CN202410237669.6	A_011219
CN202410237669.6	A_019996
CN202410238023.X	A_029488
CN202410242936.9	A_029489
CN202410243640.9	A_001676
CN202410244354.4	A_003063
CN202410245503.9	A_021399
CN202410249225.4	A_003074
CN202410250443.X	A_001799
CN202410250443.X	A_003033
CN202410252686.7	A_029490
CN202410253512.2	A_002400
CN202410257361.8	A_000596
CN202410257808.1	A_029491
CN202410259914.3	A_002312
CN202410262503.X	A_029492
CN202410262747.8	A_026133
CN202410263378.4	A_014515
CN202410268618.X	A_000182
CN202410269650.X	A_001139
CN202410271052.6	A_029493
CN202410271096.9	A_002872
CN202410271096.9	A_001499
CN202410271296.4	A_000326
CN202410272115.X	A_020752
CN202410273065.7	A_000389
CN202410274300.2	A_016972
CN202410275096.6	A_021741
CN202410275096.6	A_018629
CN202410275096.6	A_029494
CN202410276424.4	A_002913
CN202410276466.8	A_000294
CN202410278417.8	A_004236
CN202410280266.X	A_029495
CN202410280794.5	A_003923
CN202410282958.8	A_029496
CN202410283309.X	A_021071
CN202410283406.9	A_018979
CN202410285254.6	A_029497
CN202410285853.8	A_000252
CN202410286221.3	A_029498
CN202410289307.1	A_029499
CN202410289537.8	A_012652
CN202410289927.5	A_000162
CN202410289931.1	A_021656
CN202410289931.1	A_001821
CN202410292251.5	A_000966
CN202410293716.9	A_029500
CN202410296391.X	A_002268
CN202410296782.1	A_000304
CN202410296782.1	A_010448
CN202410297680.1	A_000756
CN202410297894.9	A_001010
CN202410297963.6	A_000162
CN202410297963.6	A_014363
CN202410298340.0	A_003981
CN202410303315.7	A_003970
CN202410303978.9	A_029501
CN202410304794.4	A_000294
CN202410306684.1	A_000326
CN202410306965.7	A_012825
CN202410307258.X	A_015240
CN202410308218.7	A_001137
CN202410309498.3	A_029458
CN202410310271.0	A_029502
CN202410310272.5	A_013698
CN202410311720.3	A_029503
CN202410312867.4	A_011275
CN202410314714.3	A_027915
CN202410317531.7	A_015918
CN202410320591.4	A_000299
CN202410320591.4	A_020982
CN202410320702.1	A_000477
CN202410321925.X	A_013698
CN202410322751.9	A_000681
CN202410322797.0	A_000681
CN202410322932.1	A_029504
CN202410323243.2	A_029505
CN202410323465.4	A_004031
CN202410325097.7	A_004161
CN202410326065.9	A_001103
CN202410328032.8	A_015706
CN202410331439.6	A_000337
CN202410333908.8	A_003664
CN202410337074.8	A_029506
CN202410337107.9	A_029506
CN202410337773.2	A_001314
CN202410337773.2	A_020747
CN202410338103.2	A_029507
CN202410338489.7	A_016204
CN202410341509.6	A_018391
CN202410341881.7	A_000943
CN202410344129.8	A_003262
CN202410346502.3	A_020954
CN202410346502.3	A_029508
CN202410346861.9	A_016496
CN202410351283.8	A_029509
CN202410352746.2	A_004414
CN202410352746.2	A_021982
CN202410352818.3	A_003826
CN202410352818.3	A_028482
CN202410353028.7	A_009089
CN202410353852.2	A_029510
CN202410354227.X	A_029511
CN202410354749.X	A_002446
CN202410356244.7	A_016698
CN202410356334.6	A_029512
CN202410358031.8	A_029513
CN202410358424.9	A_000304
CN202410365596.9	A_003970
CN202410366649.9	A_000509
CN202410368214.8	A_010703
CN202410368573.3	A_000452
CN202410369404.1	A_029506
CN202410369602.8	A_001991
CN202410369741.0	A_000931
CN202410370992.0	A_029514
CN202410371034.5	A_000182
CN202410372763.2	A_016496
CN202410372966.1	A_015255
CN202410374052.9	A_020752
CN202410375015.X	A_001613
CN202410375015.X	A_029515
CN202410375026.8	A_000134
CN202410375879.1	A_011506
CN202410376261.7	A_000936
CN202410381783.6	A_000292
CN202410382040.0	A_018231
CN202410384757.9	A_005262
CN202410384757.9	A_005263
CN202410385827.2	A_029516
CN202410386829.3	A_020798
CN202410387174.1	A_029517
CN202410387296.0	A_004729
CN202410387296.0	A_001135
CN202410388423.9	A_029518
CN202410388982.X	A_000936
CN202410390123.4	A_022164
CN202410390875.0	A_000304
CN202410391520.3	A_010278
CN202410391525.6	A_010278
CN202410391945.4	A_029519
CN202410392170.2	A_029520
CN202410392857.6	A_029506
CN202410393629.0	A_029506
CN202410393823.9	A_029521
CN202410394555.2	A_002907
CN202410398563.4	A_029522
CN202410399081.0	A_000326
CN202410399161.6	A_008930
CN202410399161.6	A_000384
CN202410399161.6	A_008931
CN202410401403.0	A_029523
CN202410402338.3	A_000477
CN202410402479.5	A_000936
CN202410404236.5	A_020752
CN202410404591.2	A_029524
CN202410406175.6	A_029525
CN202410408674.9	A_003012
CN202410409039.2	A_016898
CN202410410138.2	A_029526
CN202410413265.8	A_000315
CN202410413265.8	A_000316
CN202410413937.5	A_008959
CN202410414465.5	A_001139
CN202410414569.6	A_027242
CN202410415141.3	A_029527
CN202410416002.2	A_029528
CN202410416259.8	A_000326
CN202410416944.0	A_029529
CN202410419079.5	A_029530
CN202410419829.9	A_029531
CN202410420039.2	A_014521
CN202410422097.9	A_004153
CN202410422668.9	A_021146
CN202410422668.9	A_021147
CN202410425442.4	A_002859
CN202410427419.9	A_001060
CN202410428360.5	A_000596
CN202410428826.1	A_000337
CN202410429163.5	A_000314
CN202410429679.X	A_001137
CN202410429903.5	A_017213
CN202410431038.8	A_000260
CN202410431989.5	A_002440
CN202410431989.5	A_000778
CN202410431989.5	A_002439
CN202410434175.7	A_029532
CN202410434917.6	A_020767
CN202410435936.0	A_020767
CN202410436094.0	A_029533
CN202410436094.0	A_029534
CN202410436532.3	A_002312
CN202410437231.2	A_029535
CN202410439593.5	A_020767
CN202410440547.7	A_005297
CN202410440547.7	A_000636
CN202410441204.2	A_002616
CN202410441204.2	A_000384
CN202410441204.2	A_020884
CN202410442439.3	A_012219
CN202410442667.0	A_002872
CN202410443746.3	A_029536
CN202410444394.3	A_028515
CN202410444394.3	A_029537
CN202410445234.0	A_029538
CN202410445234.0	A_029539
CN202410448968.4	A_001451
CN202410450915.6	A_012859
CN202410454062.3	A_000198
CN202410454230.9	A_029540
CN202410454230.9	A_029541
CN202410454230.9	A_029542
CN202410455926.3	A_000198
CN202410456327.3	A_029543
CN202410456710.9	A_029544
CN202410456710.9	A_001055
CN202410457835.3	A_008801
CN202410458810.5	A_002360
CN202410459903.X	A_000315
CN202410459903.X	A_015646
CN202410459938.3	A_003901
CN202410461077.2	A_000353
CN202410461397.8	A_001109
CN202410461397.8	A_002913
CN202410461529.7	A_001109
CN202410461529.7	A_002913
CN202410461630.2	A_002913
CN202410461630.2	A_001109
CN202410461674.5	A_000913
CN202410463340.1	A_001377
CN202410465683.1	A_029545
CN202410465965.1	A_002616
CN202410465965.1	A_000384
CN202410467501.4	A_027242
CN202410470931.1	A_012656
CN202410472004.3	A_029546
CN202410472541.8	A_000353
CN202410472573.8	A_015590
CN202410474702.7	A_020767
CN202410474738.5	A_003450
CN202410474738.5	A_001237
CN202410477821.8	A_003085
CN202410477821.8	A_029547
CN202410478457.7	A_028459
CN202410479494.X	A_029548
CN202410480356.3	A_004624
CN202410482864.5	A_011719
CN202410483490.9	A_004302
CN202410483901.4	A_017141
CN202410483901.4	A_000299
CN202410484270.8	A_003267
CN202410484270.8	A_002440
CN202410484270.8	A_000778
CN202410484677.0	A_000315
CN202410484677.0	A_001347
CN202410484689.3	A_021049
CN202410484935.5	A_021558
CN202410486815.9	A_029549
CN202410488324.8	A_004208
CN202410491036.8	A_000304
CN202410491674.X	A_029550
CN202410491674.X	A_029551
CN202410494599.2	A_015478
CN202410494599.2	A_010601
CN202410496071.9	A_000406
CN202410497024.6	A_029552
CN202410497958.X	A_029466
CN202410499457.5	A_003787
CN202410499854.2	A_016965
CN202410501588.2	A_001772
CN202410501588.2	A_029553
CN202410503872.3	A_002440
CN202410503872.3	A_000778
CN202410503872.3	A_002439
CN202410505148.4	A_002619
CN202410505750.8	A_003970
CN202410505939.7	A_029554
CN202410506624.4	A_000458
CN202410508972.5	A_029555
CN202410511540.X	A_001031
CN202410513127.7	A_000474
CN202410515170.7	A_000636
CN202410517059.1	A_000252
CN202410518700.3	A_000315
CN202410518700.3	A_001347
CN202410518779.X	A_009180
CN202410519303.8	A_015228
CN202410520312.9	A_003267
CN202410520312.9	A_010302
CN202410520312.9	A_000778
CN202410523213.6	A_029466
CN202410524469.9	A_000692
CN202410525429.6	A_029556
CN202410528572.0	A_013698
CN202410529519.2	A_000636
CN202410530805.0	A_021595
CN202410531316.7	A_010121
CN202410532481.4	A_029557
CN202410533670.3	A_001770
CN202410533882.1	A_000326
CN202410536193.6	A_022030
CN202410537442.3	A_029558
CN202410538913.2	A_029559
CN202410538913.2	A_029560
CN202410538913.2	A_029561
CN202410540682.9	A_010278
CN202410541352.1	A_000371
CN202410544805.6	A_000514
CN202410548503.6	A_000162
CN202410552623.3	A_029562
CN202410552781.9	A_022187
CN202410553811.8	A_000991
CN202410553912.5	A_000509
CN202410553912.5	A_029563
CN202410558410.1	A_000171
CN202410558811.7	A_011446
CN202410559567.6	A_000315
CN202410559567.6	A_015646
CN202410560895.8	A_000596
CN202410560911.3	A_000182
CN202410560996.5	A_029564
CN202410561323.1	A_000377
CN202410561538.3	A_029565
CN202410561538.3	A_029566
CN202410562944.1	A_021777
CN202410564187.1	A_029567
CN202410564464.9	A_020752
CN202410565670.1	A_004070
CN202410566037.4	A_000326
CN202410566242.0	A_002953
CN202410566242.0	A_029568
CN202410566703.4	A_021623
CN202410566703.4	A_000514
CN202410566789.0	A_029565
CN202410566789.0	A_029566
CN202410567372.6	A_029569
CN202410568373.2	A_000326
CN202410569010.0	A_003082
CN202410573999.2	A_029570
CN202410574150.7	A_029571
CN202410577148.5	A_013757
CN202410577148.5	A_021266
CN202410577429.0	A_029572
CN202410577429.0	A_029573
CN202410577429.0	A_029574
CN202410581288.X	A_001026
CN202410581992.5	A_000778
CN202410581992.5	A_003267
CN202410581992.5	A_002440
CN202410583338.8	A_001676
CN202410584574.1	A_029575
CN202410584928.2	A_001994
CN202410585247.8	A_003625
CN202410586711.5	A_001659
CN202410586944.5	A_000202
CN202410587044.2	A_029277
CN202410589271.9	A_027203
CN202410591419.2	A_002953
CN202410592175.X	A_002907
CN202410592326.1	A_003262
CN202410592405.2	A_020967
CN202410592811.9	A_000756
CN202410594745.9	A_003901
CN202410595977.6	A_000252
CN202410596497.1	A_029576
CN202410597043.6	A_002992
CN202410597251.6	A_029577
CN202410600558.7	A_004050
CN202410600898.X	A_000294
CN202410601737.2	A_008959
CN202410602262.9	A_011781
CN202410602493.X	A_000477
CN202410608236.7	A_000253
CN202410608245.6	A_011755
CN202410611039.0	A_029578
CN202410615863.3	A_016101
CN202410616345.3	A_001229
CN202410616766.6	A_000326
CN202410616766.6	A_004120
CN202410619893.1	A_029579
CN202410620473.5	A_000252
CN202410624045.X	A_003660
CN202410625218.X	A_015746
CN202410625740.8	A_029580
CN202410625874.X	A_029580
CN202410627179.7	A_020715
CN202410627183.3	A_020715
CN202410628551.6	A_000979
CN202410632117.5	A_005287
CN202410634951.8	A_010501
CN202410636139.9	A_029581
CN202410638228.7	A_000276
CN202410638744.X	A_001756
CN202410639711.7	A_029582
CN202410640868.1	A_000895
CN202410640868.1	A_020169
CN202410640868.1	A_029583
CN202410640868.1	A_029584
CN202410640981.X	A_004920
CN202410643800.9	A_000452
CN202410643801.3	A_000452
CN202410645647.3	A_029585
CN202410646708.8	A_000182
CN202410647492.7	A_029586
CN202410648611.0	A_029587
CN202410650373.7	A_012652
CN202410651900.6	A_002953
CN202410651900.6	A_029568
CN202410653175.6	A_000709
CN202410655238.1	A_021694
CN202410655423.0	A_015857
CN202410655698.4	A_015466
CN202410657695.4	A_002400
CN202410657818.4	A_017027
CN202410657938.4	A_004575
CN202410657967.0	A_029588
CN202410659754.1	A_021587
CN202410660873.9	A_000317
CN202410663503.0	A_000979
CN202410663503.0	A_014681
CN202410664613.9	A_029589
CN202410665003.0	A_029590
CN202410665442.1	A_010674
CN202410665442.1	A_004157
CN202410665470.3	A_029591
CN202410665548.1	A_003262
CN202410668690.1	A_002360
CN202410669638.8	A_003118
CN202410670066.5	A_003662
CN202410670726.X	A_027207
CN202410673095.7	A_000315
CN202410673095.7	A_003116
CN202410673098.0	A_000315
CN202410673098.0	A_003116
CN202410680165.1	A_029592
CN202410682100.0	A_029433
CN202410682349.1	A_029593
CN202410682953.4	A_003676
CN202410685006.0	A_015410
CN202410685389.1	A_029594
CN202410685418.4	A_029595
CN202410685440.9	A_001574
CN202410687428.1	A_013698
CN202410687678.5	A_012958
CN202410688668.3	A_029596
CN202410688862.1	A_018551
CN202410688862.1	A_000384
CN202410688994.4	A_029597
CN202410692286.8	A_020096
CN202410696464.4	A_001113
CN202410696464.4	A_029598
CN202410697086.1	A_001087
CN202410697086.1	A_029599
CN202410698612.6	A_029600
CN202410698735.X	A_000203
CN202410698858.3	A_021777
CN202410701114.2	A_002872
CN202410702931.X	A_000223
CN202410706052.4	A_001031
CN202410708609.8	A_003676
CN202410709506.3	A_029601
CN202410710731.9	A_029602
CN202410712017.3	A_000139
CN202410712136.9	A_003082
CN202410712821.1	A_000895
CN202410713172.7	A_001018
CN202410716007.7	A_004157
CN202410716890.X	A_000681
CN202410717880.8	A_029603
CN202410717880.8	A_029604
CN202410717880.8	A_029605
CN202410718088.4	A_015535
CN202410718476.2	A_000596
CN202410721749.9	A_000203
CN202410721992.0	A_001099
CN202410724110.6	A_029606
CN202410724250.3	A_022091
CN202410724760.0	A_020977
CN202410726476.7	A_001057
CN202410728018.7	A_029607
CN202410729196.1	A_029608
CN202410729967.7	A_001860
CN202410730974.9	A_000252
CN202410733658.7	A_029609
CN202410734750.5	A_015516
CN202410737855.6	A_029610
CN202410737855.6	A_029611
CN202410738338.0	A_010133
CN202410738338.0	A_001656
CN202410738497.0	A_029612
CN202410740881.4	A_000223
CN202410741439.3	A_018391
CN202410741554.0	A_001065
CN202410741554.0	A_001066
CN202410742046.4	A_029613
CN202410742152.2	A_029614
CN202410742944.X	A_001485
CN202410743264.X	A_029615
CN202410743380.1	A_003875
CN202410743380.1	A_001574
CN202410743380.1	A_021864
CN202410743380.1	A_001087
CN202410743380.1	A_020971
CN202410745840.4	A_000304
CN202410745840.4	A_003179
CN202410745909.3	A_004051
CN202410746919.9	A_012656
CN202410747896.3	A_029616
CN202410747896.3	A_004729
CN202410747896.3	A_004557
CN202410747896.3	A_029617
CN202410747896.3	A_018694
CN202410748820.2	A_029618
CN202410748820.2	A_027590
CN202410750870.4	A_029619
CN202410751621.7	A_016161
CN202410751646.7	A_025258
CN202410751927.2	A_005295
CN202410758768.9	A_000292
CN202410760375.1	A_029620
CN202410760375.1	A_002282
CN202410760565.3	A_000896
CN202410761422.4	A_001531
CN202410761422.4	A_026210
CN202410761804.7	A_004302
CN202410762019.3	A_000337
CN202410764668.7	A_004522
CN202410765316.3	A_029621
CN202410765953.0	A_029622
CN202410767082.6	A_005135
CN202410767221.5	A_018566
CN202410767322.2	A_010591
CN202410769590.8	A_029623
CN202410769590.8	A_029624
CN202410769590.8	A_029625
CN202410770115.2	A_003808
CN202410771054.1	A_028459
CN202410774536.2	A_029626
CN202410774866.1	A_029627
CN202410776087.5	A_000326
CN202410777095.1	A_012219
CN202410777273.0	A_012286
CN202410777273.0	A_012287
CN202410777273.0	A_004125
CN202410780231.2	A_029628
CN202410781473.3	A_000253
CN202410782375.1	A_029629
CN202410783290.5	A_005030
CN202410783536.9	A_003082
CN202410783611.1	A_002616
CN202410783611.1	A_000384
CN202410783611.1	A_002617
CN202410787644.3	A_002109
CN202410787644.3	A_015612
CN202410787644.3	A_000384
CN202410788069.9	A_001676
CN202410788069.9	A_029302
CN202410791838.0	A_003436
CN202410793364.3	A_011200
CN202410793929.8	A_000609
CN202410796223.7	A_020727
CN202410798336.0	A_029630
CN202410800556.2	A_021940
CN202410804526.9	A_025720
CN202410804664.7	A_003779
CN202410804664.7	A_029631
CN202410807735.9	A_012219
CN202410807769.8	A_029632
CN202410807817.3	A_010651
CN202410808618.4	A_003168
CN202410809535.7	A_029633
CN202410810200.7	A_029634
CN202410810249.2	A_029309
CN202410810256.2	A_029309
CN202410810266.6	A_029309
CN202410810449.8	A_029635
CN202410810449.8	A_003130
CN202410810449.8	A_027592
CN202410812162.9	A_029636
CN202410816662.X	A_029637
CN202410817280.9	A_025199
CN202410818169.1	A_019029
CN202410820192.4	A_002109
CN202410820192.4	A_021064
CN202410820192.4	A_000384
CN202410821237.X	A_000535
CN202410821237.X	A_014087
CN202410821479.9	A_027549
CN202410821479.9	A_016510
CN202410821479.9	A_000476
CN202410821479.9	A_029638
CN202410821515.1	A_027549
CN202410821515.1	A_016510
CN202410821515.1	A_000476
CN202410821515.1	A_029638
CN202410821561.1	A_000614
CN202410821561.1	A_002872
CN202410821577.2	A_027549
CN202410821577.2	A_016510
CN202410821577.2	A_000476
CN202410821577.2	A_029638
CN202410821934.5	A_022073
CN202410823208.7	A_003130
CN202410823208.7	A_001574
CN202410824252.X	A_029639
CN202410825125.1	A_029640
CN202410825427.9	A_029641
CN202410826154.X	A_000134
CN202410830008.4	A_014605
CN202410830008.4	A_029642
CN202410830008.4	A_001176
CN202410830008.4	A_000384
CN202410830534.0	A_029643
CN202410830769.X	A_029644
CN202410833768.0	A_000237
CN202410834012.8	A_029645
CN202410838028.6	A_029646
CN202410838220.5	A_029647
CN202410838622.5	A_029648
CN202410838757.1	A_017027
CN202410839450.3	A_003022
CN202410840299.5	A_029649
CN202410840616.3	A_002760
CN202410843500.5	A_029650
CN202410843500.5	A_029651
CN202410843845.0	A_029652
CN202410844078.5	A_017018
CN202410844587.8	A_029653
CN202410847157.1	A_000947
CN202410851874.1	A_029654
CN202410851874.1	A_000260
CN202410853850.X	A_029655
CN202410854260.9	A_015255
CN202410854260.9	A_011681
CN202410854260.9	A_011946
CN202410854899.7	A_029656
CN202410855885.7	A_011165
CN202410858324.2	A_029657
CN202410858793.4	A_000977
CN202410865277.4	A_000239
CN202410865277.4	A_029658
CN202410866389.1	A_002768
CN202410866389.1	A_001568
CN202410866389.1	A_011860
CN202410866389.1	A_029334
CN202410866389.1	A_000384
CN202410866389.1	A_000294
CN202410866631.5	A_029659
CN202410869064.9	A_029660
CN202410870168.1	A_000301
CN202410870747.6	A_000139
CN202410871599.X	A_029661
CN202410871779.8	A_029662
CN202410880107.3	A_029663
CN202410880317.2	A_029664
CN202410885531.7	A_004273
CN202410886361.4	A_001087
CN202410886361.4	A_002768
CN202410886361.4	A_000294
CN202410886361.4	A_000384
CN202410886808.8	A_001363
CN202410886839.3	A_029665
CN202410887549.0	A_015185
CN202410887897.8	A_029666
CN202410888207.0	A_003909
CN202410888227.8	A_002414
CN202410890848.X	A_000315
CN202410890848.X	A_001347
CN202410891257.4	A_000279
CN202410891351.X	A_015426
CN202410892295.1	A_022125
CN202410893036.0	A_029667
CN202410893037.5	A_029667
CN202410896056.3	A_000505
CN202410896395.1	A_029668
CN202410897556.9	A_029669
CN202410899578.9	A_021855
CN202410899578.9	A_029670
CN202410899651.2	A_001498
CN202410899651.2	A_002872
CN202410900491.9	A_005045
CN202410900491.9	A_029671
CN202410900618.7	A_029672
CN202410901219.2	A_000326
CN202410902029.2	A_000442
CN202410903059.5	A_017072
CN202410904309.7	A_001139
CN202410906142.8	A_029673
CN202410906144.7	A_029674
CN202410906692.X	A_017897
CN202410907224.4	A_001574
CN202410908193.4	A_029675
CN202410909173.9	A_005122
CN202410909871.9	A_002708
CN202410910951.6	A_003318
CN202410910951.6	A_002793
CN202410910951.6	A_000384
CN202410912558.0	A_000253
CN202410912882.2	A_000162
CN202410915314.8	A_001363
CN202410915703.0	A_029676
CN202410915791.4	A_029677
CN202410915791.4	A_014722
CN202410915791.4	A_029678
CN2024109163W	A_012652
CN2024109163W	A_005857
CN202410917330.0	A_029679
CN202410919265.5	A_000276
CN202410923073.1	A_002472
CN202410923709.2	A_029680
CN202410926711.5	A_002953
CN202410928548.6	A_029681
CN202410928569.8	A_000279
CN202410931973.0	A_029682
CN202410932132.1	A_003051
CN202410932132.1	A_000384
CN202410932137.4	A_020767
CN202410932342.0	A_000221
CN202410933326.3	A_029683
CN202410933412.4	A_029684
CN202410933584.1	A_022114
CN202410933584.1	A_002081
CN202410933584.1	A_003131
CN202410936378.6	A_000337
CN202410936611.0	A_000339
CN202410938580.2	A_000182
CN202410939435.6	A_002374
CN202410940774.6	A_010601
CN202410940990.0	A_000394
CN202410941763.X	A_001139
CN202410941896.7	A_011892
CN202410945300.0	A_015662
CN202410946331.8	A_003346
CN202410946785.5	A_029685
CN202410947167.2	A_029127
CN202410947566.9	A_021374
CN202410947935.4	A_000856
CN202410948007.X	A_000856
CN202410948079.4	A_000856
CN202410948475.7	A_020742
CN202410948704.5	A_029686
CN202410948745.4	A_029687
CN202410948999.6	A_003436
CN202410950939.8	A_000709
CN202410951009.4	A_029688
CN202410951829.3	A_001103
CN202410952456.1	A_029689
CN202410952990.2	A_021185
CN202410953434.7	A_000636
CN202410954453.1	A_004125
CN202410955370.4	A_000182
CN202410957605.3	A_021990
CN202410957899.X	A_029690
CN202410958471.7	A_003255
CN202410958602.1	A_001075
CN202410959298.2	A_003130
CN202410959298.2	A_001275
CN202410962004.1	A_001991
CN202410962065.8	A_008879
CN202410962609.0	A_000477
CN202410962896.5	A_022114
CN202410962896.5	A_002081
CN202410962896.5	A_003131
CN202410963176.0	A_002626
CN202410963192.X	A_029691
CN202410965527.1	A_029692
CN202410966419.6	A_003730
CN202410968103.0	A_000198
CN202410968169.X	A_029693
CN202410969039.8	A_002199
CN202410969170.4	A_029694
CN202410969170.4	A_029695
CN202410969866.7	A_029696
CN202410970093.4	A_011506
CN202410971455.1	A_029697
CN202410972777.8	A_020828
CN202410973451.7	A_027843
CN202410973791.X	A_000252
CN202410973892.7	A_029698
CN202410974391.0	A_001679
CN202410974391.0	A_002268
CN202410974514.0	A_010633
CN202410974514.0	A_029699
CN202410975882.7	A_012246
CN202410976194.2	A_003123
CN202410976670.0	A_021990
CN2024109793W	A_005857
CN202410980096.6	A_012652
CN202410980345.1	A_000299
CN202410981700.7	A_029700
CN202410983238.4	A_010808
CN202410984901.2	A_000861
CN202410987435.3	A_003179
CN202410988027.X	A_029701
CN202410989591.3	A_014734
CN202410991307.6	A_029702
CN202410992235.7	A_029703
CN202410992757.7	A_008879
CN202410992758.1	A_008879
CN202410993678.8	A_029704
CN202410993678.8	A_002446
CN202410993756.4	A_002463
CN202410993759.8	A_002463
CN202410994707.2	A_029705
CN202410995939.X	A_002168
CN202410997044.X	A_001103
CN202410998248.5	A_003123
CN202411001220.6	A_012004
CN202411001220.6	A_027590
CN202411001395.7	A_000507
CN202411001938.5	A_002859
CN202411002238.8	A_000182
CN202411005133.8	A_012656
CN202411005417.7	A_000134
CN202411005417.7	A_029706
CN202411006674.2	A_018907
CN202411007558.2	A_011739
CN202411008748.6	A_001475
CN202411008748.6	A_025213
CN202411008748.6	A_029707
CN202411009258.8	A_003349
CN202411009551.4	A_029708
CN202411009551.4	A_029709
CN202411009575.X	A_012266
CN202411009966.1	A_000452
CN202411010415.7	A_004894
CN202411010486.7	A_004795
CN202411011927.5	A_000203
CN202411012259.8	A_029710
CN202411012452.1	A_029711
CN202411012481.8	A_029709
CN202411012481.8	A_029708
CN202411012666.9	A_029712
CN202411014115.6	A_001991
CN202411014115.6	A_018258
CN202411014324.0	A_029713
CN202411014875.7	A_004153
CN202411015017.4	A_020783
CN202411020512.4	A_000337
CN202411020522.8	A_029714
CN202411021115.9	A_029715
CN202411022203.0	A_000337
CN202411022610.1	A_026237
CN202411023163.1	A_026237
CN202411023795.8	A_008968
CN202411024090.8	A_015660
CN202411024090.8	A_026094
CN202411026792.X	A_020684
CN202411029047.0	A_004060
CN202411029623.1	A_003714
CN202411029623.1	A_000416
CN202411029721.5	A_000294
CN202411031724.2	A_010556
CN202411031724.2	A_029716
CN202411031738.4	A_029536
CN202411032050.8	A_020767
CN202411033498.1	A_016784
CN202411033998.5	A_029449
CN202411033998.5	A_002463
CN202411038334.8	A_020767
CN202411042737.X	A_000996
CN202411044020.9	A_029717
CN202411047949.7	A_029718
CN202411048518.2	A_011946
CN202411048961.X	A_029719
CN202411049555.5	A_029720
CN202411049555.5	A_002414
CN202411049641.6	A_029720
CN202411049641.6	A_002414
CN202411049687.8	A_029721
CN202411050628.2	A_005122
CN202411052606.X	A_000389
CN202411052699.6	A_029722
CN202411052699.6	A_004500
CN202411052760.7	A_004500
CN202411053230.4	A_026236
CN202411053969.5	A_029723
CN202411054254.1	A_029724
CN202411054355.9	A_017910
CN202411055426.7	A_000966
CN202411055912.9	A_029725
CN202411056074.7	A_000221
CN202411056109.7	A_004729
CN202411056364.1	A_000182
CN202411062065.9	A_029726
CN202411062065.9	A_029727
CN202411062375.0	A_029728
CN202411063595.5	A_018718
CN202411063640.7	A_029729
CN202411064396.6	A_029730
CN202411066014.3	A_001765
CN202411067567.0	A_029731
CN202411068322.X	A_029732
CN202411068322.X	A_029733
CN202411068322.X	A_022090
CN202411069258.7	A_003961
CN202411074474.0	A_000252
CN202411075226.8	A_029734
CN202411075226.8	A_029735
CN202411076830.2	A_001613
CN202411079455.7	A_029736
CN202411080902.0	A_029737
CN202411081946.5	A_029738
CN202411084429.3	A_002970
CN202411084919.3	A_029532
CN202411086555.2	A_029739
CN202411086896.X	A_026132
CN202411086896.X	A_021430
CN202411089789.2	A_000507
CN202411089859.4	A_012853
CN202411094666.8	A_029740
CN202411095633.5	A_029741
CN202411096753.7	A_000182
CN202411097460.0	A_000221
CN202411098054.6	A_001668
CN202411099780.X	A_029742
CN202411100508.9	A_029743
CN202411101926.X	A_027672
CN202411103762.4	A_029744
CN202411104509.0	A_014648
CN202411104840.2	A_003826
CN202411104840.2	A_029745
CN202411104841.7	A_029745
CN202411104841.7	A_003826
CN202411104889.8	A_029746
CN202411105759.6	A_000253
CN202411106744.1	A_020715
CN202411107115.0	A_029297
CN202411107470.8	A_029747
CN202411107783.3	A_003880
CN202411107783.3	A_019118
CN202411107783.3	A_003033
CN202411107783.3	A_016634
CN202411108094.4	A_022116
CN202411109709.5	A_029748
CN202411111551.5	A_004729
CN202411111943.1	A_029749
CN202411112376.1	A_029750
CN202411112665.1	A_029550
CN202411112665.1	A_029751
CN202411112913.2	A_029752
CN202411113655.X	A_000337
CN202411113655.X	A_029753
CN202411114476.8	A_029754
CN202411114476.8	A_000134
CN202411114687.1	A_000509
CN202411116052.5	A_029755
CN202411116052.5	A_000384
CN202411117984.1	A_027592
CN202411118037.4	A_003730
CN202411118064.1	A_000756
CN202411118230.8	A_000756
CN202411118278.9	A_002856
CN202411118580.4	A_000896
CN202411119151.9	A_001485
CN202411121784.3	A_029756
CN202411122008.5	A_002781
CN202411122008.5	A_029757
CN202411124005.5	A_000856
CN202411124845.1	A_022147
CN202411124845.1	A_003118
CN202411124846.6	A_029758
CN202411124903.0	A_028270
CN202411125259.9	A_029759
CN202411125452.2	A_022017
CN202411128739.0	A_029760
CN202411129029.X	A_016690
CN202411129908.2	A_000292
CN202411130149.1	A_029761
CN202411130474.8	A_000317
CN202411131067.9	A_012149
CN202411132257.2	A_029762
CN202411132789.6	A_003294
CN202411133086.5	A_029763
CN202411133086.5	A_000466
CN202411133496.X	A_000755
CN202411133989.3	A_022039
CN202411134275.4	A_029764
CN202411138509.2	A_029765
CN202411138524.7	A_021707
CN202411138524.7	A_021708
CN202411138524.7	A_019300
CN202411139885.3	A_029766
CN202411140960.8	A_029767
CN202411141592.9	A_000234
CN202411142273.X	A_029768
CN202411142837.X	A_029514
CN202411144068.7	A_001112
CN202411144456.5	A_029769
CN202411144782.6	A_000294
CN202411145524.X	A_026244
CN202411146504.4	A_029770
CN202411146812.7	A_000182
CN202411146812.7	A_021571
CN202411146879.0	A_029771
CN202411148526.4	A_029772
CN202411148639.4	A_000319
CN202411148639.4	A_004306
CN202411148657.2	A_001774
CN202411149132.0	A_029773
CN202411149611.2	A_025741
CN202411149611.2	A_027615
CN202411150475.9	A_029774
CN202411150728.2	A_003694
CN202411153613.9	A_020715
CN202411153990.2	A_001499
CN202411153990.2	A_000384
CN202411153990.2	A_001087
CN202411155147.8	A_000273
CN202411158565.2	A_001574
CN202411159792.7	A_003695
CN202411160562.2	A_001676
CN202411161041.9	A_000514
CN202411161041.9	A_029775
CN202411161178.4	A_001071
CN202411161639.8	A_029776
CN202411162210.0	A_029777
CN202411163210.2	A_000252
CN202411163913.5	A_000260
CN202411164018.5	A_029778
CN202411164063.0	A_029779
CN202411165810.2	A_029780
CN202411165977.9	A_029781
CN202411167439.3	A_017082
CN202411171190.3	A_000162
CN202411175461.2	A_000315
CN202411175461.2	A_001347
CN202411176032.7	A_000779
CN202411176558.5	A_021993
CN202411176558.5	A_000384
CN202411176665.8	A_015516
CN202411176953.3	A_021273
CN202411180669.3	A_005045
CN202411182743.5	A_000276
CN202411183282.3	A_029782
CN202411183630.7	A_021890
CN202411183630.7	A_029783
CN202411184254.3	A_000966
CN202411184588.0	A_029784
CN202411185842.9	A_029785
CN202411186943.8	A_012004
CN202411186943.8	A_027590
CN202411187164.X	A_019959
CN202411187445.5	A_029770
CN202411188845.8	A_029786
CN202411188913.0	A_015822
CN202411189363.4	A_016573
CN202411189363.4	A_020748
CN202411192267.5	A_029713
CN202411192267.5	A_021855
CN2024111922W	A_012652
CN2024111922W	A_005857
CN202411192303.8	A_000371
CN202411193221.5	A_029787
CN202411193221.5	A_025074
CN202411193492.0	A_000371
CN202411194359.7	A_004121
CN202411194481.4	A_029788
CN202411194481.4	A_029789
CN202411195692.X	A_001613
CN202411196143.4	A_000393
CN202411196734.1	A_010693
CN202411198543.9	A_002795
CN202411199453.1	A_016521
CN202411199910.7	A_016270
CN202411202501.8	A_000182
CN202411202539.5	A_020798
CN202411202669.9	A_022281
CN202411202669.9	A_002463
CN202411202876.4	A_022281
CN202411202876.4	A_002463
CN202411203366.9	A_029790
CN202411203647.4	A_003155
CN202411204074.7	A_002247
CN202411204702.1	A_000253
CN202411205034.4	A_010693
CN202411205685.3	A_000253
CN202411206138.7	A_010693
CN202411206430.9	A_003970
CN202411206858.3	A_029791
CN202411207033.3	A_000315
CN202411207033.3	A_015646
CN202411208547.0	A_000294
CN202411210104.5	A_000990
CN202411210108.3	A_001027
CN202411214415.9	A_029792
CN202411216296.0	A_029793
CN202411216296.0	A_029794
CN202411216685.3	A_010600
CN202411218544.5	A_029795
CN202411220241.7	A_000345
CN202411220246.X	A_000345
CN202411221220.7	A_000371
CN202411221220.7	A_029796
CN202411222328.8	A_029797
CN202411227734.3	A_029798
CN202411227862.8	A_000990
CN202411234421.0	A_015259
CN202411234912.5	A_000509
CN202411235879.8	A_029713
CN202411235879.8	A_021855
CN202411236592.7	A_002168
CN202411237308.8	A_003012
CN202411239643.1	A_004098
CN202411244089.6	A_001710
CN202411244876.0	A_001200
CN202411245623.5	A_029799
CN202411247257.7	A_014817
CN202411247476.5	A_003082
CN202411247872.8	A_002861
CN202411248229.7	A_004121
CN202411248248.X	A_029740
CN202411248487.5	A_021329
CN202411248537.X	A_001994
CN202411250137.2	A_014692
CN202411252867.6	A_014018
CN202411253507.8	A_029800
CN202411254637.3	A_002378
CN202411256100.0	A_001962
CN202411256591.9	A_029801
CN202411257065.4	A_000292
CN202411257281.9	A_029802
CN202411257880.0	A_001499
CN202411257880.0	A_029803
CN202411258426.7	A_000304
CN202411259054.X	A_000304
CN202411259777.X	A_026187
CN202411260746.6	A_000213
CN202411261841.8	A_029804
CN202411262793.4	A_000371
CN202411262864.0	A_022104
CN202411263557.4	A_000749
CN202411264326.5	A_029722
CN202411264326.5	A_010633
CN202411264326.5	A_029699
CN202411264326.5	A_004500
CN202411264528.X	A_000326
CN202411268659.5	A_029805
CN202411269773.X	A_000979
CN202411269917.1	A_000304
CN202411271416.7	A_029806
CN202411272653.5	A_029807
CN202411274737.2	A_002446
CN202411275464.3	A_004297
CN202411276781.7	A_001060
CN202411276781.7	A_021506
CN202411277678.4	A_021273
CN202411279319.2	A_003971
CN202411279567.7	A_019981
CN202411280511.3	A_026133
CN202411280511.3	A_001821
CN202411282348.4	A_029808
CN202411283002.6	A_029809
CN202411283002.6	A_029810
CN202411283776.9	A_029811
CN202411283776.9	A_000162
CN202411285004.9	A_000253
CN202411288103.2	A_029812
CN202411288264.1	A_001710
CN202411288718.5	A_029813
CN202411288718.5	A_029814
CN202411290412.3	A_029815
CN202411290616.7	A_029816
CN202411290616.7	A_002793
CN202411291455.3	A_015566
CN202411291787.1	A_000171
CN202411292443.2	A_029817
CN202411293081.9	A_002268
CN202411294807.0	A_029818
CN202411294824.4	A_000198
CN202411297281.1	A_004496
CN202411297281.1	A_015777
CN202411297604.7	A_028495
CN202411297604.7	A_003886
CN202411299966.X	A_028196
CN202411301926.4	A_029819
CN202411302792.8	A_001099
CN202411304661.3	A_004181
CN202411304661.3	A_003365
CN202411305998.6	A_029820
CN202411306837.9	A_000134
CN202411309159.1	A_001676
CN202411309805.4	A_002872
CN202411311188.1	A_029821
CN202411311255.X	A_029822
CN202411311618.X	A_029823
CN202411311985.X	A_012973
CN202411312243.9	A_029824
CN202411314418.X	A_000273
CN202411315930.6	A_029825
CN202411316679.5	A_029826
CN202411316872.9	A_029827
CN202411318221.3	A_021872
CN202411322228.2	A_029828
CN202411322842.9	A_001485
CN202411322842.9	A_029829
CN202411324315.1	A_003119
CN202411324315.1	A_011515
CN202411324536.9	A_029830
CN202411325777.5	A_019223
CN202411326492.3	A_003618
CN202411327924.2	A_000756
CN202411328149.2	A_029831
CN202411328149.2	A_029832
CN202411328149.2	A_029833
CN202411329308.0	A_029834
CN202411332210.0	A_000252
CN202411332658.2	A_029245
CN202411333558.1	A_000294
CN202411333558.1	A_029433
CN202411336619.X	A_000134
CN202411339472.X	A_000294
CN202411339472.X	A_029433
CN202411339722.X	A_025258
CN202411339981.2	A_000182
CN202411339981.2	A_004213
CN202411339981.2	A_029835
CN202411340840.2	A_015365
CN202411342102.1	A_029836
CN202411342673.5	A_021403
CN202411342757.9	A_000507
CN202411343139.6	A_000477
CN202411343799.4	A_008682
CN202411344800.5	A_029837
CN202411345335.7	A_029838
CN202411346185.1	A_015280
CN202411346191.7	A_000507
CN202411346236.0	A_001994
CN202411347261.0	A_003085
CN202411347261.0	A_000514
CN202411349329.9	A_029839
CN202411350864.6	A_003296
CN202411351786.1	A_002438
CN202411352363.1	A_014356
CN202411352363.1	A_001676
CN202411357199.3	A_000198
CN202411358043.7	A_004766
CN202411358061.5	A_029840
CN202411359218.6	A_000294
CN202411359509.5	A_029841
CN202411360473.2	A_002454
CN202411361089.4	A_003130
CN202411361396.2	A_000252
CN202411361563.3	A_020715
CN202411362103.2	A_022090
CN202411363106.8	A_027920
CN202411363225.3	A_021585
CN202411364594.4	A_009074
CN202411364846.3	A_000292
CN202411365173.3	A_002872
CN202411366244.1	A_014087
CN202411366244.1	A_000535
CN202411366930.9	A_000292
CN202411366978.X	A_003927
CN202411367045.2	A_029842
CN202411369109.2	A_029843
CN202411369778.X	A_000994
CN202411371272.2	A_029844
CN202411371971.7	A_000756
CN202411372306.X	A_002414
CN202411373903.4	A_000276
CN202411374822.6	A_021767
CN202411374938.X	A_029845
CN202411375191.X	A_000936
CN202411376679.4	A_021186
CN202411378087.6	A_003934
CN202411378087.6	A_002463
CN202411378089.5	A_003934
CN202411378089.5	A_002463
CN202411378576.1	A_000955
CN202411380813.8	A_029846
CN202411380813.8	A_029847
CN202411382543.4	A_029820
CN202411388875.3	A_029848
CN202411390324.0	A_029849
CN202411390494.9	A_002247
CN202411390765.0	A_001745
CN202411390765.0	A_000384
CN202411392603.0	A_000345
CN202411393220.5	A_000292
CN202411394160.9	A_029315
CN202411394857.6	A_029850
CN202411397380.7	A_000476
CN202411397518.3	A_029851
CN202411398513.2	A_001288
CN202411401882.2	A_029852
CN202411401971.7	A_008699
CN202411402014.6	A_029853
CN202411403115.5	A_001499
CN202411403115.5	A_000384
CN202411403115.5	A_001498
CN202411403392.6	A_004051
CN202411403547.6	A_020715
CN202411404105.3	A_029854
CN202411404568.X	A_002795
CN202411404916.3	A_029855
CN202411405115.9	A_017109
CN202411405918.4	A_015240
CN202411408338.0	A_002872
CN202411409873.8	A_021390
CN202411409873.8	A_000384
CN202411411149.9	A_000198
CN202411411291.3	A_029856
CN202411411495.7	A_000681
CN202411411840.7	A_002928
CN202411412624.4	A_000507
CN202411413339.4	A_021999
CN202411414509.0	A_021325
CN202411418321.3	A_029857
CN202411420156.5	A_029858
CN202411422245.3	A_020798
CN202411422271.6	A_021573
CN202411422447.8	A_000198
CN202411422855.3	A_029859
CN202411422973.4	A_000609
CN202411424244.2	A_000182
CN202411425528.3	A_029860
CN202411426347.2	A_001745
CN202411426347.2	A_000384
CN202411426835.3	A_029861
CN202411427292.7	A_029862
CN202411427790.1	A_029863
CN202411427826.6	A_005122
CN202411432341.6	A_004051
CN202411433550.2	A_029864
CN202411434285.X	A_000345
CN202411434934.6	A_002446
CN202411435590.0	A_029865
CN202411437291.0	A_029866
CN202411437291.0	A_013765
CN202411437456.4	A_029867
CN202411440358.6	A_005127
CN202411440358.6	A_029868
CN202411443715.4	A_029869
CN202411443715.4	A_029870
CN202411443737.0	A_002576
CN202411444116.4	A_020767
CN202411444422.8	A_021549
CN202411444422.8	A_015296
CN202411444896.2	A_029871
CN202411444896.2	A_011518
CN202411449836.X	A_011569
CN202411449836.X	A_029872
CN202411450065.6	A_029873
CN202411450379.6	A_016372
CN202411450657.8	A_014515
CN202411451239.0	A_002132
CN202411451654.6	A_029256
CN202411451654.6	A_029874
CN202411451867.9	A_027212
CN202411452766.3	A_029875
CN202411453892.0	A_001363
CN202411454654.1	A_029876
CN202411455544.7	A_000139
CN202411455553.6	A_009180
CN202411457352.X	A_029877
CN202411457714.5	A_006109
CN202411460225.5	A_029878
CN202411460688.1	A_002907
CN202411460900.4	A_029879
CN202411462490.7	A_029880
CN202411463980.9	A_000595
CN202411463980.9	A_000596
CN202411464177.7	A_000514
CN202411465266.3	A_008936
CN202411466766.9	A_029881
CN202411469151.1	A_029882
CN202411478011.0	A_000139
CN202411479217.5	A_029883
CN202411479425.5	A_000936
CN202411479938.6	A_000196
CN202411480201.6	A_000477
CN202411480408.3	A_021146
CN202411480408.3	A_021147
CN202411480408.3	A_001139
CN202411480408.3	A_029884
CN202411480408.3	A_029885
CN202411484395.7	A_008918
CN202411484447.0	A_029886
CN202411485861.3	A_021273
CN202411486232.2	A_029887
CN202411486528.4	A_000198
CN202411487001.3	A_000507
CN202411487566.1	A_029888
CN202411487644.8	A_029889
CN202411488288.1	A_021558
CN202411488288.1	A_019135
CN202411488519.9	A_029823
CN202411491276.4	A_022073
CN202411492639.6	A_000979
CN202411492663.X	A_000182
CN202411492947.9	A_006109
CN202411494381.3	A_029890
CN202411494502.4	A_029891
CN202411495176.9	A_000337
CN202411495187.7	A_000337
CN202411495326.6	A_029892
CN202411495326.6	A_013765
CN202411496876.X	A_025897
CN202411497958.6	A_000292
CN202411499749.5	A_001671
CN202411499749.5	A_027661
CN202411499871.2	A_000198
CN202411501275.3	A_001112
CN202411504927.9	A_001902
CN202411505006.4	A_000326
CN202411506099.2	A_029893
CN202411506279.0	A_029894
CN202411506803.4	A_029895
CN202411507740.4	A_000315
CN202411507740.4	A_002353
CN202411509249.5	A_001132
CN202411509249.5	A_014484
CN202411509466.4	A_015260
CN202411510635.6	A_029705
CN202411516103.3	A_029896
CN202411516349.0	A_022288
CN202411516994.2	A_029897
CN202411517512.5	A_016582
CN202411517959.2	A_029898
CN202411517959.2	A_000636
CN202411518127.2	A_029899
CN202411519467.7	A_002907
CN202411520759.2	A_029900
CN202411522435.2	A_001412
CN202411522435.2	A_012004
CN202411522435.2	A_027192
CN202411522435.2	A_027590
CN202411524219.1	A_029901
CN202411525567.0	A_022253
CN202411525739.4	A_020334
CN202411526374.7	A_029902
CN202411526978.1	A_029903
CN2024115272W	A_012652
CN2024115272W	A_005857
CN202411527450.6	A_001099
CN202411528446.1	A_029904
CN202411529306.6	A_019370
CN202411529306.6	A_029905
CN202411529455.2	A_002957
CN202411531825.6	A_029906
CN202411532079.2	A_029907
CN202411534756.4	A_029908
CN202411534916.5	A_011671
CN202411535090.4	A_029909
CN202411535525.5	A_004161
CN202411536664.X	A_018682
CN202411537227.X	A_029910
CN202411537286.7	A_021565
CN202411537286.7	A_013765
CN202411538624.9	A_001016
CN202411539774.1	A_029911
CN202411539946.5	A_000304
CN202411540487.2	A_002913
CN202411540616.8	A_029912
CN202411541371.0	A_004838
CN202411542017.X	A_000966
CN202411542110.0	A_000198
CN202411546668.6	A_010133
CN202411546847.X	A_002382
CN202411547824.0	A_029913
CN202411548239.2	A_029914
CN202411549124.5	A_012004
CN202411549124.5	A_001412
CN202411549124.5	A_013901
CN202411549124.5	A_002024
CN202411549596.0	A_029915
CN202411549596.0	A_000330
CN202411551127.2	A_027550
CN202411551807.4	A_029916
CN202411552288.3	A_011462
CN202411552288.3	A_013050
CN202411553774.7	A_000371
CN202411554386.0	A_015827
CN202411554937.3	A_029917
CN202411555103.4	A_000252
CN202411556820.9	A_001613
CN202411556925.4	A_003436
CN202411557837.6	A_002141
CN202411558183.9	A_002164
CN202411558183.9	A_029918
CN202411559199.1	A_000979
CN202411561426.4	A_001071
CN202411562056.6	A_029919
CN202411562370.4	A_029920
CN202411562624.2	A_027583
CN202411562624.2	A_018546
CN202411563145.2	A_000991
CN202411564646.2	A_000292
CN202411564925.9	A_029790
CN202411567957.4	A_016965
CN202411568894.4	A_029921
CN202411569544.X	A_029922
CN202411570270.6	A_000936
CN202411570270.6	A_003880
CN202411570573.8	A_014087
CN202411570573.8	A_000535
CN202411571487.9	A_000452
CN202411573536.2	A_011723
CN202411574968.5	A_004051
CN202411575192.9	A_000304
CN202411575258.4	A_000182
CN202411575532.8	A_029923
CN202411576617.8	A_016965
CN202411576691.X	A_014356
CN202411576691.X	A_001676
CN202411576691.X	A_000535
CN202411580760.4	A_000756
CN202411581523.X	A_025249
CN202411581782.2	A_020296
CN202411583205.7	A_000134
CN202411583205.7	A_001167
CN202411584797.4	A_029924
CN202411585494.4	A_029925
CN202411585971.7	A_029926
CN202411586770.9	A_000692
CN202411588301.0	A_000514
CN202411588333.0	A_003147
CN202411588333.0	A_002793
CN202411588736.5	A_029927
CN202411589365.2	A_015592
CN202411589557.3	A_015592
CN202411589947.0	A_029599
CN202411589947.0	A_001087
CN202411590472.7	A_029928
CN202411590481.6	A_029928
CN202411593762.7	A_029929
CN202411593762.7	A_029930
CN202411594434.9	A_029931
CN202411594931.9	A_026221
CN202411594989.3	A_026221
CN202411595396.9	A_015546
CN202411595944.8	A_029932
CN202411598812.0	A_029933
CN202411598812.0	A_021544
CN202411599298.2	A_014321
CN202411599631.X	A_029934
CN202411601554.7	A_000294
CN202411601642.7	A_019793
CN202411601923.2	A_029935
CN202411602503.6	A_029433
CN202411602503.6	A_000276
CN202411602969.6	A_000198
CN2024116032W	A_012652
CN2024116032W	A_005857
CN202411604067.6	A_029936
CN202411604158.X	A_015822
CN202411604158.X	A_029937
CN202411605400.5	A_003118
CN202411605976.1	A_000162
CN202411606606.X	A_004686
CN202411607253.5	A_029938
CN202411607905.5	A_029939
CN202411608343.6	A_000182
CN202411608347.4	A_002150
CN202411610513.4	A_000301
CN202411610745.X	A_019228
CN202411611486.2	A_029075
CN202411613315.3	A_003827
CN202411614412.4	A_001369
CN202411614446.3	A_029940
CN202411614597.9	A_029941
CN202411614907.7	A_000304
CN202411615957.7	A_029942
CN202411617354.0	A_000315
CN202411620786.7	A_003730
CN202411620786.7	A_009119
CN202411622214.2	A_012724
CN202411622646.3	A_015964
CN202411622851.X	A_029943
CN202411623381.9	A_029039
CN202411624632.5	A_003436
CN202411625575.2	A_002423
CN202411626125.5	A_000315
CN202411626125.5	A_002423
CN202411626910.0	A_029944
CN202411626910.0	A_001668
CN202411627505.0	A_029945
CN202411628967.4	A_000292
CN202411629040.2	A_029946
CN202411629048.9	A_000279
CN202411632327.0	A_029947
CN202411633906.7	A_018373
CN202411633906.7	A_029948
CN202411633906.7	A_029949
CN202411635854.7	A_000294
CN202411636037.3	A_021374
CN202411636701.4	A_025285
CN202411636701.4	A_018498
CN202411637211.6	A_020715
CN202411637347.7	A_020715
CN202411637635.2	A_029950
CN202411637635.2	A_029951
CN202411637635.2	A_029952
CN202411638385.4	A_015520
CN202411639712.8	A_000464
CN202411639906.8	A_027195
CN202411639967.4	A_003916
CN202411640457.9	A_003804
CN202411641254.1	A_000315
CN202411641254.1	A_002353
CN202411641985.6	A_029953
CN202411643113.3	A_000977
CN202411643768.0	A_027549
CN202411644838.4	A_029954
CN202411645090.X	A_001173
CN202411645891.6	A_005122
CN202411646478.1	A_015827
CN202411646737.0	A_029955
CN202411647198.2	A_003044
CN202411647364.9	A_001743
CN202411648314.2	A_000756
CN202411650069.9	A_029956
CN202411650476.X	A_003114
CN202411650476.X	A_014934
CN202411650476.X	A_015420
CN202411650990.3	A_000252
CN202411654467.8	A_029957
CN202411655868.5	A_029958
CN202411656622.X	A_021993
CN202411656622.X	A_000384
CN202411657981.7	A_029959
CN202411657981.7	A_002132
CN202411658816.3	A_002081
CN202411658940.X	A_000182
CN202411659149.0	A_012853
CN202411659559.5	A_001200
CN202411660848.7	A_019234
CN202411660848.7	A_015255
CN202411661235.5	A_021329
CN202411661369.7	A_011268
CN202411662466.8	A_016807
CN202411663586.X	A_004297
CN202411663586.X	A_003130
CN202411663642.X	A_000928
CN202411663831.7	A_015822
CN202411663831.7	A_029960
CN202411665647.6	A_029961
CN202411667730.7	A_029962
CN202411667811.7	A_029963
CN202411669010.4	A_001625
CN202411669339.0	A_000134
CN202411670521.8	A_029964
CN202411670853.6	A_010602
CN202411671131.2	A_000326
CN202411671328.6	A_029965
CN202411673367.X	A_025258
CN202411674320.5	A_029966
CN202411674610.X	A_029967
CN202411676743.0	A_022212
CN202411677708.0	A_025897
CN202411678335.9	A_029968
CN202411682164.7	A_000829
CN202411682593.4	A_003067
CN202411685620.3	A_001103
CN202411686237.X	A_029969
CN202411686349.5	A_002768
CN202411686349.5	A_001568
CN202411686349.5	A_000384
CN202411686828.7	A_000509
CN202411687333.6	A_000913
CN202411687739.4	A_002141
CN202411688576.1	A_001542
CN202411688710.8	A_020198
CN202411689062.8	A_029970
CN202411689279.9	A_019021
CN202411689279.9	A_029971
CN202411689464.8	A_004323
CN202411690517.8	A_029972
CN202411692000.2	A_021558
CN202411692460.5	A_029973
CN202411693765.8	A_000477
CN202411694152.6	A_029974
CN202411694152.6	A_011720
CN202411695023.9	A_029466
CN202411698142.X	A_016762
CN202411698519.1	A_000252
CN202411699927.9	A_029975
CN202411700023.3	A_000253
CN202411702735.9	A_029976
CN202411702797.X	A_029977
CN202411703176.3	A_029978
CN202411703176.3	A_029979
CN202411703252.0	A_021049
CN202411703459.8	A_001676
CN202411704609.7	A_016432
CN202411705165.9	A_020982
CN202411708233.7	A_029980
CN202411710394.X	A_000253
CN202411710642.0	A_029981
CN202411710642.0	A_029982
CN202411710994.6	A_016972
CN202411711094.3	A_017082
CN202411711094.3	A_017083
CN202411712670.6	A_010651
CN202411712745.0	A_010651
CN202411713803.1	A_017054
CN202411713803.1	A_017055
CN202411713803.1	A_000384
CN202411714992.4	A_003970
CN202411715391.5	A_018628
CN202411716953.8	A_029983
CN202411717976.0	A_026221
CN202411719187.0	A_029944
CN202411719187.0	A_029048
CN202411721649.2	A_021124
CN202411723472.X	A_027157
CN202411723818.6	A_004637
CN202411723875.4	A_001031
CN202411730180.9	A_004011
CN202411730248.3	A_029984
CN202411730248.3	A_029985
CN202411730248.3	A_002623
CN202411731254.0	A_029986
CN202411732662.8	A_029987
CN202411733061.9	A_001659
CN202411734270.5	A_001288
CN202411738287.8	A_004920
CN202411738934.5	A_000213
CN202411739450.2	A_029988
CN202411739450.2	A_029989
CN202411739450.2	A_029990
CN202411739499.8	A_019234
CN202411739528.0	A_008879
CN202411739570.2	A_022089
CN202411739679.6	A_014611
CN202411742299.8	A_016879
CN202411742765.2	A_016915
CN202411744609.X	A_003961
CN202411744970.2	A_015546
CN202411746051.9	A_001710
CN202411746051.9	A_000994
CN202411746800.8	A_000351
CN202411749968.4	A_000337
CN202411750967.1	A_014742
CN202411753319.1	A_015586
CN202411754042.4	A_029991
CN202411754675.5	A_026221
CN202411755205.0	A_005246
CN202411755988.2	A_029992
CN202411756570.3	A_011904
CN202411761901.2	A_029993
CN202411763913.9	A_001499
CN202411763913.9	A_000384
CN202411763913.9	A_000636
CN202411764340.1	A_015337
CN202411764421.1	A_021442
CN202411764996.3	A_029994
CN202411765744.2	A_029995
CN202411766527.5	A_000252
CN202411767478.7	A_004153
CN202411768071.6	A_020967
CN202411768140.3	A_000756
CN202411768449.2	A_003779
CN202411768961.7	A_000394
CN202411770938.1	A_015386
CN202411772179.2	A_029996
CN202411775059.8	A_000242
CN202411775917.9	A_015185
CN202411775919.8	A_022114
CN202411776223.7	A_029997
CN202411777502.5	A_002312
CN202411777648.X	A_013904
CN202411777683.1	A_029954
CN202411777884.1	A_002326
CN202411778488.0	A_000913
CN202411779632.2	A_003625
CN202411779889.8	A_010122
CN202411782258.1	A_000196
CN202411783021.5	A_029752
CN202411785468.6	A_000242
CN202411787359.8	A_021854
CN202411788090.5	A_018314
CN202411788448.4	A_029998
CN202411790070.1	A_000947
CN202411790203.5	A_004323
CN202411791237.6	A_019228
CN202411791745.4	A_015289
CN202411791745.4	A_029999
CN202411792010.3	A_030000
CN202411794179.2	A_027157
CN202411798010.4	A_001429
CN202411799130.6	A_000996
CN202411800036.8	A_027915
CN202411800926.9	A_000509
CN202411801205.X	A_030001
CN202411801242.0	A_030002
CN202411801242.0	A_030003
CN202411801242.0	A_030004
CN202411801248.8	A_030002
CN202411801248.8	A_030003
CN202411801248.8	A_030004
CN202411801470.8	A_030005
CN202411802287.X	A_029983
CN202411802735.6	A_030006
CN202411802993.4	A_000985
CN202411804605.6	A_030007
CN202411805941.2	A_016349
CN202411808464.5	A_004302
CN202411808631.6	A_015662
CN202411808909.X	A_000947
CN2024118101W	A_008801
CN2024118101W	A_030008
CN202411810412.1	A_030009
CN202411810437.1	A_000134
CN202411810437.1	A_030010
CN202411810527.0	A_000532
CN202411810855.0	A_030011
CN202411811480.X	A_030012
CN202411811713.6	A_003382
CN202411811729.7	A_030013
CN202411812011.X	A_030014
CN202411812097.6	A_000279
CN202411812939.8	A_012266
CN202411813927.7	A_030015
CN202411815495.3	A_002472
CN202411817263.1	A_002440
CN202411817263.1	A_000778
CN202411817263.1	A_021730
CN202411817565.9	A_000134
CN202411818135.9	A_004766
CN202411822437.3	A_030016
CN202411823062.2	A_000389
CN202411826966.0	A_030017
CN202411830145.4	A_020243
CN202411830881.X	A_001991
CN202411831589.X	A_001131
CN202411832902.1	A_000517
CN202411833586.X	A_001994
CN202411833586.X	A_030018
CN202411834992.8	A_001613
CN202411835213.6	A_010140
CN202411835334.0	A_000253
CN202411835334.0	A_000538
CN202411836296.0	A_003384
CN202411836567.2	A_000253
CN202411836567.2	A_000538
CN202411837137.2	A_001103
CN202411837137.2	A_030019
CN202411838237.7	A_015306
CN202411838426.4	A_000182
CN202411839502.3	A_019151
CN202411840192.7	A_030020
CN202411842521.1	A_000279
CN202411843055.9	A_012656
CN202411843329.4	A_015306
CN202411843936.0	A_003063
CN202411844111.0	A_021120
CN202411845315.6	A_030021
CN202411848023.8	A_002360
CN202411848046.9	A_002913
CN202411848862.X	A_030022
CN202411848862.X	A_029950
CN2024118488W	A_012652
CN2024118488W	A_005857
CN202411850350.7	A_030023
CN202411852767.7	A_000315
CN202411852767.7	A_001347
CN202411852806.3	A_015568
CN202411852806.3	A_011518
CN202411855062.0	A_030024
CN202411855062.0	A_000253
CN202411856409.3	A_030025
CN202411856884.0	A_000337
CN202411857199.X	A_001155
CN202411857860.7	A_001075
CN202411858117.3	A_002150
CN202411858354.X	A_015517
CN202411858623.2	A_000609
CN202411858978.1	A_030026
CN202411859619.8	A_020254
CN202411859619.8	A_003450
CN202411860037.1	A_030027
CN202411860037.1	A_002987
CN202411860037.1	A_030028
CN202411860193.8	A_000636
CN202411860489.X	A_030029
CN202411860837.3	A_029466
CN202411861631.2	A_030030
CN202411861812.5	A_030031
CN202411862078.4	A_021941
CN202411862097.7	A_004254
CN202411862097.7	A_004255
CN202411862098.1	A_000184
CN202411862638.6	A_001676
CN202411864123.X	A_020967
CN202411864287.2	A_002972
CN202411865304.4	A_018551
CN202411866147.9	A_010302
CN202411866147.9	A_030032
CN202411867672.2	A_030033
CN202411867858.8	A_030034
CN202411868927.7	A_030035
CN202411869508.5	A_011210
CN202411871916.4	A_030036
CN202411873605.1	A_030037
CN202411873605.1	A_001799
CN202411874576.0	A_002616
CN202411875323.5	A_004766
CN202411876049.3	A_030038
CN202411876128.4	A_030039
CN202411876695.X	A_000507
CN202411876848.0	A_002844
CN202411877802.0	A_021349
CN202411878961.2	A_030040
CN202411879271.9	A_003312
CN202411879318.1	A_003676
CN202411879409.5	A_029594
CN202411879941.7	A_004153
CN202411879941.7	A_021653
CN202411880644.4	A_011856
CN202411880859.6	A_000936
CN202411880936.8	A_027646
CN202411881595.6	A_000182
CN202411881788.1	A_000895
CN202411881897.3	A_030041
CN202411884120.2	A_021590
CN202411884642.2	A_029969
CN202411884837.7	A_021658
CN202411886354.0	A_030042
CN202411887482.7	A_030043
CN202411887487.X	A_030044
CN202411887895.5	A_020176
CN202411888828.5	A_030045
CN202411889382.8	A_030046
CN202411890164.6	A_000477
CN202411890164.6	A_002971
CN202411891667.5	A_026237
CN202411893330.8	A_019228
CN202411894714.1	A_015660
CN202411894714.1	A_026094
CN202411895189.5	A_030047
CN202411896067.8	A_030048
CN202411896660.2	A_021396
CN202411896708.X	A_012266
CN202411897808.4	A_000326
CN202411897808.4	A_001614
CN202411898550.X	A_001099
CN202411898550.X	A_030049
CN202411899263.0	A_003923
CN202411899263.0	A_016241
CN202411900118.X	A_008687
CN202411900154.6	A_030050
CN202411900711.4	A_030051
CN202411900711.4	A_030052
CN202411903403.7	A_025082
CN202411903403.7	A_030053
CN202411903403.7	A_025083
CN202411903527.5	A_001676
CN202411903803.8	A_000198
CN202411904467.9	A_013896
CN202411905542.3	A_018521
CN202411906645.1	A_015660
CN202411906645.1	A_030054
CN202411907514.5	A_000317
CN202411911290.5	A_030055
CN202411912322.3	A_000635
CN202411912955.4	A_010674
CN202411914427.2	A_030056
CN202411915803.X	A_030057
CN202411916214.3	A_021732
CN202411916252.9	A_022287
CN202411919814.5	A_021374
CN202411920338.9	A_027842
CN202411920710.6	A_020913
CN202411920858.X	A_017213
CN202411921009.6	A_003436
CN202411922205.5	A_014729
CN202411923451.2	A_003085
CN202411923451.2	A_009080
CN202411923451.2	A_021864
CN202411924603.0	A_000609
CN202411925572.0	A_025897
CN202411926011.2	A_030058
CN202411926831.1	A_010382
CN202411927220.9	A_030059
CN202411927220.9	A_021979
CN202411928665.9	A_004323
CN202411929562.4	A_004071
CN202411930939.8	A_001485
CN202411933450.6	A_001103
CN202411934159.0	A_019228
CN202411934223.5	A_000304
CN202411934223.5	A_030060
CN202411934223.5	A_030061
CN202411934846.2	A_000337
CN202411935905.8	A_030062
CN202411936161.1	A_004892
CN202411936251.0	A_001004
CN202411936496.3	A_030063
CN202411938597.4	A_029931
CN202411939598.0	A_030064
CN202411939863.5	A_030065
CN202411943242.4	A_030066
CN202411944561.7	A_030067
CN202411945134.0	A_030068
CN202411946710.3	A_001031
CN202411946951.8	A_003114
CN202411946951.8	A_015420
CN202411947137.8	A_003072
CN202411947516.7	A_030069
CN202411947516.7	A_010472
CN202411948395.8	A_000182
CN202411948973.8	A_000371
CN202411949313.1	A_000452
CN202411949313.1	A_002786
CN202411949313.1	A_030070
CN202411949313.1	A_030071
CN202411950102.X	A_000936
CN202411951009.0	A_000134
CN202411952180.3	A_000223
CN202411952290.X	A_030072
CN202411953256.4	A_020715
CN202411953692.1	A_030073
CN202411955221.4	A_000992
CN202411956929.1	A_030074
CN202411956929.1	A_000292
CN202411956983.6	A_019528
CN202411957026.5	A_019528
CN202411957235.X	A_022218
CN202411957235.X	A_030075
CN202411958535.X	A_030076
CN202411958585.8	A_000992
CN202411959083.7	A_000636
CN202411959083.7	A_030077
CN202411960088.1	A_030078
CN202411960088.1	A_016755
CN202411960088.1	A_012921
CN202411960926.5	A_002068
CN202411961164.0	A_030079
CN202411961269.6	A_030080
CN202411961571.1	A_000182
CN202411961631.X	A_030081
CN202411962137.5	A_001747
CN202411963131.X	A_000371
CN202411963220.4	A_030082
CN202411963220.4	A_004323
CN202411963229.5	A_000223
CN202411964177.3	A_003976
CN2024119642W	A_012652
CN2024119642W	A_005857
CN202411964530.8	A_021123
CN202411964726.7	A_001852
CN202411965161.4	A_004323
CN202411965276.3	A_016110
CN202411966673.2	A_001366
CN202411967818.0	A_030083
CN202411968039.2	A_018521
CN202411968039.2	A_030084
CN202411970423.6	A_030085
CN202411970531.3	A_030086
CN202411970591.5	A_025254
CN202411971477.4	A_000371
CN202411974793.7	A_029708
CN202411981198.6	A_001429
CN202411981628.4	A_000304
CN202411983748.8	A_001429
CN202411985733.5	A_003717
CN202411986503.0	A_018367
CN202411986699.3	A_030087
CN202411988946.3	A_030088
CN202411989496.X	A_000162
CN202411992256.5	A_030089
CN202411993877.5	A_030090
CN202411993877.5	A_030091
CN202411993877.5	A_030092
CN202411993877.5	A_030093
CN202411994741.6	A_015532
CN202411995372.2	A_030094
CN2024121470W	A_012652
CN2024121470W	A_005857
CN2024123302W	A_008801
CN2024123302W	A_030008
CN2024124971W	A_012652
CN2024124971W	A_005857
CN2024132443W	A_012652
CN2024132443W	A_005857
CN2024132767W	A_012652
CN2024132767W	A_005857
CN2024133006W	A_008801
CN2024133006W	A_030008
CN2024133007W	A_008801
CN2024133007W	A_030008
CN2024134680W	A_012652
CN2024134680W	A_005857
CN2024135028W	A_008801
CN2024135028W	A_030008
CN2024140796W	A_012652
CN2024140796W	A_005857
CN2024141165W	A_012652
CN2024141165W	A_005857
CN2024143387W	A_012652
CN2024143387W	A_005857
CN202420600052.1	A_030095
CN202420610233.2	A_004015
CN202420837849.3	A_018576
CN202420837849.3	A_018577
CN202420837849.3	A_030096
CN202421490835.5	A_012652
CN202421960228.0	A_030097
CN202421960228.0	A_000936
CN202421960228.0	A_005263
CN202422540248.9	A_020982
CN202422561823.3	A_000419
CN202423134977.0	A_014946
CN202423284777.3	A_030098
CN202423318697.5	A_030099
CN202480002455.9	A_030100
CN202480003699.9	A_030101
CN202480004319.3	A_030102
CN202480010720.8	A_020767
CN202480011803.9	A_030103
CN202480014312.X	A_020921
CN202480014584.X	A_000910
CN202480015747.6	A_020921
CN202480016144.8	A_020766
CN202480017435.9	A_000910
CN202480018888.3	A_000910
CN202480020823.2	A_000910
CN202480026417.7	A_000910
CN202480028913.6	A_000910
CN202480028922.5	A_020715
CN202480029327.3	A_000910
CN202480031366.7	A_020767
CN202480037136.1	A_008941
CN202480037765.4	A_000910
CN202480039843.4	A_000910
CN2025071541W	A_012652
CN2025071541W	A_005857
CN202510000940.9	A_030104
CN202510002462.5	A_030105
CN202510003558.3	A_030106
CN202510003558.3	A_001237
CN202510004371.5	A_003144
CN202510005220.1	A_030107
CN202510005250.2	A_000838
CN202510005344.X	A_000394
CN202510005392.9	A_021506
CN202510005448.0	A_010601
CN202510007834.3	A_010601
CN202510008498.4	A_004213
CN202510008607.2	A_011208
CN202510009446.9	A_030108
CN202510009813.5	A_001676
CN202510010325.6	A_002400
CN202510013208.5	A_021338
CN202510014615.8	A_002783
CN202510015187.0	A_016061
CN202510015634.2	A_018823
CN202510015913.9	A_030109
CN202510016608.1	A_000308
CN202510016623.6	A_029733
CN202510017391.6	A_030110
CN202510017674.0	A_000337
CN202510019405.8	A_030111
CN202510019405.8	A_030112
CN202510019899.X	A_030113
CN202510019899.X	A_030114
CN202510021413.6	A_030115
CN202510022299.9	A_030116
CN202510023489.2	A_003827
CN202510023514.7	A_029479
CN202510024267.2	A_021707
CN202510024267.2	A_019300
CN202510024267.2	A_026132
CN202510026503.4	A_003727
CN202510027285.6	A_000507
CN202510028097.5	A_004025
CN202510029434.2	A_030117
CN202510030323.3	A_029449
CN202510030323.3	A_002463
CN202510030519.2	A_030118
CN202510032327.5	A_002613
CN202510033710.2	A_000182
CN202510034424.8	A_030119
CN202510035271.9	A_002268
CN202510036225.0	A_003852
CN202510036505.1	A_011946
CN202510037228.6	A_030120
CN202510037228.6	A_030121
CN202510037228.6	A_030122
CN202510039174.7	A_000273
CN202510039209.7	A_011575
CN202510040333.5	A_001962
CN202510040851.7	A_000299
CN202510041578.X	A_001714
CN202510042504.8	A_000326
CN202510043445.6	A_001071
CN202510043803.3	A_000636
CN202510045507.7	A_030123
CN202510046008.X	A_000134
CN202510046546.9	A_001129
CN202510047149.3	A_011474
CN202510047383.6	A_030124
CN202510047383.6	A_000474
CN202510048138.7	A_003113
CN202510049031.4	A_000182
CN202510050803.6	A_000294
CN202510052940.3	A_000895
CN202510053004.4	A_030125
CN202510053044.9	A_016204
CN202510053048.7	A_030126
CN202510053526.4	A_022274
CN202510053526.4	A_022275
CN202510053526.4	A_030127
CN202510055709.X	A_030128
CN202510056900.6	A_003787
CN202510056927.5	A_001344
CN202510057492.6	A_019292
CN202510057654.6	A_030129
CN202510059584.8	A_000304
CN202510061797.4	A_030130
CN202510061797.4	A_021982
CN202510063147.3	A_030131
CN202510063196.7	A_000304
CN202510064048.7	A_000182
CN202510064248.2	A_020715
CN202510065058.2	A_001080
CN202510065168.9	A_000304
CN202510065468.7	A_025249
CN202510066008.6	A_002168
CN202510066981.8	A_030132
CN202510066981.8	A_030133
CN202510067199.8	A_029994
CN202510067722.7	A_016482
CN202510069209.1	A_000162
CN202510069340.8	A_030134
CN202510071705.0	A_011515
CN202510074185.9	A_030135
CN202510074444.8	A_011493
CN202510075789.5	A_013698
CN202510075799.9	A_012921
CN202510076283.6	A_000162
CN202510076630.5	A_000694
CN202510076632.4	A_000694
CN202510076632.4	A_030136
CN202510076632.4	A_030137
CN202510080108.4	A_002150
CN202510080178.X	A_000304
CN202510080376.6	A_021186
CN202510080417.1	A_030138
CN202510080995.5	A_002791
CN202510082052.6	A_011546
CN202510082264.4	A_001155
CN202510082300.7	A_022019
CN202510082649.0	A_000162
CN202510082649.0	A_030139
CN202510082755.9	A_000198
CN202510086471.7	A_000304
CN202510087187.1	A_001676
CN202510089316.0	A_030140
CN202510089316.0	A_030141
CN202510089815.X	A_002973
CN202510090049.9	A_030142
CN202510090294.X	A_003203
CN202510091147.4	A_000182
CN202510092544.3	A_030143
CN202510094604.5	A_021338
CN202510095358.5	A_021801
CN202510096414.7	A_019989
CN202510097241.0	A_004031
CN202510097480.6	A_004146
CN202510097480.6	A_030144
CN202510099209.6	A_030145
CN202510099646.8	A_030146
CN202510099658.0	A_030147
CN202510100182.8	A_019989
CN202510100370.0	A_010858
CN202510100616.4	A_003042
CN202510100616.4	A_000384
CN202510100735.X	A_030148
CN202510101054.5	A_000276
CN202510101990.6	A_008959
CN202510102282.4	A_030149
CN202510103836.2	A_015255
CN202510106641.3	A_019781
CN202510107391.5	A_030150
CN202510108429.0	A_000182
CN202510110512.1	A_000139
CN202510111107.1	A_030151
CN202510111588.6	A_000198
CN202510113935.9	A_030152
CN202510114982.5	A_030030
CN202510115096.4	A_030153
CN202510115322.9	A_030154
CN202510118105.5	A_005351
CN202510123393.3	A_012345
CN202510123393.3	A_030155
CN202510124202.5	A_015516
CN202510124281.X	A_001129
CN202510125603.2	A_018521
CN202510125706.9	A_020727
CN202510127892.X	A_030156
CN202510127936.9	A_004051
CN202510127953.2	A_030157
CN202510127957.0	A_000992
CN202510129009.0	A_003168
CN202510129010.3	A_003168
CN202510129046.1	A_005048
CN202510129364.8	A_005048
CN202510130940.0	A_000301
CN202510131157.6	A_030158
CN202510131505.X	A_030159
CN202510131507.9	A_025897
CN202510133620.0	A_002795
CN202510133620.0	A_030160
CN202510133702.5	A_020715
CN202510133982.X	A_030161
CN202510134544.5	A_030162
CN202510135863.8	A_030163
CN202510136073.1	A_017110
CN202510136326.5	A_002268
CN202510137006.1	A_000476
CN202510137970.4	A_021755
CN202510138293.8	A_004782
CN202510138542.3	A_000276
CN202510139153.2	A_021732
CN202510141778.2	A_030164
CN202510142249.4	A_030165
CN202510143209.1	A_016972
CN202510143209.1	A_015546
CN202510143230.1	A_002360
CN202510144768.4	A_002360
CN202510145271.4	A_030166
CN202510145271.4	A_030167
CN202510145312.X	A_005303
CN202510145502.1	A_002933
CN202510146893.9	A_022147
CN202510147160.7	A_000182
CN202510148084.1	A_030168
CN202510148677.8	A_000694
CN202510150375.4	A_001676
CN202510153088.9	A_030169
CN202510153597.1	A_030170
CN202510153724.8	A_019117
CN202510153725.2	A_019117
CN202510154772.9	A_030171
CN202510154772.9	A_030172
CN202510155242.6	A_000223
CN202510155250.0	A_030173
CN202510157734.9	A_004059
CN202510158109.6	A_000273
CN202510158746.3	A_019117
CN202510159286.6	A_001676
CN202510161124.6	A_022041
CN202510162629.4	A_030174
CN202510165754.0	A_002199
CN202510166515.7	A_030175
CN202510166938.9	A_015473
CN202510167057.9	A_000198
CN202510168901.X	A_029983
CN202510171599.3	A_003085
CN202510172210.7	A_000304
CN202510172665.9	A_030176
CN202510172665.9	A_030177
CN202510172745.4	A_015516
CN202510173370.3	A_003116
CN202510173370.3	A_000315
CN202510174715.7	A_003547
CN202510174715.7	A_002440
CN202510174832.3	A_001147
CN202510174832.3	A_030178
CN202510175400.4	A_011624
CN202510179072.5	A_030179
CN202510179072.5	A_000139
CN202510182965.5	A_030180
CN202510182965.5	A_030181
CN202510182965.5	A_030182
CN202510183157.0	A_030183
CN202510183549.7	A_003787
CN202510183576.4	A_001756
CN202510183616.5	A_015242
CN202510184093.6	A_022282
CN202510184123.3	A_000273
CN202510184179.9	A_012342
CN202510184179.9	A_030184
CN202510184179.9	A_000507
CN202510184675.4	A_030185
CN202510186931.3	A_003116
CN202510186931.3	A_000315
CN202510188035.0	A_030186
CN202510190918.5	A_030187
CN202510190918.5	A_030188
CN202510191865.9	A_003116
CN202510191865.9	A_000315
CN202510194759.6	A_015289
CN202510194759.6	A_029999
CN202510194999.6	A_030189
CN202510194999.6	A_030190
CN202510195848.2	A_014651
CN202510196073.0	A_001772
CN202510197348.2	A_030191
CN202510197348.2	A_030192
CN202510197722.9	A_021998
CN202510200075.2	A_003901
CN202510200741.2	A_030193
CN202510201721.7	A_030194
CN202510202256.9	A_016605
CN202510202710.0	A_000681
CN202510203777.6	A_000162
CN202510203777.6	A_026190
CN202510204029.X	A_030195
CN202510204280.6	A_003012
CN202510204786.7	A_030196
CN202510204786.7	A_011744
CN202510204786.7	A_030197
CN202510204786.7	A_030198
CN202510205480.3	A_000971
CN202510208260.6	A_030199
CN202510209475.X	A_030200
CN202510209475.X	A_030201
CN202510209652.4	A_002791
CN202510209767.3	A_030202
CN202510209819.7	A_030203
CN202510210070.8	A_003082
CN202510213042.1	A_030204
CN202510214125.2	A_003117
CN202510214176.5	A_018618
CN202510214202.4	A_001659
CN202510215117.X	A_010476
CN202510215444.5	A_015306
CN202510215890.6	A_030205
CN202510216265.3	A_000299
CN202510218195.5	A_030206
CN202510218198.9	A_030206
CN202510218428.1	A_030207
CN202510218486.4	A_020715
CN202510219633.X	A_001071
CN202510220605.X	A_003852
CN202510222117.2	A_000406
CN202510222622.7	A_000994
CN202510224990.5	A_000477
CN202510225310.1	A_001756
CN202510225841.0	A_021033
CN202510225841.0	A_013765
CN202510227074.7	A_030208
CN202510227074.7	A_016116
CN202510227074.7	A_022002
CN202510228729.2	A_030209
CN202510229213.X	A_000304
CN202510231853.4	A_003116
CN202510231853.4	A_000315
CN202510231943.3	A_030210
CN202510232862.5	A_000966
CN202510233633.5	A_000810
CN202510234203.5	A_000182
CN202510234703.9	A_012168
CN202510234798.4	A_010296
CN202510235934.1	A_030211
CN202510237321.1	A_030212
CN202510237675.6	A_000838
CN202510238427.3	A_029317
CN202510239315.X	A_030213
CN202510239459.5	A_030214
CN202510240764.6	A_019193
CN202510240805.1	A_030215
CN202510243218.8	A_018597
CN202510243852.1	A_030216
CN202510243872.9	A_030217
CN202510243886.0	A_003155
CN202510244785.5	A_030218
CN202510245415.3	A_001485
CN202510246861.6	A_000700
CN202510248969.9	A_025236
CN202510248969.9	A_001770
CN202510252028.2	A_000139
CN202510252135.5	A_030219
CN202510252491.7	A_000326
CN202510253085.2	A_000389
CN202510253092.2	A_030220
CN202510253434.0	A_004992
CN202510253434.0	A_000299
CN202510255287.0	A_000709
CN202510255998.8	A_002353
CN202510255998.8	A_000315
CN202510256079.2	A_030221
CN202510257796.7	A_000369
CN202510259114.6	A_002872
CN202510259449.8	A_030222
CN202510260047.X	A_000514
CN202510260190.9	A_030223
CN202510260689.X	A_030224
CN202510261659.0	A_000692
CN202510262800.9	A_030225
CN202510264229.4	A_004731
CN202510265867.8	A_000403
CN202510266089.4	A_001251
CN202510266934.8	A_000301
CN202510266934.8	A_004221
CN202510267413.4	A_000744
CN202510268022.4	A_000636
CN202510268105.3	A_030226
CN202510268932.2	A_030227
CN202510269688.1	A_029967
CN202510269773.8	A_003970
CN202510271378.3	A_000389
CN202510272677.9	A_004241
CN202510272677.9	A_030228
CN202510273447.4	A_000304
CN202510273507.2	A_003267
CN202510275578.6	A_001049
CN202510276060.4	A_000507
CN202510277877.3	A_001363
CN202510277931.4	A_021815
CN202510278543.8	A_014513
CN202510279775.5	A_003547
CN202510279775.5	A_002440
CN202510279826.4	A_030229
CN202510279895.5	A_029433
CN202510279895.5	A_000294
CN202510280349.3	A_015516
CN202510280717.4	A_011675
CN202510281094.2	A_020900
CN202510282082.1	A_003971
CN202510283815.3	A_004557
CN202510283815.3	A_026132
CN202510283815.3	A_019300
CN202510287600.9	A_010218
CN202510287600.9	A_001071
CN202510288691.8	A_004213
CN202510288980.8	A_030230
CN202510289156.4	A_030231
CN202510289719.X	A_030232
CN202510289810.1	A_004162
CN202510289810.1	A_019122
CN202510289810.1	A_016587
CN202510290336.4	A_030233
CN202510290753.9	A_002400
CN202510291596.3	A_000196
CN202510291634.5	A_016582
CN202510292631.3	A_002353
CN202510292834.2	A_030234
CN202510293119.0	A_030235
CN202510293668.8	A_030236
CN202510294393.X	A_030237
CN202510294393.X	A_000371
CN202510294393.X	A_030238
CN202510295430.9	A_027679
CN202510295734.5	A_000182
CN202510296130.2	A_001756
CN202510296792.X	A_001770
CN202510297033.5	A_001372
CN202510297154.X	A_001372
CN202510297261.2	A_000756
CN202510297855.3	A_001233
CN202510298974.0	A_030239
CN202510299001.9	A_016965
CN202510300910.X	A_015501
CN202510301516.8	A_030240
CN202510301516.8	A_000292
CN202510301516.8	A_030241
CN202510302852.4	A_000253
CN202510302887.8	A_030242
CN202510305118.3	A_003044
CN202510305137.6	A_030243
CN202510305537.7	A_000681
CN202510305979.1	A_000709
CN202510306530.7	A_021728
CN202510306851.7	A_000681
CN202510306869.7	A_030244
CN202510307118.7	A_000304
CN202510307483.8	A_030245
CN202510309049.3	A_030246
CN202510310321.X	A_030247
CN202510311894.4	A_000756
CN202510312443.2	A_030248
CN202510313295.6	A_020715
CN202510313497.0	A_019974
CN202510313576.1	A_000979
CN202510314025.7	A_030249
CN202510314076.X	A_009191
CN202510314281.6	A_020715
CN202510314392.7	A_000198
CN202510315053.0	A_030250
CN202510315972.8	A_017085
CN202510316487.2	A_002953
CN202510316533.9	A_030251
CN202510316932.5	A_002843
CN202510317463.9	A_000452
CN202510317583.9	A_000182
CN202510319056.1	A_030252
CN202510319421.9	A_030253
CN202510320284.0	A_009078
CN202510321562.4	A_030254
CN202510323002.2	A_029929
CN202510323002.2	A_029930
CN202510323321.3	A_019989
CN202510324331.9	A_000299
CN202510324451.9	A_029512
CN202510326693.1	A_002493
CN202510327463.7	A_030255
CN202510328863.X	A_030256
CN202510328955.8	A_000978
CN202510329620.8	A_003160
CN202510329620.8	A_030257
CN202510330433.1	A_003609
CN202510333185.6	A_015964
CN202510333251.X	A_000692
CN202510333867.7	A_008956
CN202510334012.6	A_018979
CN202510334187.7	A_021325
CN202510334187.7	A_029733
CN202510336190.2	A_030258
CN202510336190.2	A_029489
CN202510336190.2	A_030259
CN202510336809.X	A_030260
CN202510337238.1	A_029828
CN202510337432.X	A_000596
CN202510337539.4	A_000299
CN202510339159.4	A_030261
CN202510339334.X	A_001991
CN202510340021.6	A_014568
CN202510340021.6	A_003625
CN202510341205.4	A_000134
CN202510341485.9	A_016483
CN202510341603.6	A_029736
CN202510344343.8	A_030262
CN202510344365.4	A_029947
CN202510344552.2	A_000139
CN202510345984.5	A_001770
CN202510345984.5	A_030263
CN202510348298.3	A_029502
CN202510348470.5	A_004738
CN202510348644.8	A_000134
CN202510349067.4	A_030264
CN202510349406.9	A_000353
CN202510349771.X	A_016692
CN202510349771.X	A_030265
CN202510350262.9	A_000474
CN202510350340.5	A_004161
CN202510350370.6	A_030266
CN202510350370.6	A_030267
CN202510350485.5	A_022276
CN202510350485.5	A_001676
CN202510350918.7	A_012219
CN202510352043.4	A_030268
CN202510352043.4	A_030269
CN202510352043.4	A_003077
CN202510352244.4	A_030268
CN202510352925.0	A_029340
CN202510352925.0	A_030270
CN202510353474.2	A_012219
CN202510355258.1	A_030271
CN202510356272.3	A_001080
CN202510356953.X	A_000476
CN202510356953.X	A_004157
CN202510357319.8	A_001960
CN202510357725.4	A_030272
CN202510357905.2	A_030273
CN202510358513.8	A_000990
CN202510362026.9	A_011489
CN202510363904.9	A_003660
CN202510364096.8	A_003446
CN202510364096.8	A_030274
CN202510364503.5	A_018979
CN202510364650.2	A_030275
CN202510364973.1	A_000292
CN202510365105.5	A_030276
CN202510365105.5	A_030277
CN202510365105.5	A_030278
CN202510365105.5	A_030279
CN202510365325.8	A_001087
CN202510365325.8	A_020954
CN202510365325.8	A_000241
CN202510365325.8	A_000384
CN202510365735.2	A_000332
CN202510366094.2	A_001676
CN202510366094.2	A_030280
CN202510366094.2	A_005125
CN202510368124.3	A_001676
CN202510368493.2	A_020828
CN202510369080.6	A_030281
CN202510369914.3	A_030282
CN202510369963.7	A_030283
CN202510370363.2	A_000509
CN202510370924.9	A_005163
CN202510371808.9	A_002768
CN202510371808.9	A_001568
CN202510372750.X	A_030284
CN202510373959.8	A_030285
CN202510374491.4	A_029531
CN202510376510.7	A_025714
CN202510376510.7	A_030286
CN202510376510.7	A_003824
CN202510376510.7	A_004106
CN202510376526.8	A_018566
CN202510376576.6	A_018566
CN202510377103.8	A_000996
CN202510378133.0	A_000966
CN202510378605.2	A_000895
CN202510378605.2	A_030287
CN202510380997.6	A_000477
CN202510381403.3	A_002615
CN202510382498.0	A_015565
CN202510383376.3	A_030167
CN202510383671.9	A_000943
CN202510384379.9	A_022064
CN202510386146.2	A_001659
CN202510386239.5	A_030288
CN202510386535.5	A_003970
CN202510386737.X	A_002970
CN202510390399.7	A_000292
CN202510390598.8	A_001215
CN202510390819.1	A_011462
CN202510390868.5	A_003255
CN202510391064.7	A_011462
CN202510391870.4	A_000636
CN202510393393.5	A_015642
CN202510393452.9	A_021558
CN202510393589.4	A_000756
CN202510393993.1	A_030289
CN202510394248.9	A_000304
CN202510394563.1	A_003085
CN202510395849.1	A_000947
CN202510396070.1	A_029512
CN202510396511.8	A_001499
CN202510396511.8	A_000384
CN202510396511.8	A_002872
CN202510396989.0	A_003804
CN202510397023.9	A_001139
CN202510398211.3	A_019266
CN202510398983.7	A_030290
CN202510398993.0	A_002400
CN202510399280.6	A_030291
CN202510399729.9	A_000596
CN202510399977.3	A_030292
CN202510400013.6	A_015421
CN202510402755.2	A_000253
CN202510404228.5	A_003012
CN202510404269.4	A_002472
CN202510404403.0	A_030293
CN202510404403.0	A_005247
CN202510405437.1	A_030294
CN202510405497.3	A_029828
CN202510405858.4	A_003397
CN202510405995.8	A_030295
CN202510406238.2	A_030296
CN202510406238.2	A_030297
CN202510407120.1	A_000416
CN202510407120.1	A_002940
CN202510407816.4	A_030298
CN202510407898.2	A_018795
CN202510409683.4	A_002312
CN202510410674.7	A_030299
CN202510411285.6	A_030300
CN202510411484.7	A_020715
CN202510412551.7	A_000610
CN202510413376.3	A_000596
CN202510413376.3	A_000595
CN202510413731.7	A_030301
CN202510414270.5	A_000203
CN202510414770.9	A_003901
CN202510414912.1	A_030302
CN202510415521.1	A_001173
CN202510415521.1	A_030303
CN202510416733.1	A_003255
CN202510417110.6	A_030083
CN202510417474.4	A_030304
CN202510417474.4	A_030305
CN202510417744.1	A_000182
CN202510419308.8	A_030306
CN202510420296.0	A_000182
CN202510420378.5	A_030307
CN202510420790.7	A_016474
CN202510422467.3	A_012266
CN202510422568.0	A_001836
CN202510425562.9	A_030308
CN202510425602.X	A_030309
CN202510427379.2	A_030310
CN202510429526.X	A_022279
CN202510430024.9	A_003916
CN202510430942.1	A_000134
CN202510430942.1	A_030311
CN202510431642.5	A_000694
CN202510432159.9	A_025213
CN202510433318.7	A_003057
CN202510434565.9	A_011798
CN202510434660.9	A_020715
CN202510435152.2	A_016681
CN202510435152.2	A_000336
CN202510435158.X	A_005376
CN202510436011.2	A_021694
CN202510436760.5	A_002872
CN202510436785.5	A_000253
CN202510436953.0	A_000636
CN202510437208.8	A_030312
CN202510437208.8	A_001668
CN202510437220.9	A_021740
CN202510437356.X	A_016848
CN202510438254.X	A_030313
CN202510439811.X	A_004732
CN202510439890.4	A_002293
CN202510440124.X	A_030314
CN202510440788.6	A_020058
CN202510441841.4	A_004241
CN202510441841.4	A_030315
CN202510442674.5	A_000856
CN202510443248.3	A_019807
CN202510444082.7	A_001714
CN202510445189.3	A_025290
CN202510445603.0	A_020767
CN202510445724.5	A_030316
CN202510446291.5	A_027672
CN202510446291.5	A_030317
CN202510447633.5	A_030318
CN202510448822.4	A_000991
CN202510449452.6	A_011617
CN202510449452.6	A_030319
CN202510449847.6	A_030320
CN202510450118.2	A_030321
CN202510450376.0	A_000299
CN202510450992.6	A_003909
CN202510451109.5	A_020767
CN202510451229.5	A_018629
CN202510451229.5	A_030322
CN202510451271.7	A_030323
CN202510451541.4	A_030324
CN202510452113.3	A_003436
CN202510452485.6	A_030325
CN202510452948.9	A_010563
CN202510453162.9	A_015185
CN202510453339.5	A_030326
CN202510453574.2	A_004106
CN202510453946.1	A_012219
CN202510454785.8	A_030327
CN202510454812.1	A_004721
CN202510456210.X	A_030328
CN202510456262.7	A_014003
CN202510457056.8	A_004084
CN202510457872.9	A_014049
CN202510458768.1	A_019117
CN202510458867.X	A_000294
CN202510458893.2	A_016681
CN202510458893.2	A_000294
CN202510458931.4	A_002353
CN202510458952.6	A_021049
CN202510459051.9	A_030329
CN202510459241.0	A_000294
CN202510459490.X	A_005297
CN202510462362.0	A_000353
CN202510462362.0	A_000162
CN202510462362.0	A_013810
CN202510463193.2	A_000336
CN202510464058.X	A_001676
CN202510464424.1	A_000685
CN202510464433.0	A_000685
CN202510465445.5	A_001772
CN202510465750.4	A_000134
CN202510466423.0	A_003970
CN202510467141.2	A_000452
CN202510467620.4	A_022189
CN202510468028.6	A_002268
CN202510468075.0	A_021419
CN202510468377.8	A_002317
CN202510471616.5	A_030330
CN202510471920.X	A_000198
CN202510472102.1	A_030331
CN202510472359.7	A_021526
CN202510472652.3	A_030332
CN202510472669.9	A_030333
CN202510474222.5	A_001233
CN202510474222.5	A_030334
CN202510474222.5	A_030335
CN202510474280.8	A_030336
CN202510474446.6	A_030337
CN202510474633.4	A_030338
CN202510475012.8	A_030339
CN202510476218.2	A_002199
CN202510476528.4	A_012921
CN202510476821.0	A_030340
CN202510477011.7	A_016665
CN202510477099.2	A_000988
CN202510477529.0	A_005262
CN202510477960.5	A_030341
CN202510478340.3	A_000304
CN202510478698.6	A_012218
CN202510479184.2	A_030342
CN202510481777.2	A_003450
CN202510482448.X	A_001602
CN202510483953.6	A_030343
CN202510484856.9	A_000292
CN202510485927.7	A_029456
CN202510486172.2	A_030344
CN202510486381.7	A_003152
CN202510486381.7	A_030345
CN202510486750.2	A_030346
CN202510487930.2	A_003827
CN202510488805.3	A_030347
CN202510489177.0	A_002293
CN202510489618.7	A_002927
CN202510489618.7	A_030348
CN202510489974.9	A_030349
CN202510490951.X	A_010633
CN202510492325.4	A_002318
CN202510492376.7	A_004084
CN202510492922.7	A_030350
CN202510493101.5	A_000635
CN202510493132.0	A_030351
CN202510493505.4	A_000831
CN202510494023.0	A_030352
CN202510494025.X	A_030352
CN202510494641.5	A_001663
CN202510494908.0	A_000276
CN202510494954.0	A_021692
CN202510495693.4	A_001154
CN202510496664.X	A_030353
CN202510496801.X	A_012747
CN202510497186.4	A_030354
CN202510497186.4	A_016340
CN202510497186.4	A_030355
CN202510497321.5	A_000353
CN202510497321.5	A_000162
CN202510497321.5	A_013810
CN202510497686.8	A_000966
CN202510498002.6	A_008976
CN202510498575.9	A_030356
CN202510498579.7	A_030357
CN202510499903.7	A_001351
CN202510500710.9	A_001991
CN202510500710.9	A_018258
CN202510501021.X	A_021033
CN202510501021.X	A_013765
CN202510501031.3	A_021000
CN202510501393.2	A_021605
CN202510501870.5	A_030358
CN202510501910.6	A_003296
CN202510502669.9	A_000861
CN202510505282.9	A_000574
CN202510505699.5	A_000345
CN202510505733.9	A_000345
CN202510505940.4	A_000182
CN202510507265.9	A_003450
CN202510507520.X	A_011506
CN202510507520.X	A_030359
CN202510508210.X	A_012300
CN202510508686.3	A_030360
CN202510509049.8	A_030361
CN202510510189.7	A_001060
CN202510510509.9	A_019260
CN202510510509.9	A_000509
CN202510511068.4	A_018974
CN202510512343.4	A_002109
CN202510512343.4	A_030362
CN202510512343.4	A_000384
CN202510512706.4	A_000273
CN202510513781.2	A_030363
CN202510514141.3	A_030364
CN202510514141.3	A_030365
CN202510514319.4	A_029075
CN202510514319.4	A_030366
CN202510514319.4	A_030367
CN202510514427.1	A_000198
CN202510515091.0	A_030368
CN202510515091.0	A_030369
CN202510517662.4	A_030370
CN202510517662.4	A_013765
CN202510517755.7	A_021740
CN202510520271.8	A_003082
CN202510520931.2	A_020956
CN202510521386.9	A_000861
CN202510523598.0	A_029495
CN202510524340.2	A_030371
CN202510524888.7	A_030372
CN202510524902.3	A_000685
CN202510525141.3	A_030373
CN202510525635.1	A_030374
CN202510526187.7	A_001057
CN202510527760.6	A_016873
CN202510527760.6	A_030375
CN202510529218.4	A_019218
CN202510529297.9	A_011679
CN202510529953.5	A_030376
CN202510530674.0	A_001821
CN202510531854.0	A_003609
CN202510531854.0	A_030377
CN202510532141.6	A_010674
CN202510532511.6	A_001581
CN202510532511.6	A_000416
CN202510533354.0	A_030378
CN202510533439.9	A_030379
CN202510533961.7	A_030380
CN202510535138.X	A_000182
CN202510536345.7	A_001676
CN202510536732.0	A_001639
CN202510537135.X	A_030381
CN202510538114.X	A_030382
CN202510538648.2	A_030383
CN202510539567.4	A_003255
CN202510539671.3	A_030384
CN202510539998.0	A_004468
CN202510540306.4	A_030385
CN202510540629.3	A_030083
CN202510541795.5	A_030386
CN202510542201.2	A_030387
CN202510542699.2	A_008976
CN202510542758.6	A_000979
CN202510542977.4	A_000304
CN202510543668.9	A_025263
CN202510544127.8	A_004766
CN202510544517.5	A_000182
CN202510545166.X	A_030388
CN202510545540.6	A_030389
CN202510545540.6	A_021662
CN202510545974.6	A_027549
CN202510547046.3	A_003085
CN202510547046.3	A_009080
CN202510549616.2	A_030390
CN202510550940.6	A_030391
CN202510552309.X	A_021338
CN202510553430.4	A_030392
CN202510554693.7	A_000182
CN202510554979.5	A_000971
CN202510555183.1	A_016244
CN202510555406.4	A_003267
CN202510556018.8	A_030014
CN202510559038.0	A_029814
CN202510559422.0	A_030393
CN202510560645.9	A_030394
CN202510561722.2	A_004721
CN202510562590.5	A_030395
CN202510563149.9	A_030396
CN202510564658.3	A_030397
CN202510565763.9	A_030014
CN202510566844.0	A_030398
CN202510567233.8	A_001139
CN202510567604.2	A_030399
CN202510568139.4	A_025212
CN202510568795.4	A_030400
CN202510568981.8	A_030380
CN202510569513.2	A_004297
CN202510570257.9	A_016724
CN202510570257.9	A_016235
CN202510571368.1	A_001998
CN202510572738.3	A_000337
CN202510573915.X	A_004031
CN202510575174.9	A_000895
CN202510575180.4	A_001103
CN202510575758.6	A_030401
CN202510576640.5	A_030402
CN202510578265.8	A_018629
CN202510578265.8	A_001821
CN202510578265.8	A_030403
CN202510578536.X	A_030404
CN202510578789.7	A_015586
CN202510579227.4	A_017079
CN202510580671.8	A_001542
CN202510580960.8	A_008751
CN202510581802.4	A_030405
CN202510582197.2	A_010128
CN202510582395.9	A_030406
CN202510582423.7	A_030407
CN202510582686.8	A_030408
CN202510582897.1	A_001613
CN202510583103.3	A_030409
CN202510583178.1	A_000203
CN202510587390.5	A_030410
CN202510587867.X	A_004144
CN202510588609.3	A_030411
CN202510588781.9	A_004236
CN202510588925.0	A_000314
CN202510589065.2	A_016582
CN202510589386.2	A_001765
CN202510589642.8	A_003384
CN202510590263.0	A_003012
CN202510590636.4	A_004417
CN202510591054.8	A_001060
CN202510591398.9	A_030412
CN202510591512.8	A_019354
CN202510591512.8	A_019355
CN202510591817.9	A_000294
CN202510592497.9	A_000636
CN202510592497.9	A_003033
CN202510592497.9	A_019118
CN202510592525.7	A_000636
CN202510592525.7	A_003033
CN202510592525.7	A_019118
CN202510592775.0	A_001135
CN202510592862.6	A_030413
CN202510592862.6	A_002463
CN202510592963.3	A_017027
CN202510592963.3	A_020732
CN202510592963.3	A_030414
CN202510595356.2	A_002168
CN202510596572.9	A_030415
CN202510596791.7	A_016665
CN202510596889.2	A_030416
CN202510597667.2	A_030417
CN202510598192.9	A_027236
CN202510598192.9	A_030418
CN202510598212.2	A_016582
CN202510598212.2	A_017897
CN202510599229.X	A_017196
CN202510599571.X	A_000317
CN202510600911.6	A_004297
CN202510601189.8	A_030419
CN202510602382.3	A_030420
CN202510602479.4	A_030421
CN202510602979.8	A_002378
CN202510604076.3	A_030422
CN202510604076.3	A_030423
CN202510604710.3	A_003155
CN202510604710.3	A_030424
CN202510605413.0	A_002268
CN202510605862.5	A_020346
CN202510605862.5	A_020347
CN202510606073.3	A_010601
CN202510606073.3	A_018597
CN202510607984.8	A_014536
CN202510607984.8	A_030425
CN202510608202.2	A_000756
CN202510608563.7	A_000596
CN202510608683.7	A_030426
CN202510608930.3	A_030427
CN202510609886.8	A_030428
CN202510610182.2	A_030429
CN202510610273.6	A_018521
CN202510610727.X	A_001770
CN202510610770.6	A_004843
CN202510611936.6	A_021054
CN202510611936.6	A_004621
CN202510612531.4	A_001821
CN202510612618.1	A_012724
CN202510613138.7	A_001087
CN202510613138.7	A_003085
CN202510613138.7	A_000384
CN202510613199.3	A_000382
CN202510613624.9	A_030430
CN202510613624.9	A_030431
CN202510614124.7	A_000304
CN202510614704.6	A_030432
CN202510615382.7	A_030214
CN202510615628.0	A_030433
CN202510616363.6	A_003450
CN202510616586.2	A_013794
CN202510616934.6	A_011507
CN202510617062.5	A_000276
CN202510617257.X	A_017079
CN202510617394.3	A_029550
CN202510618287.2	A_002971
CN202510618287.2	A_030434
CN202510618456.2	A_030434
CN202510619704.5	A_030435
CN202510619716.8	A_030436
CN202510620319.2	A_003049
CN202510620868.X	A_003296
CN202510620959.3	A_001756
CN202510621264.7	A_030437
CN202510621264.7	A_001433
CN202510621277.4	A_030437
CN202510621277.4	A_001433
CN202510621877.0	A_030438
CN202510622082.1	A_000196
CN202510622710.6	A_000198
CN202510623922.6	A_030439
CN202510624501.5	A_030440
CN202510625064.9	A_030441
CN202510625392.9	A_030442
CN202510625486.6	A_016665
CN202510625596.2	A_000182
CN202510626205.9	A_003823
CN202510626205.9	A_030443
CN202510626601.1	A_000253
CN202510626764.X	A_001676
CN202510627226.2	A_030444
CN202510627389.0	A_029809
CN202510627669.1	A_029967
CN202510627984.4	A_004051
CN202510629032.6	A_030445
CN202510629138.6	A_008598
CN202510629138.6	A_030446
CN202510629759.4	A_004920
CN202510629871.8	A_000139
CN202510629997.5	A_000294
CN202510630646.6	A_000182
CN202510631175.0	A_030447
CN202510631175.0	A_001113
CN202510631175.0	A_030448
CN202510631205.8	A_003923
CN202510631335.1	A_000458
CN202510631816.2	A_030449
CN202510631833.6	A_030450
CN202510631833.6	A_011681
CN202510633064.3	A_000139
CN202510633064.3	A_030087
CN202510633183.9	A_001765
CN202510634225.0	A_000304
CN202510634355.4	A_019176
CN202510634668.X	A_000992
CN202510634898.6	A_030451
CN202510637208.2	A_000337
CN202510637367.2	A_022227
CN202510638629.7	A_000913
CN202510638902.6	A_030452
CN202510638906.4	A_030453
CN202510639740.8	A_030454
CN202510639740.8	A_030431
CN202510640081.X	A_008740
CN202510641707.9	A_016971
CN202510641852.7	A_030455
CN202510642376.0	A_000514
CN202510642376.0	A_004698
CN202510642863.7	A_021967
CN202510643351.2	A_003042
CN202510643392.1	A_004766
CN202510643734.X	A_000838
CN202510643734.X	A_030456
CN202510643734.X	A_030457
CN202510644034.2	A_010161
CN202510644210.2	A_030458
CN202510645389.3	A_021403
CN202510645445.3	A_021723
CN202510646549.6	A_030459
CN202510648334.8	A_000936
CN202510648641.6	A_000276
CN202510648699.0	A_028503
CN202510649618.9	A_030440
CN202510650367.6	A_000182
CN202510650535.1	A_025185
CN202510651068.4	A_001147
CN202510651335.8	A_030460
CN202510651884.5	A_010140
CN202510652090.0	A_000162
CN202510652090.0	A_012221
CN202510652090.0	A_020169
CN202510652090.0	A_029733
CN202510652391.3	A_003783
CN202510654577.2	A_001994
CN202510654872.8	A_025213
CN202510655178.8	A_010161
CN202510655629.8	A_000134
CN202510656258.5	A_030461
CN202510656390.6	A_000139
CN202510656743.2	A_030143
CN202510657262.3	A_000315
CN202510657335.9	A_002168
CN202510658445.7	A_003384
CN202510659377.6	A_030462
CN202510659613.4	A_002268
CN202510660232.8	A_030296
CN202510660232.8	A_030297
CN202510660621.0	A_005288
CN202510661778.5	A_030463
CN202510661841.5	A_003970
CN202510661958.3	A_015200
CN202510662810.1	A_025249
CN202510663037.0	A_030464
CN202510663330.7	A_030234
CN202510664417.6	A_000134
CN202510664774.2	A_001314
CN202510665650.6	A_026239
CN202510665650.6	A_000134
CN202510665931.1	A_000574
CN202510667506.6	A_027859
CN202510667506.6	A_004050
CN202510668438.5	A_000517
CN202510668887.X	A_030465
CN202510669792.X	A_030466
CN202510669792.X	A_030467
CN202510670301.3	A_011860
CN202510670301.3	A_000384
CN202510671481.7	A_020715
CN202510671595.1	A_030468
CN202510671677.6	A_000213
CN202510671677.6	A_030469
CN202510672185.9	A_003662
CN202510674601.9	A_013824
CN202510674917.8	A_030444
CN202510675633.0	A_015646
CN202510677202.8	A_000641
CN202510678572.3	A_030470
CN202510679103.3	A_000182
CN202510680413.7	A_000507
CN202510681036.9	A_029983
CN202510681169.6	A_015271
CN202510681689.7	A_000304
CN202510681751.2	A_000419
CN202510681836.0	A_021214
CN202510681836.0	A_030471
CN202510681836.0	A_030472
CN202510682082.0	A_000139
CN202510683588.3	A_000685
CN202510684095.1	A_030473
CN202510684265.6	A_001856
CN202510684346.6	A_001756
CN202510684742.9	A_000162
CN202510685312.9	A_010488
CN202510685878.1	A_016590
CN202510686347.4	A_016513
CN202510686716.X	A_022118
CN202510687365.4	A_030474
CN202510689618.1	A_010302
CN202510690084.4	A_030475
CN202510690084.4	A_030476
CN202510690281.6	A_000406
CN202510690392.7	A_019122
CN202510691477.7	A_030477
CN202510691732.8	A_030478
CN202510692363.4	A_000709
CN202510692736.8	A_030479
CN202510693107.7	A_003262
CN202510694410.9	A_016899
CN202510695807.X	A_016916
CN202510696264.3	A_002374
CN202510696533.6	A_030480
CN202510696590.4	A_030481
CN202510697104.0	A_000596
CN202510698199.8	A_019298
CN202510698199.8	A_010602
CN202510698343.8	A_030482
CN202510698735.4	A_000134
CN202510698835.7	A_000992
CN202510699959.7	A_030483
CN202510700208.2	A_011546
CN202510702843.4	A_004161
CN202510703512.2	A_030484
CN202510705768.7	A_030485
CN202510706325.X	A_030486
CN202510706326.4	A_030486
CN202510706383.2	A_030487
CN202510707034.2	A_030488
CN202510707160.8	A_030489
CN202510708625.1	A_030490
CN202510708886.3	A_001176
CN202510708886.3	A_000384
CN202510709430.9	A_030491
CN202510709430.9	A_002019
CN202510709430.9	A_015735
CN202510709430.9	A_030492
CN202510710184.9	A_030493
CN202510710288.X	A_002268
CN202510712773.0	A_030494
CN202510713316.3	A_013012
CN202510715251.6	A_022212
CN202510715587.2	A_030495
CN202510715734.6	A_002446
CN202510715734.6	A_025749
CN202510715896.X	A_030496
CN202510715961.9	A_022212
CN202510716643.4	A_018815
CN202510716643.4	A_015531
CN202510716764.9	A_000299
CN202510718468.2	A_000252
CN202510718538.4	A_030371
CN202510718952.5	A_001215
CN202510720443.6	A_004129
CN202510720525.0	A_030497
CN202510722119.8	A_001991
CN202510722119.8	A_018258
CN202510723230.9	A_030498
CN202510723234.7	A_030499
CN202510724434.4	A_010563
CN202510727147.9	A_001668
CN202510727803.5	A_015191
CN202510728678.X	A_030500
CN202510731326.X	A_030501
CN202510731784.3	A_000979
CN202510731975.X	A_004051
CN202510732832.0	A_015240
CN202510734218.8	A_030502
CN202510734298.7	A_000182
CN202510734644.1	A_012315
CN202510735004.2	A_030503
CN202510736365.9	A_005354
CN202510736853.X	A_000134
CN202510737837.2	A_030504
CN202510737909.3	A_000477
CN202510737967.6	A_022182
CN202510738239.7	A_005122
CN202510738657.6	A_004274
CN202510740053.5	A_030505
CN202510740230.X	A_030506
CN202510740374.5	A_001312
CN202510740438.1	A_030507
CN202510740867.9	A_003916
CN202510741271.0	A_030508
CN202510741271.0	A_003884
CN202510741271.0	A_030509
CN202510741279.7	A_030508
CN202510741279.7	A_003884
CN202510741279.7	A_030509
CN202510742700.6	A_030510
CN202510743514.4	A_004035
CN202510744103.7	A_003082
CN202510744787.0	A_021523
CN202510744788.5	A_021523
CN202510746598.7	A_029936
CN202510746947.5	A_030511
CN202510746947.5	A_030512
CN202510747194.X	A_000276
CN202510747466.6	A_003696
CN202510747567.3	A_000162
CN202510747713.2	A_002472
CN202510748357.6	A_030513
CN202510750012.4	A_002282
CN202510750789.0	A_030514
CN202510751116.7	A_030515
CN202510751117.1	A_030515
CN202510752676.4	A_030516
CN202510753202.1	A_030517
CN202510753568.9	A_022227
CN202510753647.X	A_030518
CN202510753647.X	A_000337
CN202510753851.1	A_015599
CN202510755026.5	A_030519
CN202510757338.X	A_030520
CN202510759624.X	A_030491
CN202510759624.X	A_030521
CN202510759624.X	A_030522
CN202510760179.9	A_030304
CN202510760179.9	A_030305
CN202510760272.X	A_000273
CN202510760819.6	A_011518
CN202510760889.1	A_030523
CN202510760889.1	A_030524
CN202510760889.1	A_030525
CN202510761445.X	A_000636
CN202510762132.6	A_001327
CN202510762326.6	A_000182
CN202510762339.3	A_000182
CN202510763561.5	A_000317
CN202510765116.2	A_001099
CN202510765116.2	A_025253
CN202510765442.3	A_030526
CN202510765492.1	A_003082
CN202510765975.1	A_012219
CN202510766303.2	A_015200
CN202510767104.3	A_030527
CN202510767293.4	A_030528
CN202510770546.3	A_002472
CN202510770673.3	A_002472
CN202510770898.9	A_030529
CN202510770898.9	A_027582
CN202510772592.7	A_030530
CN202510773028.7	A_030531
CN202510774396.3	A_000134
CN202510775033.1	A_001003
CN202510776573.1	A_002109
CN202510776573.1	A_004444
CN202510776573.1	A_000384
CN202510776700.8	A_030532
CN202510777770.5	A_017885
CN202510779125.7	A_004059
CN202510779943.7	A_000276
CN202510779957.9	A_028507
CN202510780095.1	A_021849
CN202510780853.X	A_000517
CN202510781134.X	A_030533
CN202510782416.1	A_030534
CN202510784496.4	A_030535
CN202510784763.8	A_022097
CN202510784763.8	A_020971
CN202510785316.4	A_002268
CN202510785717.X	A_030536
CN202510785899.0	A_030537
CN202510786898.8	A_030538
CN202510787021.0	A_000749
CN202510787264.4	A_030539
CN202510787264.4	A_029619
CN202510789195.0	A_030540
CN202510789226.2	A_029636
CN202510789238.5	A_029458
CN202510789283.0	A_029636
CN202510789621.0	A_030541
CN202510789676.1	A_026215
CN202510789875.2	A_005161
CN202510790046.6	A_000861
CN202510790093.0	A_002993
CN202510790389.2	A_002545
CN202510791661.9	A_030542
CN202510792140.5	A_001026
CN202510792553.3	A_000304
CN202510792553.3	A_001109
CN202510793912.7	A_030543
CN202510795576.X	A_030544
CN202510796287.1	A_000326
CN202510797158.4	A_002374
CN202510797351.8	A_001575
CN202510797542.4	A_000636
CN202510798037.1	A_016248
CN202510798419.4	A_000371
CN202510798419.4	A_030545
CN202510798656.0	A_030546
CN202510799785.1	A_001183
CN202510800011.6	A_030547
CN202510800575.X	A_004161
CN202510800698.3	A_011493
CN202510801175.0	A_002353
CN202510801714.0	A_012336
CN202510802098.0	A_001756
CN202510802514.7	A_000406
CN202510802804.1	A_030548
CN202510802804.1	A_029559
CN202510802804.1	A_000314
CN202510802804.1	A_030549
CN202510802872.8	A_030550
CN202510802872.8	A_030551
CN202510802872.8	A_030552
CN202510803092.5	A_030553
CN202510804245.8	A_030554
CN202510804256.6	A_002168
CN202510805442.1	A_030555
CN202510807470.7	A_016629
CN202510807767.3	A_011617
CN202510808510.X	A_030556
CN202510808764.1	A_030557
CN202510809382.0	A_029712
CN202510810577.7	A_019224
CN202510810742.9	A_030558
CN202510811310.X	A_000304
CN202510811602.3	A_002709
CN202510812370.3	A_030559
CN202510812741.8	A_030560
CN202510813294.8	A_021526
CN202510813512.8	A_030561
CN202510814052.0	A_002268
CN202510814514.9	A_000294
CN202510815179.4	A_000337
CN202510815202.X	A_001031
CN202510815449.1	A_000326
CN202510815522.5	A_030562
CN202510815870.2	A_030563
CN202510816727.5	A_014364
CN202510816883.1	A_002920
CN202510818536.2	A_016533
CN202510818536.2	A_001668
CN202510818546.6	A_030564
CN202510819631.4	A_030565
CN202510820443.3	A_002953
CN202510820736.1	A_030566
CN202510821115.5	A_003919
CN202510821575.8	A_003957
CN202510822114.2	A_003772
CN202510822157.0	A_015546
CN202510822395.1	A_030567
CN202510824417.8	A_013803
CN202510824802.2	A_000253
CN202510825814.7	A_030568
CN202510826233.5	A_001369
CN202510826328.7	A_000452
CN202510826328.7	A_019196
CN202510827631.9	A_030569
CN202510828662.6	A_030570
CN202510830278.X	A_001770
CN202510830278.X	A_000273
CN202510830336.9	A_010466
CN202510830395.6	A_029475
CN202510830850.2	A_019306
CN202510830850.2	A_030571
CN202510830899.8	A_000162
CN202510832345.1	A_026151
CN202510834665.0	A_003804
CN202510834665.0	A_000304
CN202510835414.4	A_015369
CN202510837200.0	A_029653
CN202510837459.5	A_030572
CN202510838536.9	A_030573
CN202510838830.X	A_030574
CN202510839145.9	A_030575
CN202510839145.9	A_030576
CN202510840901.X	A_010212
CN202510841734.0	A_000332
CN202510842735.7	A_030577
CN202510843520.7	A_029733
CN202510843929.9	A_000223
CN202510843970.6	A_001075
CN202510844169.3	A_030578
CN202510845672.0	A_019188
CN202510846378.1	A_021993
CN202510846378.1	A_000384
CN202510846433.7	A_021993
CN202510846433.7	A_000384
CN202510846713.8	A_000510
CN202510847385.3	A_012266
CN202510847404.2	A_000304
CN202510848155.9	A_002953
CN202510848361.X	A_030579
CN202510849045.4	A_017079
CN202510849100.X	A_030580
CN202510849226.7	A_030581
CN202510849671.3	A_030582
CN202510849746.8	A_030583
CN202510850546.4	A_000452
CN202510851525.4	A_000452
CN202510851832.2	A_030584
CN202510852680.8	A_010278
CN202510852800.4	A_001765
CN202510855249.9	A_004146
CN202510855827.9	A_010121
CN202510856052.7	A_003183
CN202510857792.2	A_017200
CN202510858667.3	A_030585
CN202510858692.1	A_000139
CN202510859986.6	A_000294
CN202510860191.7	A_030586
CN202510860191.7	A_030587
CN202510860290.5	A_029653
CN202510860783.9	A_030588
CN202510861847.7	A_030589
CN202510861847.7	A_030590
CN202510861987.4	A_004157
CN202510861987.4	A_003033
CN202510862984.2	A_030591
CN202510862984.2	A_030592
CN202510863702.0	A_017054
CN202510863702.0	A_017055
CN202510863702.0	A_000384
CN202510864014.6	A_027920
CN202510864159.6	A_000517
CN202510864479.1	A_030593
CN202510864479.1	A_011515
CN202510864643.9	A_030304
CN202510864643.9	A_030305
CN202510865675.0	A_030594
CN202510866160.2	A_030595
CN202510866364.6	A_000915
CN202510868079.8	A_030596
CN202510868095.7	A_002472
CN202510868670.3	A_030597
CN202510869469.7	A_016769
CN202510870497.0	A_030598
CN202510870858.1	A_001363
CN202510872231.X	A_019800
CN202510873192.5	A_030599
CN202510874802.3	A_030600
CN202510874802.3	A_030601
CN202510875769.6	A_006109
CN202510876722.1	A_030602
CN202510876999.4	A_028491
CN202510877662.5	A_030603
CN202510877662.5	A_030604
CN202510877749.2	A_018629
CN202510877749.2	A_000979
CN202510878735.2	A_003255
CN202510879014.3	A_000315
CN202510880889.5	A_009157
CN202510880889.5	A_000337
CN202510881012.8	A_002907
CN202510881196.8	A_000494
CN202510884307.0	A_030605
CN202510885288.3	A_000273
CN202510886329.0	A_030606
CN202510887392.6	A_008787
CN202510887392.6	A_000353
CN202510887392.6	A_000268
CN202510887592.1	A_004992
CN202510887677.X	A_020956
CN202510888704.5	A_004146
CN202510889517.9	A_013698
CN202510890438.X	A_000452
CN202510892957.X	A_030501
CN202510894590.5	A_001676
CN202510894799.1	A_016769
CN202510896013.X	A_018585
CN202510897097.9	A_030607
CN202510897661.7	A_000134
CN202510897714.5	A_005270
CN202510898694.3	A_030608
CN202510899033.2	A_030609
CN202510902475.8	A_030610
CN202510902705.0	A_030611
CN202510903567.8	A_015271
CN202510903567.8	A_012004
CN202510903567.8	A_001412
CN202510903567.8	A_002268
CN202510904630.X	A_000162
CN202510905304.0	A_030612
CN202510905304.0	A_029951
CN202510905304.0	A_030613
CN202510906320.1	A_002150
CN202510906414.9	A_018585
CN202510907538.9	A_030614
CN202510908773.8	A_030615
CN202510908842.5	A_030616
CN202510908892.3	A_021123
CN202510909014.3	A_030617
CN202510909014.3	A_001994
CN202510909226.1	A_026221
CN202510909499.6	A_000252
CN202510910192.8	A_004146
CN202510910858.X	A_030618
CN202510911067.9	A_015516
CN202510911174.1	A_030619
CN202510911772.9	A_001676
CN202510913109.2	A_028443
CN202510915030.3	A_030620
CN202510916409.6	A_000182
CN202510917592.1	A_030621
CN202510917991.8	A_030622
CN202510919182.0	A_030623
CN202510919479.7	A_029778
CN202510920241.6	A_030624
CN202510921071.3	A_000517
CN202510921829.3	A_000596
CN202510922920.7	A_012266
CN202510923532.0	A_030577
CN202510923693.X	A_021662
CN202510926288.3	A_030625
CN202510927673.X	A_021558
CN202510927684.8	A_001676
CN202510928197.3	A_030626
CN202510928216.2	A_016703
CN202510928687.3	A_030627
CN202510929344.9	A_022114
CN202510930000.X	A_030628
CN202510930108.9	A_011724
CN202510930779.5	A_000915
CN202510931282.5	A_002562
CN202510931284.4	A_015735
CN202510931580.4	A_011546
CN202510932582.5	A_012191
CN202510932582.5	A_030629
CN202510933776.7	A_000517
CN202510933979.6	A_030630
CN202510934336.3	A_000966
CN202510934373.4	A_030631
CN202510934373.4	A_002872
CN202510934747.2	A_000609
CN202510934967.5	A_030632
CN202510935023.X	A_030631
CN202510935023.X	A_002872
CN202510935424.5	A_000182
CN202510935984.0	A_010133
CN202510935984.0	A_030633
CN202510936716.0	A_030634
CN202510936716.0	A_018551
CN202510937037.5	A_000337
CN202510938402.4	A_030635
CN202510939705.8	A_030636
CN202510939999.4	A_000317
CN202510940006.5	A_000406
CN202510940333.0	A_000337
CN202510940349.1	A_000337
CN202510940615.0	A_002446
CN202510941439.2	A_000336
CN202510942198.3	A_029918
CN202510942198.3	A_030637
CN202510942198.3	A_002164
CN202510942347.6	A_000403
CN202510942999.X	A_030638
CN202510943607.1	A_011283
CN202510944770.X	A_030639
CN202510946385.9	A_030640
CN202510946385.9	A_030641
CN202510946407.1	A_002438
CN202510948890.7	A_030642
CN202510949755.4	A_030643
CN202510951258.8	A_030644
CN202510951387.7	A_029994
CN202510951613.1	A_000223
CN202510951755.8	A_011719
CN202510952425.0	A_021740
CN202510952435.4	A_030645
CN202510952490.3	A_001750
CN202510952490.3	A_008689
CN202510952651.9	A_004051
CN202510953006.9	A_000709
CN202510953901.0	A_018508
CN202510954230.X	A_030646
CN202510954292.0	A_001676
CN202510956105.2	A_030647
CN202510956966.0	A_030648
CN202510958537.7	A_030649
CN202510958537.7	A_030650
CN202510958896.2	A_030651
CN202510959823.5	A_001139
CN202510961516.0	A_000317
CN202510961716.6	A_002168
CN202510962079.4	A_030652
CN202510962174.4	A_030653
CN202510962329.4	A_030654
CN202510962895.5	A_001139
CN202510962901.7	A_004085
CN202510963396.8	A_030655
CN202510963404.9	A_001772
CN202510963593.X	A_029733
CN202510965398.0	A_030656
CN202510965446.6	A_001139
CN202510965683.2	A_028193
CN202510966844.X	A_003779
CN202510966844.X	A_030657
CN202510967891.6	A_030658
CN202510968003.2	A_010712
CN202510968004.7	A_030659
CN202510968162.2	A_018561
CN202510969371.9	A_000203
CN202510970019.7	A_000260
CN202510971807.8	A_030660
CN202510972556.5	A_005310
CN202510972556.5	A_030661
CN202510973350.4	A_001800
CN202510973585.3	A_002268
CN202510973972.7	A_030662
CN202510974098.9	A_004738
CN202510975114.6	A_000977
CN202510975182.2	A_003391
CN202510977056.0	A_015191
CN202510977335.7	A_003717
CN202510977804.5	A_022091
CN202510978694.4	A_030663
CN202510979212.7	A_000203
CN202510980186.X	A_030664
CN202510980296.6	A_030665
CN202510981269.0	A_004256
CN202510983966.X	A_003945
CN202510984213.0	A_001112
CN202510984357.6	A_030666
CN202510984379.2	A_030667
CN202510984467.2	A_030668
CN202510985181.6	A_000636
CN202510985580.2	A_030669
CN202510985580.2	A_009157
CN202510986478.4	A_004050
CN202510986478.4	A_027686
CN202510986615.4	A_003067
CN202510986717.6	A_003721
CN202510986717.6	A_001087
CN202510987742.6	A_002199
CN202510989538.8	A_016204
CN202510989538.8	A_012034
CN202510989538.8	A_030670
CN202510989583.3	A_030671
CN202510989583.3	A_030672
CN202510989804.7	A_030673
CN202510989819.3	A_030674
CN202510990440.4	A_029712
CN202510991061.7	A_030675
CN202510991061.7	A_002470
CN202510991365.3	A_018629
CN202510991365.3	A_022121
CN202510991365.3	A_001835
CN202510991365.3	A_001568
CN202510991365.3	A_028518
CN202510991928.9	A_030434
CN202510992429.1	A_030676
CN202510992429.1	A_015217
CN202510993228.3	A_022019
CN202510994117.4	A_000636
CN202510994677.X	A_027113
CN202510995223.4	A_021404
CN202510995338.3	A_030677
CN202510997055.2	A_030678
CN202510997055.2	A_030679
CN202510999745.1	A_000641
CN202511000477.4	A_002449
CN202511000494.8	A_005287
CN202511000701.X	A_030680
CN202511002410.4	A_025254
CN202511002574.7	A_012656
CN202511003278.9	A_030681
CN202511004157.6	A_030682
CN202511004220.6	A_000856
CN202511004353.3	A_030683
CN202511004548.8	A_001676
CN202511004625.X	A_030684
CN202511004746.4	A_001129
CN202511004746.4	A_030685
CN202511005561.5	A_030686
CN202511006441.7	A_030687
CN202511006978.3	A_030688
CN202511007573.1	A_000947
CN202511007573.1	A_000231
CN202511007657.5	A_030689
CN202511008197.8	A_008877
CN202511008640.1	A_001080
CN202511008640.1	A_001570
CN202511008640.1	A_030690
CN202511008650.5	A_000182
CN202511008663.2	A_010561
CN202511009031.8	A_021122
CN202511009054.9	A_030648
CN202511009472.8	A_000294
CN202511009488.9	A_000294
CN202511010084.1	A_030691
CN202511011530.0	A_020798
CN202511011573.9	A_020798
CN202511012474.2	A_000253
CN202511012474.2	A_016703
CN202511013828.5	A_001676
CN202511014955.7	A_011876
CN202511016394.4	A_000756
CN202511017512.3	A_003183
CN202511017933.6	A_030692
CN202511017942.5	A_004297
CN202511018063.4	A_004721
CN202511018224.X	A_020715
CN202511018360.9	A_030693
CN202511018429.8	A_000276
CN202511020526.0	A_012921
CN202511021183.X	A_021325
CN202511021340.7	A_030694
CN202511022164.9	A_030695
CN202511022862.9	A_000182
CN202511024418.0	A_030696
CN202511024695.1	A_030675
CN202511024695.1	A_002470
CN202511024985.6	A_002913
CN202511026534.6	A_000388
CN202511026569.X	A_030697
CN202511026569.X	A_030698
CN202511026671.X	A_011946
CN202511027502.8	A_015653
CN202511028264.2	A_030699
CN202511028419.2	A_000182
CN202511028590.3	A_027635
CN202511028590.3	A_027636
CN202511028856.4	A_020199
CN202511028954.8	A_027701
CN202511029230.5	A_030700
CN202511029230.5	A_010702
CN202511029386.3	A_000636
CN202511030189.3	A_030701
CN202511031644.1	A_030702
CN202511032666.X	A_030703
CN202511034061.4	A_002292
CN202511034384.3	A_030704
CN202511035885.3	A_030705
CN202511035885.3	A_001799
CN202511035885.3	A_010359
CN202511036565.X	A_030706
CN202511037388.7	A_030707
CN202511040523.3	A_030708
CN202511040872.5	A_005135
CN202511041033.5	A_000276
CN202511041435.5	A_001011
CN202511042823.5	A_030709
CN202511042823.5	A_021868
CN202511043424.0	A_001129
CN202511043424.0	A_019328
CN202511043888.1	A_030710
CN202511044133.3	A_001799
CN202511044133.3	A_030705
CN202511044133.3	A_030711
CN202511044617.8	A_030712
CN202511045021.X	A_030713
CN202511045073.7	A_000337
CN202511045073.7	A_000845
CN202511048846.7	A_004729
CN202511048956.3	A_030714
CN202511049448.7	A_030715
CN202511051593.9	A_013047
CN202511051617.0	A_030716
CN202511051984.0	A_030460
CN202511052038.8	A_000326
CN202511052149.9	A_000371
CN202511052149.9	A_030717
CN202511052165.8	A_030705
CN202511052165.8	A_001799
CN202511052165.8	A_030718
CN202511053081.6	A_003085
CN202511054512.0	A_029805
CN202511055122.5	A_015289
CN202511055122.5	A_030719
CN202511056226.8	A_030720
CN202511057056.5	A_010278
CN202511057417.6	A_030721
CN202511057417.6	A_011946
CN202511057417.6	A_030722
CN202511058129.2	A_030723
CN202511058163.X	A_015386
CN202511058358.4	A_030724
CN202511058474.6	A_030725
CN202511058813.0	A_021033
CN202511058813.0	A_013765
CN202511058994.7	A_002781
CN202511059663.5	A_030656
CN202511059925.8	A_000326
CN202511060480.5	A_030726
CN202511061352.2	A_030727
CN202511062895.6	A_030728
CN202511063327.8	A_016972
CN202511065396.2	A_030729
CN202511066528.3	A_000756
CN202511066984.8	A_030730
CN202511067113.8	A_030731
CN202511067296.3	A_030732
CN202511067296.3	A_030733
CN202511067489.9	A_030734
CN202511067793.3	A_000636
CN202511069478.4	A_003063
CN202511069478.4	A_000304
CN202511069957.6	A_030735
CN202511070532.7	A_030736
CN202511070606.7	A_030737
CN202511070759.1	A_030738
CN202511071019.X	A_004157
CN202511071366.2	A_001498
CN202511071366.2	A_001179
CN202511071725.4	A_003117
CN202511072069.X	A_021177
CN202511072149.5	A_027920
CN202511072160.1	A_027920
CN202511072829.7	A_030739
CN202511073131.7	A_030740
CN202511073192.3	A_030741
CN202511073206.1	A_030684
CN202511073608.1	A_018663
CN202511074163.9	A_030742
CN202511074432.1	A_030743
CN202511074605.X	A_015640
CN202511074653.9	A_010212
CN202511075666.8	A_000179
CN202511075855.5	A_000196
CN202511078289.3	A_030744
CN202511078289.3	A_000452
CN202511079108.9	A_016321
CN202511079368.6	A_030745
CN202511079457.0	A_030746
CN202511079859.0	A_002446
CN202511080708.7	A_000741
CN202511080708.7	A_030747
CN202511081680.9	A_030748
CN202511081732.2	A_020853
CN202511081732.2	A_002414
CN202511081732.2	A_001031
CN202511081732.2	A_010600
CN202511081732.2	A_000991
CN202511082893.3	A_002781
CN202511082965.4	A_030749
CN202511084257.4	A_030750
CN202511084273.3	A_016582
CN202511084309.8	A_030751
CN202511084472.4	A_001167
CN202511084911.1	A_018597
CN202511084924.9	A_001018
CN202511085098.X	A_000202
CN202511085277.3	A_003012
CN202511085386.5	A_030752
CN202511085386.5	A_030753
CN202511085386.5	A_030754
CN202511086350.9	A_027920
CN202511086356.6	A_030713
CN202511087568.6	A_030755
CN202511087989.9	A_022193
CN202511087992.0	A_004087
CN202511088220.9	A_030756
CN202511089379.2	A_013698
CN202511089601.9	A_000218
CN202511090674.X	A_000477
CN202511090679.2	A_000477
CN202511091531.0	A_030757
CN202511091531.0	A_030758
CN202511091531.0	A_030759
CN202511091790.3	A_029542
CN202511091790.3	A_030760
CN202511093114.X	A_030761
CN202511093127.7	A_030762
CN202511093424.1	A_004302
CN202511093531.4	A_015762
CN202511093531.4	A_005133
CN202511093599.2	A_030763
CN202511096427.0	A_030764
CN202511099681.6	A_002309
CN202511099932.0	A_030765
CN202511100281.2	A_001275
CN202511102431.3	A_030766
CN202511102539.2	A_000291
CN202511102661.X	A_003384
CN202511103347.3	A_010617
CN202511105795.7	A_000182
CN202511106772.8	A_003096
CN202511107100.9	A_020050
CN202511107409.8	A_030767
CN202511107997.5	A_000223
CN202511108358.0	A_030768
CN202511108543.X	A_003662
CN202511109087.0	A_016778
CN202511109205.8	A_001135
CN202511109205.8	A_022106
CN202511109205.8	A_030325
CN202511110215.3	A_030769
CN202511110477.X	A_030770
CN202511111764.2	A_030771
CN202511111770.8	A_013908
CN202511111770.8	A_003030
CN202511112837.X	A_030772
CN202511113019.1	A_018581
CN202511114045.6	A_030773
CN202511114051.1	A_008879
CN202511114909.4	A_002109
CN202511114909.4	A_030774
CN202511114909.4	A_000384
CN202511115048.1	A_000337
CN202511116300.0	A_030775
CN202511116415.X	A_000218
CN202511116955.8	A_001574
CN202511118695.8	A_018928
CN202511119608.0	A_030776
CN202511119685.6	A_015522
CN202511122403.8	A_001075
CN202511123275.9	A_000970
CN202511124213.X	A_022155
CN202511124213.X	A_000276
CN202511124213.X	A_030777
CN202511124272.7	A_002024
CN202511127112.8	A_030778
CN202511127363.6	A_030779
CN202511127363.6	A_030780
CN202511128804.4	A_030781
CN202511129000.6	A_000755
CN202511129643.0	A_030782
CN202511129706.2	A_030783
CN202511132501.X	A_001676
CN202511132987.7	A_001018
CN202511133649.5	A_003880
CN202511133971.8	A_030784
CN202511134707.6	A_003165
CN202511134816.8	A_004157
CN202511136092.0	A_022212
CN202511136142.5	A_000458
CN202511137168.1	A_016517
CN202511137555.5	A_001200
CN202511137781.3	A_030785
CN202511139547.4	A_030786
CN202511139605.3	A_015653
CN202511140790.8	A_030580
CN202511141671.4	A_030787
CN202511141725.7	A_029752
CN202511142351.0	A_030788
CN202511143506.2	A_016217
CN202511143506.2	A_030789
CN202511144340.6	A_000196
CN202511144603.3	A_000778
CN202511144603.3	A_002440
CN202511144603.3	A_002439
CN202511144603.3	A_003832
CN202511144752.X	A_021526
CN202511145701.9	A_002915
CN202511146982.X	A_001363
CN202511147522.9	A_000947
CN202511148084.8	A_030790
CN202511148636.5	A_000895
CN202511149112.8	A_002913
CN202511151303.8	A_030791
CN202511151855.9	A_016496
CN202511151947.7	A_025902
CN202511152172.5	A_001377
CN202511152325.6	A_030792
CN202511152419.3	A_003152
CN202511152419.3	A_030793
CN202511153333.2	A_021638
CN202511154701.5	A_030415
CN202511154936.4	A_001363
CN202511155144.9	A_027920
CN202511155232.9	A_000326
CN202511155424.X	A_030460
CN202511155482.2	A_030794
CN202511155876.8	A_030795
CN202511156322.X	A_015586
CN202511156587.X	A_029300
CN202511156587.X	A_002615
CN202511156946.1	A_000198
CN202511158062.X	A_019176
CN202511158248.5	A_030796
CN202511158654.1	A_030797
CN202511159157.3	A_000294
CN202511159424.7	A_000476
CN202511162286.8	A_030798
CN202511162620.X	A_001637
CN202511162656.8	A_001129
CN202511163575.X	A_002913
CN202511163692.6	A_030799
CN202511164352.5	A_015259
CN202511164907.6	A_000182
CN202511165942.X	A_002446
CN202511166228.2	A_030800
CN202511166635.3	A_030801
CN202511166774.6	A_030802
CN202511167861.3	A_030803
CN202511167876.X	A_030804
CN202511168928.5	A_010591
CN202511171131.0	A_000213
CN202511171241.7	A_000326
CN202511171812.7	A_002953
CN202511171812.7	A_030805
CN202511172377.X	A_030806
CN202511172440.X	A_030807
CN202511173248.2	A_004035
CN202511173601.7	A_030808
CN202511173601.7	A_029541
CN202511174004.6	A_005024
CN202511174004.6	A_030809
CN202511174586.8	A_030810
CN202511174746.9	A_030811
CN202511178180.7	A_030812
CN202511178960.1	A_030813
CN202511179677.0	A_000514
CN202511182145.2	A_000203
CN202511183060.6	A_030814
CN202511183855.7	A_000477
CN202511184101.3	A_000509
CN202511184112.1	A_010601
CN202511184112.1	A_030815
CN202511184319.9	A_021007
CN202511185010.1	A_018597
CN202511186824.7	A_002268
CN202511186856.7	A_000510
CN202511187177.1	A_000326
CN202511188245.6	A_030816
CN202511188774.6	A_004051
CN202511189750.2	A_000517
CN202511190506.8	A_029665
CN202511191198.0	A_030817
CN202511191198.0	A_030818
CN202511191850.9	A_021607
CN202511192060.2	A_030819
CN202511192540.9	A_030820
CN202511193811.2	A_030821
CN202511194162.8	A_002843
CN202511194556.3	A_021658
CN202511195614.4	A_030822
CN202511196888.5	A_010302
CN202511197163.8	A_029704
CN202511197163.8	A_002446
CN202511197622.2	A_030823
CN202511197771.9	A_030824
CN202511198675.6	A_001613
CN202511200361.5	A_021909
CN202511200878.4	A_001363
CN202511201446.5	A_030825
CN202511201804.2	A_030826
CN202511202062.5	A_030827
CN202511202062.5	A_016251
CN202511202062.5	A_010601
CN202511202838.3	A_008740
CN202511202893.2	A_002913
CN202511203148.X	A_030431
CN202511203303.8	A_003772
CN202511206093.8	A_030828
CN202511206434.1	A_003779
CN202511206434.1	A_030829
CN202511206887.4	A_021607
CN202511207276.1	A_015597
CN202511209083.X	A_030830
CN202511209481.1	A_016116
CN202511209952.9	A_030831
CN202511211480.0	A_030832
CN202511211889.2	A_030833
CN202511212437.6	A_030834
CN202511212844.7	A_005052
CN202511213395.8	A_030835
CN202511213395.8	A_030836
CN202511213913.6	A_000692
CN202511214251.4	A_029704
CN202511214251.4	A_002446
CN202511214267.5	A_030837
CN202511214267.5	A_027238
CN202511214267.5	A_030838
CN202511214406.4	A_029594
CN202511214455.8	A_000838
CN202511214987.1	A_010323
CN202511215932.2	A_003072
CN202511215966.1	A_021526
CN202511215966.1	A_000292
CN202511215999.6	A_003450
CN202511215999.6	A_000203
CN202511215999.6	A_020371
CN202511216311.6	A_030839
CN202511218194.7	A_030840
CN202511219022.1	A_004111
CN202511220362.6	A_001770
CN202511221981.7	A_002446
CN202511223825.4	A_005059
CN202511225834.7	A_030841
CN202511226063.3	A_030842
CN202511226223.4	A_000231
CN202511226730.8	A_012926
CN202511227917.X	A_004479
CN202511227977.1	A_000692
CN202511231123.0	A_030843
CN202511231698.2	A_000223
CN202511231881.2	A_010092
CN202511235460.7	A_018534
CN202511235975.7	A_012218
CN202511239966.5	A_017054
CN202511239966.5	A_017055
CN202511239966.5	A_000384
CN202511240561.3	A_030844
CN202511242462.9	A_030845
CN202511242691.0	A_001164
CN202511242803.2	A_015255
CN202511242916.2	A_030846
CN202511243152.9	A_030847
CN202511243605.8	A_001600
CN202511244070.6	A_016890
CN202511244939.7	A_000756
CN202511245249.3	A_030848
CN202511245626.3	A_013698
CN202511245627.8	A_013698
CN202511245996.7	A_001821
CN202511246461.1	A_002843
CN202511247039.8	A_029636
CN202511247676.5	A_030849
CN202511247917.6	A_030850
CN202511248112.3	A_030851
CN202511248112.3	A_030852
CN202511249231.0	A_021349
CN202511250469.5	A_030853
CN202511251484.1	A_030854
CN202511251805.8	A_030855
CN202511252097.X	A_010674
CN202511252818.7	A_021898
CN202511252828.0	A_019974
CN202511252990.2	A_012286
CN202511252990.2	A_019237
CN202511252990.2	A_019238
CN202511253586.7	A_004161
CN202511253778.8	A_001991
CN202511253778.8	A_030856
CN202511253994.2	A_015514
CN202511254255.5	A_000317
CN202511254402.9	A_030857
CN202511254788.3	A_002992
CN202511255899.6	A_030858
CN202511256131.0	A_030859
CN202511256532.6	A_030860
CN202511256532.6	A_016692
CN202511256827.3	A_030861
CN202511256827.3	A_030862
CN202511259027.7	A_030863
CN202511260108.9	A_030864
CN202511260359.7	A_030865
CN202511261167.8	A_001835
CN202511261418.2	A_030866
CN202511261577.2	A_030867
CN202511262632.X	A_014647
CN202511262632.X	A_001242
CN202511263050.3	A_029931
CN202511263574.2	A_000299
CN202511264302.4	A_000947
CN202511264869.1	A_030318
CN202511264869.1	A_030868
CN202511265025.9	A_030869
CN202511265025.9	A_027634
CN202511265025.9	A_030870
CN202511265025.9	A_002859
CN202511265066.8	A_000134
CN202511265362.8	A_030871
CN202511266732.X	A_000276
CN202511266790.2	A_030872
CN202511267467.7	A_030873
CN202511267556.1	A_003075
CN202511267556.1	A_003255
CN202511267667.2	A_000936
CN202511267776.4	A_029824
CN202511268092.6	A_030750
CN202511268713.0	A_000317
CN202511270784.4	A_000223
CN202511270784.4	A_029653
CN202511270807.1	A_001347
CN202511270854.6	A_000596
CN202511271191.X	A_030785
CN202511272745.8	A_030874
CN202511273030.4	A_030875
CN202511274658.6	A_004728
CN202511274804.5	A_015386
CN202511275230.3	A_021406
CN202511275375.3	A_018597
CN202511275447.4	A_030876
CN202511276431.5	A_000162
CN202511276431.5	A_003162
CN202511277323.X	A_004092
CN202511277923.6	A_020812
CN202511278539.8	A_001671
CN202511279296.X	A_030877
CN202511279645.8	A_030878
CN202511280409.8	A_030879
CN202511280409.8	A_021762
CN202511280548.0	A_001139
CN202511280876.0	A_000979
CN202511280886.4	A_030518
CN202511281008.4	A_018613
CN202511281008.4	A_016770
CN202511281327.5	A_010601
CN202511281977.X	A_030880
CN202511283466.1	A_000692
CN202511284677.7	A_030881
CN202511284795.8	A_000610
CN202511284971.8	A_016972
CN202511285679.8	A_002989
CN202511287420.7	A_001129
CN202511287837.3	A_001253
CN202511290638.8	A_030882
CN202511291116.X	A_029597
CN202511291116.X	A_030883
CN202511291460.9	A_030564
CN202511292687.5	A_001451
CN202511293207.7	A_030884
CN202511293655.7	A_029983
CN202511293934.3	A_002616
CN202511294124.X	A_005297
CN202511294318.X	A_019249
CN202511295907.X	A_030885
CN202511295907.X	A_030886
CN202511296418.6	A_000231
CN202511296431.1	A_000231
CN202511296657.1	A_030887
CN202511296657.1	A_030888
CN202511297194.0	A_030889
CN202511297984.9	A_026242
CN202511297984.9	A_030890
CN202511299076.3	A_021854
CN202511299839.4	A_017054
CN202511299839.4	A_017055
CN202511299839.4	A_000384
CN202511300747.3	A_030891
CN202511300958.7	A_005135
CN202511301364.8	A_025236
CN202511301364.8	A_001770
CN202511302005.4	A_030892
CN202511302553.7	A_002415
CN202511303941.7	A_015306
CN202511304508.5	A_010602
CN202511304611.X	A_010601
CN202511304692.3	A_008740
CN202511305036.5	A_030893
CN202511305506.8	A_001363
CN202511307458.6	A_030894
CN202511307739.1	A_000978
CN202511308045.X	A_000749
CN202511308206.5	A_001835
CN202511308643.7	A_030895
CN202511309537.0	A_001676
CN202511309898.5	A_030143
CN202511309898.5	A_030896
CN202511310256.7	A_030897
CN202511310608.9	A_030898
CN202511310842.1	A_030899
CN202511310842.1	A_030900
CN202511311136.9	A_002541
CN202511311265.8	A_030901
CN202511311265.8	A_001799
CN202511312198.1	A_001756
CN202511313074.5	A_000992
CN202511313300.X	A_030902
CN202511314041.2	A_030903
CN202511314470.X	A_030663
CN202511314752.X	A_030904
CN202511314752.X	A_030905
CN202511315703.8	A_030906
CN202511315948.0	A_014613
CN202511316171.X	A_030907
CN202511316523.1	A_022202
CN202511316860.0	A_030908
CN202511318834.1	A_030909
CN202511318901.X	A_030910
CN202511318901.X	A_001173
CN202511319231.3	A_030911
CN202511319231.3	A_030912
CN202511319579.2	A_022112
CN202511319590.9	A_011932
CN202511320220.7	A_004157
CN202511320502.7	A_015546
CN202511320861.2	A_000991
CN202511321193.5	A_001714
CN202511322454.5	A_026061
CN202511322831.5	A_000477
CN202511323336.6	A_001173
CN202511323783.1	A_021905
CN202511325237.1	A_013967
CN202511325375.X	A_000304
CN202511326163.3	A_030913
CN202511326724.X	A_000134
CN202511327306.2	A_030914
CN202511327306.2	A_002168
CN202511327610.7	A_008699
CN202511328535.6	A_021605
CN202511328535.6	A_003033
CN202511328535.6	A_019118
CN202511329856.8	A_002472
CN202511330387.1	A_002858
CN202511330428.7	A_030915
CN202511330892.6	A_030916
CN202511331967.2	A_000936
CN202511334563.9	A_000337
CN202511335569.8	A_030917
CN202511337316.4	A_030918
CN202511337316.4	A_030919
CN202511340098.X	A_010601
CN202511340098.X	A_018597
CN202511340098.X	A_030920
CN202511342012.7	A_030921
CN202511342673.X	A_029557
CN202511342673.X	A_030922
CN202511343841.7	A_000979
CN202511343910.4	A_001994
CN202511344022.4	A_030923
CN202511344311.4	A_030924
CN202511344688.X	A_002472
CN202511345642.X	A_000223
CN202511345752.6	A_030925
CN202511345752.6	A_030926
CN202511345752.6	A_021146
CN202511346470.8	A_000947
CN202511346659.7	A_030927
CN202511346659.7	A_030928
CN202511347220.6	A_020293
CN202511347220.6	A_001139
CN202511347220.6	A_000895
CN202511347438.1	A_030929
CN202511347952.5	A_030930
CN202511349083.X	A_030931
CN202511350194.2	A_030932
CN202511350741.7	A_001679
CN202511350741.7	A_030933
CN202511350741.7	A_030934
CN202511353641.X	A_030935
CN202511354004.4	A_030936
CN202511355487.X	A_030937
CN202511355751.X	A_015259
CN202511356131.8	A_030938
CN202511356674.X	A_030939
CN202511358757.2	A_000966
CN202511358823.6	A_030940
CN202511360434.7	A_030941
CN202511361309.8	A_001668
CN202511362211.4	A_030942
CN202511362352.6	A_004956
CN202511363141.4	A_030943
CN202511363245.5	A_000458
CN202511363906.4	A_000139
CN202511365482.5	A_029749
CN202511366471.9	A_011529
CN202511366839.1	A_030944
CN202511367605.9	A_030945
CN202511367856.7	A_030946
CN202511368084.9	A_000387
CN202511368311.8	A_000142
CN202511369150.4	A_030947
CN202511369314.3	A_003901
CN202511370196.8	A_030948
CN202511370196.8	A_003928
CN202511370416.7	A_030949
CN202511371099.0	A_011946
CN202511371261.9	A_000134
CN202511371261.9	A_030950
CN202511371385.7	A_029706
CN202511371500.0	A_030951
CN202511374513.3	A_021658
CN202511376039.8	A_025256
CN202511376692.4	A_004157
CN202511377007.X	A_000353
CN202511377346.8	A_030952
CN202511377471.9	A_030953
CN202511377894.0	A_030730
CN202511378785.0	A_001167
CN202511379247.3	A_030954
CN202511379624.3	A_021122
CN202511379624.3	A_008455
CN202511380157.6	A_000231
CN202511380832.5	A_003229
CN202511380883.8	A_019228
CN202511380884.2	A_001369
CN202511380884.2	A_000838
CN202511381158.2	A_003002
CN202511381626.6	A_001363
CN202511381765.9	A_014927
CN202511381765.9	A_029750
CN202511383191.9	A_030955
CN202511383191.9	A_030782
CN202511383719.2	A_030956
CN202511383950.1	A_030559
CN202511384162.4	A_016679
CN202511384162.4	A_016680
CN202511384331.4	A_016605
CN202511385384.8	A_001451
CN202511386086.0	A_000559
CN202511386086.0	A_001747
CN202511386210.3	A_000559
CN202511386471.5	A_030957
CN202511387371.4	A_030958
CN202511388894.0	A_011755
CN202511390723.1	A_000875
CN202511390816.4	A_003255
CN202511391464.4	A_030959
CN202511392050.3	A_030960
CN202511393227.1	A_000728
CN202511394140.6	A_001542
CN202511395170.9	A_030961
CN202511395170.9	A_030962
CN202511395170.9	A_015306
CN202511395533.9	A_004051
CN202511396237.0	A_000353
CN202511396237.0	A_000162
CN202511396237.0	A_013810
CN202511396237.0	A_000253
CN202511396383.3	A_011946
CN202511396550.4	A_030963
CN202511400777.1	A_000162
CN202511401293.9	A_000692
CN202511403109.4	A_030964
CN202511404088.8	A_003255
CN202511404349.6	A_000317
CN202511406150.7	A_030965
CN202511409008.8	A_001369
CN202511409907.8	A_012196
CN202511410644.2	A_030966
CN202511410954.4	A_030967
CN202511410954.4	A_030968
CN202511414801.7	A_030969
CN202511415042.6	A_001770
CN202511416725.3	A_000856
CN202511416747.X	A_020732
CN202511417217.7	A_030970
CN202511418463.4	A_003698
CN202511419691.3	A_000299
CN202511420449.8	A_030971
CN202511420549.0	A_030972
CN202511420610.1	A_012921
CN202511421046.5	A_030973
CN202511421046.5	A_030974
CN202511421046.5	A_013765
CN202511422014.7	A_017030
CN202511422140.2	A_030975
CN202511423406.5	A_030976
CN202511423409.9	A_001314
CN202511423409.9	A_003130
CN202511423574.4	A_022224
CN202511423716.7	A_010601
CN202511424362.8	A_021755
CN202511424485.1	A_002268
CN202511424682.3	A_002438
CN202511424863.6	A_030977
CN202511425362.X	A_004734
CN202511426764.1	A_000134
CN202511427103.0	A_012825
CN202511427143.5	A_012825
CN202511429443.7	A_000756
CN202511430863.7	A_010563
CN202511433267.4	A_030978
CN202511433267.4	A_030979
CN202511433267.4	A_030980
CN202511433386.X	A_030981
CN202511434222.9	A_030982
CN202511434222.9	A_001991
CN202511434222.9	A_000330
CN202511434538.8	A_001821
CN202511434679.X	A_030983
CN202511436389.9	A_029486
CN202511436560.6	A_001574
CN202511436560.6	A_003028
CN202511436911.3	A_001676
CN202511438139.9	A_030984
CN202511438642.4	A_000966
CN202511439816.9	A_030985
CN202511439832.8	A_030986
CN202511440266.2	A_000756
CN202511440960.4	A_001600
CN202511440969.5	A_030987
CN202511441012.2	A_002566
CN202511441012.2	A_030988
CN202511442628.1	A_030989
CN202511443869.8	A_030990
CN202511445903.5	A_030991
CN202511446439.1	A_010712
CN202511446589.2	A_030992
CN202511447677.4	A_030993
CN202511447966.4	A_002446
CN202511448709.2	A_030994
CN202511448709.2	A_030995
CN202511448876.7	A_003113
CN202511450846.X	A_018551
CN202511451605.7	A_030996
CN202511452737.1	A_002913
CN202511453306.7	A_030997
CN202511453306.7	A_030998
CN202511453306.7	A_030999
CN202511453678.X	A_000294
CN202511453725.0	A_001031
CN202511453901.0	A_029072
CN202511453901.0	A_021556
CN202511453901.0	A_000384
CN202511454484.1	A_001049
CN202511454831.0	A_014648
CN202511454831.0	A_000294
CN202511454903.1	A_031000
CN202511457679.1	A_004051
CN202511457702.7	A_031001
CN202511458007.2	A_004051
CN202511458152.0	A_025732
CN202511458297.0	A_031002
CN202511458676.X	A_031003
CN202511459079.9	A_031004
CN202511462050.6	A_031005
CN202511462227.2	A_031006
CN202511462536.X	A_021765
CN202511462590.4	A_000685
CN202511463012.2	A_031007
CN202511463387.9	A_016590
CN202511463387.9	A_003072
CN202511463388.3	A_016590
CN202511463388.3	A_003072
CN202511463715.5	A_031008
CN202511464448.3	A_001676
CN202511464449.8	A_031009
CN202511465427.3	A_031010
CN202511468697.X	A_000182
CN202511468829.9	A_027173
CN202511469772.4	A_030735
CN202511470595.1	A_000330
CN202511470595.1	A_016065
CN202511470595.1	A_031011
CN202511471436.3	A_031012
CN202511472489.7	A_002859
CN202511473303.X	A_031013
CN202511474371.8	A_001676
CN202511476160.8	A_031014
CN202511476770.8	A_031015
CN202511478641.2	A_031016
CN202511479246.6	A_003179
CN202511479286.0	A_001191
CN202511481627.8	A_001668
CN202511482062.5	A_000223
CN202511483048.7	A_030663
CN202511483308.0	A_031017
CN202511484671.4	A_031018
CN202511484713.4	A_030762
CN202511484857.X	A_031019
CN202511484987.3	A_004729
CN202511486126.9	A_016915
CN202511487544.X	A_031020
CN202511489450.6	A_000304
CN202511490331.2	A_029784
CN202511490331.2	A_031021
CN202511490979.X	A_031022
CN202511491917.0	A_000756
CN202511492250.6	A_011904
CN202511492250.6	A_031023
CN202511492793.8	A_031024
CN202511492873.3	A_031025
CN202511493322.9	A_001756
CN202511493526.2	A_021881
CN202511494858.2	A_031026
CN202511496280.4	A_031027
CN202511500172.X	A_004721
CN202511503374.X	A_020682
CN202511503609.5	A_031028
CN202511503748.8	A_001455
CN202511504324.3	A_031029
CN202511504324.3	A_031030
CN202511504324.3	A_031031
CN202511505243.5	A_003096
CN202511506533.1	A_001455
CN202511506927.7	A_031032
CN202511509598.1	A_003696
CN202511511780.0	A_031033
CN202511511780.0	A_031034
CN202511512457.5	A_000276
CN202511513214.3	A_001767
CN202511513933.5	A_012286
CN202511515105.5	A_031035
CN202511515771.9	A_031036
CN202511516180.3	A_031037
CN202511516207.9	A_031038
CN202511516207.9	A_000384
CN202511516455.3	A_031039
CN202511517129.4	A_031040
CN202511517218.9	A_031041
CN202511517457.4	A_029983
CN202511517929.6	A_031042
CN202511518536.7	A_000162
CN202511519927.0	A_000139
CN202511521637.X	A_002145
CN202511521637.X	A_000326
CN202511522145.2	A_031043
CN202511524527.9	A_012825
CN202511524945.8	A_031028
CN202511525682.2	A_018585
CN202511525896.X	A_031044
CN202511525896.X	A_021605
CN202511526319.2	A_031045
CN202511528408.0	A_002953
CN202511530871.9	A_022125
CN202511531214.6	A_000162
CN202511533167.9	A_031046
CN202511533167.9	A_031047
CN202511534165.1	A_021325
CN202511534792.5	A_000507
CN202511535484.4	A_031048
CN202511535675.0	A_031049
CN202511535718.5	A_030741
CN202511536860.1	A_001679
CN202511536860.1	A_031050
CN202511538416.3	A_000978
CN202511540922.6	A_031051
CN202511545788.9	A_029300
CN202511545788.9	A_031052
CN202511548858.6	A_031053
CN202511549055.2	A_018521
CN202511549882.1	A_000253
CN202511550859.4	A_031054
CN202511550906.5	A_031055
CN202511551193.4	A_025144
CN202511551389.3	A_004500
CN202511552119.4	A_021777
CN202511552191.7	A_031056
CN202511552347.1	A_031057
CN202511552475.6	A_031058
CN202511552475.6	A_031059
CN202511552475.6	A_031060
CN202511552475.6	A_031061
CN202511552475.6	A_031062
CN202511553196.1	A_003804
CN202511553829.9	A_021526
CN202511555519.0	A_014648
CN202511555519.0	A_000294
CN202511557128.2	A_003121
CN202511557808.4	A_031063
CN202511558181.4	A_031064
CN202511558181.4	A_031065
CN202511558661.0	A_003431
CN202511558661.0	A_031066
CN202511558909.3	A_010133
CN202511558909.3	A_030445
CN202511558909.3	A_027689
CN202511558909.3	A_004873
CN202511559155.3	A_000294
CN202511559829.X	A_027646
CN202511560597.X	A_022112
CN202511562954.6	A_016332
CN202511563551.3	A_011946
CN202511563866.8	A_031067
CN202511563866.8	A_031068
CN202511563866.8	A_031069
CN202511564220.1	A_000861
CN202511569418.9	A_028483
CN202511571424.8	A_031070
CN202511571701.5	A_008740
CN202511571701.5	A_003936
CN202511571904.4	A_030939
CN202511572693.6	A_003664
CN202511572753.4	A_001087
CN202511572753.4	A_000995
CN202511573191.5	A_031071
CN202511573317.9	A_031072
CN202511573937.2	A_031073
CN202511574773.5	A_031074
CN202511574975.X	A_000681
CN202511574975.X	A_000380
CN202511574975.X	A_031075
CN202511575310.0	A_019021
CN202511575310.0	A_004375
CN202511575310.0	A_031076
CN202511576465.6	A_031077
CN202511579670.8	A_031078
CN202511579739.7	A_031079
CN202511580071.8	A_031080
CN202511584239.2	A_020357
CN202511584676.4	A_011162
CN202511586902.2	A_019114
CN202511586902.2	A_001075
CN202511588319.5	A_031081
CN202511588419.8	A_000509
CN202511588490.6	A_031082
CN202511588490.6	A_031083
CN202511589351.5	A_031084
CN202511589820.3	A_000979
CN202511590059.5	A_031085
CN202511590497.1	A_000139
CN202511591198.X	A_000474
CN202511594108.2	A_004460
CN202511595840.1	A_003085
CN202511598003.4	A_015565
CN202511598003.4	A_001018
CN202511599206.5	A_001770
CN202511600984.1	A_031086
CN202511606161.X	A_031087
CN202511609428.0	A_004968
CN202511612984.3	A_000694
CN202511612984.3	A_031088
CN202511612984.3	A_011288
CN202511613408.0	A_031089
CN202511613919.2	A_003346
CN202511614568.7	A_031090
CN202511616002.8	A_031091
CN202511618609.X	A_000276
CN202511618769.4	A_031092
CN202511622633.0	A_008740
CN202511622633.0	A_031093
CN202511623950.4	A_031094
CN202511623950.4	A_015492
CN202511627062.X	A_000304
CN202511627547.9	A_031095
CN202511630368.0	A_002145
CN202511631308.0	A_003838
CN202511634634.7	A_000694
CN202511635804.3	A_012345
CN202511641225.X	A_001324
CN202511642625.2	A_014646
CN202511642825.8	A_002472
CN202511645164.4	A_000223
CN202511645258.1	A_020902
CN202511645874.7	A_000979
CN202511649020.6	A_031052
CN202511649939.5	A_001542
CN202511650033.5	A_031096
CN202511650330.X	A_001173
CN202511650835.6	A_031097
CN202511655090.2	A_003691
CN202511655500.3	A_027173
CN202511657062.4	A_015805
CN202511657102.5	A_003116
CN202511657450.2	A_011492
CN202511657991.5	A_000458
CN202511661358.3	A_022125
CN202511661563.X	A_031098
CN202511662868.2	A_000979
CN202511663437.8	A_031099
CN202511667042.5	A_020798
CN202511667109.5	A_019959
CN202511667218.7	A_000276
CN202511667845.0	A_025213
CN202511667845.0	A_031100
CN202511668018.3	A_011210
CN202511671123.2	A_026245
CN202511673068.0	A_019959
CN202511675638.X	A_001859
CN202511676028.1	A_021076
CN202511676711.5	A_004298
CN202511681807.0	A_003033
CN202511681807.0	A_021605
CN202511681807.0	A_019118
CN202511683578.6	A_000692
CN202511688934.3	A_031101
CN202511689497.7	A_000936
CN202511692288.8	A_031102
CN202511695482.1	A_010132
CN202511696513.5	A_030799
CN202511697664.2	A_031103
CN202511704724.9	A_031104
CN202511707042.3	A_031105
CN202511707203.9	A_031106
CN202511707286.1	A_001451
CN202511714008.9	A_005114
CN202511714008.9	A_031107
CN202511714099.6	A_003085
CN202511720776.5	A_031108
CN202511722089.7	A_025287
CN202511724479.8	A_003085
CN202511724485.3	A_031109
CN202511724809.3	A_031110
CN202511727245.9	A_000337
CN202511728833.4	A_012345
CN202511729837.4	A_000947
CN202511731408.0	A_000304
CN202511736105.8	A_012168
CN202511738545.7	A_031111
CN202511740483.3	A_016282
CN202511741164.4	A_000517
CN202511741219.1	A_018217
CN202511752168.2	A_021771
CN202511752168.2	A_031112
CN202511752168.2	A_013765
CN202511752168.2	A_031113
CN202511752168.2	A_031114
CN202511755656.9	A_001190
CN202511757697.1	A_000992
CN202511767336.5	A_031115
CN202511767336.5	A_002132
CN202511767535.6	A_031116
CN202511770094.5	A_010617
CN202511770094.5	A_021917
CN202511770918.9	A_002099
CN202511785898.2	A_000974
CN202511791112.8	A_031117
CN202511793051.9	A_010808
CN202511793935.4	A_000509
CN202511795025.X	A_004153
CN202511800522.4	A_031111
CN202511803523.4	A_000353
CN202511809652.4	A_008878
CN202511811596.8	A_031118
CN202511811971.9	A_029944
CN202511811971.9	A_004050
CN202511812527.9	A_019284
CN202511821907.9	A_001461
CN202511821907.9	A_031119
CN202511825051.2	A_027706
CN202511828350.1	A_000294
CN202511830156.7	A_002971
CN202511832072.7	A_002467
CN202511832175.3	A_031120
CN202511832836.2	A_000528
CN202511833618.0	A_017213
CN202511833618.0	A_031121
CN202511833950.7	A_019951
CN202511835793.3	A_031122
CN202511841969.6	A_008624
CN202511841969.6	A_031123
CN202511841969.6	A_031124
CN202511842508.0	A_031125
CN202511843577.3	A_002992
CN202511844623.1	A_010703
CN202511848233.1	A_013698
CN202511852479.6	A_022239
CN202511854245.5	A_022147
CN202511854245.5	A_021015
CN202511855239.1	A_001546
CN202511856107.0	A_031126
CN202511860410.8	A_030762
CN202511868625.4	A_031127
CN202511870299.0	A_030664
CN202511870480.1	A_031128
CN202511871851.8	A_031129
CN202511879892.1	A_021707
CN202511879892.1	A_021708
CN202511879892.1	A_019300
CN202511882412.7	A_015289
CN202511884082.5	A_002440
CN202511884082.5	A_000778
CN202511884082.5	A_002439
CN202511884082.5	A_000509
CN202511885033.3	A_015827
CN202511886180.2	A_000641
CN202511892021.3	A_000636
CN202511892832.3	A_003085
CN202511893835.9	A_012818
CN202511894738.1	A_004033
CN202511895334.4	A_000507
CN202511896108.8	A_012300
CN202511896108.8	A_021999
CN202511902619.6	A_015546
CN202511902619.6	A_031130
CN202511902918.X	A_031131
CN202511903264.2	A_001451
CN202511904134.0	A_003085
CN202511904134.0	A_000299
CN202511904317.2	A_014648
CN202511904317.2	A_000294
CN202511904528.6	A_031132
CN202511906369.3	A_001027
CN202511910700.9	A_022112
CN202511912473.3	A_031133
CN202511912780.1	A_000641
CN202511913435.X	A_001053
CN202511915810.4	A_031134
CN202511923289.9	A_029705
CN202511924569.1	A_014648
CN202511924569.1	A_000294
CN202511930462.8	A_004637
CN202511931842.3	A_022112
CN202511933970.1	A_031135
CN202511935456.1	A_000936
CN202511936030.8	A_002953
CN202511946252.8	A_030906
CN202511947629.1	A_000636
CN202511947810.2	A_019306
CN202511947810.2	A_031136
CN202511948171.1	A_001369
CN202511949174.7	A_031137
CN202511951024.X	A_031138
CN202511951024.X	A_031139
CN202511951709.4	A_000337
CN202511958418.8	A_031140
CN202511958735.X	A_031141
CN202511959086.5	A_002616
CN202511959198.0	A_000636
CN202511961390.3	A_000198
CN202511971596.4	A_021482
CN202511972352.8	A_004077
CN202511985035.X	A_031142
CN202512015594.4	A_015599
CN202512022928.0	A_002953
CN202520224729.0	A_014498
DE102024104852A	A_031143
DE102024110214A	A_024453
DE102024112782A	A_022336
DE102024113793A	A_022336
DE102024115016A	A_022336
DE102024116565A	A_022336
DE102024117746A	A_007829
DE102024117831A	A_031144
DE102024117962A	A_022336
DE102024120008A	A_023242
DE102024120008A	A_005625
DE102024120008A	A_005626
DE102024120226A	A_031145
DE102024121951A	A_022336
DE102024124106A	A_022336
DE102024124541A	A_022336
DE102024124555A	A_022336
DE102024129005A	A_022336
DE102024132373A	A_007790
DE102024138389A	A_022336
DE102025103410A	A_022336
DE102025109726A1	A_022336
DE102025118151A1	A_022336
DE102025120865A1	A_024141
DE102025122230A1	A_007986
DE102025122236A1	A_007986
DE102025122763A1	A_022336
DE102025123788A1	A_005411
DE102025125063A1	A_022336
DE102025125977A1	A_022336
DE102025126730A1	A_031146
DE102025140490A1	A_031147
DE112024001324T	A_005526
DE202024100734U	A_031148
DE202024100734U	A_031149
DE202024106439U	A_031150
DE202024106439U	A_031151
DE202024106439U	A_031152
DE202024106439U	A_031153
DE202024106439U	A_031154
DE202024106439U	A_031155
DE202024106439U	A_031156
DE202024106439U	A_031157
DE202024106439U	A_031158
DE202024106439U	A_031159
DE202024106439U	A_031160
DE202024106439U	A_031161
DE202024106439U	A_031162
DE202025104712U1	A_031163
DE202025104712U1	A_031164
DE202025104712U1	A_031165
DE202025105665U1	A_031166
DE202025106995U1	A_031167
EP2024063115W	A_007383
EP2024066817W	A_024285
EP2024070089W	A_022592
EP2024071468W	A_022585
EP2024072718W	A_019399
EP2024073224W	A_022513
EP2024073793W	A_022430
EP2024080778W	A_022493
EP2024081077W	A_031168
EP2024081306W	A_022430
EP2024081965W	A_007682
EP2024081965W	A_031169
EP2024087272W	A_031170
EP24160045A	A_005469
EP24160733A	A_031171
EP24161184A	A_025011
EP24163153A	A_031172
EP24163544A	A_006703
EP24165761A	A_024985
EP24173028A	A_008421
EP24173681A	A_008274
EP24179584A	A_000037
EP24181577A	A_009274
EP24182570A	A_008379
EP24183865A	A_031173
EP24183865A	A_017256
EP24196377A	A_023642
EP24198028A	A_022493
EP24198028A	A_031174
EP24198806A	A_005469
EP24207568A	A_031175
EP24749783A	A_031176
EP25150640A	A_031177
EP25158108A	A_007790
EP25166117	A_006402
EP25169036	A_031177
EP25172623	A_022374
EP25176014	A_005469
EP25181584	A_031178
ES2024070142W	A_015156
ES2024070142W	A_031179
ES202530097A	A_031180
FR2024050008W	A_005428
GB202408347A	A_031181
GB202410898A	A_031182
GB2025050182W	A_031183
IB2024050170W	A_005496
IB2024051257W	A_031184
IB2024053088W	A_005900
IB2024055175W	A_007383
IB2024055617W	A_017250
IB2024056274W	A_024464
IB2024057411W	A_007963
IB2024058200W	A_024839
IB2024058200W	A_022987
IB2024058607W	A_013124
IB2024058792W	A_031185
IB2024059946W	A_031186
IB2024059946W	A_031187
IB2024059946W	A_031188
IB2024060486W	A_024464
IB2024060555W	A_031189
IL31057324A	A_031190
IL31118924A	A_031191
IL31561524A	A_031190
IL31561524A	A_031192
IL31561524A	A_031193
IL31561524A	A_031194
IL321256A	A_008252
IL321256A	A_031195
IN202311079927A	A_031196
IN202341084943A	A_031197
IN202411000851	A_031198
IN202411000851	A_031199
IN202411000851	A_031200
IN202411000851	A_031201
IN202411000851	A_031202
IN202411000851	A_031203
IN202411005311	A_005853
IN202411012334	A_019556
IN202411012833A	A_017931
IN202411012847A	A_017931
IN202411012993	A_031204
IN202411017505A	A_005879
IN202411017505A	A_013231
IN202411020407	A_005879
IN202411030470A	A_031205
IN202411034501	A_031206
IN202411034501	A_031207
IN202411034501	A_031208
IN202411034501	A_031209
IN202411034501	A_031210
IN202411034501	A_005928
IN202411035064	A_031211
IN202411035064	A_009408
IN202411035064	A_031212
IN202411035157	A_031213
IN202411035157	A_031214
IN202411035157	A_031215
IN202411035157	A_031216
IN202411035157	A_031217
IN202411035157	A_031218
IN202411035157	A_031219
IN202411035157	A_031220
IN202411035157	A_031221
IN202411035157	A_031222
IN202411035157	A_022844
IN202411035157	A_031223
IN202411058795	A_000045
IN202411061549	A_031224
IN202411061549	A_031225
IN202411061549	A_031226
IN202411061838	A_017426
IN202411064048	A_031227
IN202411066444	A_017283
IN202411067802	A_005878
IN202411075502	A_031228
IN202411075502	A_031229
IN202411075502	A_031230
IN202411075502	A_031231
IN202411078216A	A_013228
IN202411081685	A_013237
IN202411086295	A_022831
IN202411089815	A_013237
IN202411091253	A_013237
IN202411091469	A_031232
IN202411091469	A_031233
IN202411091469	A_031234
IN202411091469	A_031235
IN202411092705A	A_031236
IN202411092705A	A_031237
IN202411092705A	A_031238
IN202411092705A	A_031239
IN202411092705A	A_031240
IN202411092705A	A_031241
IN202411092705A	A_031242
IN202411092705A	A_031243
IN202411092705A	A_031244
IN202411092705A	A_031245
IN202411094556	A_005935
IN202411098469	A_005878
IN202411099776	A_005879
IN202411100639	A_022794
IN202411100639	A_031246
IN202411100639	A_031247
IN202411100639	A_031248
IN202411101586	A_031249
IN202411101682	A_031250
IN202411102235	A_031251
IN202417018706	A_007383
IN202417019459	A_025013
IN202417024645	A_007383
IN202417081029	A_005618
IN202417088505	A_000050
IN202421004633A	A_005882
IN202421011072A	A_005975
IN202421011072A	A_005974
IN202421011304A	A_031252
IN202421020542A	A_005882
IN202421021572A	A_005882
IN202421024416	A_031253
IN202421030040	A_031254
IN202421030635	A_031255
IN202421035954	A_031256
IN202421035954	A_031257
IN202421035954	A_031258
IN202421057691	A_012388
IN202421063499	A_031259
IN202421065171	A_017953
IN202421066034	A_031260
IN202421066034	A_031261
IN202421066034	A_031262
IN202421066034	A_031263
IN202421066034	A_031264
IN202421066034	A_031265
IN202421066034	A_031266
IN202421072652	A_031267
IN202421072652	A_031268
IN202421072652	A_031269
IN202421072652	A_031270
IN202421072652	A_031271
IN202421072652	A_031272
IN202421072652	A_031273
IN202421072652	A_031274
IN202421072652	A_031275
IN202421072652	A_031276
IN202421072652	A_031277
IN202421072652	A_031278
IN202421074986	A_031279
IN202421074986	A_031280
IN202421074986	A_031281
IN202421074986	A_031282
IN202421074986	A_031283
IN202421074986	A_031284
IN202421081069	A_031285
IN202421085523A	A_031286
IN202421085523A	A_031287
IN202421085523A	A_031288
IN202421085523A	A_018048
IN202421085523A	A_031289
IN202421085523A	A_031290
IN202421085523A	A_031291
IN202421085523A	A_031292
IN202421085523A	A_031293
IN202421085523A	A_031294
IN202421085523A	A_031295
IN202421085523A	A_031296
IN202421085523A	A_031297
IN202421090807A	A_017961
IN202421095750	A_031298
IN202421095750	A_031299
IN202421095750	A_031300
IN202421095750	A_031301
IN202421095750	A_031302
IN202421095750	A_031303
IN202421095750	A_031304
IN202421095750	A_031305
IN202421095750	A_031306
IN202421096111A	A_031307
IN202421096111A	A_031308
IN202421096111A	A_031309
IN202421096111A	A_031310
IN202421096111A	A_031311
IN202421096111A	A_031312
IN202427057588	A_007705
IN202427057954	A_007705
IN202427100706	A_007705
IN202431068422	A_005985
IN202431087858A	A_031313
IN202431097927	A_031314
IN202431097927	A_031315
IN202431097927	A_031316
IN202431097927	A_031317
IN202431097927	A_031318
IN202431097927	A_031319
IN202431097927	A_031320
IN202431097927	A_031321
IN202441000016	A_031322
IN202441001815	A_031323
IN202441003073	A_031324
IN202441003073	A_031325
IN202441003073	A_031326
IN202441003073	A_031327
IN202441003073	A_031328
IN202441003073	A_031329
IN202441003073	A_031330
IN202441004496	A_017406
IN202441006352	A_018122
IN202441009613	A_031331
IN202441010176	A_005870
IN202441010912	A_031332
IN202441011750	A_017312
IN202441012016	A_031333
IN202441012016	A_031334
IN202441012016	A_031335
IN202441012016	A_031336
IN202441012016	A_031337
IN202441012016	A_031338
IN202441012016	A_031339
IN202441012016	A_031340
IN202441012212	A_005996
IN202441012357	A_031341
IN202441012357	A_031342
IN202441012357	A_031343
IN202441012357	A_031344
IN202441012357	A_031345
IN202441012703	A_031346
IN202441012703	A_031347
IN202441012703	A_031348
IN202441012703	A_031349
IN202441012703	A_031350
IN202441013680	A_005996
IN202441023814	A_031351
IN202441029341	A_031352
IN202441029341	A_031353
IN202441029341	A_031354
IN202441029341	A_031355
IN202441029341	A_031356
IN202441029341	A_031357
IN202441029341	A_031358
IN202441029341	A_031359
IN202441029341	A_031360
IN202441029341	A_031361
IN202441029341	A_031362
IN202441029341	A_031363
IN202441029341	A_031364
IN202441029341	A_031365
IN202441032583A	A_031366
IN202441032583A	A_031367
IN202441032583A	A_031368
IN202441032583A	A_031369
IN202441032583A	A_031370
IN202441032583A	A_031371
IN202441032583A	A_031372
IN202441032583A	A_031373
IN202441035046	A_017376
IN202441038381	A_031374
IN202441039312	A_022672
IN202441042485	A_005869
IN202441044234	A_031375
IN202441044234	A_031376
IN202441044234	A_031377
IN202441044234	A_031378
IN202441044234	A_031379
IN202441044234	A_031380
IN202441044234	A_031381
IN202441044234	A_031382
IN202441049342	A_031383
IN202441050193	A_009402
IN202441053718	A_018080
IN202441053718	A_031384
IN202441053718	A_017491
IN202441053718	A_017420
IN202441053718	A_031385
IN202441053718	A_031386
IN202441053718	A_031387
IN202441054838	A_031388
IN202441057549	A_031389
IN202441057549	A_031390
IN202441057549	A_031391
IN202441057549	A_031392
IN202441057549	A_031393
IN202441057549	A_031394
IN202441057549	A_031395
IN202441057549	A_031396
IN202441057549	A_031397
IN202441057549	A_031277
IN202441057549	A_031398
IN202441057549	A_031399
IN202441058884	A_031400
IN202441058884	A_031401
IN202441058884	A_031402
IN202441058884	A_031403
IN202441058884	A_031404
IN202441058884	A_031405
IN202441058884	A_031406
IN202441058884	A_031407
IN202441062111	A_017528
IN202441065496	A_031408
IN202441065496	A_031409
IN202441065496	A_031410
IN202441065496	A_031411
IN202441065496	A_031412
IN202441065496	A_031413
IN202441071173	A_031414
IN202441071173	A_031415
IN202441071173	A_031416
IN202441071173	A_031417
IN202441071173	A_031418
IN202441071173	A_031419
IN202441071173	A_031420
IN202441073064	A_031421
IN202441073064	A_031422
IN202441073064	A_031423
IN202441073064	A_031424
IN202441073064	A_031425
IN202441073064	A_031426
IN202441073064	A_031427
IN202441073064	A_031428
IN202441073064	A_031429
IN202441073064	A_031430
IN202441073064	A_031431
IN202441073064	A_031432
IN202441073064	A_031433
IN202441073064	A_031434
IN202441073064	A_031435
IN202441073064	A_031436
IN202441075059	A_031437
IN202441075059	A_031438
IN202441075685	A_031439
IN202441075685	A_031440
IN202441075685	A_031441
IN202441075685	A_031442
IN202441075685	A_031443
IN202441076831	A_031444
IN202441076831	A_031445
IN202441076831	A_031446
IN202441076831	A_031447
IN202441076831	A_031448
IN202441076831	A_031449
IN202441076831	A_017389
IN202441080859	A_031450
IN202441080859	A_031451
IN202441080859	A_031452
IN202441080859	A_031453
IN202441080859	A_031454
IN202441080859	A_031455
IN202441080859	A_031456
IN202441080859	A_031457
IN202441080859	A_031458
IN202441081078	A_013284
IN202441081631	A_022894
IN202441081916	A_017400
IN202441081916	A_017401
IN202441083728	A_031432
IN202441083728	A_031459
IN202441083728	A_031460
IN202441083728	A_031461
IN202441083728	A_031462
IN202441083728	A_031463
IN202441083728	A_031464
IN202441083728	A_031465
IN202441083728	A_031466
IN202441083728	A_031467
IN202441083728	A_031468
IN202441086341	A_019599
IN202441086523	A_031469
IN202441086969	A_031470
IN202441088597	A_031471
IN202441089651	A_031472
IN202441092002	A_031473
IN202441092130	A_017312
IN202441092661	A_031474
IN202441093936	A_018079
IN202441093942	A_031432
IN202441093942	A_031475
IN202441093942	A_031476
IN202441093942	A_031477
IN202441093942	A_031478
IN202441093942	A_031479
IN202441093942	A_031480
IN202441093942	A_031481
IN202441093942	A_031482
IN202441093942	A_031483
IN202441093942	A_031484
IN202441095514	A_031485
IN202441095514	A_031486
IN202441096370	A_031487
IN202441096878	A_031432
IN202441096878	A_031488
IN202441096878	A_031489
IN202441096878	A_031490
IN202441096878	A_031491
IN202441096878	A_031492
IN202441096878	A_031493
IN202441096878	A_031494
IN202441096878	A_031495
IN202441096910	A_017470
IN202441098005	A_017543
IN202441098728	A_031496
IN202441099179	A_018068
IN202441100488	A_031497
IN202441100683	A_031498
IN202441101254	A_031499
IN202441102857	A_031500
IN202441102857	A_031501
IN202441102857	A_031502
IN202441104029	A_031503
IN202444059906A	A_013124
IN202444060444A	A_013124
IN202447039928	A_008252
IN202511000459A	A_005853
IN202511006717A	A_031504
IN202511012126A	A_005935
IN202511017735A	A_031505
IN202511017735A	A_031506
IN202511017735A	A_031507
IN202511017735A	A_031508
IN202511017735A	A_031509
IN202511017735A	A_031510
IN202511017735A	A_031511
IN202511025920	A_031512
IN202511027633	A_031513
IN202511035496	A_000045
IN202511035897	A_013237
IN202511035904	A_013237
IN202511038258	A_005937
IN202511038258	A_005811
IN202511038771	A_017279
IN202511039780	A_005935
IN202511041054	A_013237
IN202511041612	A_017425
IN202511045968	A_013237
IN202511053015	A_005879
IN202511059508	A_005879
IN202511059529	A_005879
IN202511061134	A_031514
IN202511061134	A_031515
IN202511061134	A_031516
IN202511061134	A_031517
IN202511061134	A_031518
IN202511061506	A_005946
IN202511063820	A_005879
IN202511063983	A_017946
IN202511064010	A_017946
IN202511065140	A_022773
IN202511065447	A_031519
IN202511068538	A_025369
IN202511070593	A_031520
IN202511070593	A_031521
IN202511070593	A_031522
IN202511070593	A_031523
IN202511070593	A_031524
IN202511070593	A_031525
IN202511070593	A_031526
IN202511070593	A_031527
IN202511071672	A_022773
IN202511073158	A_000045
IN202511073718	A_005879
IN202511075591	A_017946
IN202511075981	A_031528
IN202511075981	A_031529
IN202511075981	A_031530
IN202511075981	A_031531
IN202511075981	A_031532
IN202511075981	A_031533
IN202511075981	A_031534
IN202511075981	A_031535
IN202511075981	A_031536
IN202511075981	A_031537
IN202511076208	A_031538
IN202511076208	A_031539
IN202511076208	A_031540
IN202511076208	A_031541
IN202511081137	A_005934
IN202511082676	A_005878
IN202511083068	A_031542
IN202511083068	A_031543
IN202511083068	A_031544
IN202511083068	A_031545
IN202511083068	A_031546
IN202511083068	A_031547
IN202511083214	A_031548
IN202511083214	A_031549
IN202511083214	A_031550
IN202511083214	A_031551
IN202511083214	A_031552
IN202511083214	A_031553
IN202511083214	A_031554
IN202511083214	A_031555
IN202511083214	A_031556
IN202511083214	A_031557
IN202511085327	A_000045
IN202511089151	A_031558
IN202511089151	A_031559
IN202511089151	A_031560
IN202511089151	A_031561
IN202511089151	A_031562
IN202511090823	A_013237
IN202511091198	A_017285
IN202511091320	A_017285
IN202511092359	A_031563
IN202511092359	A_031564
IN202511094321	A_005937
IN202511094321	A_005811
IN202511098233	A_025369
IN202511099790	A_013228
IN202511100149	A_031565
IN202511100149	A_031566
IN202511100149	A_031567
IN202511100149	A_031568
IN202511100149	A_031569
IN202511100149	A_031570
IN202511100767	A_005946
IN202511102301	A_000045
IN202511102323	A_000045
IN202511102892	A_000045
IN202511104199	A_000045
IN202511104293	A_000045
IN202511106767	A_031571
IN202511108383	A_025369
IN202511109992	A_000045
IN202511112118	A_017285
IN202511112132	A_017285
IN202511115800	A_013237
IN202511117305	A_005935
IN202517024284	A_031572
IN202517035591	A_027430
IN202517040921	A_022430
IN202517120650	A_006223
IN202521002709A	A_031573
IN202521002709A	A_031574
IN202521002709A	A_031575
IN202521002759A	A_031576
IN202521002759A	A_031577
IN202521002759A	A_031578
IN202521002759A	A_031579
IN202521002759A	A_031580
IN202521002759A	A_031581
IN202521002759A	A_031582
IN202521003805A	A_031583
IN202521006727A	A_031584
IN202521006727A	A_031585
IN202521006727A	A_031586
IN202521006727A	A_031587
IN202521006727A	A_031588
IN202521006727A	A_031589
IN202521006727A	A_031590
IN202521006727A	A_031591
IN202521006727A	A_031592
IN202521006727A	A_031593
IN202521006727A	A_031594
IN202521006727A	A_031595
IN202521007416A	A_018046
IN202521009189A	A_031596
IN202521021938	A_031597
IN202521021938	A_031598
IN202521021938	A_031599
IN202521021938	A_031600
IN202521021938	A_031601
IN202521021938	A_031602
IN202521021938	A_031603
IN202521021938	A_031604
IN202521021938	A_031605
IN202521021938	A_031606
IN202521029347	A_031607
IN202521030643	A_005975
IN202521030643	A_005974
IN202521035889	A_031608
IN202521037027	A_031609
IN202521037688	A_031610
IN202521037688	A_031611
IN202521037688	A_031612
IN202521037688	A_031613
IN202521037688	A_031614
IN202521037688	A_031615
IN202521040992	A_031583
IN202521049056	A_031616
IN202521050919	A_031617
IN202521053103	A_031618
IN202521053103	A_031619
IN202521053103	A_031620
IN202521053103	A_031621
IN202521053103	A_031622
IN202521053103	A_031623
IN202521053103	A_031624
IN202521053103	A_031625
IN202521053103	A_031626
IN202521053103	A_031627
IN202521053103	A_031628
IN202521053103	A_031629
IN202521053103	A_031630
IN202521060556	A_031631
IN202521060556	A_031632
IN202521060556	A_031633
IN202521060556	A_031634
IN202521060556	A_031635
IN202521060556	A_031636
IN202521060556	A_031637
IN202521060556	A_031638
IN202521060556	A_031639
IN202521060556	A_031640
IN202521060556	A_031641
IN202521063752	A_031642
IN202521066072	A_031643
IN202521066072	A_031644
IN202521066955	A_031645
IN202521069510	A_017448
IN202521069800	A_017448
IN202521069807	A_017448
IN202521070335	A_017448
IN202521072032	A_017448
IN202521072256	A_017448
IN202521075273	A_017448
IN202521079424	A_031646
IN202521079424	A_031647
IN202521079424	A_031648
IN202521081904	A_031649
IN202521083588	A_031649
IN202521090481	A_031650
IN202521090481	A_031651
IN202521091858	A_031652
IN202521091858	A_031653
IN202521091858	A_031654
IN202521091858	A_031655
IN202521091858	A_031656
IN202521091858	A_031657
IN202521091858	A_031658
IN202521091858	A_031659
IN202521091858	A_031660
IN202521091858	A_031661
IN202521091858	A_031662
IN202521091858	A_031663
IN202521092912	A_031664
IN202521096173	A_031665
IN202521096173	A_031666
IN202521096173	A_031667
IN202521096173	A_031668
IN202521096173	A_031669
IN202521096173	A_031670
IN202521096173	A_031671
IN202521115305	A_031617
IN202521124784	A_031672
IN202523064402	A_005977
IN202527004001A	A_020631
IN202527021660	A_005857
IN202531001196	A_022873
IN202531001788	A_005985
IN202531004726A	A_031673
IN202531004726A	A_031674
IN202531004726A	A_031675
IN202531004726A	A_031676
IN202531004726A	A_031677
IN202531004726A	A_031678
IN202531004726A	A_031679
IN202531004726A	A_031680
IN202531004726A	A_031681
IN202531013364A	A_031682
IN202531013364A	A_031683
IN202531013364A	A_031210
IN202531013364A	A_031684
IN202531013364A	A_031685
IN202531014310A	A_009423
IN202531017311A	A_031686
IN202531017311A	A_031687
IN202531017311A	A_031688
IN202531017311A	A_031689
IN202531017311A	A_031690
IN202531032132	A_017300
IN202531040502	A_031691
IN202531052367	A_031692
IN202531052367	A_031693
IN202531052367	A_031694
IN202531052367	A_031695
IN202531052367	A_031696
IN202531058379	A_005986
IN202531059994	A_027972
IN202531067298	A_009423
IN202531073843	A_027972
IN202531088273	A_027972
IN202541000255	A_017312
IN202541002387A	A_031697
IN202541002387A	A_031698
IN202541003072A	A_018130
IN202541003939A	A_017480
IN202541003939A	A_017481
IN202541004198A	A_006020
IN202541005066A	A_017312
IN202541008481A	A_006020
IN202541008484A	A_031699
IN202541008991A	A_031700
IN202541008991A	A_031701
IN202541008991A	A_031702
IN202541008991A	A_031703
IN202541008991A	A_031704
IN202541008991A	A_031705
IN202541008991A	A_031706
IN202541008991A	A_031707
IN202541009360A	A_031708
IN202541009360A	A_031709
IN202541009360A	A_031710
IN202541009360A	A_031711
IN202541009360A	A_031712
IN202541009360A	A_031713
IN202541009360A	A_031714
IN202541009360A	A_031715
IN202541009756A	A_031716
IN202541009756A	A_031717
IN202541009756A	A_031718
IN202541009756A	A_031719
IN202541009756A	A_031720
IN202541009756A	A_031721
IN202541009756A	A_031722
IN202541009756A	A_031723
IN202541009756A	A_031724
IN202541009756A	A_031725
IN202541011285A	A_031487
IN202541012774A	A_031726
IN202541013375A	A_005996
IN202541013480A	A_017982
IN202541013899A	A_013284
IN202541016603A	A_017376
IN202541017778A	A_031727
IN202541018483	A_031728
IN202541020593	A_006020
IN202541021151	A_013284
IN202541021566	A_031729
IN202541021566	A_031730
IN202541021566	A_031731
IN202541021566	A_031732
IN202541021566	A_031733
IN202541021566	A_031734
IN202541023305	A_031735
IN202541023305	A_031736
IN202541023305	A_031737
IN202541023305	A_031738
IN202541026297	A_013284
IN202541026297	A_031739
IN202541026297	A_031740
IN202541026297	A_031741
IN202541026801	A_017312
IN202541026973	A_031742
IN202541026973	A_031743
IN202541026973	A_031744
IN202541026973	A_031745
IN202541026973	A_031746
IN202541026973	A_031747
IN202541026973	A_031748
IN202541026973	A_031749
IN202541026973	A_031750
IN202541026973	A_031751
IN202541027056	A_031752
IN202541029745	A_013284
IN202541032498	A_031753
IN202541034103	A_006020
IN202541034995	A_018128
IN202541035498	A_031754
IN202541035498	A_031755
IN202541035498	A_031756
IN202541035498	A_031757
IN202541035498	A_031758
IN202541035499	A_031759
IN202541035499	A_031760
IN202541035499	A_031761
IN202541035499	A_031762
IN202541035499	A_031763
IN202541035499	A_031764
IN202541035499	A_031765
IN202541035499	A_031766
IN202541035499	A_031767
IN202541035669	A_017330
IN202541035669	A_031768
IN202541035669	A_031769
IN202541035669	A_031770
IN202541035669	A_031771
IN202541035669	A_031772
IN202541036641	A_018152
IN202541036641	A_031773
IN202541036641	A_031774
IN202541036641	A_031775
IN202541036641	A_031776
IN202541036641	A_031777
IN202541036641	A_031778
IN202541036641	A_031779
IN202541037504	A_031780
IN202541037579	A_013284
IN202541037680	A_031781
IN202541037680	A_031782
IN202541037680	A_031783
IN202541037680	A_031784
IN202541037680	A_031785
IN202541037680	A_031786
IN202541037680	A_031787
IN202541037680	A_031788
IN202541037680	A_031789
IN202541037680	A_031790
IN202541038297	A_031791
IN202541038297	A_031709
IN202541038297	A_031792
IN202541038297	A_031793
IN202541038297	A_031794
IN202541038297	A_031795
IN202541038297	A_031796
IN202541038392	A_018097
IN202541038392	A_031797
IN202541038392	A_031798
IN202541038392	A_031799
IN202541039898	A_031800
IN202541039898	A_031801
IN202541039898	A_031802
IN202541039898	A_031803
IN202541039898	A_031804
IN202541039898	A_031805
IN202541041123	A_031806
IN202541041123	A_031807
IN202541041123	A_031808
IN202541041123	A_031809
IN202541041123	A_031810
IN202541041123	A_031811
IN202541041123	A_031812
IN202541041123	A_031813
IN202541041123	A_031814
IN202541041123	A_031815
IN202541041123	A_031816
IN202541041123	A_031817
IN202541041127	A_031818
IN202541041127	A_031819
IN202541041127	A_031820
IN202541041127	A_031821
IN202541041127	A_031822
IN202541041127	A_031823
IN202541041127	A_031824
IN202541041127	A_031825
IN202541041127	A_031826
IN202541041676	A_006049
IN202541042031	A_005870
IN202541042326	A_013284
IN202541042754	A_005996
IN202541043210	A_031827
IN202541043210	A_031828
IN202541043210	A_031829
IN202541043210	A_031830
IN202541043210	A_031831
IN202541043210	A_031832
IN202541043210	A_031833
IN202541043210	A_031834
IN202541043210	A_031835
IN202541043896	A_031836
IN202541043896	A_031837
IN202541043896	A_031838
IN202541043896	A_031839
IN202541043896	A_031840
IN202541043978	A_022894
IN202541044168	A_031841
IN202541044468	A_031842
IN202541044468	A_031843
IN202541044468	A_031844
IN202541044468	A_031845
IN202541044468	A_031846
IN202541044468	A_031847
IN202541044468	A_031848
IN202541044468	A_031849
IN202541044468	A_031850
IN202541045364	A_031851
IN202541045364	A_031852
IN202541045364	A_031853
IN202541045364	A_031854
IN202541045364	A_031855
IN202541045364	A_031709
IN202541045364	A_031856
IN202541045364	A_031857
IN202541045812	A_017312
IN202541046064	A_022894
IN202541046289	A_009429
IN202541046529	A_031858
IN202541046529	A_031859
IN202541046921	A_017390
IN202541046936	A_013284
IN202541047099	A_017375
IN202541047099	A_031860
IN202541047544	A_013284
IN202541047877	A_031861
IN202541047877	A_031862
IN202541047877	A_031863
IN202541047877	A_031864
IN202541047877	A_031865
IN202541047877	A_031866
IN202541047877	A_031867
IN202541047877	A_031868
IN202541047877	A_031869
IN202541047877	A_031870
IN202541048828	A_031871
IN202541048831	A_031871
IN202541048870	A_031872
IN202541049210	A_031873
IN202541049210	A_031874
IN202541049210	A_031875
IN202541049210	A_031876
IN202541049210	A_031877
IN202541049210	A_031878
IN202541049210	A_031879
IN202541049210	A_031880
IN202541049210	A_031881
IN202541049210	A_031882
IN202541049471	A_031883
IN202541049471	A_031884
IN202541049471	A_031885
IN202541049471	A_031886
IN202541049471	A_031887
IN202541049471	A_031888
IN202541050071	A_022894
IN202541052363	A_031889
IN202541053589	A_031890
IN202541056827	A_031891
IN202541056827	A_031892
IN202541056827	A_031893
IN202541056827	A_031894
IN202541056827	A_031895
IN202541056827	A_031896
IN202541056827	A_031897
IN202541056827	A_031898
IN202541056827	A_031899
IN202541056827	A_031900
IN202541057232	A_031901
IN202541057232	A_031902
IN202541057232	A_031709
IN202541057232	A_031903
IN202541057232	A_031904
IN202541057232	A_031905
IN202541057232	A_031906
IN202541057232	A_031907
IN202541057321	A_031908
IN202541057321	A_031909
IN202541057321	A_031910
IN202541057321	A_031911
IN202541057321	A_031912
IN202541057321	A_031913
IN202541057321	A_031914
IN202541058759	A_031197
IN202541058903	A_018147
IN202541058903	A_031915
IN202541058903	A_031916
IN202541058903	A_031917
IN202541059079	A_031918
IN202541060612	A_031919
IN202541060612	A_031920
IN202541060942	A_006035
IN202541061122	A_017479
IN202541061153	A_031921
IN202541061153	A_031922
IN202541061153	A_031923
IN202541061153	A_031924
IN202541061153	A_031925
IN202541061153	A_031926
IN202541061153	A_031927
IN202541061153	A_031928
IN202541061153	A_031929
IN202541061153	A_031930
IN202541062089	A_031197
IN202541063036	A_031931
IN202541063036	A_031932
IN202541063036	A_031933
IN202541063036	A_031934
IN202541063036	A_031935
IN202541063036	A_031936
IN202541063036	A_031937
IN202541063036	A_031938
IN202541063036	A_031939
IN202541064389	A_031940
IN202541064389	A_031941
IN202541064389	A_031942
IN202541064389	A_031943
IN202541064389	A_031944
IN202541064389	A_031945
IN202541064389	A_031946
IN202541064389	A_031947
IN202541064389	A_031948
IN202541064389	A_031949
IN202541064780	A_017982
IN202541064824	A_031950
IN202541064824	A_031951
IN202541064824	A_031952
IN202541064824	A_031953
IN202541064824	A_031954
IN202541065021	A_017376
IN202541066024	A_031955
IN202541066126	A_031956
IN202541066126	A_031957
IN202541066126	A_031958
IN202541066126	A_031959
IN202541066126	A_031960
IN202541066126	A_031961
IN202541066803	A_031962
IN202541067668	A_031963
IN202541067668	A_031964
IN202541067668	A_031965
IN202541067668	A_031966
IN202541067668	A_031967
IN202541067668	A_017481
IN202541068544	A_031968
IN202541070209	A_031470
IN202541071118	A_031969
IN202541071118	A_031970
IN202541071118	A_031971
IN202541071118	A_031972
IN202541071118	A_031973
IN202541071118	A_031974
IN202541071118	A_031277
IN202541071118	A_031975
IN202541071118	A_031976
IN202541071118	A_031977
IN202541071118	A_031978
IN202541071118	A_031979
IN202541071897	A_031419
IN202541071897	A_031980
IN202541071897	A_031981
IN202541071897	A_031982
IN202541071897	A_031983
IN202541071999	A_031984
IN202541072864	A_019893
IN202541072864	A_031985
IN202541072864	A_031986
IN202541072864	A_031987
IN202541072864	A_031988
IN202541074804	A_017982
IN202541075024	A_031989
IN202541075024	A_031990
IN202541075024	A_031991
IN202541075024	A_031992
IN202541075024	A_031993
IN202541075150	A_031470
IN202541075335	A_022894
IN202541077870	A_031994
IN202541078603	A_017479
IN202541078699	A_017376
IN202541079440	A_031995
IN202541079440	A_031996
IN202541079440	A_031997
IN202541079440	A_031998
IN202541079440	A_031999
IN202541079440	A_032000
IN202541079440	A_032001
IN202541079440	A_032002
IN202541079959	A_032003
IN202541079959	A_032004
IN202541079959	A_032005
IN202541079959	A_032006
IN202541079959	A_032007
IN202541080120	A_017376
IN202541080230	A_017982
IN202541081418	A_018146
IN202541081563	A_017312
IN202541083063	A_031432
IN202541083063	A_032008
IN202541083063	A_032009
IN202541083063	A_032010
IN202541083063	A_032011
IN202541083063	A_032012
IN202541083063	A_032013
IN202541083063	A_032014
IN202541083063	A_032015
IN202541083063	A_032016
IN202541083063	A_032017
IN202541083063	A_032018
IN202541083063	A_032019
IN202541083063	A_032020
IN202541083063	A_032021
IN202541083063	A_032022
IN202541083566	A_017375
IN202541083735	A_032023
IN202541086723	A_032024
IN202541086822	A_032024
IN202541086949	A_032025
IN202541086949	A_032026
IN202541086949	A_032027
IN202541086949	A_032028
IN202541086949	A_032029
IN202541086949	A_032030
IN202541087487	A_032031
IN202541088621	A_032032
IN202541088621	A_032033
IN202541088621	A_032034
IN202541088621	A_032035
IN202541088621	A_032036
IN202541088621	A_032037
IN202541088621	A_032038
IN202541088621	A_032039
IN202541088621	A_032040
IN202541088621	A_032041
IN202541088833	A_018122
IN202541089078	A_017479
IN202541089117	A_013284
IN202541089918	A_032042
IN202541089918	A_032043
IN202541089918	A_032044
IN202541089918	A_032045
IN202541089918	A_032046
IN202541089918	A_032047
IN202541089918	A_032048
IN202541090211	A_017528
IN202541093211	A_032049
IN202541093709	A_032050
IN202541093709	A_032051
IN202541093709	A_032052
IN202541093709	A_032053
IN202541093709	A_032054
IN202541093709	A_032055
IN202541093709	A_032056
IN202541093709	A_032057
IN202541093709	A_032058
IN202541093709	A_032059
IN202541093979	A_032060
IN202541093979	A_032061
IN202541093979	A_032062
IN202541093979	A_032063
IN202541093979	A_032064
IN202541093979	A_032065
IN202541093979	A_032066
IN202541094859	A_032067
IN202541094859	A_032068
IN202541094859	A_032069
IN202541094859	A_032070
IN202541094859	A_032071
IN202541094859	A_032072
IN202541094859	A_032073
IN202541094859	A_032074
IN202541094884	A_013285
IN202541096668	A_017376
IN202541096828	A_032075
IN202541096881	A_018152
IN202541097744	A_032076
IN202541097995	A_032077
IN202541099045	A_032078
IN202541099045	A_032079
IN202541099045	A_032080
IN202541099888	A_027298
IN202541099888	A_032081
IN202541099888	A_032082
IN202541100334	A_013284
IN202541101122	A_032083
IN202541101122	A_032084
IN202541101483	A_022795
IN202541101483	A_032085
IN202541101483	A_009469
IN202541101726	A_017544
IN202541101726	A_017545
IN202541101726	A_017546
IN202541101726	A_032086
IN202541102448	A_006049
IN202541102970	A_017470
IN202541103226	A_032087
IN202541103226	A_031877
IN202541103226	A_032088
IN202541103226	A_032089
IN202541103226	A_032090
IN202541103226	A_022844
IN202541103226	A_032091
IN202541103226	A_032092
IN202541103226	A_032093
IN202541103226	A_032094
IN202541103584	A_031805
IN202541104562	A_032085
IN202541104562	A_009469
IN202541104562	A_022795
IN202541105202	A_032095
IN202541105202	A_032096
IN202541105202	A_032097
IN202541105202	A_032098
IN202541105202	A_032099
IN202541106002	A_032100
IN202541106002	A_032101
IN202541106002	A_032102
IN202541106002	A_032103
IN202541106002	A_032104
IN202541106002	A_032105
IN202541106002	A_032106
IN202541106002	A_032107
IN202541106002	A_032108
IN202541106002	A_032109
IN202541106549	A_032110
IN202541106549	A_032111
IN202541106549	A_032112
IN202541106549	A_032113
IN202541106549	A_032114
IN202541108922	A_017403
IN202541109728	A_013284
IN202541119232	A_006020
IN202541119259	A_031487
IN202541119260	A_006020
IN202541119373	A_032115
IN202541119373	A_032116
IN202541119373	A_032117
IN202541119373	A_032118
IN202541119373	A_032119
IN202541119538	A_032120
IN202541120409	A_005917
IN202541120409	A_032121
IN202541120409	A_032122
IN202541120409	A_032123
IN202541120409	A_032124
IN202541120409	A_032125
IN202541120544	A_032126
IN202541120544	A_032127
IN202541120544	A_032128
IN202541120544	A_032129
IN202541122260	A_032130
IN202541122481	A_032131
IN202541122481	A_032132
IN202541122934	A_006049
IN202541123138	A_019599
IN202541123143	A_019599
IN202541124215	A_032133
IN202541124216	A_032133
IN202541124917	A_013284
IN202541125496	A_017312
IN202541126231	A_017565
IN202541126280	A_017472
IN202541127327	A_031871
IN202541134016	A_031322
IN202541134557	A_032134
IN202547000469	A_007705
IN202547000819	A_012593
IN202547000819	A_018409
IN202547000819	A_018410
IN202547000819	A_008107
IN202547002225	A_007705
IN202547002985A	A_007705
IN202547002986A	A_007705
IN202547032981	A_007705
IN202547033136	A_007705
IN202547067796	A_007705
IN202547079807	A_007705
IN202547082188	A_007705
IN202547113261	A_007705
IN202548088148	A_007705
JP2024000060A	A_025313
JP2024000060A	A_032135
JP2024000483A	A_022486
JP2024000483A	A_023080
JP2024002329A	A_006056
JP2024003024W	A_032136
JP2024003024W	A_032137
JP2024006026A	A_023054
JP2024006026A	A_005426
JP2024006307W	A_007787
JP2024006307W	A_022942
JP2024008137W	A_032138
JP2024008137W	A_032139
JP2024010863W	A_032140
JP2024010863W	A_032141
JP2024012310W	A_006223
JP2024012310W	A_006169
JP2024020768W	A_007962
JP2024020768W	A_014154
JP2024025424W	A_005496
JP2024025424W	A_006196
JP2024025590A	A_006227
JP2024025590A	A_022923
JP2024026682A	A_006412
JP2024026682A	A_006413
JP2024027191A	A_032142
JP2024027191A	A_032143
JP2024028208A	A_032144
JP2024028208A	A_032145
JP2024035756W	A_006188
JP2024035756W	A_006111
JP2024037118A	A_010941
JP2024037118A	A_006151
JP2024042731W	A_018413
JP2024042731W	A_006413
JP2024055783A	A_032146
JP2024055783A	A_028607
JP2024065491A	A_006170
JP2024065491A	A_006169
JP2024070676A	A_032147
JP2024070676A	A_032148
JP2024070940A	A_006157
JP2024070940A	A_006156
JP2024071288A	A_006084
JP2024071288A	A_006083
JP2024076434A	A_023015
JP2024076434A	A_023016
JP2024078113A	A_019421
JP2024078113A	A_019422
JP2024085192A	A_006302
JP2024085192A	A_005628
JP2024086225A	A_023131
JP2024086225A	A_028001
JP2024087793A	A_032149
JP2024087793A	A_032150
JP2024090155A	A_028640
JP2024090155A	A_026425
JP2024093506A	A_006114
JP2024093506A	A_005618
JP2024100830A	A_032151
JP2024100830A	A_032152
JP2024103693A	A_006413
JP2024103693A	A_006412
JP2024105448A	A_006058
JP2024105448A	A_006057
JP2024105448A	A_027325
JP2024105448A	A_027326
JP2024107881A	A_032153
JP2024107881A	A_032154
JP2024115409A	A_032155
JP2024115409A	A_032156
JP2024115639A	A_032157
JP2024118054A	A_006062
JP2024118054A	A_005507
JP2024146471A	A_032155
JP2024146471A	A_032156
JP2024161529A	A_014154
JP2024161529A	A_022964
JP2024171510A	A_006312
JP2024171510A	A_006313
JP2024175999A	A_032158
JP2024196849A	A_020616
JP2024196849A	A_023173
JP2024217638A	A_029418
JP2024217638A	A_032159
JP2024217638A	A_032160
JP2024217638A	A_032161
JP2024223707A	A_032162
JP2024223707A	A_023058
JP2025001992W	A_005496
JP2025001992W	A_006196
JP2025002713A	A_023128
JP2025002713A	A_023129
JP2025002983W	A_006223
JP2025002983W	A_006169
JP2025003592U	A_027999
JP2025003592U	A_028000
JP2025020222A	A_032163
JP2025020222A	A_032164
JP2025020222A	A_032165
JP2025020222A	A_032166
JP2025031037A	A_032167
JP2025060772	A_032168
JP2025060772	A_032169
JP2025060772	A_032170
JP2025062403	A_009274
JP2025062403	A_023183
JP2025079743	A_013568
JP2025079743	A_029159
JP2025101439	A_019902
JP2025101439	A_019903
JP2025104372	A_006059
JP2025104372	A_000037
JP2025111134	A_032171
JP2025111134	A_032172
JP2025115020	A_032173
JP2025115020	A_032174
JP2025116255	A_032173
JP2025116255	A_032174
JP2025136718	A_032169
JP2025152697	A_032175
JP2025152697	A_032176
JP2025159666	A_032177
JP2025159666	A_032178
JP2025162084	A_019421
JP2025162084	A_019422
KR1020250027632	A_032179
KR1020250027632	A_032180
KR1020250027686	A_032179
KR1020250027686	A_032180
KR1020250027692	A_032179
KR1020250027692	A_032180
KR1020250030066	A_032181
KR1020250030066	A_032182
KR1020250031214	A_032183
KR1020250031214	A_032184
KR1020250036412	A_032185
KR1020250036412	A_024583
KR1020250040516	A_023705
KR1020250040516	A_023985
KR1020250041987	A_007108
KR1020250041987	A_007111
KR1020250041987	A_007109
KR1020250041987	A_032186
KR1020250042564	A_007185
KR1020250042564	A_020508
KR1020250045445	A_026739
KR1020250045445	A_026740
KR1020250048649	A_023492
KR1020250048649	A_023494
KR1020250054971	A_032187
KR1020250054971	A_032188
KR1020250054978	A_032187
KR1020250054978	A_032188
KR1020250064767	A_007185
KR1020250064767	A_020508
KR1020250069097	A_032189
KR1020250069687	A_032190
KR1020250069687	A_032191
KR1020250070945	A_032192
KR1020250074096	A_007185
KR1020250074096	A_020508
KR1020250077859	A_032183
KR1020250077859	A_032184
KR1020250085201	A_032193
KR1020250085201	A_032194
KR1020250108176	A_023860
KR1020250108176	A_023791
KR1020250119474	A_032195
KR1020250131612	A_007185
KR1020250131612	A_020508
KR1020250136491	A_032196
KR1020250136491	A_032197
KR1020250145785	A_032198
KR1020250145785	A_032199
KR1020250147338	A_032200
KR1020250147338	A_032201
KR1020250158436	A_007185
KR1020250158436	A_020508
KR1020250158438	A_007185
KR1020250158438	A_020508
KR1020250183849	A_032202
KR1020250195456	A_032202
KR1020250202583	A_032202
KR1020250215679	A_032203
KR20240001057A	A_006702
KR20240001057A	A_006703
KR20240003159A	A_006754
KR20240003159A	A_009782
KR20240005631A	A_032204
KR20240005631A	A_032205
KR20240007470A	A_032206
KR20240007470A	A_032207
KR20240011471A	A_032208
KR20240011471A	A_005716
KR20240011635A	A_007265
KR20240011635A	A_007266
KR20240013471A	A_032209
KR20240013471A	A_032210
KR20240013765A	A_032211
KR20240013765A	A_032212
KR20240014684A	A_023758
KR20240014684A	A_023759
KR20240015319A	A_007042
KR20240015319A	A_007043
KR20240015950A	A_009679
KR20240015950A	A_032213
KR20240020825A	A_006485
KR20240020825A	A_024075
KR2024002354W	A_023813
KR2024002354W	A_023814
KR2024002354W	A_026826
KR2024002354W	A_026827
KR20240024543A	A_026695
KR20240024543A	A_032214
KR20240026802A	A_032215
KR20240026802A	A_032216
KR20240026985A	A_032217
KR20240026985A	A_032218
KR20240026985A	A_032219
KR20240026985A	A_032220
KR20240029178A	A_032221
KR20240029178A	A_009678
KR20240029412A	A_032222
KR20240029412A	A_032223
KR2024003002W	A_009587
KR2024003002W	A_006703
KR20240033564A	A_007185
KR20240033564A	A_007186
KR20240033564A	A_007181
KR20240033564A	A_007182
KR20240033564A	A_007183
KR20240033564A	A_007184
KR20240033564A	A_012495
KR20240033564A	A_012496
KR20240034185A	A_006739
KR20240034185A	A_006740
KR20240034469A	A_024039
KR20240034469A	A_024040
KR20240037615A	A_032224
KR20240037615A	A_032225
KR20240038859A	A_032226
KR20240038859A	A_032227
KR20240039433A	A_032228
KR20240039433A	A_032229
KR20240041031A	A_023920
KR20240041031A	A_023191
KR20240045646A	A_032230
KR20240045646A	A_032231
KR2024004835W	A_006694
KR2024004835W	A_006695
KR2024004857W	A_023705
KR2024004857W	A_023706
KR20240049074A	A_032232
KR20240049074A	A_032233
KR20240049276A	A_032234
KR20240049276A	A_032235
KR20240050784A	A_032236
KR20240051955A	A_032237
KR20240051955A	A_032238
KR20240051981A	A_023646
KR20240051981A	A_023642
KR2024005856W	A_006644
KR2024005856W	A_006745
KR2024005856W	A_032239
KR2024005856W	A_032240
KR20240060550A	A_023363
KR20240060550A	A_032241
KR20240061228A	A_032242
KR20240061228A	A_032243
KR20240063886A	A_006530
KR20240063886A	A_005678
KR20240065070A	A_006942
KR20240065070A	A_006826
KR20240066476A	A_006586
KR20240066476A	A_023550
KR20240066524A	A_010991
KR20240066524A	A_010992
KR20240066813A	A_032244
KR20240066813A	A_032245
KR20240067184A	A_032246
KR20240067184A	A_032247
KR20240069416A	A_032248
KR20240069416A	A_032249
KR20240069592A	A_026824
KR20240069592A	A_026825
KR2024007559W	A_006694
KR2024007559W	A_006695
KR20240075792A	A_006547
KR20240075792A	A_007003
KR20240076480A	A_032250
KR20240076480A	A_032251
KR20240077069A	A_010991
KR20240077069A	A_010992
KR20240079443A	A_023920
KR20240079443A	A_023191
KR20240081247A	A_032202
KR20240081601A	A_027390
KR20240081601A	A_027391
KR20240082074A	A_023646
KR20240082074A	A_023642
KR20240082625A	A_032252
KR20240082625A	A_032253
KR20240085008A	A_032254
KR20240085008A	A_032255
KR20240087237A	A_027390
KR20240087237A	A_027391
KR20240088241A	A_023562
KR20240088241A	A_032256
KR20240088241A	A_023563
KR20240088241A	A_032257
KR20240088251A	A_020498
KR20240088251A	A_027360
KR20240089190A	A_026873
KR20240089190A	A_026874
KR20240090095A	A_032258
KR20240090095A	A_032259
KR20240090950A	A_032260
KR20240091078A	A_032261
KR20240091078A	A_032262
KR20240092938A	A_023608
KR20240092938A	A_032263
KR20240092938A	A_026668
KR20240092938A	A_032264
KR20240098894A	A_032265
KR20240098894A	A_032266
KR20240102370A	A_023249
KR20240102370A	A_026751
KR20240102374A	A_032267
KR20240102374A	A_032268
KR20240102497A	A_032269
KR20240102497A	A_032270
KR20240102497A	A_032271
KR20240102497A	A_032272
KR2024010460W	A_023705
KR2024010460W	A_023706
KR20240104720A	A_006702
KR20240104720A	A_006703
KR20240104720A	A_006935
KR20240104720A	A_026751
KR20240108348A	A_006547
KR20240108348A	A_023779
KR20240108348A	A_032273
KR20240108348A	A_032274
KR20240109027A	A_032275
KR20240109027A	A_032276
KR2024011621W	A_009587
KR2024011621W	A_006703
KR2024011621W	A_023249
KR2024011621W	A_006936
KR20240116659A	A_032277
KR20240116659A	A_032278
KR20240117094A	A_032279
KR20240117094A	A_032280
KR20240117300A	A_006749
KR20240117300A	A_006484
KR20240119155A	A_032281
KR20240119155A	A_005519
KR20240121388A	A_032282
KR20240121388A	A_032283
KR20240132415A	A_032284
KR20240132415A	A_032285
KR20240132415A	A_032286
KR20240132415A	A_032287
KR20240140282A	A_009699
KR20240140282A	A_009700
KR20240142293A	A_032288
KR20240143317A	A_032289
KR20240143317A	A_032290
KR20240144890A	A_032291
KR20240144890A	A_032292
KR2024014529W	A_006703
KR20240146689A	A_032293
KR20240146689A	A_032294
KR20240162211A	A_029173
KR20240162211A	A_032295
KR20240162212A	A_029173
KR20240162212A	A_032295
KR20240164187A	A_006587
KR20240164187A	A_023517
KR20240164690A	A_032296
KR20240164690A	A_032297
KR20240164690A	A_032298
KR20240164690A	A_032299
KR20240165066A	A_006834
KR20240165066A	A_010969
KR20240166006A	A_032300
KR20240166006A	A_032301
KR20240169312A	A_032302
KR20240169312A	A_032303
KR20240169540A	A_007322
KR20240169540A	A_007323
KR20240170744A	A_032304
KR20240170744A	A_032305
KR20240170807A	A_032306
KR20240170807A	A_032307
KR20240172150A	A_023588
KR20240172150A	A_023589
KR20240172821A	A_032308
KR20240172821A	A_032309
KR20240174713A	A_032310
KR20240174713A	A_032311
KR20240175035A	A_006731
KR20240175035A	A_006732
KR20240175039A	A_006731
KR20240175039A	A_006732
KR20240178126A	A_032312
KR20240178126A	A_032313
KR2024017812W	A_023858
KR2024017812W	A_023859
KR20240181252A	A_032314
KR20240181252A	A_032315
KR20240186241A	A_006834
KR20240186241A	A_006835
KR20240188638A	A_032271
KR20240188638A	A_032272
KR20240192991A	A_032316
KR20240192991A	A_032317
KR20240200067A	A_007042
KR20240200067A	A_007043
KR20240200712A	A_032310
KR20240200712A	A_032311
KR2024020122W	A_032318
KR2024020122W	A_032319
KR20250001050A	A_032320
KR20250001050A	A_032321
KR20250001050A	A_032322
KR20250001050A	A_032323
KR20250002278A	A_032324
KR20250002278A	A_032325
KR20250003390A	A_023705
KR20250003390A	A_023985
KR20250004327A	A_032326
KR20250004327A	A_032327
KR2025001444W	A_006703
KR20250020677A	A_032328
KR20250020677A	A_032329
KR20250025375A	A_032330
KR20250025375A	A_032331
KR2025099013W	A_006703
KR20257028644A	A_018162
KR20257028644A	A_000041
KR20257040660A	A_023718
KR20257040660A	A_009973
KR20257041483A	A_032332
KR20257041483A	A_022505
KR20257041884A	A_024093
KR20257041884A	A_020640
LU506312A	A_032333
LU507187A	A_032334
LU508442A	A_032335
LU509214A	A_032336
LU509214A	A_032337
LU602035A	A_032338
MY2024050095W	A_032339
NL2036804A	A_032340
NL2037440A	A_032341
NL2039467A	A_032342
SE2024050385W	A_007383
SG2024050389W	A_032343
TR2024011335A	A_032344
TR2024019937A	A_017733
TR2024/001305	A_032345
TR2024/005982	A_029193
TR2024/006206	A_013528
TR2024/010365	A_032346
TR2025006734A	A_017733
TR2025007357A	A_017733
TR2025007554A	A_017733
TR2025009060A	A_013528
TR2025009567A	A_032347
TR2025012851A	A_029193
TR2025019033A	A_017733
TW113105978A	A_032348
TW113128165A	A_024185
TW113140600A	A_024185
TW113148479A	A_025504
TW113208318U	A_032349
TW114101721A	A_024185
TW114103333A	A_032350
TW114106886A	A_032351
TW114207683	A_011052
TW114208239	A_019482
US19069034	A_022336
US19069834	A_009973
US19070018	A_032352
US19073650	A_022482
US19074105	A_024742
US19075313	A_007790
US19076918	A_020616
US19077898	A_024784
US19078130	A_008396
US19084214	A_000050
US19084337	A_028123
US19085498	A_032353
US19087468	A_025579
US19089646	A_008111
US19090626	A_032354
US19091992	A_024785
US19092404	A_005857
US19094719	A_032355
US19094905	A_032356
US19097624	A_032357
US19097657	A_032358
US19097657	A_032359
US19097657	A_032360
US19097657	A_032361
US19170628	A_028290
US19170674	A_032362
US19171221	A_009274
US19173312	A_032363
US19173705	A_022336
US19173745	A_009973
US19173874	A_032364
US19174310	A_013568
US19174541	A_009973
US19175390	A_022398
US19177608	A_032365
US19179867	A_000005
US19181433	A_032366
US19181433	A_032367
US19181433	A_032368
US19182787	A_020616
US19183624	A_023642
US19184383	A_022336
US19184544	A_024784
US19184701	A_032369
US19184751	A_014248
US19185603	A_032370
US19189970	A_024814
US19191327	A_024671
US19192163	A_022336
US19194869	A_031572
US19195347	A_024098
US19195794	A_032371
US19197754	A_032372
US19198462	A_032373
US19199032	A_022336
US19200000	A_000050
US19200512	A_007661
US19202649	A_020616
US19204012	A_022413
US19205028	A_007700
US19207719	A_007951
US19207950	A_024098
US19208316	A_024098
US19211232	A_023658
US19211409	A_007705
US19218616	A_032374
US19218868	A_020622
US19219844	A_006695
US19220636	A_024773
US19223538	A_022336
US19224056	A_006703
US19224544	A_007790
US19226962	A_009973
US19227872	A_009271
US19228141	A_032375
US19229208	A_022336
US19229501	A_006703
US19230678	A_022941
US19230678	A_005587
US19232084	A_024710
US19232243	A_025026
US19232831	A_025582
US19238284	A_022514
US19238441	A_032376
US19239803	A_022336
US19241720	A_032377
US19241865	A_032378
US19243664	A_009973
US19245848	A_007986
US19246376	A_022336
US19247345	A_022336
US19252958	A_024307
US19253637	A_032379
US19257718	A_032380
US19257767	A_024098
US19258036	A_022336
US19258524	A_009973
US19259118	A_007996
US19260216	A_007661
US19261576	A_009973
US19261594	A_009973
US19264481	A_024110
US19269078	A_008413
US19270440	A_013649
US19270440	A_013647
US19270440	A_013651
US19270440	A_013650
US19270440	A_013648
US19271344	A_022509
US19271388	A_024098
US19272864	A_006695
US19272880	A_028085
US19272881	A_006695
US19274260	A_032381
US19274516	A_032381
US19274833	A_005585
US19278769	A_032382
US19279921	A_024969
US19281656	A_032383
US19281866	A_007661
US19282260	A_007700
US19282572	A_005809
US19282669	A_022336
US19285394	A_022336
US19286101	A_026020
US19291931	A_022413
US19292278	A_006703
US19294183	A_026035
US19296478	A_022400
US19297017	A_025579
US19300712	A_023658
US19305379	A_032384
US19306498	A_028085
US19306941	A_022507
US19309075	A_007753
US19312008	A_008379
US19312889	A_029235
US19315334	A_022336
US19315403	A_032385
US19317268	A_032386
US19318966	A_032387
US19319404	A_005555
US19320401	A_009973
US19322367	A_022336
US19326614	A_029240
US19327091	A_000099
US19329533	A_032365
US19334122	A_009973
US19344126	A_022336
US19344252	A_032388
US19347312	A_032389
US2024010078W	A_027056
US2024010939W	A_032390
US2024015020W	A_032391
US2024019967W	A_015130
US2024021995W	A_032392
US2024023112W	A_008252
US2024023287W	A_022376
US2024023316W	A_032393
US2024026462W	A_007705
US2024027423W	A_032394
US2024027423W	A_032395
US2024027423W	A_032396
US2024027423W	A_032397
US2024027423W	A_032398
US2024027423W	A_007790
US2024028148W	A_007705
US2024028296W	A_007705
US2024028399W	A_032399
US2024028502W	A_022376
US2024031245W	A_032400
US2024032408W	A_032401
US2024033978W	A_022376
US2024035800W	A_032402
US2024036548W	A_024992
US2024036689W	A_007705
US2024039888W	A_032403
US2024039916W	A_022453
US2024040333W	A_024976
US2024040333W	A_032404
US2024040886W	A_032405
US2024040886W	A_032406
US2024040886W	A_032407
US2024040886W	A_032408
US2024041251W	A_024977
US2024043760W	A_007705
US2024043797W	A_032409
US2024044935W	A_032410
US2024045401W	A_032411
US2024048258W	A_028360
US2024049247W	A_024098
US2024049308W	A_032412
US2024049966W	A_024610
US2024050089W	A_005499
US2024050836W	A_007705
US2024050946W	A_032413
US2024051844W	A_032414
US2024053450W	A_032415
US2024056556W	A_032416
US2024056556W	A_022329
US2024057967W	A_032356
US2024057992W	A_022453
US2024059732W	A_032417
US2024062382W	A_007705
US202418401852A	A_032418
US202418402519A	A_022336
US202418402721A	A_023642
US202418403073A	A_025539
US202418405395A	A_008098
US202418407239A	A_009973
US202418408394A	A_024801
US202418408671A	A_025881
US202418410175A	A_009973
US202418410220A	A_007829
US202418410626A	A_005572
US202418410629A	A_005554
US202418410962A	A_020615
US202418411019A	A_032419
US202418411019A	A_032420
US202418411019A	A_032421
US202418411019A	A_032422
US202418411019A	A_032423
US202418411019A	A_032424
US202418411019A	A_032425
US202418411123A	A_032426
US202418414325A	A_025664
US202418415078A	A_008150
US202418415257A	A_024271
US202418415454A	A_022336
US202418416552A	A_006695
US202418417105A	A_022336
US202418417855A	A_024490
US202418419173A	A_009973
US202418419480A	A_032427
US202418419629A	A_022395
US202418419846A	A_009973
US202418420289A	A_020615
US202418420374A	A_032428
US202418420374A	A_032429
US202418421861A	A_009973
US202418422292A	A_032430
US202418422650A	A_022336
US202418423002A	A_009973
US202418423151A	A_009973
US202418423163A	A_009973
US202418425550A	A_023102
US202418425550A	A_005587
US202418425977A	A_006703
US202418427232A	A_022413
US202418427323A	A_025026
US202418428475A	A_005587
US202418430500A	A_024801
US202418431544A	A_009973
US202418432578A	A_009973
US202418432946A	A_009973
US202418433812A	A_024752
US202418434040A	A_032431
US202418434369A	A_032432
US202418434461A	A_009973
US202418437076A	A_009973
US202418438139A	A_022336
US202418438506A	A_032433
US202418439217A	A_009973
US202418439310A	A_032434
US202418440476A	A_007705
US202418441869A	A_024514
US202418441960A	A_032435
US202418442835A	A_024690
US202418443011A	A_024514
US202418581189A	A_009973
US202418581275A	A_009973
US202418581404A	A_024942
US202418582892A	A_024272
US202418585286A	A_022336
US202418585719A	A_024802
US202418585830A	A_007719
US202418586207A	A_009973
US202418587028A	A_022336
US202418588099A	A_006703
US202418588321A	A_000099
US202418589927A	A_008358
US202418590609A	A_022336
US202418590735A	A_024490
US202418592025A	A_022336
US202418593165A	A_024514
US202418593189A	A_009973
US202418593915A	A_032436
US202418594495A	A_009973
US202418594652A	A_005618
US202418594899A	A_007705
US202418595118A	A_024700
US202418595784A	A_024645
US202418596354A	A_013104
US202418597176A	A_031171
US202418597392A	A_022336
US202418597587A	A_007700
US202418598040A	A_024739
US202418599260A	A_032437
US202418599477A	A_010059
US202418601219A	A_024482
US202418601950A	A_006226
US202418602351A	A_032438
US202418602834A	A_022336
US202418603306A	A_023102
US202418603306A	A_005587
US202418603317A	A_032439
US202418603616A	A_022336
US202418603698A	A_011075
US202418604210A	A_024098
US202418604211A	A_013130
US202418604726A	A_032440
US202418604726A	A_032441
US202418606278A	A_022336
US202418606899A	A_022336
US202418607092A	A_032442
US202418609221A	A_009973
US202418609296A	A_022336
US202418610146A	A_032443
US202418611688A	A_032444
US202418612565A	A_032445
US202418612947A	A_029235
US202418615344A	A_024677
US202418615760A	A_009973
US202418616223A	A_032446
US202418616223A	A_032447
US202418616223A	A_032448
US202418616895A	A_005625
US202418616895A	A_005626
US202418617919A	A_032449
US202418618788A	A_022336
US202418619880A	A_022336
US202418620369A	A_032450
US202418623192A	A_007705
US202418623745A	A_022336
US202418623782A	A_022336
US202418623794A	A_009973
US202418623989A	A_032451
US202418624426A	A_009973
US202418624442A	A_022336
US202418624601A	A_032452
US202418624752A	A_009274
US202418625858A	A_008042
US202418626488A	A_007705
US202418627832A	A_006703
US202418627859A	A_009973
US202418628170A	A_007824
US202418628439A	A_022336
US202418628529A	A_024689
US202418628619A	A_032453
US202418629496A	A_022336
US202418630102A	A_032454
US202418630480A	A_022336
US202418631701A	A_022336
US202418632287A	A_019878
US202418633918A	A_014248
US202418634134A	A_022336
US202418634892A	A_019497
US202418634943A	A_008410
US202418635931A	A_006695
US202418640267A	A_000050
US202418642016A	A_025025
US202418642991A	A_008252
US202418643164A	A_032455
US202418643457A	A_000050
US202418646048A	A_022336
US202418646134A	A_022482
US202418646699A	A_028144
US202418647415A	A_022336
US202418647548A	A_009973
US202418649129A	A_009973
US202418649775A	A_025016
US202418651215A	A_005857
US202418651799A	A_022336
US202418653814A	A_009973
US202418654251A	A_024773
US202418654620A	A_024610
US202418655995A	A_024248
US202418656552A	A_000037
US202418656991A	A_007733
US202418657360A	A_006703
US202418657409A	A_032456
US202418657947A	A_022336
US202418659221A	A_032457
US202418660974A	A_032458
US202418661132A	A_032459
US202418661132A	A_032460
US202418661526A	A_009973
US202418661975A	A_028087
US202418662630A	A_013549
US202418662743A	A_024700
US202418665139A	A_007700
US202418665275A	A_008150
US202418668939A	A_010017
US202418669038A	A_024514
US202418669877A	A_022336
US202418670243A	A_009973
US202418671447A	A_024922
US202418672665A	A_032455
US202418672755A	A_024700
US202418673725A	A_032461
US202418674074A	A_032462
US202418674668A	A_022336
US202418677311A	A_007705
US202418677445A	A_022336
US202418677785A	A_022520
US202418678121A	A_024610
US202418678388A	A_022413
US202418679849A	A_005857
US202418680870A	A_024925
US202418732571A	A_032463
US202418733495A	A_009973
US202418734243A	A_032464
US202418734270A	A_024514
US202418734702A	A_032465
US202418735120A	A_022291
US202418735295A	A_007996
US202418735989A	A_022336
US202418736790A	A_007824
US202418737395A	A_032466
US202418737696A	A_022336
US202418738036A	A_027062
US202418739979A	A_022336
US202418741233A	A_032467
US202418741495A	A_007661
US202418742076A	A_014307
US202418742076A	A_000020
US202418743492A	A_007798
US202418744663A	A_024912
US202418744663A	A_008028
US202418744926A	A_032468
US202418747625A	A_022336
US202418748381A	A_007719
US202418748937A	A_029392
US202418748937A	A_029393
US202418750374A	A_024773
US202418750382A	A_024855
US202418751548A	A_032469
US202418755051A	A_022336
US202418756846A	A_008396
US202418757011A	A_005636
US202418757885A	A_005625
US202418757885A	A_005626
US202418757893A	A_024808
US202418758673A	A_028541
US202418759108A	A_022336
US202418759717A	A_032376
US202418760184A	A_022336
US202418762217A	A_024514
US202418762497A	A_032470
US202418764726A	A_022520
US202418765842A	A_024627
US202418766948A	A_000129
US202418767231A	A_024463
US202418767261A	A_032471
US202418767627A	A_007986
US202418767699A	A_007986
US202418767789A	A_009973
US202418768806A	A_009973
US202418770654A	A_032472
US202418771871A	A_009973
US202418772058A	A_022336
US202418773071A	A_000099
US202418773151A	A_009973
US202418773391A	A_024107
US202418775210A	A_025644
US202418776643A	A_022336
US202418778610A	A_022336
US202418778645A	A_009973
US202418779003A	A_024642
US202418779609A	A_032473
US202418779989A	A_022336
US202418780065A	A_032474
US202418782003A	A_022336
US202418782139A	A_032475
US202418782536A	A_009973
US202418782980A	A_022336
US202418784288A	A_027779
US202418784528A	A_009973
US202418784807A	A_009973
US202418785143A	A_008396
US202418785185A	A_008292
US202418785185A	A_011101
US202418785812A	A_024307
US202418786008A	A_032465
US202418786353A	A_028144
US202418787528A	A_009973
US202418787697A	A_024313
US202418787773A	A_009973
US202418790097A	A_024098
US202418790823A	A_027773
US202418790993A	A_032476
US202418791867A	A_022336
US202418792122A	A_010017
US202418792985A	A_024098
US202418794171A	A_024098
US202418794598A	A_024616
US202418794976A	A_025579
US202418796440A	A_022653
US202418796950A	A_025653
US202418797221A	A_007805
US202418797907A	A_007790
US202418802288A	A_022336
US202418805663A	A_024671
US202418806310A	A_005809
US202418806919A	A_032477
US202418806919A	A_009833
US202418807498A	A_000129
US202418808491A	A_009973
US202418808863A	A_024490
US202418808891A	A_008042
US202418810657A	A_022336
US202418810790A	A_032478
US202418812356A	A_009973
US202418816087A	A_023114
US202418818308A	A_024490
US202418819545A	A_009973
US202418820117A	A_025016
US202418821249A	A_007700
US202418821647A	A_011122
US202418821647A	A_008342
US202418822021A	A_024965
US202418822767A	A_032479
US202418823264A	A_032480
US202418823264A	A_032481
US202418823264A	A_032482
US202418823264A	A_032483
US202418823264A	A_032484
US202418824690A	A_024814
US202418824690A	A_025040
US202418824738A	A_024745
US202418826833A	A_005587
US202418827405A	A_022336
US202418827729A	A_024642
US202418828716A	A_007700
US202418830576A	A_022406
US202418882747A	A_025032
US202418882917A	A_024989
US202418883323A	A_005857
US202418888111A	A_009973
US202418888236A	A_006185
US202418888818A	A_032485
US202418891095A	A_006703
US202418892245A	A_022403
US202418892296A	A_005585
US202418893260A	A_020593
US202418896686A	A_032486
US202418896686A	A_032487
US202418896686A	A_032488
US202418897343A	A_022387
US202418898120A	A_022336
US202418899895A	A_009973
US202418904757A	A_009973
US202418905877A	A_007700
US202418905939A	A_022336
US202418907717A	A_007996
US202418908844A	A_023658
US202418908894A	A_023717
US202418909647A	A_007705
US202418910270A	A_032489
US202418913041A	A_025026
US202418914381A	A_032490
US202418914883A	A_032491
US202418915177A	A_024098
US202418915619A	A_007742
US202418918693A	A_024700
US202418920005A	A_024802
US202418920216A	A_000129
US202418920846A	A_007753
US202418921922A	A_022336
US202418922384A	A_024939
US202418923359A	A_032455
US202418924299A	A_009973
US202418925456A	A_025627
US202418926520A	A_022396
US202418927842A	A_007661
US202418928780A	A_032492
US202418934661A	A_025016
US202418939097A	A_013124
US202418940772A	A_022504
US202418944320A	A_006835
US202418944979A	A_022413
US202418945044A	A_009973
US202418945515A	A_024229
US202418945531A	A_023642
US202418948656A	A_032493
US202418949101A	A_009973
US202418949354A	A_009973
US202418949373A	A_032494
US202418949373A	A_032495
US202418950280A	A_005882
US202418950624A	A_012449
US202418951201A	A_022336
US202418951615A	A_007700
US202418953162A	A_032496
US202418953166A	A_008042
US202418954112A	A_009973
US202418954256A	A_009973
US202418954258A	A_009973
US202418954404A	A_009973
US202418955399A	A_032497
US202418955971A	A_032498
US202418955971A	A_032499
US202418956518A	A_005614
US202418956577A	A_005614
US202418958699A	A_024450
US202418959149A	A_006695
US202418959206A	A_024450
US202418963370A	A_032500
US202418964172A	A_032501
US202418965915A	A_023642
US202418970526A	A_032502
US202418970570A	A_022336
US202418972290A	A_022353
US202418979466A	A_032503
US202418980252A	A_022336
US202418982178A	A_032504
US202418982841A	A_024557
US202418983154A	A_032505
US202418984176A	A_020616
US202418987475A	A_009254
US202418987994A	A_024282
US202418988392A	A_007700
US202418988709A	A_032355
US202418989417A	A_006163
US202418991064A	A_023642
US202418999106A	A_009989
US202419000415A	A_007700
US202419001469A	A_032506
US202419001558A	A_032507
US202419001558A	A_032508
US202419003103A	A_007790
US202419003151A	A_007790
US202419004266A	A_032509
US202419005026A	A_032510
US202419005645A	A_022336
US202419005809A	A_022336
US202419005866A	A_022336
US202419006527A	A_024713
US202419006527A	A_024714
US202419006527A	A_024715
US202419007149A	A_022509
US2025011138W	A_032511
US2025011385W	A_007705
US2025012983W	A_029402
US2025015544W	A_009973
US202519009251A	A_023642
US202519009530A	A_012375
US202519009530A	A_012376
US202519009530A	A_012377
US202519009889A	A_032512
US202519010977A	A_009973
US202519013389A	A_032513
US202519014558A	A_022507
US202519014559A	A_009973
US202519014606A	A_022336
US202519014944A	A_020651
US202519015044A	A_022397
US202519015126A	A_022384
US202519015191A	A_022336
US202519016559A	A_009973
US202519017035A	A_009973
US202519017379A	A_000129
US202519018890A	A_032514
US202519019061A	A_006695
US202519019067A	A_024655
US202519019881A	A_005500
US202519020608A	A_000129
US202519022399A	A_032384
US202519023430A	A_032515
US202519023799A	A_032516
US202519023885A	A_022291
US202519025201A	A_024098
US202519025826A	A_024352
US202519028421A	A_005585
US202519029311A	A_023706
US202519029311A	A_006703
US202519029396A	A_024098
US202519030674A	A_006703
US202519033233A	A_005809
US202519038067A	A_032517
US202519040800A	A_032518
US202519043338A	A_020616
US202519045769A	A_009973
US202519045806A	A_005587
US202519048204A	A_032519
US202519048214A	A_032520
US202519048421A	A_024098
US202519050089A	A_010066
US202519050605A	A_032521
US202519050605A	A_032522
US202519053572A	A_008210
US202519055096A	A_005496
US202519055346A	A_032523
US202519057138A	A_022336
US202519059104A	A_009973
US202519060360A	A_009973
US202519062937A	A_032524
US202519063434A	A_032525
US202519063692A	A_024913
US202519064184A	A_022336
US202519065983A	A_032526
US202519067603A	A_007799
WOAU25050600	A_032527
WOCN25081970	A_008801
WOCN25081970	A_030008
WOCN25081974	A_008801
WOCN25081974	A_030008
WOCN25087854	A_001369
WOCN25087854	A_032528
WOCN25089604	A_012652
WOCN25089604	A_005857
WOCN25089702	A_008801
WOCN25089702	A_030008
WOCN25090651	A_021951
WOCN25090651	A_032529
WOCN25094181	A_012652
WOCN25094181	A_005857
WOCN25101737	A_021059
WOCN25101737	A_023189
WOCN25107198	A_001451
WOCN25107198	A_019506
WOCN25107198	A_032530
WOCN25107198	A_032531
WOEP25057994	A_007383
WOEP25059981	A_032532
WOEP25061629	A_022510
WOEP25063194	A_013124
WOEP25064185	A_032533
WOEP25064185	A_032534
WOEP25067949	A_032535
WOEP25069226	A_032536
WOEP25070237	A_031145
WOIB25052238	A_027741
WOIB25053443	A_032537
WOIB25054807	A_013124
WOIB25058507	A_032538
WOJP25010139	A_006226
WOJP25010139	A_006227
WOJP25014020	A_022411
WOJP25014020	A_025434
WOJP25018096	A_032539
WOJP25018096	A_032540
WOKR25002936	A_006694
WOKR25002936	A_006695
WOKR25002993	A_006694
WOKR25002993	A_006695
WOSG25050359	A_007577
WOSG25050359	A_032541
WOUS25018172	A_032542
WOUS25019076	A_032543
WOUS25019358	A_032544
WOUS25019358	A_028288
WOUS25021263	A_022376
WOUS25023975	A_025562
WOUS25024533	A_032545
WOUS25026345	A_007996
WOUS25028036	A_032546
WOUS25028966	A_009973
WOUS25030474	A_022403
WOUS25033751	A_032547
WOUS25035607	A_032548
WOUS25037700	A_032549
WOUS25037700	A_032550
WOUS25037700	A_032551
WOUS25037700	A_032552
WOUS25037700	A_032553
