PatentID	AssigneeID
CN202322472928.7	A_004951
CN202223239016.7	A_003515
CN202310863981.1	A_003884
KR20190179856A	A_006750
IN202241006974	A_005886
CN202011599521.5	A_000496
CN202311286748.8	A_000543
CN202322501884.6	A_004962
US202118285883A	A_008209
CN202321784860.X	A_004705
CN201920957280.3	A_001306
CN201921974920.8	A_001424
RU2021134723A	A_007498
IN202311087083A	A_005962
CN202022313929.3	A_002127
US201815953421A	A_007697
US202318307266A	A_008388
CN202020891302.3	A_000704
CN202322886917.3	A_001510
CN201921077843.6	A_001318
CN202223012940.1	A_003439
CN202323191135.4	A_005189
CN202022669951.1	A_002173
US202016888472A	A_008012
CN202020073930.0	A_001841
KR20230089398A	A_007257
RU2020128999U	A_007473
CN201910326678.1	A_000692
CN202223261191.6	A_003075
KR20190096658A	A_006666
CN201920148315.9	A_000896
JP2022179155A	A_006331
CN201811291289.1	A_000411
CN202321058821.1	A_004487
CN202121655371.5	A_000187
CN202110008112.1	A_000469
CN202321130477.2	A_000589
CN202322397374.9	A_002932
KR20210174610A	A_007009
CN202311767011.8	A_002787
RU2023111361U	A_007538
US201816007666A	A_000005
US202217652357A	A_008227
CN202310517040.2	A_003791
CN202223490840.X	A_003620
CN202221845641.3	A_000543
CN201810430134.5	A_000264
CN202323336364.0	A_000313
CN202110000097.6	A_002249
CN202120141748.9	A_002519
CN2018114497W	A_000524
US201916251562A	A_007674
CN202022691619.5	A_002108
US201916352507A	A_005632
CN201820379510.8	A_000644
CN202322162072.3	A_004811
CN201811053364.0	A_000437
CN202020170817.4	A_001859
CN202221014891.2	A_000476
US202117394603A	A_008141
CN202321356295.7	A_003244
CN201810692760.1	A_000345
KR20230107827A	A_006571
CN201820334646.7	A_000633
CN201810346266.X	A_000248
IL30976823A	A_005790
US201916420006A	A_007733
CN202310400884.9	A_003754
US202118001880A	A_008191
CN202321104981.5	A_000695
CN201910740119.5	A_000177
CN202211123473.1	A_000162
KR20210156928A	A_006480
CN202211556238.3	A_003132
US202117164827A	A_008097
CN202020070093.6	A_001505
KR20257024802A	A_007370
KR20230179833A	A_007349
CN202310324463.2	A_003734
CN202322156469.1	A_004831
CN201922494539.8	A_001508
CN202210724504.2	A_002948
CN202322821050.3	A_001361
CN201820817795.9	A_000709
IN202311062438	A_005943
CN202311736815.1	A_000387
CN202322658432.9	A_003816
CN202321235488.7	A_004534
CN202321738218.8	A_004685
CN202310986231.3	A_003917
CN201922221876.X	A_001457
JP2021162037A	A_006262
KR20180096007A	A_006530
KR20190077337A	A_006653
CN202021033460.1	A_001977
CN201811274443.4	A_000161
CN202311266994.7	A_003991
JP2023119085A	A_006409
RU2021101810A	A_007485
CN201821591784.X	A_000820
JP2021064683A	A_000037
CN201910433987.9	A_001013
CN202123073639.7	A_002795
CN202110305564.6	A_001190
JP2022022131A	A_006215
CN202321857679.7	A_001937
CN202321697124.0	A_003603
CN201810591460.4	A_000321
CN202320817845.4	A_004413
CN202223242813.0	A_003517
CN201921773235.9	A_001396
CN201920322323.0	A_001229
CN201922270018.4	A_001469
CN202111474375.8	A_000222
US202117229831A	A_000005
KR20230163872A	A_006739
JP2019155214A	A_006160
JP2018564699A	A_006121
US201816159348A	A_007744
RU2020122707A	A_007470
CN202120652132.8	A_000139
JP2021210684A	A_006276
JP2019113179A	A_006089
KR20200070061A	A_006480
EP20902759A	A_005557
US201815918416A	A_007686
CN202310010734.7	A_000371
JP2019541470A	A_006069
CN202310669478.2	A_003833
US202318314601A	A_000037
CN202210552618.3	A_002382
JP2019050370W	A_006139
KR20190135485A	A_006716
CN201921624325.1	A_000554
RU2018125388A	A_007442
RU2023102286A	A_007519
US202217821980A	A_005503
CN202321450792.3	A_004434
CN202210500212.0	A_001015
CN202110491809.9	A_002339
CN201811274678.3	A_000161
CN202011463335.9	A_000345
CN202222936853.9	A_000182
CN202120019337.2	A_002512
CN202021071358.0	A_001978
CN202310787690.9	A_000484
CN202211474203.5	A_003107
JP2022048190W	A_006317
US201916243749A	A_007733
KR20210015612A	A_006908
CN201820907537.X	A_000714
RU2021132886U	A_007497
EP22159063A	A_005472
CN201880038061.3	A_000905
US202318240829A	A_005552
CN202020962017.6	A_000730
CN202211541455.5	A_003128
CN201821243481.9	A_000770
CN201911299706.1	A_001165
US201916668125A	A_006223
US201816179602A	A_007754
CN201811184904.9	A_000337
KR20220047616A	A_007077
CN202322862105.5	A_004874
IN201941047695	A_005821
CN202321058813.7	A_004486
CN202321305124.1	A_000416
CN202010365265.7	A_000182
CN202111194833.2	A_000517
CN201922085315.1	A_001440
CN201811322108.7	A_000496
CN202323365755.5	A_005262
CN202110073798.2	A_002261
KR20230164766A	A_007325
CN202310017376.2	A_001087
KR20220164822A	A_005625
CN202111414410.7	A_002481
CN202111271343.8	A_002452
US202318301429A	A_000057
CN202320577489.3	A_004349
CN2022081105W	A_000128
CN202321372945.7	A_004573
CN202310569771.1	A_001110
US202318376859A	A_008407
JP2022048190W	A_005614
CN202323428412.9	A_005287
RU2018116742U	A_007440
CN201820855157.6	A_000309
KR20210148764A	A_006480
CN202323343808.3	A_004624
CN202211212161.8	A_001009
CN202122816803.2	A_002784
CN202110278434.8	A_000252
US202016953572A	A_008031
CN202311053970.3	A_003939
CN202223401498.1	A_003590
CN202122797442.1	A_000128
CN201811635145.3	A_000346
JP2022029317A	A_006312
AU2020268690A	A_000028
CN202322157145.X	A_004832
JP2020110786A	A_006160
CN202310323722.X	A_003723
IL28626721A	A_005769
IN202211066104	A_000045
CN202323216233.9	A_001508
CN202320156127.7	A_004047
CN201810002103.X	A_000134
CN202323138929.4	A_005173
US201816025244A	A_005467
US202118252494A	A_008205
US202217849972A	A_007829
CN202211401713.X	A_003084
US202117509048A	A_000005
CN202222817090.6	A_003401
CN201921248181.4	A_001336
CN202322875318.1	A_005078
US202016825911A	A_007998
CN201920045692.X	A_001189
CN201822068914.8	A_000880
CN202323279072.8	A_005229
CN202411819521.X	A_005381
JP2023007722A	A_006350
KR20200185625A	A_006732
JP2023003307U	A_006347
CN202020414941.0	A_001196
JP2022025759W	A_006084
CN202220500443.7	A_003219
CN202022016734.2	A_002093
KR20190173239A	A_006695
CN202222481621.9	A_002830
FR2206967A	A_005681
JP2022109508A	A_006323
CN202223394356.7	A_001361
US202017635122A	A_008073
RU2021102221A	A_007486
KR20220140289A	A_007115
CN202021831152.3	A_002068
CN202122017538.1	A_002712
KR20190078203A	A_006655
CN202321857176.X	A_004732
CN202011274784.9	A_001399
CN202323543881.5	A_005322
CN202320111252.6	A_004218
CN202310786195.6	A_003862
KR20190078203A	A_006550
CN202310779104.6	A_000337
EP22970024A	A_005614
KR20200186307A	A_005625
CN202110800368.6	A_001015
CN201920607397.9	A_001270
IL29881922A	A_005776
CN202310528410.2	A_000782
CN202111382415.6	A_002478
US202318167956A	A_008362
CN201911330207.4	A_000936
US202318138643A	A_005500
CN202023135129.3	A_000564
CN202021616460.4	A_002044
US202016794412A	A_007990
CN202010222795.6	A_001573
JP2022206847A	A_006206
CN202080030047.6	A_002240
CN202323454587.7	A_003492
CN202110395025.6	A_002320
KR20200079499A	A_006829
CN202120657690.3	A_002584
JP2021117288A	A_006216
CN202022550493.X	A_001725
CN202310468288.4	A_003772
US202118258515A	A_008207
KR20210194657A	A_006759
CN201910938454.6	A_001098
JP2021000814W	A_006216
US202017074833A	A_008050
US2022041980W	A_008211
US202117172232A	A_000112
CN201910775872.8	A_000292
CN202311251303.6	A_000641
JP2018190532A	A_006104
KR20220048933A	A_007078
CN202211354541.5	A_002274
GB202210425A	A_000048
CN202023079492.8	A_000547
IN201821047908	A_005799
CN201811620908.7	A_000566
CN201820494767.8	A_000660
CN202111217857.5	A_000245
EP20789987A	A_005550
CN201911235961.X	A_000315
CN202210551516.X	A_002926
CN202323040130.1	A_002510
CN202110759305.0	A_001147
CN202321547420.2	A_002516
KR20220130031A	A_006634
CN201810642952.1	A_000342
CN201820473069.X	A_000654
US202016999454A	A_008037
IN202311062438	A_005939
CN202111581037.4	A_001616
JP2018089753A	A_006077
CN202221709152.5	A_003280
CN201810543432.5	A_000301
CN202010433963.6	A_001605
CN202323055065.X	A_000336
CN201921012993.9	A_001310
CN201980048745.6	A_001520
CN202010542127.1	A_000316
KR20210092284A	A_006951
CN201810530624.2	A_000294
CN202010372800.1	A_001597
KR20210033294A	A_006920
KR20220164822A	A_005626
CN202211559727.4	A_000336
CN202111506306.0	A_000990
CN202223158620.7	A_001257
JP2020093439A	A_005507
PT2022050002W	A_007415
CN202110191838.3	A_000416
CN202311370519.4	A_001171
CN202010913245.9	A_000458
CN202322848859.5	A_001155
CN202311521663.3	A_002631
IN202041030536	A_005840
CN201921325376.4	A_001346
GB202307554A	A_005713
DE102019109127A	A_005401
US202217890603A	A_005548
KR20207016312A	A_006888
CN202210465140.0	A_002326
KR20180115356A	A_006539
JP2019536047A	A_000024
CN202320929095.X	A_000231
RU2023128253A	A_007558
CN201921984167.0	A_001425
CN202021281665.1	A_001998
CN202020021979.1	A_001540
JP2023207913A	A_006157
IL27462320A	A_005749
CN202320832444.6	A_004322
CN202321751982.9	A_004689
CN201820091576.7	A_000587
CN202310525464.3	A_000992
CN201911376924.0	A_001179
CN202323348571.8	A_005258
CN202210036035.5	A_002838
DE202023106320U	A_005446
CN202322992006.9	A_005126
CN202311714323.2	A_004003
EP18155552A	A_000003
CN201820126581.7	A_000595
KR20210111025A	A_006825
CN202222802906.8	A_003397
IB2019054910W	A_005728
KR20200015018A	A_006656
AU2023050964W	A_000053
CN202320380590.X	A_004292
US202017036848A	A_008042
CN201811547278.5	A_000549
US202117316027A	A_000005
CN201820429378.7	A_000650
CN201880055774.0	A_000906
SG11202306067S	A_007575
CN202011354278.0	A_000893
CN202210475172.9	A_002907
CN202220843678.6	A_003237
CN202310460129.X	A_000458
US202016743203A	A_000005
CN201811426998.6	A_000515
KR20210098127A	A_006957
US201916379603A	A_007813
CN201920331908.9	A_001231
EP18824698A	A_005484
CN201821899536.1	A_000859
US201916290704A	A_000005
CN202222316818.7	A_002474
IB2023057351W	A_005736
CN202323137172.7	A_004350
JP2022199038A	A_006302
CN202110855672.0	A_002396
CN201920103473.2	A_001200
KR20210155030A	A_006989
CN202010410878.8	A_000692
CN202320316029.5	A_004283
JP2021019701W	A_006227
CN201910479261.9	A_001007
BR112023016498	A_000099
NZ2020050031W	A_007392
US202217825278A	A_000005
CN202011509877.5	A_001805
KR20200114528A	A_006655
KR20180012522A	A_006481
JP2022000544W	A_006296
CN202320690202.8	A_004376
US2023076846W	A_007730
JP2023145286A	A_006416
CN202323313662.8	A_005241
DE202023106320U	A_005442
JP2020169973A	A_006196
CN202120875318.X	A_002606
CN201810828798.7	A_000369
KR20220012803A	A_007053
JP2019161356A	A_006127
US202016929025A	A_008023
JP2023042699A	A_006370
CN202210361897.5	A_000245
CN202320356347.4	A_000291
KR20180049549A	A_006504
CN202320874674.9	A_000864
CN202210678769.3	A_000947
CN202310727966.4	A_002856
CZ202063A	A_005387
CN202322316458.5	A_004884
CN201811561234.8	A_000252
CN201821120943.8	A_000745
US201815883781A	A_007675
IN202121011949	A_005494
CN201910711298.X	A_001064
KR20230060223A	A_007044
CN202322412891.9	A_004920
CN202120943477.9	A_002614
JP2021045500W	A_006130
CN202022260455.0	A_000416
CN202211373134.9	A_000947
US202217586268A	A_008216
IN202311067359	A_005949
CN201811445348.6	A_000519
KR20220182282A	A_006739
CN202210494735.9	A_001060
IN202241006974	A_005887
CN202020025646.6	A_001836
CN202321451181.0	A_004596
CN202310759878.2	A_003852
US201816117924A	A_000003
CN202020188614.8	A_001863
CN202221715398.3	A_003074
CN202311184490.0	A_000377
CN202311488411.5	A_000182
CN202111316433.4	A_002465
CN201810913204.2	A_000395
CN202320475703.4	A_004316
CN202111668854.3	A_002505
CN202111014816.6	A_002420
CN202210335114.6	A_002879
CN202010086839.7	A_000850
CN202322803407.5	A_005044
CN201810524136.0	A_000292
CN202010278785.4	A_001584
CN201820345305.X	A_000636
CN202321507852.0	A_004613
CN202211508509.8	A_000294
CN202311347111.5	A_004016
CN202220917872.4	A_001581
CN202222396623.8	A_003332
CN202222258274.3	A_002793
CN201921386146.9	A_001353
KR20190142422A	A_006723
CN202222439019.9	A_000511
US202117498473A	A_007674
CN202022401642.6	A_002142
US202318210159A	A_008375
CN201821384875.6	A_000788
CN202110800801.6	A_000517
CH3592019A	A_000126
US202016744065A	A_007815
CN202222467758.9	A_003346
CN202022468674.8	A_002147
KR20190023835A	A_006530
CN202310634335.8	A_003824
RU2018139422A	A_007446
CN202020048751.1	A_001837
KR20190099267A	A_006689
CN202321202505.7	A_004522
US202117506289A	A_005626
US202117166016A	A_007795
CN202310564184.3	A_003806
CN201811620908.7	A_000565
CN202010568048.8	A_001601
EP20178831A	A_000009
KR20220018916A	A_007012
CN201911299712.7	A_001166
LV2023050017W	A_007380
CN202310351934.9	A_000923
CN202320555413.0	A_004342
KR20230164654A	A_007323
KR20210070163A	A_006826
US201816179830A	A_000037
US201916694705A	A_007902
CN202311824072.3	A_000614
DE102023117591A	A_005389
CN202110960877.5	A_002411
US202017593785A	A_008065
CN202310958200.7	A_003910
CN201810926123.6	A_000398
CN201921081778.4	A_001320
CN202210673592.8	A_000182
CN202211587752.3	A_000384
CN202110371734.0	A_002314
CN201920058549.4	A_001193
CN202322238973.6	A_004856
CN202110581103.1	A_002351
EP18192369A	A_005468
CN202321289500.2	A_004555
CN201920715155.1	A_001007
CN202110319591.9	A_000304
CN202320426197.X	A_004299
KR20180103294A	A_006532
KR20200170358A	A_006878
CN202211201953.5	A_003036
KR20190043442A	A_006628
IN201941046271	A_005819
CN202323620425.6	A_005354
CN202221266769.4	A_001807
CN202221625926.6	A_003275
RU2021139435U	A_007501
US202217989908A	A_000005
US202016907067A	A_000005
US201816190711A	A_007760
CN202210568207.3	A_002930
US202318174500A	A_008150
KR20190179491A	A_006746
CN202221934474.X	A_002956
KR20230167964A	A_006268
KR20180066602A	A_006514
JP2021561273A	A_006170
CN201811274716.5	A_000161
CN201910850567.0	A_001088
CN201910502162.8	A_001029
CN201811623763.6	A_000287
KR20180159036A	A_005588
CN202310966324.X	A_003913
CN202310645745.2	A_003827
KR20190168210A	A_006739
CN202322435111.2	A_004926
CN201821996414.4	A_000140
CN201820011322.X	A_000572
CN202321881690.7	A_003183
CN202122317372.5	A_002737
CN202122651259.0	A_002773
CN202323584517.3	A_005339
CN201910655990.5	A_001054
CN202122298876.7	A_002735
US202218059100A	A_000017
CN2023142971W	A_004190
US202217869841A	A_000005
KR20220176378A	A_007073
CN201821320735.2	A_000780
IN202241060941	A_005906
KR20220149715A	A_006615
JP2020082772A	A_006055
CN201811383703.1	A_000333
US201917252502A	A_007775
CN202010596674.8	A_001637
CN202323331077.0	A_005252
CN202311397376.6	A_004026
CN202022643430.9	A_002167
US202217703112A	A_008238
CN202120549377.8	A_002569
JP2021162037A	A_006263
CN202310440719.6	A_001429
US202117403613A	A_008145
US201916277504A	A_000005
CN202320272932.6	A_002403
CN202211379817.5	A_003080
CN202322960384.9	A_005108
CN202323261853.4	A_005220
CN202311392363.X	A_003867
KR20190167403A	A_006737
CN202310019988.5	A_003663
IN202311075200	A_000045
CN202411251007.0	A_000543
IL26692219A	A_000024
US202118558800A	A_005538
CN202111575242.X	A_002501
CN202011235954.2	A_000810
IN202211064713	A_005880
US202117207662A	A_008112
KR20220000759A	A_006834
CN202020396568.0	A_000416
CN202323244846.3	A_003417
CN202311465564.8	A_004057
FI2023050480W	A_005677
US202117337697A	A_005597
US202318535750A	A_008435
CN201811581172.7	A_000558
US202318173125A	A_005552
CN202121125404.5	A_002639
KR20210055400A	A_006931
CN201910464298.4	A_001017
US202218292114A	A_005563
CN202320736478.5	A_004389
US202318383981A	A_008323
CN202122150027.7	A_002719
CN202011296391.8	A_000384
CN201810629950.9	A_000335
CN202311727033.1	A_003841
US202318728330A	A_008438
CN202321764137.5	A_004692
CN201921463227.4	A_000902
CN202120525017.4	A_002565
US201916516088A	A_000005
CN202111010614.4	A_000182
CN202323041927.3	A_005147
JP2023052801A	A_000067
CN202110532708.1	A_002344
US202016916732A	A_000005
TR2023/005127	A_007631
CN202310371628.1	A_003747
KR20220036534A	A_007074
KR20210185112A	A_007025
US202017129656A	A_005486
CN202110453562.1	A_002332
CN202010464113.2	A_001612
CN202323143471.1	A_005102
CN201811399833.4	A_000512
CN201810286167.7	A_000231
CN202322960914.X	A_004895
US201916431375A	A_000005
CN202080106587.8	A_002246
JP2024577435A	A_006463
CN202010757460.4	A_001674
CN202321037143.0	A_004478
US202217717845A	A_008243
JP2021012814A	A_000037
CN202222591790.8	A_002783
CN201910099494.6	A_000931
CN202110552825.4	A_002347
EP18804627A	A_000008
US202217945749A	A_008278
US201816046543A	A_007723
CN202122878149.8	A_001044
BR102019026255A	A_000076
CN202220146668.7	A_002687
CN201811260376.0	A_000483
CN202321366151.X	A_002784
CN202210026815.1	A_000384
JP2021040375W	A_006234
CN201820197737.0	A_000607
CN202122522379.0	A_001044
CN202021964629.5	A_002089
RU2023104919A	A_007534
CN202310748763.3	A_000692
JP2023046416A	A_006376
US202318344753A	A_008395
US202318243957A	A_008385
CN202110080361.1	A_000469
CN202310434472.7	A_000947
KR20190165849A	A_006736
CN201910221815.5	A_000960
CN202320788766.5	A_004400
CN201922364196.3	A_001478
CN201910360008.1	A_000543
CN202321210820.4	A_004531
CN201820319122.0	A_000629
CN202223577408.4	A_001894
US202217740765A	A_005563
CN202111316433.4	A_002462
CN202320116816.5	A_004222
JP2019050370W	A_006138
CN202020352661.1	A_001894
CN201921967206.6	A_001423
KR20200158943A	A_006868
CN202121832438.8	A_002696
CN202320468724.3	A_004315
JP2021538771A	A_006288
CN202122428504.1	A_002750
CN201922099734.0	A_000635
CN202311756491.8	A_004151
CA3003015A	A_000037
IN202341037132	A_005997
CN202321535993.3	A_004620
CN202311468257.5	A_000294
KR20220127719A	A_007106
IN202331064117	A_005987
CN201821575817.1	A_000732
CN202010721336.2	A_001665
CN202310106154.8	A_003682
CN201810096653.2	A_000160
CN202021617292.0	A_002044
CN202210854909.8	A_002972
CN202211184030.3	A_003027
CN202221909706.6	A_003292
CN201811636661.8	A_000569
US202016921815A	A_008019
CN202222913852.2	A_001311
KR20230164609A	A_006759
JP2023087706A	A_006397
CN202310242765.5	A_000177
US202016741726A	A_007982
CN202110731968.1	A_002374
CN201821609380.9	A_000243
CN202122259851.6	A_000596
CN202311507097.0	A_000345
EP23205755A	A_005559
CN202320654701.1	A_004368
KR20220164143A	A_007136
JP2022015243A	A_006301
CN201811333653.6	A_000497
EP22820657A	A_000100
US202217857918A	A_000037
CN202410952505.1	A_000177
CN202210499484.3	A_002914
FR2207666A	A_005680
DE602018002517.0	A_005456
CN202123157241.1	A_000538
US202218685552A	A_008322
CN202310766444.5	A_003854
CN201910691220.6	A_001058
CN201810649953.9	A_000273
CN202311033651.6	A_003042
US202318495679A	A_008337
CN201911045822.0	A_001119
CN202223090460.7	A_002928
CN202022551765.8	A_001725
CN202022675614.3	A_000564
KR20230103282A	A_006635
CN202011509146.0	A_001136
CN202323019515.X	A_005138
EP23163778A	A_005618
CN201811014429.0	A_000423
CN202323510906.1	A_005316
CN202210076542.1	A_002846
KR20220169071A	A_005625
EP22772706A	A_005603
CN202020526968.9	A_000469
RU2021124166U	A_007494
CN202322220113.X	A_000783
US202318375977A	A_008406
CN201922148609.4	A_001147
CN201822177406.3	A_000233
KR20230159839A	A_007316
US202217588203A	A_008217
CN202323241744.6	A_005213
US202318170145A	A_008011
CN202320520393.3	A_004331
CN202020098114.5	A_001508
CN202223062821.7	A_002500
CN202322814446.5	A_005048
IN202341037132	A_005998
KR20190122446A	A_006627
RU2018115927U	A_007438
CN202121896487.8	A_001325
US202217819628A	A_000007
CN202210870493.9	A_000692
KR20220157429A	A_007127
CN202022778627.3	A_000602
CN202311083358.0	A_000596
CN202322532174.X	A_003840
CN202223176180.8	A_003491
CN202021809954.4	A_002066
CN202321395226.7	A_003870
CN202311023604.3	A_002553
US202318314961A	A_008391
CN201821523417.6	A_000809
JP2018218820A	A_000037
DE102018123470A	A_005390
CN201810202916.3	A_000196
US202318132659A	A_005548
CN202010853388.5	A_001693
CN202122805884.6	A_000139
US202016836251A	A_008001
US201916409307A	A_000086
CN202320459840.9	A_000259
KR20200147756A	A_006862
CN202111074431.9	A_002431
FR2300301A	A_005428
CN202023098374.1	A_002215
US201916694705A	A_007945
CN202222865896.2	A_000603
CN201820607435.6	A_000680
US202318470824A	A_000129
CN202223360046.3	A_000384
CN202311496103.7	A_001745
CN201811523045.1	A_000545
EP18779954A	A_005477
CN201821215353.3	A_000763
US202318195785A	A_005626
CN202321583683.9	A_002197
CN202323500419.7	A_005135
JP2019082773A	A_006089
CN202310784965.3	A_001137
CN202211579775.X	A_003139
CN201910546148.8	A_001035
EP19204623A	A_005493
CN202311364770.X	A_001865
CN202021227298.7	A_001633
CN202320363811.2	A_003748
US202118250358A	A_008204
CN202011166478.3	A_000749
CN202020176193.7	A_000273
CN202211528726.3	A_003125
CN202321952012.5	A_001799
CN202122401746.1	A_002749
CN201810975071.1	A_000413
CN201822167932.1	A_000889
JP2022143525A	A_006114
KR20180008562A	A_006476
CN202121785051.1	A_002689
AU2018050332W	A_000015
US202217680252A	A_000037
CN202311291601.8	A_003999
CN202322469550.5	A_004943
CN201910238453.0	A_000963
CN202320114416.0	A_004220
CN202322842670.5	A_005063
KR20220013875A	A_007056
KR2019015983W	A_006730
CN202323401152.6	A_005275
CN201920061305.1	A_001196
CN202110275092.4	A_002301
CN202222844993.3	A_003061
CN202010370049.1	A_001429
CN202010206162.6	A_001569
CN202211281219.4	A_000725
CN202311805975.7	A_001546
CN202222277749.3	A_003320
CN202223597373.0	A_003631
CN201821431296.2	A_000796
US202117458936A	A_008153
CN201820476169.8	A_000655
CN202321554051.X	A_004627
JP2022050942A	A_006114
CN202310007702.1	A_002507
CN202223243764.2	A_001409
CN202322104089.3	A_004677
CN202211610830.7	A_001144
RU2019108205U	A_007452
IN202211022222	A_005872
IN201917054556	A_000020
CN202320126732.X	A_004227
IN202217065699	A_000029
KR20210187632A	A_006761
CN201810986028.5	A_000416
US201916599103A	A_007752
CN202321076680.6	A_004496
CN202223559234.9	A_003641
CN201820385749.6	A_000639
US202017129517A	A_007814
KR20220144417A	A_006755
KR20190148451A	A_006531
CN201822218491.3	A_000287
CN202310624245.0	A_003822
CN202311521663.3	A_004080
DE102018114110A	A_005389
KR20200142204A	A_006760
CN202311817318.4	A_001616
US201916386476A	A_007735
US202218041813A	A_005751
CN202321534697.1	A_004619
CN201820548915.X	A_000668
US202017094960A	A_005585
KR20230162852A	A_007118
CN202320142742.2	A_004232
CN202221036526.1	A_003242
CN201822128351.7	A_000884
EP21210288A	A_005568
US201817259727A	A_007791
CN202011597862.9	A_001822
CN202322290699.7	A_004822
US201916544117A	A_000005
CN202320271711.7	A_004274
JP2022069658A	A_006271
CN202210473632.4	A_002907
CN202211361590.1	A_003073
CN202222653251.2	A_003382
US202217733487A	A_005548
CN202111470497.X	A_002485
CN202310313978.2	A_001473
CN201820269763.X	A_000618
CN202122598707.5	A_001568
CN202321062908.6	A_004490
CN202110266389.4	A_002293
KR20230123932A	A_006535
CN202020261052.5	A_001880
US201916694705A	A_007919
CN202110330290.6	A_002307
CN202311751581.8	A_004146
CN202020076462.2	A_001842
CN202311208131.4	A_003975
CN201810594269.5	A_000323
BG438419U	A_000063
CN202322916810.9	A_005095
UAU201900490U	A_007658
IN202311064450	A_005946
CN201921204695.X	A_000191
CN202122075701.X	A_002716
CN202311210591.0	A_003977
CN202323494731.X	A_005314
CN202323328296.3	A_005249
CN202320609778.7	A_004353
IN202321088921	A_005978
CN202120635881.X	A_001574
CN202323331557.7	A_003348
CN202310822892.2	A_003731
CN202320568628.6	A_001296
CN202322039904.2	A_004795
CN201820275871.8	A_000619
CN202123342791.0	A_002817
KR20230028220A	A_007130
CN202311860553.X	A_000496
JP2021065814A	A_005612
CN202010402636.4	A_001601
CN202310523402.9	A_003792
CN202323043632.X	A_005148
CN201810488563.8	A_000282
CN202223521517.4	A_003631
CN201921766515.7	A_001395
CN202210886507.6	A_000245
US202318242930A	A_000050
CN202020375470.7	A_000310
GB202218288A	A_005711
JP2023119341A	A_006411
RU2023104919A	A_007531
CN202323634354.5	A_004350
CN202211211673.2	A_002341
CN201910340010.2	A_000990
US201916694705A	A_007922
US202318324702A	A_005632
CN201822176820.2	A_000890
CN202020297716.3	A_001464
CN202323584800.6	A_003471
CN202323388514.2	A_005273
US202117563448A	A_005548
KR20220027342A	A_007067
CN201810597523.7	A_000325
JP2023082614A	A_006389
CN201811260861.8	A_000482
US202318093547A	A_008347
US201916584240A	A_007674
CN202321658138.1	A_004658
CN202111028093.5	A_002424
CN202110082770.5	A_002264
IN202341084045	A_006051
CN202321553490.9	A_001668
CN202320605456.5	A_000514
CN201910775548.6	A_001077
CN202321764696.6	A_004693
EP22922120A	A_005556
JP2018102067A	A_006070
EP20172614A	A_000037
CN202223219177.X	A_000231
CN201922474097.0	A_001184
US202217648744A	A_008222
CN202111023725.9	A_002422
CN202220299978.2	A_003206
CN201910603066.2	A_000523
CN202320637345.2	A_004364
KR20200022170A	A_006779
CN202023250211.0	A_001821
CN202020685204.4	A_001429
US202318526072A	A_008432
TW109209490U	A_007643
EP23203848A	A_005624
KR20190082017A	A_006658
IL27551320A	A_005753
CN202221150540.4	A_002886
CN201920869677.7	A_001292
US202016925425A	A_008022
CN201910131550.X	A_000942
CN202311087179.4	A_001763
CN202323391002.1	A_001180
CN202320106659.X	A_000223
DE102019202976A	A_005404
CN201810163142.8	A_000185
RU2023114669A	A_007542
CN202310429153.7	A_000198
IB2023061980W	A_005738
CN202210426259.7	A_002898
EP20208735A	A_000120
CN202011008036.6	A_001717
CN202022408593.9	A_002143
CN202321985846.6	A_004769
CN201922149963.9	A_001448
CN202210040113.9	A_000294
CN202210715101.1	A_002398
CN202321919167.9	A_004754
CN201810629950.9	A_000336
CN202221611882.1	A_003274
IN202241006974	A_005888
CN202311836180.2	A_004179
CN202311695632.X	A_004131
EP21823191A	A_005579
JP2022022319W	A_005628
CN201910512088.8	A_000196
CN202211439847.0	A_000345
US201916694705A	A_007894
CN201921514479.5	A_000469
US201916694705A	A_007920
JP2023066284A	A_006216
US202217588203A	A_008218
CN202223430869.9	A_001659
CN202222972588.X	A_003436
CN201810213498.8	A_000200
CN202010015726.8	A_001541
CN202010326359.3	A_001592
CN202020427067.4	A_000369
US202017423305A	A_008061
US201816046436A	A_007721
EP23152827A	A_005563
JP2019551196A	A_006084
KR20200135302A	A_006853
CN201920212496.7	A_001211
CN202311607512.X	A_004107
CN202110429913.5	A_002327
CN201821490624.6	A_000440
US202217970218A	A_005563
CN202223363406.5	A_003568
CN202010508870.5	A_001621
CN202222369242.0	A_003328
CN202321770844.5	A_004695
KR20220119930A	A_007099
US201816643848A	A_000006
CN202310313268.X	A_000253
CN201911323253.1	A_001171
CN202321143273.2	A_000458
CN202110293203.4	A_000338
CN202322799331.3	A_005008
CN202020106886.9	A_001451
US202218058637A	A_008297
KR20230005726A	A_006485
KR20190122446A	A_006625
CN202323318815.8	A_005245
CN201911044299.X	A_000202
EP20212918A	A_005532
CN202322265395.5	A_000731
CN202010221844.4	A_001572
CN201810558150.2	A_000304
CN202320644227.4	A_000641
US202318483345A	A_008418
KR20180156156A	A_006570
CN202310606076.8	A_003814
CN202311185643.3	A_003970
KR20220014954A	A_007058
CN201821748759.8	A_000842
US201815864883A	A_000037
CN202321965608.9	A_001324
CN202322371485.2	A_004905
CN202223373346.5	A_000697
CN202022149066.0	A_002107
IN202311043562	A_005922
KR20190041932A	A_006620
CN202010077773.5	A_000636
CN202323031490.5	A_002006
CN201810092516.1	A_000157
CN202010101085.8	A_001552
KR20230197854A	A_007211
CN202222191861.5	A_000276
CN202123187817.9	A_002800
CN202322732251.6	A_001179
KR20180009721A	A_000037
CN202310055677.4	A_000953
CN202011335789.8	A_001779
CN202110701022.0	A_002370
CN202121233946.4	A_002643
KR20230142860A	A_007299
US201916694705A	A_007931
CN202110030348.5	A_000182
EP19216308A	A_000120
KR20200013783A	A_006766
CN202111063534.5	A_002429
CN202020053256.X	A_001621
US202217695273A	A_008237
CN201820524470.1	A_000639
KR20200098904A	A_006836
KR20210043825A	A_006835
CN202021364630.4	A_000543
CN202321751342.8	A_004687
JP2020559139A	A_006138
KR20210165036A	A_006997
US202117763553A	A_006730
US202017132737A	A_005469
CN202323643798.5	A_005115
CN202121950548.4	A_002708
CN202323021781.6	A_005139
KR20230158301A	A_007313
CN201810137569.0	A_000178
US202217705310A	A_008239
EP21187594A	A_005563
CN201820334102.0	A_000632
CN202323198854.9	A_000297
CN202311710368.2	A_004134
CN202211424331.9	A_003090
KR20200103891A	A_006838
CN202010596434.8	A_001636
US201916694705A	A_007870
CN202211703150.X	A_003175
CN201910959347.1	A_001105
CN201810495426.7	A_000287
CN202310744101.9	A_003321
CN202223456407.4	A_002459
CN201910479401.2	A_001007
CN202121273265.0	A_002647
CN202011173094.4	A_001742
RU2023131847A	A_007563
CN202321281732.3	A_003577
CN201820401186.5	A_000649
CN2020125136W	A_001828
CN201920114200.8	A_001203
CN202311349154.7	A_000384
CN201821622079.1	A_000828
CN202123280665.7	A_002614
US201816107060A	A_007732
CN202310437527.X	A_000596
CN202222771745.0	A_003391
IL27681820A	A_005755
US201816035409A	A_000005
CN202280039499.X	A_002239
CN202320053289.8	A_001735
CN202110595543.2	A_002353
JP2021038413W	A_006234
JP2019199526A	A_006176
AU2020277243A	A_000041
CN202321937321.5	A_004764
US202117153538A	A_008092
CN202322810832.7	A_001066
CN202323550949.2	A_005323
CN202322259893.9	A_004868
KR20230075094A	A_007241
CN202211123254.3	A_000169
US202117490942A	A_008157
CN202223201953.3	A_001581
CN201920955441.5	A_001302
EP19165608A	A_000037
CN201910147362.6	A_000514
KR20190082017A	A_006659
EP23192061A	A_005430
CN202322692136.0	A_004236
RU2018103049U	A_007432
CN201920603319.1	A_000326
IN202341049876	A_006019
CN202323023276.5	A_005141
CN201821161873.0	A_000753
CN202311216627.6	A_003979
CN201822229902.9	A_000900
CN202311754844.0	A_003107
KR20190112508A	A_006699
KR20190041932A	A_006622
CN202020343298.7	A_001893
CN202323493898.4	A_000559
SG11202250073G	A_005500
KR20210071708A	A_006940
CN202120801821.0	A_002598
RU2023125562A	A_007557
US202217660257A	A_000492
EP22705057A	A_005595
CN202311047928.0	A_003934
CN202121203033.8	A_002642
CN202323660358.0	A_005374
US202016924812A	A_008021
CN202210324762.1	A_000685
KR20230040181A	A_006867
EP18803515A	A_005481
CN201822259167.6	A_000903
KR20230154461A	A_006751
CN202323219180.6	A_005201
CN202323572174.9	A_005333
CN201921864351.1	A_001410
CN202210746476.4	A_002951
US202117140428A	A_008086
CN202110491809.9	A_002340
CN202020228353.8	A_001474
CN202321341502.1	A_004564
CN201910316535.2	A_000856
CN201811548765.3	A_000550
CN202311152752.5	A_003862
US202318206541A	A_008372
DE112022008019A5	A_005429
KR20220175294A	A_007104
US2023084234W	A_008346
IN202017012069	A_000096
US202217713196A	A_008071
CN202122428740.3	A_002751
CN202010794213.1	A_001679
KR20200134298A	A_006563
CN201920715166.X	A_001007
CN202211657159.1	A_002830
CN202320269685.4	A_000857
CN202211642063.8	A_001546
CN201920828853.2	A_001007
US201916694705A	A_007936
KR20190123424A	A_006705
CN202310795077.1	A_000196
CN202010694858.8	A_001650
CN202120877329.1	A_000697
CN202322087106.7	A_004811
CN202323317919.7	A_000319
KR20180105647A	A_006488
CN202321843108.8	A_003882
KR20210058075A	A_006935
CN201922378607.4	A_001315
KR20190153336A	A_006695
KR20200052148A	A_006526
CN202020891516.0	A_001957
US201815972087A	A_007702
RU2023131692U	A_007462
CN202110478147.1	A_000314
JP2018189992A	A_006100
CN202223401498.1	A_003591
CN202320936437.0	A_004454
CN201922228335.X	A_001162
CN202210284879.1	A_002872
KR20207001777A	A_006886
RU2023103837A	A_007528
CN202211506343.6	A_003121
JP2023115626A	A_006170
CN201980079683.5	A_001517
CN202020016008.8	A_001833
US202117494878A	A_005390
CN202121017818.6	A_002624
CN202220651201.8	A_000963
JP2019570162A	A_006138
CN202310837409.8	A_002865
CN201820848871.2	A_000245
CN202322531585.7	A_004972
CN202310007702.1	A_000464
FR2209933A	A_005428
US201916555626A	A_007846
US202017001391A	A_007813
CN202111211597.0	A_002360
CN202210958641.2	A_002988
CN202310414102.7	A_003761
EP22833817A	A_005608
US202016988373A	A_008034
CN202321792497.6	A_004711
CN202311707379.5	A_004122
CN202121868043.3	A_002699
IN202317031102	A_005780
CN201811043688.6	A_000432
KR20200149622A	A_006866
CN202021079581.X	A_001979
CN201920062038.X	A_000543
CN202320939755.2	A_002699
CN202210654536.X	A_002282
CN202022778659.3	A_000602
CN202321026250.3	A_004475
EA202000255	A_005464
CN202210078122.7	A_002847
CN202210426262.9	A_002899
CN202310965988.4	A_003912
CN201920189314.9	A_001208
JP2018207217A	A_000037
CN202322112687.5	A_000636
CN202321021071.0	A_002167
CN201910075620.4	A_000925
CN202121390877.8	A_002662
CN202010242262.4	A_001579
CN201810190385.0	A_000194
CN202122171896.8	A_002724
CN202320773755.X	A_004397
CN201910202783.4	A_000956
JP2020147763A	A_006210
CN202311496103.7	A_000384
US202217887697A	A_005576
CN202310516966.X	A_003790
CN202221391226.5	A_003259
CN202321904160.X	A_004669
EP18184087A	A_005468
JP2023052801A	A_006059
CN202320199513.4	A_004248
CN201811471242.3	A_000182
CN202322107956.9	A_004815
CN202311222671.8	A_001150
CN202320625336.1	A_004361
CN202120860220.7	A_002603
CN202321384264.2	A_004575
CN202322119253.8	A_004750
US202318167956A	A_008363
CN202020320846.4	A_000510
KR20230047393A	A_006526
KR20220122503A	A_006826
KR20180044387A	A_006500
JP2021065814A	A_006160
CN202223281562.7	A_003082
CN202320406571.X	A_004296
CN201810063246.1	A_000150
CN202322773200.8	A_000709
CN202010596653.6	A_001637
FR1904460A	A_005599
CN202123166296.9	A_002798
KR20190130949A	A_006709
CN201910437716.0	A_000377
JP2020031339W	A_005506
EP23201242A	A_005563
CN201920776944.6	A_001286
CN201811412694.4	A_000502
CN202010575789.9	A_001635
CN202021222180.5	A_001637
US202016998524A	A_007790
CN201810890738.8	A_000390
CN201910329675.3	A_000384
CN202322496313.8	A_004961
CN202320923147.2	A_000992
KR20230168189A	A_007333
CN202021957515.8	A_002088
CN202222601860.3	A_003370
CN202311499908.7	A_004071
US202217732589A	A_005563
CN202311552560.3	A_000641
US201816167291A	A_007750
CN202320846756.2	A_001433
CN202223233580.8	A_003514
JP2019043371A	A_006127
CN202021305671.6	A_002000
CN201821753701.2	A_000503
CN202211322406.2	A_001345
IN202141000445	A_005865
CN202210026815.1	A_000241
CN202310768158.2	A_000679
EP22151188A	A_005469
JP2022164373A	A_006100
CN202110959120.4	A_002410
CN202320194374.6	A_004246
US202017633182A	A_008072
US202117451895A	A_008084
CN202310856082.9	A_000162
JP2023003307U	A_006346
CN202020742016.0	A_001936
KR20190097838A	A_006672
CN202021591694.8	A_001000
CN201811108331.1	A_000457
CN201810712893.0	A_000266
RU2023133834A	A_007567
CN202021474203.1	A_002024
CN202020753746.0	A_001215
CN202223510484.3	A_003629
KR20210132989A	A_006973
CN202220119186.2	A_003197
CN202110066170.X	A_002260
US202218089175A	A_008306
CN202311232240.X	A_003985
CN202210690391.9	A_000182
CN202110334397.8	A_002308
CN202311508181.4	A_000416
CN202021025337.5	A_000764
CN202110864010.X	A_002397
CN202311267697.4	A_003992
CN201821031244.6	A_000735
CN202210278284.5	A_000315
CN202211121495.4	A_002983
CN202021405403.1	A_002015
CN202322117643.1	A_002970
CN202010606175.2	A_001639
US202217891658A	A_008177
CN202122983178.0	A_001473
CN201921613578.9	A_001371
CN202210460817.1	A_002902
CN202011019167.4	A_001304
CN202311268046.7	A_003993
CN202322966340.7	A_005112
CN201910406300.2	A_000326
CN202311679427.4	A_004125
CN202323220523.0	A_001077
CN202310079873.5	A_000466
CN202323600321.9	A_001296
EP22823310A	A_005607
CN201821300491.1	A_000776
CN202220058072.1	A_003193
CN202010341973.7	A_000998
CN201811361733.2	A_000345
CN202022750178.1	A_002181
JP2019081670A	A_005563
CN202320864294.7	A_003598
CN202021411093.4	A_002016
CN201920054331.1	A_001192
CN202120035622.3	A_002075
US202018017579A	A_008082
CN202111170656.4	A_000318
CN202223303414.0	A_003267
CN202110754731.5	A_001826
CN202310455103.6	A_001574
RU2020140527A	A_007470
KR20190029798A	A_006602
EP18195578A	A_000003
US201916514702A	A_000037
CN202322955489.5	A_000991
US201916694705A	A_007899
CN201820154837.5	A_000602
CN202211160336.5	A_002717
US201916367564A	A_007810
KR20180046760A	A_006502
DE102019109127A	A_005400
CN202211047372.0	A_002341
KR20180138237A	A_006551
US202017433876A	A_008063
US202318221375A	A_008381
CN202321673201.9	A_004341
CN202323028478.9	A_005142
CN201810594269.5	A_000322
IN202341074405A	A_006043
ES18774102T	A_005642
CN202322230139.2	A_004855
CN202311604352.3	A_004106
CN201920776944.6	A_000222
JP2018190531A	A_006103
CN201920547269.X	A_000315
CN202322019895.0	A_000810
CN202110568901.0	A_000394
KR20230135863A	A_006603
CN202120973724.X	A_002618
KR20220176620A	A_007148
CN202011232984.8	A_001725
CN202110173196.4	A_002277
CN202323317919.7	A_004306
CN202110020720.4	A_002252
JP2020537541A	A_006220
US202318323389A	A_000037
CN202222618951.8	A_003373
US202017135095A	A_008056
CN202211427314.0	A_003091
CN202211218602.5	A_003039
CN201811366685.6	A_000507
CN202322039366.7	A_001707
CN202210969411.6	A_002929
CN201811274369.6	A_000161
CN202210853764.X	A_002971
EP23854655A	A_005635
GB202105791A	A_005693
CN202210936021.9	A_000749
CN202321507129.2	A_004612
JP2023000183W	A_006340
CN202011609694.0	A_001823
CN201920047120.5	A_000896
CN202223029749.8	A_003445
CN201821913482.X	A_000422
US202117449916A	A_000005
CN201820930278.2	A_000725
CN202321247618.9	A_004538
CN202210460817.1	A_002903
CN202020493683.X	A_001906
CN202023054167.6	A_002212
US202117348453A	A_008133
CN202310211100.8	A_003122
CN202210655012.2	A_002940
KR20200007043A	A_006758
CN202323215833.3	A_005200
CN201821103525.8	A_000359
KR20190073334A	A_006651
KR20180060240A	A_006508
CN202321023040.9	A_003680
FR1854272A	A_005679
HRP20221010A	A_005724
RU2018109799A	A_007436
CN202022148581.7	A_001229
CN201911246930.4	A_001154
CN202321432149.8	A_004591
CN202223553415.0	A_003631
CN202022877324.7	A_002192
CN202310696662.6	A_003844
CN202311847819.7	A_000614
CN202222591790.8	A_001363
US2023066261W	A_008339
CN202323163523.1	A_004095
JP2018040513A	A_006065
CN201821352764.7	A_000787
US202217839366A	A_008263
CN202220620380.9	A_003225
CN201811130617.X	A_000462
CN201920766725.X	A_001029
RU2021109023A	A_007490
CN201922312731.0	A_000413
CN202323615124.4	A_004417
CN202022119579.7	A_002104
CN202322954675.7	A_005106
JP2019032289A	A_006091
CN202223570581.1	A_003644
IN202041042208	A_005845
CN201811001474.2	A_000192
CN202211354140.X	A_003066
US202318851532A	A_005681
KR20180166656A	A_006580
IN202211022222	A_005871
CN202011363970.X	A_001783
US202318577525A	A_007577
CN202310265378.3	A_003029
CN202311363037.6	A_004021
KR20220140192A	A_007109
CN202323446962.3	A_003416
KR20200052148A	A_006527
US202017432242A	A_006138
KR20210173734A	A_007007
CN201810488563.8	A_000284
KR20210008435A	A_006898
EP19208294A	A_005415
CN202321843815.7	A_003346
US202016845319A	A_005681
CN202321297267.2	A_003225
CN202310839570.9	A_003875
CN202011212354.4	A_001323
CN202211470052.6	A_003105
CN202322209774.2	A_004847
CN202320814663.1	A_004412
CN202222882911.4	A_003408
CN201811270072.2	A_000208
JP2019156630A	A_006162
CN202321963215.4	A_004770
CN201811274421.8	A_000161
CN202211592058.0	A_000735
CN202322979554.8	A_005116
CN202221363661.7	A_000231
CN201810187091.2	A_000193
JP2022081982A	A_006320
CN202222284469.5	A_000413
CN202320609770.0	A_004353
CN202321692080.2	A_004670
US201916653386A	A_007855
CN202111172973.X	A_002443
EP19188475A	A_000005
CN202121354481.8	A_002657
CN202322413989.6	A_001075
EP20174490A	A_000009
US202117167923A	A_008101
CN202223339515.3	A_001476
CN201811153430.1	A_000466
CN202323457946.4	A_005296
CN202220563619.3	A_001433
CN202021434596.3	A_000704
CN202011369672.1	A_000196
CN201911384491.3	A_001180
CN202022477147.3	A_002146
CN201810247488.6	A_000208
US202117156943A	A_008094
CN202223405995.9	A_002448
EP22160429A	A_000037
RU2023122444U	A_007553
JP2023115605A	A_006405
CN201810249086.X	A_000211
CN201811024599.7	A_000369
KR20230009311A	A_007176
CN202311728292.6	A_004138
US202016949919A	A_008027
CN202022462167.3	A_001988
CN202111302818.5	A_002460
US202117515299A	A_008165
JP2023052541A	A_006114
US202017638033A	A_000048
US2018047159W	A_007664
CN202311803949.0	A_004167
CN202311227487.2	A_003982
JP2018138917A	A_005506
CN202211551098.0	A_001637
CN202022729412.2	A_002180
JP2019131390A	A_006152
EP19191889A	A_005415
CN202022447521.5	A_002144
CN202010956903.2	A_001712
RU2021123569U	A_007493
CN202311624975.7	A_004112
CN202310005377.5	A_003661
CN201810691731.3	A_000348
CN202021950895.2	A_002087
CN202010197870.8	A_000375
KR20210051446A	A_006759
CN202210543079.7	A_002921
CN202311318654.4	A_003907
US201816052021A	A_007727
CN202110417279.3	A_002326
CN201920154380.2	A_001207
JP2022129209A	A_006325
US202318313497A	A_008390
KR20180115356A	A_006540
CN202223260918.9	A_003522
CN202320737622.7	A_000139
CN202110713144.1	A_001137
CN202221506906.7	A_003268
CN202223604341.9	A_003654
CN202120303219.4	A_002529
CN201811471512.0	A_000198
CN202021344702.9	A_002004
US202218067734A	A_005618
CN201922462933.3	A_000384
CN202322731355.5	A_005021
ES202030528A	A_005652
KR20230148754A	A_007105
CN202022217162.4	A_002056
CN202020259520.5	A_001879
CN2020070268W	A_001534
EP20820980A	A_005553
CN202320998619.0	A_003427
CN202323283588.X	A_005233
CN202310030457.6	A_001190
CN202120967483.8	A_002610
JP2020163636A	A_006211
CN201911188516.2	A_001143
CN202011098788.6	A_001735
MX2018010784A	A_007382
CN202120683321.1	A_000998
US201815862143A	A_007667
KR20230100748A	A_007260
RU2018141745A	A_007448
DE202022104950U	A_005437
CN201921744327.4	A_001315
CN202020219580.4	A_000377
CN202310310728.3	A_000309
CN201822177394.4	A_000233
CN202310866892.2	A_001937
CN202011557594.8	A_000144
US202017421393A	A_008060
IL25970118A	A_005746
KR20230137485A	A_007292
CN202210255277.3	A_001137
CN202310469683.4	A_002343
CN201921454816.6	A_001357
CN202011302896.0	A_001775
CN202311775860.8	A_004158
KR20200098904A	A_006837
US202117920264A	A_005632
CN202011500798.8	A_001803
CN201920049473.9	A_001190
KR20230134774A	A_007285
JP2022022131A	A_005487
JP2021575625A	A_006294
US201816220323A	A_007770
AU2019275489A	A_000027
CN202211114807.9	A_001756
KR20210121113A	A_006967
US202217581274A	A_008214
CN202323088627.0	A_005157
CN202022747356.5	A_000417
CN202120342024.0	A_000523
CN201822209264.4	A_000810
CN202320251981.1	A_004270
CN202011482959.5	A_001801
CN202321817805.6	A_002917
CN202310990518.3	A_003918
JP2021040375W	A_006235
CN202322664163.7	A_005009
CN201810165900.X	A_000187
CN202322793480.9	A_005042
CN202021437287.1	A_001048
CN202321117990.8	A_004370
US201917631718A	A_006223
CN201921725095.8	A_000389
CN202321628204.0	A_004321
KR20200006625A	A_006663
US202016815118A	A_007841
CN201810619964.2	A_000332
CN202223490804.3	A_003619
CN202311124922.9	A_000998
US201816114876A	A_005577
JP2023034735A	A_006362
JP2019179790A	A_006170
CN201821435904.7	A_000797
US201916574200A	A_007850
US201816762375A	A_007786
CN201920030528.1	A_001187
CN202010891741.9	A_000222
JP2020025516W	A_006188
CN202321368529.X	A_000304
CN202321523652.4	A_003257
CN201910711298.X	A_001065
US202016855826A	A_000129
US202318214440A	A_008163
DE202018000429U	A_005433
CN201910359695.5	A_000996
US2020070860W	A_007795
CN201822177384.0	A_000557
CN202322655564.6	A_002455
JP2018006758A	A_006056
EP19161620A	A_005468
CN201910475142.6	A_000294
CN201821607313.3	A_000467
CN201820716564.9	A_000275
CN202110036949.7	A_000237
CN202020302481.2	A_001884
CN202323328100.0	A_005248
CN202322161325.5	A_000744
AU2021234273A	A_000046
RU2023125320A	A_007509
CN201820700857.8	A_000693
CN202322158890.6	A_004833
CN202311483674.7	A_000345
FR2313215A	A_005690
CN202323313423.2	A_005240
CN202310035750.1	A_003668
US202217707334A	A_000009
CN201810131759.1	A_000175
KR20220183151A	A_007156
CN201821649863.1	A_000832
CN202323214756.X	A_000213
CN202121247763.8	A_000223
CN201921124093.3	A_001118
KR20210077244A	A_005625
CN202023175006.2	A_000745
CN202322301682.7	A_004853
CN202210765158.2	A_002953
CN202121214462.5	A_000202
KR20237033587A	A_007365
CN202223448267.6	A_003591
CN202321661503.4	A_000709
CN201821177221.6	A_000756
CN202211323170.4	A_000182
CN202121461328.5	A_002667
US202016916732A	A_007674
EP23199025A	A_000048
IN202311053278	A_005933
CN201910870945.1	A_000565
CN202220206464.8	A_002107
CN202121785546.4	A_000457
CN202121383478.9	A_002659
US202017116557A	A_000129
KR20220119930A	A_007100
KR20230103282A	A_007262
CN202321496070.1	A_004553
CN201821161772.3	A_000752
JP2021002826A	A_006068
CN202310307942.3	A_001770
CN202310828076.2	A_003872
CN202120490541.2	A_002559
CN202323085186.9	A_005156
JP2020171398A	A_006157
CN202311416870.2	A_000294
JP2018026340A	A_006060
CN202010739927.2	A_000134
CN202011316742.7	A_000345
KR20230159839A	A_007315
CN202120882350.0	A_002607
CN202180069591.6	A_002240
CN202022494194.9	A_002150
CN201810675242.9	A_000346
US201817282298A	A_006068
CN202311625512.2	A_000517
CN202320379662.9	A_004291
KR20210044037A	A_006927
CN201922227806.5	A_001458
KR20230131861A	A_006267
CN201911195887.3	A_001143
US202218087319A	A_005587
US202217880168A	A_006402
KR20200151536A	A_005625
CN201920715152.8	A_001007
CN201820334615.1	A_000633
CN201821666112.0	A_000834
RU2023135201A	A_007571
CN202320945746.4	A_004322
CN202310744771.0	A_000304
US202117357438A	A_000115
CN202222974102.6	A_001311
CN202211194012.3	A_000861
CN202110631806.0	A_002360
CN202021904344.2	A_002079
CN202120967549.3	A_002610
CN202223448671.3	A_003608
CN202321045392.4	A_001568
KR20190098299A	A_006685
RU2018103049U	A_007431
RU2022128997A	A_007446
CN201821224096.X	A_000766
CN202210593199.8	A_002933
CN201922128165.8	A_001445
EP23151033A	A_005493
IN202341041463	A_006003
CN202120784040.5	A_002072
CN202122875173.6	A_001709
CN202310324463.2	A_003735
US201916275284A	A_007806
CN202021467013.7	A_002022
CN202222599587.5	A_003369
CN202022891719.2	A_002195
US201916358815A	A_005469
JP2019190515A	A_006173
CN201810542040.7	A_000161
US201916694705A	A_007926
SG11202004871V	A_000050
CN202311848782.X	A_004183
CN202120169749.4	A_001162
CN202210498660.1	A_001958
CN202023292725.2	A_002235
CN202322880050.0	A_001141
MA51456A	A_007381
CN202123320049.X	A_002808
JP2022019116A	A_006304
CN202323633676.8	A_005360
CN202322411715.3	A_004908
KR20210085613A	A_006949
CN202310893084.5	A_003895
CN202210988339.1	A_001433
CN202323065109.7	A_005153
CN201810926123.6	A_000399
KR20257016226A	A_007369
US201816155210A	A_007743
KR20210122135A	A_006970
CN201911262225.3	A_001159
JP2020002459W	A_006083
CN201920331120.8	A_000413
CN201810996984.1	A_000417
CN202321063252.X	A_004492
CN202121066549.2	A_002347
CN201920055207.7	A_000469
CN201880081797.9	A_000909
CN202010405391.0	A_001429
EP21173793A	A_000005
JP2023042699A	A_006371
CN202222129262.0	A_000697
CN201811366511.X	A_000506
CN202211191499.X	A_003031
CN202011148669.7	A_000222
KR20230009426A	A_007180
CN201810994388.X	A_000304
CN201822126080.1	A_000803
CN201910126521.4	A_000938
CN202210545456.0	A_002923
KR20190030902A	A_006603
CN202321205959.X	A_000317
CN201821315719.4	A_000374
JP2022023282A	A_006309
JP2023216971A	A_006451
JP2019073124A	A_006079
CN202223399357.0	A_003588
CN202020485026.0	A_001905
KR20220151874A	A_007082
KR20190040498A	A_006614
CN202122743848.1	A_002777
CN202322113144.5	A_001084
KR20180154481A	A_006566
CN202023155921.5	A_002218
RU2022101912A	A_007504
KR20230060223A	A_007045
CN202020532276.5	A_000380
KR20210008435A	A_006897
KR20220188410A	A_007167
CN201922412469.7	A_001489
JP2019027862W	A_006127
CN202310054529.0	A_000841
VN1201906027	A_007383
CN202021507988.8	A_002027
JP2020000094A	A_006067
US202318385334A	A_008408
KR20220168508A	A_007035
CN202221708889.5	A_002081
CN202321503741.2	A_001229
IN202341028408	A_005992
CN202122666669.2	A_001197
CN202320796390.2	A_004403
RU2023104919A	A_007516
CN2022130645W	A_002904
EP22893770A	A_005611
IL30976823A	A_005786
JP2023211654A	A_006320
CN202321753798.8	A_004690
EA202391251	A_005466
CN201911068346.4	A_001120
CN202110542869.9	A_002345
IN202341039446	A_005999
CN202321290103.7	A_004556
CN201921813104.9	A_001403
CN202211580073.3	A_003142
KR20210187632A	A_007028
EP19201991A	A_000005
US201916694705A	A_007886
KR20200029174A	A_006550
CN202223200946.1	A_003506
CN202321032416.2	A_000788
CN202211323071.6	A_003060
CN201910946738.X	A_001103
CN202023314864.0	A_002237
IN202211029299	A_005876
US202117326655A	A_005469
CN201811352910.0	A_000502
CN201821283977.9	A_000774
CN202211567920.2	A_000182
IN202341066778	A_006035
CN202010708166.4	A_001660
EP21203139A	A_000005
CN202210952210.5	A_002981
CN202321377659.X	A_001767
CN202020639062.8	A_001926
CN202010813931.9	A_000469
CN201920998693.6	A_001309
AU2020100047A	A_000034
CN202121165135.5	A_002056
US202318168836A	A_008274
CN202020612959.1	A_000128
CN201821283894.X	A_000774
CN202311456474.2	A_004052
IN202211022222	A_005874
RO202300258A	A_007419
CN201911034843.2	A_000175
KR20190163753A	A_006480
US202016838518A	A_000129
JP2019199526A	A_006175
KR20200168742A	A_006877
CN202022113171.9	A_002102
CN202321531177.5	A_001914
CN202023135429.1	A_002217
CN202020097160.3	A_001544
CN201820028398.3	A_000575
CN201910815706.6	A_001083
US202117355049A	A_008136
CN2019123411W	A_001029
US202217721890A	A_000005
EP20196759A	A_005527
CN202010101085.8	A_000476
CN201910020653.9	A_000914
CN201810213929.0	A_000201
KR20230103282A	A_006655
TR201815985A	A_007587
CN201811096133.8	A_000449
CN202310438878.2	A_001118
US202217682095A	A_000005
JP2018079101A	A_006073
CN202310672104.6	A_003835
CN201810997592.7	A_000417
IN202341041463	A_006001
CN202320526810.5	A_004334
US202318186435A	A_008367
CN201811480266.5	A_000539
CN202220732817.8	A_003230
CN202223460664.5	A_003612
CN202311285036.4	A_000543
CN201811005372.8	A_000421
KR20180061102A	A_006512
BR102023021571	A_000089
TR2022006096U	A_007615
KR20230174850A	A_006581
CN202080032641.9	A_002239
US202218570228A	A_008317
KR20230126154A	A_007274
CN202220494214.9	A_003218
KR20180156156A	A_006568
CN202111351314.2	A_000517
CN202321009220.1	A_004472
CN202020304864.3	A_001659
JP2021023774A	A_006125
CN202310636612.9	A_003723
US202217716589A	A_008242
CN202321493343.7	A_000731
CN202211738535.X	A_003183
CN202020222745.3	A_000709
CN202323471385.3	A_005300
CN202322208457.9	A_004769
KR20200070061A	A_005588
CN202322406193.8	A_004196
CN202323527142.7	A_005265
KR20220018595A	A_007060
CN202322120507.8	A_004821
BR102023027622	A_000093
KR20230040470A	A_006935
IL28400321A	A_005760
CN202310689655.3	A_003839
CN201820291183.0	A_000622
CN202023026756.3	A_001801
US202017121649A	A_008055
CN202320045655.5	A_003603
RU2023104919A	A_007530
JP2018170115A	A_006099
CN201910186827.9	A_000952
KR2019014817W	A_006724
CN201822165492.6	A_000767
CN201910464952.1	A_000213
CN202310175824.1	A_003704
CN202311645403.7	A_004040
ES202230999A	A_005662
CN202021251249.7	A_001637
CN201920211624.6	A_000704
US201916560487A	A_000129
US201916277504A	A_007674
CN2021130655W	A_000128
CN202121423071.4	A_002664
CN201922456765.7	A_001495
CN202210560399.3	A_002928
EP25215951A	A_000037
IN202341058142A	A_006030
JP2022064946A	A_006071
CN202322992012.4	A_005126
JP2020010791W	A_006083
JP2021576009A	A_006295
US202217889495A	A_005548
CN201911234698.2	A_000315
CN201821589705.1	A_000241
CN201810863761.8	A_000385
CN202320539256.4	A_001440
CN201922410851.4	A_001362
CN202022790806.9	A_002188
TR2022006096U	A_007613
CN202020248232.X	A_001874
CN201922257411.X	A_001464
US202117176410A	A_005496
CN202111001028.3	A_002417
CN202310502634.6	A_003784
KR20220152124A	A_007121
GB201908235A	A_005693
US202318166129A	A_007733
KR20200007269A	A_006759
CN202023170328.8	A_002219
CN202120792421.8	A_002199
CN202310988172.3	A_003111
CN202223241780.8	A_003516
US201916273278A	A_007805
CN202310143332.4	A_001581
CN202323315749.9	A_005243
CN202310433846.3	A_003767
CN201822139125.9	A_000886
CN201810007954.3	A_000138
KR20230165661A	A_007331
US202217977462A	A_000129
CN201910884001.X	A_000304
CN202111252578.2	A_000384
US202217648744A	A_008224
IN202341041463	A_006008
CN202322840160.4	A_005061
CN202021332036.7	A_000865
CN201820715620.7	A_000494
CN202323587023.0	A_003229
US2023032609W	A_008336
CN201922144409.1	A_000252
CN201922185271.X	A_001450
CN202210006844.1	A_002831
JP2023076481A	A_002623
CN201910560033.4	A_000469
CN201821507941.4	A_000309
CN202323562251.2	A_005329
JP2020110786A	A_006200
US201916411946A	A_007821
CN202221889064.8	A_000458
US202217983111A	A_008016
CN202221375595.5	A_000849
US2022053855W	A_008212
CN201910261961.0	A_000970
AT508542023A	A_000013
US202017008952A	A_008039
CN202010184851.1	A_001561
CN202110871995.9	A_002400
CN202310948340.6	A_003906
CN202321594958.9	A_000936
JP2023140721A	A_006080
CN202211480650.1	A_003111
CN202310001094.3	A_003660
CN202323279075.1	A_005229
US202318303498A	A_008387
CN202321469316.6	A_004603
CN202310156833.6	A_003700
US201816473698A	A_007775
CN202122345699.3	A_002740
CN202211673260.6	A_003167
CN202310614051.2	A_003817
CN202110359516.5	A_000893
US202016790676A	A_000005
CN201820823980.9	A_000712
GB201811603A	A_000048
US201916694705A	A_007872
CN201911354989.5	A_000252
CN201920549862.8	A_000333
CN202311491840.8	A_000731
CN202011480505.4	A_001799
KR20210085715A	A_006926
US202017077766A	A_008051
CN2019091519W	A_000912
CN202323340778.0	A_003863
IN202241005004	A_005885
CN202323451092.9	A_000222
KR20220021878A	A_007062
EP21964244A	A_005585
US201816108704A	A_005618
CN201810186504.5	A_000191
US202016950094A	A_007956
KR20220117311A	A_007097
CN202311404874.9	A_001613
CN202121202751.3	A_002641
CA3004224A	A_000066
CN202310131206.7	A_001075
CN201910521838.8	A_000304
CN202223549511.8	A_003631
US202218069397A	A_008299
US202318517784A	A_008430
CN202310266063.0	A_000304
EP20889709A	A_005556
CN202010827346.4	A_001687
JP2021029444A	A_006229
CN201810959408.X	A_000287
CN201810875458.X	A_000387
CN202322370291.0	A_004904
IN202127049949	A_005857
KR20210171794A	A_007005
CN201811439281.5	A_000374
CN201811375914.0	A_000501
CN202222364860.6	A_002803
CN202323055857.7	A_001441
CN202322086428.X	A_004810
CN202110650832.8	A_002364
CN202310498030.9	A_003782
ES202130075U	A_005658
CN202210448940.1	A_001843
CN201821408003.9	A_000417
CN202320824731.2	A_004415
CN202322470869.X	A_004945
EP19879843A	A_005510
CN202120348315.0	A_002541
CN202311250501.0	A_003117
CN202211197157.9	A_003035
CN202111387558.6	A_002463
CN201910019411.8	A_000477
CN202223378804.4	A_003573
CN201821621130.7	A_000827
PL42572118A	A_007403
KR20190097838A	A_006681
IN202031041280	A_005831
CN201911104835.0	A_001128
CN202310972529.9	A_000337
CN202323562509.9	A_005330
CN2020070268W	A_001530
US202217679878A	A_008232
CN202120579104.8	A_002262
CN202221332458.3	A_002350
CN202310843791.3	A_003877
KR20200043100A	A_006798
JP2023153979A	A_006426
CN202310834686.3	A_003873
DE112020003675T	A_005427
CN202311047956.2	A_003935
KR20180061102A	A_006509
CN202110784878.9	A_002383
CN201910807271.0	A_000369
CN202321900486.5	A_003890
KR20220180408A	A_007152
CN202310019423.7	A_003662
CN202020206173.X	A_001867
CN201811051269.7	A_000162
CN202223357909.1	A_003564
CN202322029370.5	A_002472
CN202311178197.3	A_000317
CN202322228373.1	A_004853
CN202211496830.9	A_003114
CN201811223575.4	A_000478
EP18173870A	A_005468
CN201810046260.0	A_000148
CN202311787664.2	A_000196
KR20230089338A	A_006635
US201916694705A	A_007908
CN202322084108.0	A_004809
CN202320257068.2	A_004271
CN201810531549.1	A_000295
IN202241006974	A_005893
JP2020503581A	A_006139
CN201921238934.3	A_001334
TR2022/001216	A_007625
CN202311583708.X	A_004098
KR20210032345A	A_006917
KR20180045157A	A_000066
JP2022048164W	A_006303
CN202110913432.1	A_000294
US201815899919A	A_007682
CN201910642163.2	A_001050
CN202223121184.6	A_003109
IN202341058142A	A_006027
US202117401381A	A_008143
CN202321341600.5	A_004564
KR20190065002A	A_006643
CN202020302470.4	A_001883
CN202010236152.7	A_000252
CN202321044635.2	A_001838
CN202010998906.2	A_000735
CN202322955917.4	A_004213
US202318494458A	A_000037
KR20200037964A	A_006792
US201815980795A	A_000066
CN202323427498.3	A_005285
CN201921495779.3	A_000953
CN202022147048.9	A_001480
CN202022902334.1	A_002197
CN201921976037.2	A_000371
KR20210132989A	A_006974
CN201821283958.6	A_000775
CN202222645753.0	A_003380
US202318178657A	A_008263
RU2023102342A	A_007525
CN201921963871.8	A_001422
ES202131093A	A_005659
KR20210186197A	A_007028
CN202323407869.1	A_005276
CN201821609380.9	A_000242
CN201920099350.6	A_000490
KR20220140192A	A_007111
KR20190107530A	A_006523
CN201811438902.8	A_000518
KR20180066608A	A_006513
CN202322450598.1	A_004930
CN202222820597.7	A_001637
JP2022572870A	A_006069
KR20190097329A	A_006669
CN202022710821.8	A_002178
KR20190031359A	A_006606
CN202122292580.4	A_002731
JP2018555793A	A_006119
CN202323533590.8	A_005321
JP2021117288A	A_006251
US202016774337A	A_000129
US201916694705A	A_007897
CN202322472182.X	A_004948
US202218839745A	A_008331
CN201920784702.1	A_001287
JP2020563047A	A_006139
CN201922161995.0	A_001449
RU2020125540A	A_007471
US202117619937A	A_008182
CN202121031332.8	A_002627
US202217963271A	A_008287
RU2018116224A	A_007439
CN202022753986.3	A_002182
EP22400002A	A_000066
CN201821592687.2	A_000821
CN202321936890.8	A_003858
KR20230135863A	A_007206
CN201910850560.9	A_001088
KR20237033587A	A_007366
CN202223515636.9	A_003605
AT2020175061T	A_000009
CN202121799294.0	A_002691
CN201821607802.9	A_000826
KR20190095964A	A_006665
CN202223375020.6	A_001815
KR20180161263A	A_006573
CN202321965608.9	A_004772
CN202322480810.9	A_004953
CN202321988999.6	A_003810
KR20210133430A	A_006976
CN202120646366.1	A_000128
CN202311002240.0	A_002970
CN202310073084.0	A_003679
EP2023057683W	A_005538
JP2020132302A	A_006204
CN202222552745.1	A_003360
JP2021500318A	A_006279
CN202121021222.3	A_000867
CN202323079054.5	A_001315
CN202223335546.1	A_003553
CN202211578356.4	A_003138
CN202311323270.1	A_001433
CN202310270910.0	A_000182
CN201911121304.2	A_001131
KR20190026513A	A_006599
JP2020503579A	A_006139
CN202121268172.9	A_002634
US201916694705A	A_007868
CN202110130642.3	A_002270
CN202011089364.3	A_001726
CN201911195687.8	A_001145
CN201911227942.2	A_000538
US201916515220A	A_007682
US2018058568W	A_007666
CN201810260982.6	A_000216
CN202323128265.3	A_003346
KR20210147865A	A_006759
US202117919493A	A_008188
JP2019185518A	A_006172
US202017037035A	A_008043
IN202331071171	A_005988
CN201920557551.6	A_001261
CN201820521111.0	A_000664
CN201811274876.X	A_000161
CN202120468183.5	A_002554
CN201820254600.4	A_000611
CN201910238453.0	A_000512
TW108210623U	A_007639
CN201911221163.1	A_000704
CN202120311230.5	A_002536
EP23197103A	A_000112
RU2023121837U	A_007551
CN202321187835.3	A_004462
US202218557117A	A_000019
CN202311031269.1	A_002865
US202117786273A	A_008186
US202218052581A	A_008295
CN202010217919.1	A_000384
CN202221795461.9	A_003241
CN202021036467.9	A_000494
CN202321169866.6	A_004520
KR20230009840A	A_007181
CN201811573069.8	A_000556
CN201811173843.6	A_000474
CN202222718580.0	A_003376
ES202030680A	A_005656
IL28968322A	A_005772
CN201820606879.8	A_000679
CN202122317372.5	A_002736
IN202311062438	A_005940
CN202323376265.5	A_005268
CN201920658333.1	A_001275
JP2022204462A	A_006206
CN202010894040.0	A_001702
CN202221983148.8	A_003295
CN202322354064.9	A_004898
CN202110656019.1	A_002365
CN202311470096.3	A_004060
US201917255192A	A_007964
CN201920883711.6	A_000198
CN202323387342.7	A_002223
CN202011055332.1	A_001724
CN202323618044.4	A_004334
CN202323652405.7	A_005368
JP2023149641A	A_006419
CN202323182286.3	A_005135
CN202311503504.0	A_004008
KR20210174856A	A_007014
CN202011213115.0	A_000345
CN202022209352.1	A_002111
CN202320751855.2	A_004393
CN202222614216.X	A_003372
KR20220184642A	A_006740
CN202210386889.6	A_002269
CN201820108695.9	A_000591
CN202321523649.2	A_003257
CN202223502909.6	A_003625
CN202321509134.7	A_004614
CN202311832607.1	A_003478
CN202311404089.3	A_004031
KR20230174849A	A_006550
KR20230061893A	A_006937
CN202210450516.0	A_001933
CN202110932355.4	A_002408
CN201810124589.4	A_000171
CN201810619964.2	A_000333
CN202221055674.8	A_001325
US202318310679A	A_005469
US202318475831A	A_008415
JP2023153979A	A_006427
CN202111665462.1	A_000168
CN202210545415.1	A_000936
CN201920091711.2	A_000750
CN202011226920.7	A_001755
CN201820957736.1	A_000727
CN202311573022.2	A_004096
CN201820317336.4	A_000626
EP22908756A	A_000050
BR102022011217	A_000082
CN202322309250.0	A_000505
CN202321952012.5	A_004767
CN202323143790.2	A_005174
CN202110129688.3	A_002269
CN202022509786.3	A_002153
CN202310418094.3	A_003762
US202017083092A	A_005500
CN202010297008.4	A_000469
CN202321608220.3	A_000788
KR20200085625A	A_006655
KR20220120014A	A_007102
CN202022663574.0	A_002171
CN201811274672.6	A_000161
US2018016631W	A_000023
CN202311763052.X	A_004154
US202217812368A	A_005795
US202318139743A	A_005548
US201916450222A	A_007829
US202016775531A	A_000005
CN202211627407.8	A_003158
KR20210193389A	A_007045
JP2021117288A	A_006252
CA3027268A	A_000112
KR20217014881A	A_005645
KR20210194222A	A_006957
CN202021172317.0	A_001986
CN202223158620.7	A_003483
CN202321088410.7	A_004499
CN202210976838.9	A_000182
CN202020650347.1	A_001429
CN202021282344.3	A_001999
CN202310212621.5	A_003709
CN202010722821.1	A_000845
CN202020855785.1	A_000326
CN202211410779.5	A_001366
CN2023115952W	A_004103
US202117538536A	A_000005
JP2021140909A	A_006255
CN202111101018.7	A_001143
CN202211459261.0	A_001151
CN201811229023.4	A_000234
CN202122944418.6	A_002787
US202217869685A	A_005496
CN202121563194.8	A_002678
CN202320279134.6	A_001103
CN202321277890.1	A_004550
CN201820714134.3	A_000696
CN202320401539.2	A_000798
CN201921149590.9	A_000315
CN202211708293.X	A_000614
CN202310724531.4	A_000856
CN202322973602.2	A_005115
US202218085562A	A_008303
CN201910303244.X	A_000388
NL2029839A	A_000067
CN202110609065.6	A_000810
US202017634854A	A_008058
BR102021021871A	A_000081
CN202122878149.8	A_002786
CN202020854197.6	A_001953
CN202210969411.6	A_002993
EP19812924A	A_005501
EP21859292A	A_005583
IN202047017511	A_005850
RU2023119049U	A_007547
AU2020100047A	A_000031
CN202021534945.9	A_001966
CN202110454293.0	A_002333
JP2023076481A	A_006383
KR20180027302A	A_006488
CN202310529141.1	A_003794
JP2022120658A	A_006069
CN202311050494.X	A_003937
CN202321261658.9	A_004545
IL27647520A	A_005507
CN202210734416.0	A_000384
CN201820105774.4	A_000583
CN202321813866.5	A_004714
CN202320195766.4	A_004247
CN201822039841.X	A_000369
KR20190077381A	A_006654
KR20190160306A	A_006488
CN202222659086.1	A_003383
CN202322119253.8	A_000241
CN202110475855.X	A_002338
CN202323476275.6	A_005301
CN202323669161.3	A_005377
CN202010738268.0	A_001669
CN202320446490.2	A_004310
EP22880836A	A_005556
CN202320551917.5	A_003721
CN202120696227.X	A_002589
CN201910294599.7	A_000299
CN202323617160.4	A_005353
CN201811576226.0	A_000326
CN202223466153.4	A_003585
EP18195581A	A_000005
CN202010750459.9	A_001671
JP2020000867W	A_006083
KR20200001300A	A_006755
CN202322655589.6	A_005006
KR20207003561A	A_005688
KR20220164143A	A_007135
US202117474381A	A_005548
CN2022127965W	A_003186
IN202311043562	A_005927
CN202020071853.5	A_001839
CN201920056049.7	A_000469
CN201921463223.6	A_000902
CN202110119664.X	A_002268
CN202322723264.7	A_003162
JP2018089753A	A_006078
CN202323231148.X	A_002455
CN201920456384.6	A_001249
CN202321450570.1	A_000782
CN202320550949.3	A_004340
CN202310991915.2	A_003921
CN202220796049.2	A_003089
CN202220774935.5	A_002882
CN201821259241.8	A_000772
CN202122515985.X	A_002760
CN201810176232.0	A_000189
CN202010187670.4	A_001562
CN202320140431.2	A_004231
US2018037905W	A_007662
CN202011506884.X	A_000564
CN201821718812.X	A_000732
EP22275110A	A_000048
CN202322734626.2	A_005023
US202318349831A	A_008324
CN202310635097.2	A_001356
US2020025255W	A_005572
CN202020605299.4	A_000269
JP2022147839A	A_006328
CN202311477779.1	A_003255
CN202311743584.7	A_000337
CN202020013699.6	A_001539
JP2021000814W	A_006217
IL28400321A	A_005743
CN202111364254.8	A_002473
KR20190041932A	A_006619
CN202223350671.X	A_003560
IDS00201801193	A_005742
CN201910243978.3	A_000963
KR20210179990A	A_007018
CN202311804767.5	A_004168
BG438419U	A_000062
CN202111459715.X	A_000294
CN202311564852.9	A_004091
CN202311552603.8	A_003680
CN201820389996.3	A_000639
CN202311104671.8	A_003573
US201916437800A	A_000037
CN202310779104.6	A_003780
EP19169586A	A_005415
CN202110376621.X	A_002316
CN202321718927.X	A_004578
CN202120589684.9	A_002574
CN201821422781.3	A_000794
JP2023116566A	A_006408
US202318849351A	A_008445
CN202021347892.X	A_002006
CN202110193679.0	A_000318
KR20190112910A	A_006700
KR20210122135A	A_006969
US202318507891A	A_008278
CN202010856902.0	A_001694
CN201910336849.9	A_000988
CN202122598707.5	A_002768
CN202120368182.3	A_002545
IN202341058142A	A_006029
CN202311719935.0	A_002791
CN201821131506.6	A_000749
CN201811046956.X	A_000228
CN202010503736.6	A_000955
US202318348239A	A_008399
CN202010800040.X	A_001682
US202117341492A	A_007674
CN202311830080.9	A_002545
CN202223316698.7	A_001568
CN201821624523.3	A_000828
CN201921703259.7	A_001384
CN202321000200.8	A_000992
KR20190015828A	A_006593
KR20230151038A	A_006526
CN201820603057.4	A_000304
US202318489724A	A_000037
CN202323328853.1	A_005250
CN202211600799.9	A_003084
IN201821047908	A_005800
KR20190163307A	A_006731
CN201810011790.1	A_000140
KR20230009840A	A_007184
KR20190130949A	A_006710
CN202022448141.3	A_000976
CN202310811177.9	A_003869
GB202311081A	A_005714
CN202322302537.0	A_004877
CN202310923809.0	A_003903
CN201910465814.5	A_001018
CN202323408222.0	A_005277
CN202210854909.8	A_002973
KR20210194657A	A_005626
CN202321458425.8	A_004599
CN202310492556.6	A_001679
CN202321614735.4	A_004649
CN202323640896.3	A_001672
CN202211448222.0	A_002349
CN202320864543.2	A_000139
CN202323179870.3	A_004829
CN201922093039.3	A_001441
US202218047895A	A_008292
CN201911071398.7	A_000749
CN201821431297.7	A_000425
US202217589546A	A_008220
CN202310382766.X	A_001089
US201916694705A	A_007911
BR102020018309A	A_000080
CN202321217240.8	A_004521
CN202310158233.3	A_000731
CN202120882350.0	A_002608
CN202210689875.1	A_002917
CN202020535761.8	A_001913
KR20190050355A	A_006633
US201916694705A	A_007915
CN202022874803.3	A_002191
CN202010049675.0	A_000273
CN202210934138.3	A_002983
US201816154326A	A_000005
CN201911093200.5	A_001127
CN201910779364.7	A_001066
PL44284422A	A_007407
CN202310694502.8	A_003842
CN201810386795.2	A_000256
CN202010647099.X	A_000884
CN202011233864.X	A_001760
JP2021210684A	A_006277
CN202322342892.0	A_004892
CN202010017524.7	A_000228
CN201920894131.7	A_000546
US201916358023A	A_005809
CN202023188122.8	A_002222
JP2021002826A	A_006069
US202117407379A	A_000037
KR20230151038A	A_006528
CN202311304103.2	A_004007
CN202111066348.7	A_002428
CN201821329348.5	A_000634
EP18731726A	A_005475
CN202311773565.9	A_004156
CN202222201414.3	A_003312
CN202110448368.4	A_002331
CN202311620785.8	A_003981
IN202341042444	A_006014
CN202321726683.X	A_002014
CN202323092091.X	A_000393
CN202220025706.3	A_003189
CN202322064415.2	A_004804
CN202010382282.1	A_001599
CN202210833528.1	A_002964
CN202110060723.0	A_002259
KR20230049769A	A_007217
DE202023106321U	A_005453
CA3142461A	A_000117
CN201821577822.6	A_000819
CN202210013877.9	A_002833
US201816209365A	A_007767
CN202321778485.8	A_000609
CN202322985356.2	A_005121
CN202110228302.4	A_000198
KR20180139910A	A_006554
CN202010012830.1	A_001540
TW112115349A	A_007649
EP2019075948W	A_005522
CN202321879518.8	A_004736
CN202322050430.1	A_004798
KR20220164822A	A_006760
CN202021769008.1	A_002063
EP18884046A	A_005486
KR20220186197A	A_006799
JP2020203789A	A_006214
CN202223554463.1	A_003640
CN202310079873.5	A_000476
CN201910820533.7	A_000326
CN202322830346.1	A_000304
CN202110017573.5	A_001429
CN202211622740.X	A_003156
CN202122872731.3	A_000196
CN202310421809.0	A_003763
CN202323044876.X	A_005149
CN201920312705.5	A_001227
JP2018026340A	A_006061
EP21797126A	A_005575
US201916517632A	A_007839
US201816049158A	A_000037
KR20210194657A	A_005625
EP20762911A	A_005547
US202318296565A	A_005577
CN201810795984.5	A_000363
US2018025458W	A_007660
CN202020690833.6	A_001930
SG11202109281Y	A_005551
US202217743791A	A_008250
CN202323366434.7	A_005264
CN202321826635.8	A_004719
CN202121744669.3	A_002687
IB2019061091W	A_005730
KR20180044387A	A_006501
CN202223324132.9	A_003551
KR20230098377A	A_007158
CN202111611015.8	A_000394
CN202020221855.8	A_000709
US202117236423A	A_000129
RU2022135485A	A_007523
JP2018214791A	A_005618
CN202211460445.9	A_000345
KR20190135485A	A_006715
CN202310907577.X	A_003900
KR20190130638A	A_006708
CN202021223910.3	A_001992
CN202121254731.0	A_001197
CN202223586882.3	A_001745
CN201821375356.3	A_000413
CN201910430582.X	A_001011
CN202322809303.5	A_000416
US201815955007A	A_007698
KR20190033516A	A_006607
CN202310391470.4	A_003751
KR20210028863A	A_006859
CN202110445519.0	A_001918
CN202321671512.1	A_004662
CN202310155327.5	A_000202
CN201920783809.4	A_001026
CN202310437511.9	A_000317
CN202121882884.X	A_000898
CN202211588523.3	A_000387
ES20705101T	A_000048
CN202121884679.7	A_002701
CN201911358404.7	A_000304
CN202111204817.7	A_002299
CN201811257003.8	A_000481
CN202211459261.0	A_000345
CN202311713660.X	A_004135
CN202223376006.8	A_003572
US202016738709A	A_007981
CN201820029312.9	A_000576
CN201811009032.2	A_000387
JP2019087678A	A_006144
CN202311670289.3	A_000337
EP23913787A	A_000050
NZ2020050031W	A_007396
CN202223153448.6	A_003447
CN202110938695.8	A_002408
CN202322604842.5	A_004995
CN202310486067.X	A_000735
CN202011319097.4	A_001776
CN202321518909.7	A_002715
CN201810940256.9	A_000402
CN201980058019.2	A_001522
CN202311806166.8	A_004170
KR20210008435A	A_006896
EP21186540A	A_005562
CN202011169255.2	A_000182
CN202321908144.8	A_000682
CN202323355990.4	A_004557
CN201910846118.9	A_001087
CN202111391732.4	A_000345
CN202010731982.7	A_001666
CN202120828462.8	A_001196
CN202021858835.8	A_002075
US201815959547A	A_007699
KR20180007366A	A_006473
CN201820196042.0	A_000607
EP21190958A	A_005564
CN202122129974.8	A_002717
CN202111211863.X	A_002446
CN202122628243.8	A_002436
CN202323195509.X	A_005190
CN202311050494.X	A_003936
CN201810661901.3	A_000344
US202217936155A	A_000037
US201916545457A	A_007843
CN202223546383.1	A_003637
GB202102863A	A_005699
CN202322857878.4	A_005072
CN202320929308.9	A_004451
CN202310020829.7	A_000294
CN201922435584.6	A_001490
KR20210135828A	A_006980
CN202222238331.1	A_003315
JP2022147839A	A_006329
CN202311591507.4	A_004098
CN202310689521.1	A_003838
CN202121808223.2	A_002695
CN202223324132.9	A_003552
CN201822231611.3	A_000555
KR20210165280A	A_007000
CN202311291601.8	A_003998
KR20210002552A	A_006892
JP2020138773A	A_006206
IN201841025162	A_005467
CN201910724420.7	A_000407
US201816132921A	A_007682
CN202322491241.8	A_004957
CN202321947233.3	A_004730
CN202311175387.X	A_000377
CN201820438168.4	A_000223
KR20210169238A	A_007001
KR20210147865A	A_005626
CN202322006209.6	A_004784
CN202222163606.X	A_003307
CN202310218122.7	A_002437
CN202311318673.7	A_004010
KR20220164822A	A_006759
CN202110721874.6	A_000543
CN201811274965.4	A_000161
AU2019295947A	A_000029
CN201910468422.4	A_001019
KR20200125669A	A_006841
CN202320100436.2	A_002756
CN2018118954W	A_000309
JP2022510232A	A_006235
CN202022630515.3	A_002165
CN202210552744.9	A_002927
CN202210429879.6	A_001029
CN202320500966.6	A_002805
KR20200128536A	A_006851
CN202011501780.X	A_001804
CN202020954928.4	A_001966
KR20200143955A	A_006861
CN202223423005.4	A_000864
CN202321166522.X	A_002223
JP2019082761A	A_006089
US202217657538A	A_000050
CN202321998928.4	A_000574
CN202010899912.2	A_000543
NO2022050160W	A_007391
CN202311429005.1	A_000317
CN202323467618.2	A_004019
CN202011561015.7	A_001817
KR20210095169A	A_006952
JP2018102067A	A_006071
KR20230189218A	A_006739
CN201811045419.3	A_000435
US202016950044A	A_000112
CN202323573499.9	A_004374
CN202320613417.X	A_004221
US202318319836A	A_005493
CN202210036039.3	A_002839
CN202223441431.0	A_003602
CN202021145805.2	A_000198
US202117232611A	A_008123
US201816627699A	A_007782
US201917788710A	A_007782
CN202211168731.8	A_003021
CN202010798149.4	A_001681
US202016941246A	A_005469
CN201921651257.8	A_001099
CN202110627417.0	A_002359
CN202111050757.8	A_002426
CN202221576602.8	A_003272
CN202211299334.4	A_001139
US201916694705A	A_007921
CN202110876263.9	A_000517
CN2021142443W	A_002510
KR20220187821A	A_007160
CN202320681395.0	A_004372
US202117786417A	A_008187
CN202022066463.1	A_000977
US202217728117A	A_005626
CN202322325746.7	A_004888
CN202011261814.2	A_001764
KR20220144417A	A_006754
US202217992103A	A_008293
CN202311294520.3	A_004004
US202318371787A	A_005548
CN202320369828.9	A_004288
US202017133610A	A_000050
CN202021926496.2	A_001773
KR20190097838A	A_006674
CN202321894031.7	A_004635
CN202010018108.9	A_001542
JP2022064946A	A_006070
KR20190056229A	A_006595
US202217824190A	A_007826
FR2210710A	A_005428
CN202311613719.8	A_004110
CN202022635915.3	A_000738
CN202322157166.1	A_000359
CN202310154460.9	A_003699
CN202120007349.3	A_001540
CN2019111161W	A_000525
KR20200086713A	A_006835
CN202321474904.9	A_004604
CN201820897114.4	A_000638
CN202120228259.7	A_002521
KR20220149715A	A_006614
CN202023209758.6	A_002225
RU2023128253A	A_007559
CN202321514936.7	A_001476
CN202310836428.9	A_003859
CN202011306522.6	A_000469
KR20200168742A	A_006876
KR20210016388A	A_006911
CN202120755517.7	A_002595
US201916709219A	A_007956
CN201810830343.9	A_000371
CN202110056062.4	A_002258
EP22719390A	A_005598
CN202321984876.5	A_004667
CN202320791214.X	A_003750
CN202321482452.9	A_004607
KR20200052219A	A_006635
US202016738623A	A_000054
KR20210062927A	A_006835
SG11202400047R	A_007577
CN202222449351.3	A_002563
CN202210803901.9	A_002958
CN202321729107.0	A_002154
CN202121385603.X	A_002661
CN202120598000.1	A_002575
CN201980020301.1	A_000375
KR20200053649A	A_006802
CN202321779480.7	A_004701
CN202011300279.7	A_000509
CN202320948288.X	A_001388
US202117305469A	A_008127
US202117151813A	A_008091
CN202310253204.5	A_003719
CN202210779120.0	A_000614
CN201811543493.8	A_000237
US202218069326A	A_000005
US201916697929A	A_005430
KR20230071100A	A_006635
CN202122854106.6	A_001485
CN202211366380.1	A_002381
CN201821589705.1	A_000243
CN202311377523.3	A_001323
JP2019231113A	A_000054
US201815968534A	A_007701
DE602020000506.4	A_005460
CN202311741207.X	A_004142
CN201810259458.7	A_000215
IN202341058142A	A_006024
CN202320665829.8	A_004370
CN202223597924.3	A_003652
CN201811569598.0	A_000554
CN202010124416.X	A_000377
CN202322561137.1	A_000971
CN202311733619.9	A_001640
CN202321415654.1	A_002068
DE202023106320U	A_005444
CN201922409205.6	A_001486
CN202322993309.2	A_002992
CN202020148694.4	A_001851
IN202341069371	A_006038
CN202321118111.3	A_004507
CN202022226421.X	A_001726
CN202211466472.7	A_003103
CN201911241772.3	A_000318
CN202322002375.9	A_004782
CN202011231361.9	A_001757
CN202322608776.9	A_004996
CN202110343549.0	A_000317
US202218053210A	A_005430
IN202341058142A	A_006023
CN201910922292.7	A_001095
CN201910779364.7	A_001063
IL28626721A	A_005765
CN202122013294.X	A_002711
ES21723897T	A_000048
CN202320576966.4	A_002550
CN202321359610.1	A_004568
KR20180074058A	A_006519
KR2019013374W	A_006711
US201916694705A	A_007943
US202318114297A	A_005618
EP19382750A	A_005495
CN202021852276.X	A_002074
US202117493636A	A_005599
CN202311679427.4	A_000384
CN202320644059.9	A_004367
EP18167659A	A_000002
CN202123003438.X	A_000564
CN202311349154.7	A_002109
CN202322968986.9	A_000959
CN202323010173.5	A_005072
CN201922464861.6	A_001503
CN202020399984.6	A_001898
CN202011543155.1	A_001813
CN201810477128.5	A_000277
CN202111014811.3	A_002420
KR20190063612A	A_006640
CN202222878838.3	A_003407
CN202311047928.0	A_002463
CN202322559758.6	A_004978
US202017633182A	A_008071
CN202022667086.7	A_002172
CN202210752100.4	A_002952
CN202120481532.7	A_002557
ES18794684T	A_000007
CN201921993698.6	A_001132
CN202321356159.8	A_004233
CN202210634861.X	A_002937
JP2019137475A	A_006156
CN202322472254.0	A_004949
CN202022145386.9	A_002106
KR20210173770A	A_007008
US202217984991A	A_005625
CN202323620451.9	A_004751
CN202223169415.0	A_000384
CN202111123155.0	A_002435
US201816059321A	A_000005
CN202111318807.6	A_002467
CN202110220742.5	A_002285
CN202320511797.6	A_004329
CN201810353820.7	A_000134
CN202320010958.3	A_002507
JP2023158159A	A_006429
CN202110999395.0	A_002416
CN201920595620.2	A_000709
CN202322360325.8	A_004899
CN202021548852.1	A_000191
EP18753039A	A_000492
US202117520459A	A_008071
CN202311545793.0	A_004087
CN202211369683.9	A_003075
CN201820509286.X	A_000661
JP2020066399A	A_006130
CN202120736029.1	A_002592
JP2019113179A	A_005506
CN202323466400.5	A_005000
CN201811592247.1	A_000561
CN202210375091.1	A_000182
JP2023211655A	A_006320
KR20180066602A	A_006513
CN202310263867.5	A_003721
CN202320620551.2	A_000731
SG11202200438X	A_000050
CN202322890664.7	A_002783
RU2023115837A	A_007544
IN202341049876	A_006016
KR20230116101A	A_007269
KR20230136459A	A_007287
CN201920460911.0	A_000975
JP2018207217A	A_006059
CN202120721019.0	A_002589
US201815870216A	A_007671
CN201810551517.8	A_000302
CN202311810891.2	A_003742
CN202021832378.5	A_002069
CN202010882062.5	A_000377
US202318371207A	A_000009
US201916694705A	A_007895
CN202323434770.0	A_005289
CN202211128656.2	A_003015
RU2023110102A	A_005427
IN202311087595A	A_005969
CN202223609590.7	A_002545
CN202321872923.7	A_002185
CN202020749358.5	A_001938
CN202310370366.7	A_003746
JP2021000813W	A_006217
EP21826537A	A_005552
EP21215011A	A_005569
CN202322499120.8	A_002996
CN201911058716.6	A_000533
CN201910973302.X	A_001108
KR20230154461A	A_006473
US202117313196A	A_005503
CN202320627404.8	A_004362
CN202322472254.0	A_004948
CN202310139037.1	A_003692
US202318397343A	A_005585
US2019047682W	A_007797
CN202320987094.0	A_004464
CN2022112122W	A_003037
GB202206951A	A_005706
CN201920860195.5	A_001197
CN202311791268.7	A_000936
CN201920763489.6	A_001282
CN201921354760.7	A_001348
CN202310871290.6	A_000388
CN201910373879.7	A_000999
CN201921130008.4	A_000990
CN202223176861.4	A_003492
CN201880069902.7	A_000130
US201916694705A	A_007883
CN202323584800.6	A_005342
CN202310949018.5	A_002472
FR2307870A	A_000112
CN202323472334.2	A_005241
EP19191025A	A_005491
US202117171544A	A_005572
CN202321243979.6	A_004537
CN201911371600.8	A_001176
KR20200087403A	A_006494
CN201910579531.3	A_000196
US202217727364A	A_000050
US202318160932A	A_008358
CN202311599015.X	A_001133
US202017433406A	A_006083
CN202010829878.1	A_000542
CN202210772096.8	A_002318
IN202341041463	A_006002
US201816141095A	A_005577
US202318211958A	A_008379
CN202222936051.8	A_003422
CN202322829792.0	A_001312
CN202111252578.2	A_001399
CN202222560125.2	A_003364
CN202310925698.7	A_001173
KR20230163177A	A_007320
KR20210045890A	A_006754
CN202121723944.3	A_002675
CN201810342051.0	A_000246
CN202323085344.0	A_003318
KR20220140192A	A_007108
US202217936476A	A_007682
CN202223118312.1	A_003473
CN202123340038.8	A_002816
CN202210127191.2	A_000452
US201916694705A	A_007884
KR20190025269A	A_006598
CN202010414576.8	A_001166
CN202311503310.0	A_000782
CN201811585908.8	A_000233
CN202222503636.0	A_000458
CN202310834608.3	A_001388
CN202121888446.4	A_002702
IL27861720A	A_005757
CN201821123543.2	A_000747
CN201810530556.X	A_000294
CN202322727590.5	A_005018
KR20180009721A	A_006479
KR20220162979A	A_006700
CN201820727931.5	A_000698
KR20200000659U	A_006561
CN202222933145.X	A_003420
CN2020087056W	A_001535
CN202322307334.0	A_004880
CN201810287491.0	A_000232
CN201910051787.7	A_000923
US201916694705A	A_007941
CN201920408087.4	A_000512
US202117197212A	A_000005
CN201920508731.5	A_001254
CN201911249248.0	A_001136
CN202320190879.5	A_004244
KR20230071951A	A_007240
US2023074572W	A_007660
JP2019507880A	A_006177
CN201922006672.4	A_001429
CN202320643340.0	A_000731
CN202322889251.7	A_004668
US202217647525A	A_008126
CN202020829662.0	A_001946
CN202311006150.9	A_001084
US201916454361A	A_007830
CN202321834088.8	A_004723
CN202311504342.2	A_004072
US202117451427A	A_008151
IN202241043483	A_005899
CN202321680161.0	A_004665
CN201910533404.X	A_000273
CN202020297420.1	A_000543
CN202311411961.7	A_004036
CN202321566041.8	A_002448
CN202122441610.3	A_002753
CN202321333846.8	A_004395
CN202323375116.7	A_005267
JP2020161809A	A_006176
CN202210681639.5	A_002944
CN202322848686.7	A_005065
CN201810094868.0	A_000158
CN202223183100.1	A_003498
KR20220165724A	A_007140
US202117546486A	A_008171
EP22174684A	A_005415
CN202223581219.4	A_003647
KR20230130646A	A_007276
CN202211408223.2	A_002545
CN202111284487.7	A_002454
CN202110783110.X	A_000134
CN202320023090.0	A_003546
CN202210350381.0	A_002881
KR20230084610A	A_007249
CN202210079928.8	A_001049
CN202311268046.7	A_003884
CN202120680855.9	A_002046
CN202111154339.3	A_000294
CN202022807908.7	A_002189
CN202223302028.X	A_003545
CN201810942408.9	A_000405
CN202223360307.1	A_001411
CN202121517358.3	A_002674
CN202321256733.2	A_004541
CN201910183166.4	A_000950
CN202323081045.X	A_000959
US202217716138A	A_008241
CN202311120360.0	A_003953
CN202010537609.8	A_001632
CN202323223121.6	A_004916
CN202320010958.3	A_000464
KR20230066833A	A_006586
JP2022510336A	A_006139
GB202101080A	A_005473
CN201820148239.7	A_000599
CN202111411049.2	A_000294
CN202323068842.4	A_005155
CN202010113299.7	A_000138
CN202222867728.7	A_000992
CN202323150743.0	A_005172
CN202311661445.X	A_004119
EP23788949A	A_005631
KR20180173881A	A_006583
EP21151648A	A_000037
CN201920943723.3	A_001281
IN202341062974	A_006034
CN201811269870.3	A_000485
CN202323426097.6	A_005283
CN201822269115.7	A_000904
CN202122744761.6	A_000294
JP2022050947A	A_006114
CN202322830546.7	A_000682
CN202211226112.X	A_000315
CN202011223949.X	A_000294
US201816180570A	A_007673
US202218703557A	A_005633
CN202020739147.3	A_001935
CN202222967060.3	A_000264
CN202120189262.2	A_002520
CN202010089373.6	A_000461
CN202310880440.X	A_003888
CN202320637302.4	A_004349
IN202341049876	A_006018
CN202323459686.4	A_005297
CN202311255482.0	A_002856
KR20220180408A	A_007153
CN202010664426.2	A_000333
CN202021237168.1	A_001994
CN202321666358.9	A_003860
CN202211537820.5	A_000231
CN202322382543.1	A_001170
CN202311074403.6	A_000314
KR20180121734A	A_006547
CN201810517922.8	A_000291
CN202010208324.X	A_000310
CN201820264623.3	A_000615
CN202320362807.4	A_001754
US202016777084A	A_000005
IN202311087595A	A_005967
JP2022017407W	A_006302
IN202341042444	A_006011
EP23830895A	A_005556
US202117502428A	A_008163
CN201810309790.X	A_000236
CN202322274667.8	A_004743
CN201921431879.X	A_001356
CN202321506458.5	A_004231
CN202020505296.3	A_000245
CN202321335707.9	A_004562
RU2019122166U	A_007458
CN202110573686.3	A_001082
US202217720320A	A_008244
CN201821586113.4	A_000169
CN202320053807.6	A_004200
CN202221780383.5	A_003283
US201815926841A	A_007690
CN202110998420.3	A_000695
CN201810970694.X	A_000411
CN202211732823.4	A_000222
KR20200066212A	A_006819
CN202322462170.9	A_004937
CN202122666669.2	A_002774
CN201810852916.8	A_000381
CN202322886835.9	A_001039
US202318349214A	A_000037
CN202323664091.2	A_001429
CN202322060320.3	A_004583
CN201810247954.0	A_000208
KR20220165413A	A_007114
US202017119703A	A_000005
CN202022030804.X	A_002094
US202118034892A	A_000056
KR20220187592A	A_007166
CN201910487237.X	A_001024
US202117158833A	A_008095
CN202311758968.6	A_001372
CN202321502237.0	A_004610
IN202211040517	A_005878
US202117179826A	A_005548
CN202121802382.1	A_002693
CN202110682119.1	A_002368
JP2022199038A	A_005628
US202217836645A	A_008262
IB2022060900W	A_005735
CN201811073026.3	A_000443
KR20200030692A	A_006785
CN202211388600.0	A_003082
CN201811274973.9	A_000161
CN202123320049.X	A_002813
CN202321883964.6	A_004738
KR20230004201A	A_007081
CN202320532728.3	A_004336
CN202210040388.2	A_000294
CN202321169784.1	A_004324
CN202311446690.9	A_000923
CN202210804869.6	A_001634
US201917270945A	A_005487
KR20220040082A	A_007076
CN201820355380.4	A_000638
KR20180166326A	A_006576
US201916716620A	A_005486
CN202010151971.1	A_001556
CN202223182463.3	A_003496
KR20200080926A	A_005588
CN202310493178.3	A_003781
CN202322244961.4	A_004859
CN202323198600.7	A_005191
CN202320964299.7	A_004461
CN202110464550.9	A_000485
CN202011363958.9	A_001783
KR20230067487A	A_007230
CN202322595014.X	A_004991
CN202211495539.X	A_000547
CN202121652613.5	A_002681
CN202211450756.7	A_003100
CN202310401529.3	A_003755
IN202321088921	A_005980
JP2019030974W	A_006128
CN202220156909.6	A_001164
CN202210473632.4	A_000947
CN202311312812.5	A_000196
JP2022004046W	A_006196
CN201811273069.6	A_000142
CN202021932615.5	A_001820
KR20180016638A	A_006483
CN202223402193.2	A_003592
CN201920671149.0	A_001003
CN202222143124.8	A_000697
CN202310282298.9	A_000466
FR2110322A	A_005686
US201916694705A	A_007935
CN202222746916.4	A_003389
KR20190049499A	A_006631
CN202310558292.X	A_003804
US202217571449A	A_008213
CN202322451744.2	A_003960
CN202310452876.9	A_000294
JP2021562703A	A_006291
CN202310116951.4	A_003686
CN202311486089.2	A_004065
JP2020000866W	A_006083
CN201821224377.5	A_000766
US201816199293A	A_007763
CN202321445732.2	A_004595
EP20778333A	A_005549
CN202321852364.3	A_004532
CN201920331111.9	A_001230
CN202323385853.5	A_005272
CN202211539598.2	A_003126
CN201810187095.0	A_000191
US202117183212A	A_005585
CN202121031344.0	A_002627
KR20180093942A	A_006489
CN202311184490.0	A_003969
CN202210263727.3	A_002865
CN202120920077.6	A_002610
CN201910488538.4	A_001025
CN202022170942.8	A_002109
CN201921823142.2	A_000389
CN202080081266.7	A_002244
US202016874769A	A_008010
CN202120547474.3	A_002568
CN201821275140.X	A_000393
CN202010177670.6	A_000439
US202318338274A	A_000037
CN202321991225.9	A_004779
CN202222288406.7	A_003313
CN202321816663.1	A_004716
CN202310455954.0	A_003770
CN201910487533.X	A_000704
CN202321457094.6	A_003279
CN201810538419.0	A_000298
CN202210848974.X	A_002969
BR2021050357W	A_000103
US202017088459A	A_005500
CN202323485914.5	A_005309
US202318224084A	A_008384
JP2020062087A	A_006192
CN202310053222.9	A_003065
CN202120295692.2	A_002528
CN202321647435.6	A_004548
JP2019035367A	A_006131
CN202110587508.6	A_001129
CN201910971921.5	A_001107
EP21851687A	A_005504
KR20220166296A	A_007142
CN202111258793.3	A_001794
CN202011591240.5	A_001821
US201917280165A	A_000006
US201916568280A	A_007849
CN202311717495.5	A_000252
CN202320762264.5	A_004394
KR20190064090A	A_006642
CN201920426803.1	A_001241
CN202223045598.5	A_003449
CN202310180713.X	A_002293
JP2021048700W	A_005506
EP22178002A	A_000112
CN201910940383.3	A_000304
US201816111999A	A_007734
EP18180949A	A_000005
CN202210814998.3	A_000384
CN202020140439.5	A_000767
ES202030680A	A_005654
KR20230050162A	A_006267
US202217891658A	A_005585
CN202211008821.0	A_003000
EP22167301A	A_005565
CN202323204225.2	A_005194
CN202321696706.7	A_004434
CN202320989564.7	A_004467
CN202121393246.1	A_002663
AU2021103001A	A_000044
CN202322695634.0	A_005013
CN202322142517.1	A_002560
CN201920671177.2	A_001003
KR20230120903A	A_006945
CN202311488874.1	A_004068
CN202320934526.1	A_004453
CN202221268553.1	A_003252
CA3178486A	A_000122
CN202211451748.4	A_003101
CN202323587520.0	A_000711
CN201810894459.9	A_000391
CN202320646085.5	A_002226
CN201920386489.9	A_001237
CN201821506910.7	A_000309
KR20200159531A	A_006870
JP2018073555A	A_006067
CN202222456678.3	A_003345
CN202323246849.0	A_005141
KR20210020815A	A_006596
CN202110272784.3	A_002295
CN201911316031.7	A_001169
KR20230164766A	A_007324
SG11202000294QA	A_007574
CN201820812000.5	A_000708
CN202210853336.7	A_000182
CN201820316326.9	A_000625
CN202310626175.2	A_003823
CN202222258274.3	A_003318
US2020048136W	A_007977
DE102022103088A	A_005420
CN202121096888.5	A_002635
CN202222317120.7	A_003325
CN202323257513.4	A_002577
CN202110783368.X	A_000906
CN202210414044.3	A_002895
CN202211488749.6	A_001026
ES20731921T	A_005671
EP19188376A	A_005490
CN201810389955.9	A_000258
US201916458144A	A_007831
US202016861860A	A_008008
IN201841039311	A_005806
CN201910746258.9	A_001069
US201916523486A	A_007840
CN202220354545.2	A_002318
CN202323011341.2	A_004454
CN202321514037.7	A_004615
CN202180032511.X	A_002824
CN201921554582.2	A_001365
CN201920460372.0	A_000975
CN201921371528.4	A_001063
CN202321921917.6	A_004756
CN202311726685.3	A_004106
US202318112832A	A_000005
CN201810544360.6	A_000302
US201916518080A	A_000023
KR20210193392A	A_007044
CN201921360542.4	A_001349
EP18818667A	A_005483
CN202311321195.5	A_000574
CN202321098293.2	A_004233
JP2023078069A	A_006384
US201916272972A	A_007802
FR2110317A	A_005681
CN202211675158.X	A_003168
KR20220001876A	A_006827
KR20200013382A	A_006764
CN201820189653.2	A_000605
JP2019169095A	A_006166
EP20382250A	A_005540
CN202110295435.3	A_002304
CN201821961522.8	A_000871
IN202011057062	A_005825
CN202222051123.0	A_003302
JP2022115733A	A_006317
US202117241732A	A_000028
CN201810564605.1	A_000310
CN201822195662.5	A_000893
US201916509155A	A_000037
CN202323216227.3	A_001508
JP2021004187W	A_005506
US202217702407A	A_005563
CN202011208784.9	A_001752
JP2023116566A	A_006407
KR20180116943A	A_006542
US202217903125A	A_008275
KR20220059273A	A_007083
US201816180256A	A_007757
EP20167040A	A_000112
CN202320888467.9	A_003216
JP2022202536A	A_006332
KR20237034152A	A_005645
CN202320642450.5	A_002879
CN202210012677.1	A_000914
CN201811133215.5	A_000309
JP2019170384A	A_006168
CN202321417479.X	A_004585
CN202311669483.X	A_002489
KR20230165661A	A_007330
CN201811558188.6	A_000551
CN201810834213.2	A_000163
CN202211497552.9	A_000993
CN202322257429.6	A_004865
KR20230030585A	A_007200
CN202110273617.0	A_002299
KR20230067487A	A_007231
CN202320078940.7	A_004212
CN202121383635.6	A_002660
CN202120902448.8	A_000798
CN202322756972.0	A_005031
AU2022406621A	A_000050
US2023032726W	A_007364
CN201810855717.2	A_000384
CN202322677331.6	A_000543
KR20190042829A	A_006625
CN202110375683.9	A_002309
CN201911158335.5	A_001138
CN202223503305.3	A_002063
JP2023078069A	A_006385
US202217665811A	A_005585
US202318374553A	A_000129
JP2021002827A	A_006068
CN202110668950.1	A_002366
CN201911242519.X	A_001153
KR20180007342A	A_006472
KR20210191436A	A_006892
CN202221192157.5	A_002919
CN2021102131W	A_000692
CN201821505097.1	A_000443
CN202323639696.6	A_005363
CN202211728255.0	A_003181
CN202110822054.6	A_002387
CN202321113484.1	A_004404
KR20220185431A	A_007160
CN202322933862.7	A_002807
CN201810564886.0	A_000309
JP2020511413A	A_006218
CN201922230286.3	A_001459
CN202322664090.1	A_005008
CN202310382947.2	A_003349
CN202223346833.2	A_003554
CN201811060184.5	A_000438
CN202322505931.4	A_004963
CN202310381546.5	A_002408
CN202311659827.9	A_004116
CN202222763884.9	A_000422
CN202311418331.2	A_001377
CN202110598359.3	A_001616
CN202311815908.3	A_004172
CN202022418075.5	A_002119
CN202111103086.7	A_000395
CN202322860441.6	A_000896
CN201810125839.6	A_000165
CN202011073742.9	A_001546
JP2020062087A	A_006191
CN202321536037.7	A_004442
JP2019159454A	A_006164
KR20200032279A	A_006789
KR20210099478A	A_006960
CN201810896715.8	A_000392
CN202310912276.6	A_001351
IN202031041280	A_005834
CN202020986902.8	A_001972
KR20230040470A	A_006936
KR20220033824A	A_007070
CN201921819164.1	A_001404
CN202011058172.6	A_001671
CN202021806572.6	A_000194
CN202111301216.8	A_002458
KR20180145749A	A_006558
CN202321771122.1	A_004696
CN202020589554.0	A_001919
CN201820325619.3	A_000630
JP2023042699A	A_006373
KR20200126482A	A_006846
CN202010776957.0	A_001677
CN202111271939.8	A_000157
US202217577712A	A_000037
JP2023153976A	A_006424
CN201920653997.9	A_000196
CN202310575183.9	A_002807
US201916694705A	A_007923
IN202211055146	A_005879
CN202121928989.4	A_002707
CN202322751997.1	A_005029
CN201821212394.7	A_000762
CN201911107672.1	A_001129
CN202321315953.8	A_001065
CN202120459654.6	A_002553
US201815916875A	A_006181
CN202223269380.8	A_003131
CN201920881704.2	A_001293
TR2023/013111	A_007632
KR20190173692A	A_006743
CN202320298199.5	A_004278
KR20230133117A	A_007071
CN202222469420.7	A_003347
CN202310107938.2	A_000384
CN202322369311.2	A_001723
KR20230049686A	A_007216
CN202022829310.8	A_001786
CN202322036933.3	A_004794
CN202311302442.7	A_004006
CN201910105507.6	A_000928
US202318206057A	A_000050
CN202311067554.9	A_003943
US2022031504W	A_008210
CN202220423633.3	A_003213
CN202321239057.8	A_004536
CN202322505005.7	A_001590
US202117317657A	A_000005
CN202322452981.0	A_004932
CN202322819848.4	A_005028
CN201820403829.X	A_000208
CN202311266994.7	A_000384
KR20200007269A	A_006267
US202318998617A	A_005599
CN202020906906.0	A_001960
CN202310048629.2	A_003673
CN201810310485.2	A_000238
AU2021203495A	A_000028
CN201920914624.2	A_001297
JP2021026895A	A_006228
CN202021516518.8	A_000333
CN202323132990.8	A_005171
US201916696537A	A_007951
CN202022764215.4	A_001503
CN202221665272.X	A_003278
CN202211236105.8	A_003042
KR20210033261A	A_006920
CA3064933A	A_000115
CN202210035290.8	A_001155
KR20230120063A	A_007271
CN202320959414.1	A_002585
DE202023106321U	A_005452
CN202121233946.4	A_002644
KR20230017531A	A_007191
CN202323485979.X	A_005240
JP2020119712A	A_006202
US201916694705A	A_007918
JP2022032517A	A_006130
EP18155999A	A_005467
KR20230010912A	A_006655
CN202021320039.9	A_000384
CN202321831844.1	A_004722
CN202311047350.9	A_003933
CN201810588718.5	A_000318
KR20210165280A	A_006999
CN202111290135.2	A_002455
CN202221451649.1	A_003264
KR20220122503A	A_006942
CN201820336568.4	A_000634
CN202120638733.3	A_002582
JP2020208527A	A_006055
US201916436579A	A_007827
CN202210325595.2	A_002878
CN202010838515.4	A_001110
CN202311356704.8	A_003981
CN201820317336.4	A_000628
CN202320526193.9	A_004333
CN202320051705.0	A_001351
CN202322881076.7	A_002316
CN201920314435.1	A_001029
US202318222221A	A_008382
CA3215000A	A_000125
CN202323032244.1	A_004769
CN201811603090.8	A_000182
JP2020000866W	A_006084
KR20220099198A	A_006531
KR20230171730A	A_006628
CN202111466555.1	A_000462
CN201911292774.5	A_001136
JP2023212230A	A_006169
CN201910433987.9	A_001012
CN201910122310.3	A_000937
CN201920957001.3	A_001304
CN202020773699.6	A_001945
CN202020855583.7	A_001954
CN201922204152.4	A_001455
FR2304139A	A_000112
KR20190030902A	A_006604
US202318165907A	A_005639
CN202310265769.5	A_003723
CN202120278936.6	A_002527
CN201811274433.0	A_000161
CN202223081181.4	A_003464
CN202322591421.3	A_004986
US2023073536W	A_008343
US202117140428A	A_008087
CN202011572803.6	A_001171
CN202021788930.5	A_002061
CN201922280417.9	A_001474
KR20210171794A	A_007004
CN202010121450.1	A_001555
CN202111225234.2	A_000135
CN202311691360.6	A_004130
CN202320661648.8	A_004359
CN202021786967.4	A_000374
US201916660245A	A_007858
CN202210394108.8	A_002890
CN201820249176.4	A_000615
CN202311119239.6	A_002002
CN201911119255.9	A_000387
CN202110894703.3	A_002403
AT500762020A	A_000010
IN202341074405A	A_006040
CN202010952072.1	A_001711
CN202010018553.5	A_001542
CN202220986804.3	A_001843
CN202010004989.9	A_001539
CN201910862629.X	A_000657
CN201910383739.8	A_000317
KR20210174658A	A_007012
JP2021159297A	A_006261
CN201910416125.5	A_001007
CN202020703269.7	A_000182
CN202110863148.8	A_001613
CN201921736214.X	A_000614
CN202311656551.9	A_001361
CN201821616901.3	A_000315
KR20230165741A	A_007332
US201916410843A	A_005468
CN202223389468.3	A_003581
CN202310588053.9	A_000469
US202017787409A	A_008081
US201916548118A	A_000037
CN202320472428.0	A_004261
US202318113259A	A_008158
JP2022047763W	A_006314
CN202111128660.4	A_001202
US202218080411A	A_008302
CN201821609380.9	A_000241
KR20190097838A	A_006671
KR20207001777A	A_006195
CN201920204015.8	A_000350
CN202322635559.9	A_005004
CN202011263466.2	A_001766
CN201910383220.X	A_001001
CN201811005952.7	A_000422
US202318465874A	A_008414
CN201810303224.8	A_000223
KR20180171202A	A_006550
CN201910415656.2	A_001006
CN202320337415.2	A_001101
CN202310010647.1	A_001714
CN202323311457.8	A_000297
CN202320768666.6	A_004395
KR20230004748A	A_006666
CN202323626474.0	A_005355
US202117513626A	A_000037
CN202310570358.7	A_003807
CA3047782A	A_000114
CN202311465465.X	A_000884
CN202222565530.3	A_003367
CN202210053160.7	A_002843
CN201821222029.4	A_000559
CN202210026815.1	A_000271
CN201821123543.2	A_000748
CN202321256751.0	A_004542
CN201910981721.8	A_000182
CN2020101583W	A_001558
CN202310737962.4	A_003847
US202217946783A	A_008280
CN202111251457.6	A_000182
CN201922221310.7	A_001457
KR20230053089A	A_006661
CN202322549716.4	A_004974
CN202323223904.4	A_005205
CN202211545964.5	A_003089
CN202310316542.9	A_003579
US202118008650A	A_008194
IB2019061091W	A_005729
KR20230108722A	A_006867
CN202323588251.X	A_004618
CN202211005913.3	A_002999
CN202323154126.8	A_000810
EP21182478A	A_005392
JP2020138275A	A_006207
US202318840833A	A_008203
CN202223058686.9	A_000345
CN201811629710.5	A_000152
CN202110321679.4	A_002306
FR1857941A	A_005428
CN201921661067.4	A_001103
TW112122797A	A_007645
CN202321340952.9	A_000374
CN201820085551.6	A_000584
RU2018128135A	A_007439
CN201810072196.3	A_000151
CN202011376422.0	A_001786
CN202311126825.3	A_001296
KR20220185962A	A_007162
CN201911311827.3	A_001168
KR20230165594A	A_007329
CN202121677942.5	A_002683
CN201821923500.2	A_000864
CN202310724542.2	A_003846
US2020048136W	A_007978
CN201911227818.6	A_001151
CN201820914928.4	A_000327
US201916276425A	A_005552
CN202321140888.X	A_004507
CN202321465892.3	A_004600
CN202323167242.3	A_005179
CN202211206505.4	A_002971
CN201920352444.X	A_001232
GB201913906A	A_005590
US202218719859A	A_008329
CN202320889031.1	A_000458
CN202010184059.6	A_001560
JP2023016232A	A_006264
KR20210135828A	A_006978
CN202122141176.7	A_002699
US202117191376A	A_007700
CN202320867030.7	A_004428
CN201910574488.1	A_000276
CN202323012232.2	A_005134
CN202311353663.7	A_000317
NL2034174A	A_007388
EP20863533A	A_000050
CN201910494368.0	A_000304
GB2019052824W	A_005696
CN202111432655.2	A_002422
AU2022279503A	A_000052
CN202321068739.7	A_004494
EP18194074A	A_000023
CN202311138939.X	A_003954
KR20200161966A	A_006871
CN201811466008.1	A_000533
RU2022132892A	A_007519
KR20210169238A	A_007002
CN202311520445.8	A_004079
CN202322414189.6	A_004853
CN202310052219.5	A_000336
JP2023173963A	A_006432
CN201820066854.3	A_000580
CN201821438002.9	A_000800
BR112019022736A	A_000095
US202117913784A	A_005632
DE2020100980W	A_005431
CN202322471482.6	A_004946
CN202122334352.9	A_000380
CN201911077777.7	A_001124
US202117367752A	A_007801
CN202321029106.5	A_001147
JP2023035455A	A_006369
CN202322413069.4	A_002743
CN202110979329.7	A_002259
CN202020968881.7	A_000641
EP19919693A	A_005514
CN201820629856.9	A_000194
GB202205102A	A_005704
EP21171342A	A_005493
US201917267120A	A_007967
CN202323112411.3	A_005162
CN202323459686.4	A_005298
US202016917668A	A_008018
KR20230032270A	A_007202
IN202341042444	A_006013
JP2023087034A	A_006235
CN202311527515.2	A_004081
CN202022794615.X	A_001783
CN202323485311.5	A_005307
JP2023548151A	A_006428
KR20190050362A	A_006633
JP2019155955A	A_000037
JP2020022737W	A_006185
CN202120429091.6	A_002551
US201816046543A	A_007724
CN202223051849.0	A_003457
CN202310035371.2	A_002928
CN202120398966.0	A_000211
CN202310349292.9	A_003742
US202318175851A	A_008274
CN201910222196.1	A_000461
CN202223192663.7	A_003503
CN202110495321.3	A_001648
BR102022011217	A_000083
JP2021046046W	A_006242
JP2020503581A	A_006138
RU2018143018A	A_007449
CN201921003740.5	A_000313
CN202223244650.X	A_002251
CN202111374469.8	A_001118
CN201910387612.3	A_001002
CN202223484562.7	A_000900
CN202310391297.8	A_000928
CN202311022641.2	A_003929
KR20190120200A	A_006704
KR20220189455A	A_007168
AT502622019A	A_000012
CN202211515170.4	A_001756
CN202210035969.7	A_002837
JP2023016232A	A_006206
US202218565536A	A_008315
ES18215602T	A_005471
CN202021320039.9	A_002001
CN201980036597.6	A_001515
CN201821220264.8	A_000730
CN202211152845.3	A_003017
CN202310135200.7	A_000724
CN202010455389.4	A_001071
US201916694705A	A_007890
CN202023244433.1	A_002229
CN202320685210.3	A_004374
CN2023142981W	A_004189
CN202022450720.1	A_002146
CN201921879073.7	A_001413
CN202122595054.5	A_002763
CN202323131660.7	A_003680
KR20230080070A	A_007248
CN202311072381.X	A_003944
CN202211261304.4	A_003047
KR20230113269A	A_006540
CN201920469905.1	A_001250
CN202320143534.4	A_004233
CN202222975256.7	A_003106
US202318231014A	A_005624
KR20230151038A	A_006527
EP23899011A	A_005638
US202117511724A	A_005494
FR2309215A	A_005687
CN202322884618.6	A_005084
US201816142452A	A_007665
CN202220042217.9	A_003189
CN202110871995.9	A_000507
US202117196643A	A_000005
CN201880064193.3	A_000908
CN202311835815.7	A_004178
KR20220070954A	A_006484
CN201921260984.1	A_001339
CN202223346963.6	A_000636
KR20190165630A	A_006734
CN201921813104.9	A_001402
CN202222944260.7	A_003424
US202217918703A	A_000029
KR20210183771A	A_007023
KR20220169071A	A_006760
CN201821305002.1	A_000384
CN201810612688.7	A_000330
RU2022125745A	A_007515
CN202211463730.6	A_000641
CN202310603203.9	A_001344
CN202320642017.1	A_004366
EP19192515A	A_000122
KR20200134298A	A_006564
CN202021232061.8	A_000194
CN202121048132.3	A_002629
KR20230003202A	A_007115
US202117212160A	A_005572
KR20200131569A	A_006852
CN202321568688.4	A_000162
CN202023233672.7	A_002226
CN202110887354.2	A_002402
CN202321590587.7	A_003089
CN201920231254.2	A_001217
CN202223267874.2	A_000384
CN202321466176.7	A_000875
CN202222282280.2	A_003321
CN202322060016.9	A_001292
CN201922269480.2	A_001466
CN201811101291.8	A_000450
JP2023054552A	A_006110
CN202311537192.5	A_001949
KR20230089338A	A_006634
CN202222965465.3	A_003304
CN202311497845.1	A_000731
CN202011568390.4	A_000735
JP2018076040A	A_006070
CN201922297103.X	A_000723
KR20210179990A	A_007017
CN202210475172.9	A_000947
CN202322912365.9	A_000326
US202117223887A	A_005494
CN202020943208.8	A_000317
US201916444785A	A_005563
CN202020619322.5	A_001925
CN201910079515.8	A_000926
CN202320044310.8	A_004195
EP22781953A	A_005548
CN202111109562.6	A_001765
CN202010737894.8	A_000134
CN202221189336.3	A_002075
CN202323658151.X	A_000731
CN202010093025.6	A_000273
CN202222005606.7	A_000681
CN202320433156.3	A_004305
KR20190081287A	A_006656
FR2302209A	A_005428
CN201920526250.7	A_001257
CN202323436809.2	A_005290
CN202321394366.2	A_004579
CN201910170050.7	A_000735
US202217814915A	A_000037
CN202311508031.3	A_000345
CN202221459532.8	A_002282
CN202010720515.4	A_001663
CN202111568669.7	A_002500
US202217824277A	A_005548
CN201810573867.4	A_000314
CN202110967413.7	A_002412
CN201920509859.3	A_001256
CN202010701536.1	A_000704
JP2023040392A	A_006170
CN202111629888.1	A_000614
CN202211580073.3	A_003141
CN202223308883.1	A_003548
US202318160093A	A_007798
CN202110216972.4	A_001433
KR20220140606A	A_007116
CN202210590809.9	A_000198
KR20230008821A	A_007082
JP2022019411A	A_006306
CN202320959414.1	A_000416
CN202322824368.7	A_005053
CN201922326125.4	A_001476
JP2023067542A	A_006381
US201916982213A	A_006127
US202318140347A	A_000009
US201815984215A	A_007705
US202218056121A	A_008296
CN201911278352.2	A_001162
CN202310618655.4	A_003819
US202117515425A	A_005548
CN201810942399.3	A_000403
CN202210287828.4	A_002873
CA3189587A	A_000123
CN202321907466.0	A_004750
CN202322021894.X	A_004790
US201916686615A	A_007861
US202016794407A	A_007989
US202217727057A	A_008245
CN201921287983.6	A_001343
JP2019507880A	A_006178
CN202021649434.1	A_002048
CN201810099684.3	A_000154
CN202222417558.2	A_003336
KR20230066833A	A_007228
CN202111578360.6	A_002502
US202318190148A	A_005618
CN202123388514.3	A_002820
CN202322173428.3	A_004838
EP19204450A	A_000005
CN202323487096.2	A_005310
CN202321592758.X	A_004638
US201916266405A	A_007801
CN201810565279.6	A_000311
JP2021160395A	A_006206
CN202111668334.2	A_000564
CN202322838496.7	A_005060
US202217821075A	A_008258
KR20230091692A	A_006806
CN202321523658.1	A_003257
JP2020110786A	A_006201
CN202321504353.6	A_002421
KR20190097555A	A_006670
KR20190023379A	A_006596
CN201921843416.4	A_001123
CN201910041184.9	A_000920
CN201921712090.1	A_001106
CN201921773442.4	A_001397
KR20230170074A	A_007339
FR1904283A	A_005681
CN202310202125.1	A_003707
US202217889316A	A_008273
CN202011174661.8	A_001744
US202318200192A	A_005548
CN202321245177.9	A_004233
CN202223497602.1	A_003622
CN202311399092.0	A_004029
CN201910944687.7	A_001101
KR20200170855A	A_006760
CN202322114075.X	A_004818
US202117186484A	A_000005
CN201911186574.1	A_000490
CN202320849103.X	A_004421
CN202322354037.1	A_004898
CN202310768878.9	A_003591
CN202220966543.9	A_001280
CN201910877224.3	A_000723
IN202317027188	A_000041
CN202123419173.1	A_002821
JP2020018605A	A_006183
CN201820699017.4	A_000648
CN202110178020.8	A_001003
CN202111596054.5	A_000182
CN201910238453.0	A_000964
EP19189980A	A_005472
CN202221218725.4	A_001257
CN202322365261.0	A_004901
CN202311740174.7	A_004141
CN202120415353.3	A_002549
KR20230184113A	A_007354
CN201910536995.6	A_001033
CN202210242580.X	A_002864
CN2020124377W	A_001827
CN202310861537.6	A_003883
DE202023106321U	A_005451
IN202241060941	A_005907
CN202210287194.2	A_000641
KR20190053182A	A_006635
US201815914911A	A_005532
CN201811261403.6	A_000484
CN202221793544.4	A_002962
KR20190098299A	A_006571
US201916562764A	A_000054
CN202222890168.7	A_001451
CN202321505149.6	A_004610
CN201910948645.0	A_001104
CN202210874773.7	A_001921
CN202223416255.5	A_003592
KR20230005726A	A_006486
CN201820510680.5	A_000662
KR20230038857A	A_007206
CN202311176927.6	A_003968
CN202211302046.X	A_003057
CN201911148476.9	A_000898
CN202321469054.3	A_004601
CN202223260910.2	A_003522
US202217650989A	A_000005
CN202310221976.0	A_000198
IN202041030536	A_005838
US202318499594A	A_007661
CN201920143760.6	A_001206
US201916694705A	A_007878
CN202120757378.1	A_002596
KR20230167964A	A_006267
US202117246541A	A_005575
CN202223467010.5	A_003613
KR20200091020A	A_006600
EP21215014A	A_005569
CN202321190560.9	A_004526
KR20190135962A	A_006717
CN201811477786.0	A_000537
IB2019054910W	A_005727
CN202322832533.3	A_005057
CN201910082507.9	A_000927
CN201910799585.0	A_000633
CN202120386094.6	A_000821
JP2018008789A	A_006057
CZ202037724U	A_005385
KR20190168210A	A_006740
US201916716264A	A_007747
CN202011293099.0	A_001772
CN202320275105.2	A_000731
CN201910965721.9	A_000345
CN202321063069.X	A_004491
CN202311488799.9	A_003378
CN201810207815.5	A_000198
US202016894224A	A_000005
CN201821989825.0	A_000543
US202217812949A	A_000492
US202117354737A	A_000054
CN201821152884.2	A_000411
CN202011181812.2	A_001746
JP2022204462A	A_006264
CN202111376579.8	A_001133
CN202210428063.1	A_000384
CN202223267357.5	A_003526
US202017111297A	A_008053
CN202110388972.2	A_002319
KR20210194222A	A_006958
JP2019231113A	A_006074
CN202321058003.1	A_004483
KR20190097838A	A_006677
CN202223335540.4	A_000304
CN201910022021.6	A_000915
CN202111050089.9	A_002425
PL42572118A	A_007402
CN202321944900.2	A_000596
CN202120494481.1	A_000336
JP2021122082A	A_006254
JP2022048188W	A_006316
CN202011307643.2	A_000477
CN202120491023.2	A_002560
CN202121586171.9	A_002679
CN202320667699.1	A_000749
KR20200014126A	A_006767
US202016877365A	A_000005
US2018055439W	A_005577
CN202211055042.6	A_003009
CN201910366428.0	A_000884
ES19894838T	A_005647
CN202223178954.0	A_003494
CN202320165503.9	A_004238
CN202310757611.X	A_000276
CN202311865460.6	A_004175
CN202022597415.5	A_002161
KR20210130034A	A_006971
CA3078083A	A_000009
CN202220655958.4	A_000856
KR20210183283A	A_007020
CN202222547093.2	A_003356
CN202321317978.1	A_004520
EP21215011A	A_005570
JP2020189570A	A_006110
CN201810873436.X	A_000386
IN202341058142A	A_006028
CN202311593078.4	A_004101
US202318874308A	A_008451
CN202320551917.5	A_001087
KR20230070918A	A_007234
CN201922032590.7	A_001434
CN202311057815.9	A_003941
CN202311470398.0	A_004061
CN202222772338.1	A_003392
CN202122816803.2	A_002783
CN202321755309.2	A_004686
US202017061603A	A_008045
CN201921751429.9	A_001392
IN202341062072	A_006032
CN202222725098.X	A_003378
CN202323105753.2	A_005000
CN202211434788.8	A_003093
CN202210924458.0	A_002982
CN202010440592.4	A_001607
CN202310407966.6	A_000936
AT2018794684T	A_000007
CN201811274370.9	A_000161
EP20736479A	A_005543
CN202020355391.X	A_001895
CN202320459824.X	A_000259
CN202310067640.3	A_001676
CN202322541426.5	A_004935
CN202311583877.3	A_001347
CN2020087054W	A_001535
DE202023106534U	A_005454
CN202223292007.4	A_003541
TW107207882U	A_007635
CN201820906499.6	A_000639
CN201821050725.1	A_000350
CN202311434494.X	A_004041
KR20210074073A	A_006827
CN201910892436.9	A_000304
US202218270255A	A_008309
CN202322114638.5	A_003201
CN202223515759.2	A_001755
CN202210694958.X	A_002945
KR20210042479A	A_006924
KR20210112667A	A_006536
CN202323479540.6	A_005305
IN201821047908	A_005804
JP2023026419A	A_006357
CN202220815619.8	A_003236
VN1201800618	A_008453
CN202010826140.X	A_001686
CN201810252012.1	A_000163
JP2022010928W	A_006196
CN202210423086.3	A_001546
US202017071756A	A_008049
DE102018202914A	A_005393
CN202311344331.2	A_000631
CN202111163244.8	A_002440
CN202021761473.0	A_001413
EP22158744A	A_005586
CN202011367236.0	A_000255
CN202321351148.0	A_000374
CN202210529158.2	A_002918
CN202122192873.5	A_002706
CN202321200440.2	A_004383
CN201910439594.9	A_000208
CN201810444758.2	A_000241
KR20220111112A	A_007095
CN201910217009.0	A_000959
CN202310680992.6	A_001821
US202117175200A	A_008105
CN201920610721.2	A_000992
CN202010113511.X	A_000138
CN202022579300.3	A_002158
CN202322884800.1	A_005083
US2018057069W	A_007664
CN202211397525.4	A_000477
KR20230067487A	A_007232
CN202311649362.9	A_002082
CN201922007870.2	A_001430
US202217752020A	A_005548
CN202310398390.1	A_003753
CN201811148227.5	A_000464
CN201811453075.X	A_000527
EP18177592A	A_005470
CN201920256261.8	A_000991
US202217693303A	A_008236
US201916390934A	A_005809
JP2018049222A	A_006059
TR2022003767U	A_007607
CN202210362836.0	A_001029
US201916694705A	A_007892
CN201821948364.2	A_000867
CN202120022006.4	A_002513
CN202020924318.X	A_001959
JP2020203789A	A_000017
CN202110239170.5	A_000182
CN202321624888.7	A_004650
CN202311483493.4	A_000345
CN202011295706.7	A_000477
CN202323315829.4	A_005244
CN202311039474.2	A_003790
CN202323187699.0	A_005186
CN202321724555.1	A_004542
KR20230053089A	A_006662
CN201820422757.3	A_000216
CN201910489608.8	A_001027
CN201910093517.2	A_000182
CN202310886610.5	A_003890
CN202211521491.5	A_001546
CN202320206042.5	A_004250
CN202121840157.7	A_002698
CN202320436871.2	A_004306
CN202211043714.1	A_001581
CN202322985356.2	A_005122
CN202110923406.7	A_002407
EP22970043A	A_005614
CN202311454255.0	A_004049
CN202011199148.4	A_001749
CN201811539808.1	A_000182
CN201810444758.2	A_000271
CN202320309602.X	A_003346
CN202321365029.0	A_004500
CN202322419557.6	A_003190
US202318862468A	A_005548
JP2018165941A	A_006094
CN202320766964.1	A_004329
KR20180087417A	A_006525
KR20210037914A	A_006921
CN202323338185.0	A_004503
CN202221983184.4	A_003296
EP23212352A	A_005421
CN202323275274.5	A_003481
CN202010832694.0	A_001688
IN202341068159	A_006036
CN202111248029.8	A_002449
CN202110377471.4	A_000517
CN202020157557.7	A_001855
CN201810918481.2	A_000396
KR20220150014A	A_007120
CN201810807328.2	A_000368
US202117524932A	A_005585
CN202310170828.0	A_000198
CN202010877121.X	A_001698
RU2020115740A	A_007466
CN202310437173.9	A_003768
KR20230071100A	A_006634
CN202223569586.2	A_003644
CN201810155273.1	A_000182
CN202120230195.4	A_002522
CN201922159367.9	A_000614
CN201810038079.5	A_000144
CN202210026063.9	A_002836
CN202222526371.6	A_003351
CN202111167302.4	A_002441
KR20210065167A	A_006784
US202117159808A	A_000113
CN202322451124.9	A_001633
KR20210051446A	A_005625
US202017027594A	A_006402
CN202311725569.X	A_003697
RU2020115297A	A_007465
CN202311195909.2	A_003973
CN201920231254.2	A_001218
US201815949791A	A_007696
CN201810168844.5	A_000188
CN202323452370.2	A_005295
KR20190097329A	A_006668
CN202222452961.9	A_001482
CN202210781673.X	A_002955
CN202310208476.3	A_002331
CN202022441430.0	A_000543
JP2018120798A	A_006083
EP20874046A	A_005554
AU2018318323A	A_000022
CN201921952562.0	A_001049
CN202221683554.2	A_000614
CN202310607428.1	A_003815
CN201910695914.7	A_001060
DE602018041437.1	A_000006
CN202223074121.X	A_003462
US201816052938A	A_007728
AU2023307623A	A_000050
KR2023008834W	A_007254
JP2020563518A	A_006221
GB201915952A	A_005693
CN202110319701.1	A_001170
CN201921076935.2	A_000543
CN2018105664W	A_000312
CN202211256632.5	A_002277
CN201810801991.1	A_000182
CN201922452485.9	A_001493
US202017626513A	A_008069
CN201920487487.9	A_001003
CN202220953786.9	A_003239
CN202220046240.5	A_003189
US202217650609A	A_008226
US202318222754A	A_008383
JP2022166703A	A_006083
CN202223303414.0	A_003547
KR20210138552A	A_006981
CN202180076140.5	A_002827
CN202320805627.9	A_004405
CN202222919289.X	A_003416
EP19776955A	A_005498
KR20230067487A	A_007229
JP2022510232A	A_006128
CN202310857632.9	A_003859
US201815964997A	A_000129
CN202320364708.X	A_004287
EP23811793A	A_005633
CN202222691618.X	A_003385
CN202320224495.0	A_000162
KR20220029726A	A_007069
CN202110783632.X	A_002382
CN202320310336.2	A_003735
CN202023045689.X	A_000543
CN202322260019.7	A_004869
CN202223222144.0	A_001747
CN201920222097.9	A_000783
CN202020873994.9	A_001607
CN202320555237.0	A_004341
CN202323038611.9	A_004525
CN202122528801.3	A_001979
IL30256123A	A_005780
CN202321980167.X	A_004776
CN202320881491.X	A_003791
CN202223355302.X	A_003562
JP2022050947A	A_005618
US201816047503A	A_000005
US202318142773A	A_005585
DE102019005141A	A_005396
CN202321608963.0	A_004646
DE202023106320U	A_005441
IN202141000445	A_005864
CN202011251464.1	A_000196
KR20200035931A	A_006791
EP23755990A	A_005629
CN202210860508.3	A_000326
CN202022227998.2	A_002113
CN201822199341.2	A_000287
CN201880061183.4	A_000907
JP2018224050A	A_006115
CN2021142443W	A_002511
CN2018081168W	A_000130
CN201821593762.7	A_000397
US202217852309A	A_005548
CN201811436828.6	A_000517
EP21845178A	A_005582
CN202320841824.6	A_004418
IN202341041463	A_006000
CN201820265472.3	A_000469
CN202010910070.6	A_000231
CN202120740264.6	A_001547
CN202222952900.9	A_003429
CN202011085634.3	A_001730
CN202321321229.6	A_004560
KR20230014542A	A_007189
CN202323628008.6	A_001986
KR2020002905W	A_006783
JP2021004182W	A_005506
CN202110546706.8	A_000947
IN202331041366	A_005985
JP2020510251A	A_006216
RU2020000673W	A_007464
US201916586274A	A_007851
CN202021732018.8	A_001060
KR20210188262A	A_007034
KR20220140289A	A_007114
CN201910409696.6	A_000840
EP22178031A	A_005589
US202016832785A	A_000009
CN201810230809.1	A_000162
KR20230164951A	A_006739
CN202311565627.7	A_004092
CN202110321735.4	A_000987
EP2019052378W	A_005518
CN202322975411.X	A_000682
CN202321488981.X	A_004609
CN202320775384.9	A_004236
JP2023034987A	A_006366
JP2025518282A	A_000048
JP2022072948A	A_006311
CN202322723264.7	A_000162
US202117545158A	A_000005
CN201920141425.2	A_001206
TW107118870A	A_000306
DE202019000682U	A_005434
CN202211178488.8	A_000659
CN202222523873.3	A_002002
CN202310323722.X	A_003029
CN201810293359.0	A_000233
CN202211466061.8	A_003103
CN202121785947.X	A_002690
CN202321967310.1	A_000231
CN201911152285.X	A_001136
LU503870A	A_007376
CN201920317894.5	A_001228
US201916660552A	A_005618
CN202010805056.X	A_001683
CN202110169992.0	A_001918
CN202323111824.X	A_000222
CN2020130704W	A_001725
CN202021761174.7	A_001413
CN202020758730.9	A_001941
CN202322310795.3	A_004883
CN201920208491.7	A_001210
US202217875579A	A_008268
JP2020005181W	A_006139
CN202011361209.2	A_000554
IN202341080320	A_006049
CN202010641836.5	A_001645
KR20190102533A	A_006695
CN202210540107.X	A_002920
US201916694705A	A_007933
CN202310173997.X	A_002850
JP2020082772A	A_006127
CN202311031098.2	A_003931
KR20190128744A	A_006706
IN202241006974	A_005894
CN202320613421.6	A_004354
CN202321949967.5	A_002517
CN201921857681.8	A_001409
CN202320705246.3	A_004381
JP2019164132A	A_006068
KR20190165397A	A_006732
CN201921321173.8	A_000177
JP2023181523A	A_006441
CN202020149076.1	A_001852
CN202223379548.0	A_003574
JP2022139604A	A_006114
CN202223083140.9	A_003465
US2020027642W	A_007975
CN202110454371.7	A_002334
US201917426138A	A_005514
CN202021817958.7	A_001820
US202318095807A	A_005548
CN202023340043.4	A_002238
CN202321650197.4	A_004657
IN202311087595A	A_005965
CN202020021293.2	A_001835
US201815862314A	A_007670
CN201920143308.X	A_001206
EP19195107A	A_005492
US202318226364A	A_005624
US202118007624A	A_008193
CN201911090422.1	A_001125
CN201822019703.5	A_000182
CN202310802815.0	A_003117
KR20230133117A	A_007070
CN202110085310.8	A_002265
CN201920606178.9	A_000314
CN202110247351.2	A_000304
KR20230010318A	A_007187
CN202121399396.3	A_001616
CN202322097779.0	A_001510
CN201820369065.7	A_000317
CN202111623707.4	A_002268
CN202323575216.4	A_005336
IN202311062438	A_005941
JP2022048164W	A_005614
CN202011277474.2	A_001769
JP2019149458A	A_006159
CN202110722574.X	A_002199
JP2019050078W	A_006137
KR20230103282A	A_006550
CN202211236105.8	A_000384
KR20210016388A	A_006581
JP2021121018A	A_006253
AU2019210583A	A_000024
KR20230047393A	A_006527
CN202022504072.3	A_002151
RU2023131691A	A_007456
CN201921429953.4	A_001354
CN202310166468.7	A_000574
CN202120763822.0	A_002091
CN202320501709.4	A_004326
KR20180016638A	A_006484
US202318210159A	A_008374
EP23197103A	A_005623
CN202211507516.6	A_003072
CN201820495882.7	A_000322
CN202121842076.0	A_002699
CN201911058716.6	A_000294
CN201822242377.4	A_000902
JP2018138671A	A_006087
CN202210880221.7	A_002976
CN202020951544.7	A_001963
KR20190101944A	A_006696
KR20197035323A	A_006752
CN202310607477.5	A_003816
JP2021165219A	A_006264
CN202020206173.X	A_001870
CN201821939861.6	A_000866
EP21182478A	A_005561
KR20210008435A	A_006899
CN202022310401.0	A_002122
CN202210193692.0	A_002860
CN202221627209.7	A_000395
CN202210043773.2	A_002842
FR2306787A	A_005681
CN202321275726.7	A_004549
KR20200013383A	A_006763
CN202123320049.X	A_002814
CN202322638072.6	A_003840
IL27434920A	A_005748
CN201821935626.1	A_000865
CN202122677535.0	A_001433
CN202320123140.2	A_004226
CN202310400520.0	A_001962
CN202320792247.6	A_004401
CN202321460875.0	A_003939
CN202110546625.8	A_002270
CN202321631063.8	A_004651
IN202141022968	A_005868
CN202020770674.0	A_001944
PL44567323A	A_007414
CN202011008570.7	A_001718
CN202210574848.X	A_000304
CN202123432367.5	A_002822
CN202321847980.X	A_004728
CN202321565770.1	A_004633
KR20230196303A	A_007360
JP2023087034A	A_006395
JP2018555793A	A_006118
RO201800573A	A_007420
CN202311208619.7	A_003976
FR2110322A	A_005681
CN202010065649.7	A_000184
KR20210179990A	A_007016
CN202211040567.2	A_003007
CN202320126764.X	A_003810
JP2018555793A	A_006117
CN202311467867.3	A_004059
CN201811250680.7	A_000223
CN202321846854.2	A_004727
CN202210804869.6	A_000315
DE102020125095A	A_005408
CN202311453772.6	A_004048
CN202110529105.6	A_002343
CN202122815801.1	A_000296
JP2023046357W	A_005614
CN202322514956.0	A_004965
CN202220458454.3	A_003215
CN202322260616.X	A_004870
US201916509707A	A_007834
CN202310566511.9	A_003801
DE102018116152A	A_005390
CN202210609922.7	A_000337
CN201810898016.7	A_000393
CN202110685973.3	A_000304
JP2022509785A	A_006128
CN202320372287.5	A_004289
KR2019013385W	A_006713
CN201810642952.1	A_000341
CN201822227617.3	A_000899
CN202210817724.X	A_000182
CN202210367774.2	A_002885
CN202320604211.0	A_004352
CN202023331342.1	A_001865
CN202222975256.7	A_003107
CN202121834362.2	A_002697
CN202310698930.8	A_002421
US201816042352A	A_000129
US201815947145A	A_007693
KR20230149532A	A_007307
CN202311060766.4	A_000614
CN202322944906.6	A_004019
KR20190013446A	A_006589
IN201847022362	A_005808
KR20220000579U	A_006881
EP23209029A	A_005626
US202117403706A	A_008146
CN202310144166.X	A_003695
JP2018076040A	A_006071
DE2020100980W	A_005432
JP2021145356A	A_006258
CN201811105998.6	A_000452
CN201821492467.2	A_000439
US202217877248A	A_005469
IL2023050411W	A_005745
JP2018138671A	A_006088
CN201910169136.8	A_000807
RU2023133900A	A_007568
CN202222951337.3	A_003427
CN202321369805.4	A_004571
CN202222165215.1	A_000659
JP2022022319W	A_006302
CN202111650765.6	A_001725
US202016921806A	A_008019
CN201810275304.7	A_000224
CN202310724283.3	A_000336
CN202221919248.4	A_000749
IN202341058142A	A_006022
CN201821820880.7	A_000345
CN202011342156.X	A_001725
CN202311268691.9	A_002002
CN202323454666.8	A_003651
JP2021510916A	A_005749
KR20180017947A	A_006486
CN202310744771.0	A_003848
US202016733244A	A_000005
KR20230062615A	A_007227
CN202322519568.1	A_004909
CN201810709738.3	A_000350
CN202320274847.3	A_001147
CN201921051576.5	A_001315
DE102020134597A	A_005410
CN201810095266.7	A_000158
US201916694705A	A_007910
CN202210324522.1	A_002876
CN2020070268W	A_001532
CN201910254398.4	A_000182
CN202220172595.9	A_003200
EP21813001A	A_005578
CN202022776679.7	A_002186
CN202311022012.X	A_002002
KR20210160406A	A_006952
CN202321443356.3	A_003951
CN201922496023.7	A_001509
KR20210043028A	A_006925
KR2023008834W	A_007253
CN202320212491.0	A_004257
CN202122641446.0	A_002771
KR20200066216A	A_006821
CN202321701067.9	A_003362
EP18400021A	A_000112
US201916563908A	A_005494
CN201910013468.7	A_000317
CN201821940237.8	A_000248
JP2021037295W	A_005604
CN202123320049.X	A_002811
CN202021202765.0	A_001990
KR20200114528A	A_006550
CN202223530903.X	A_003635
CN202311130725.8	A_003074
CN202323121854.9	A_005165
AU2018281883A	A_000019
US201916694705A	A_007862
CN202311013554.0	A_003926
CN201911076557.2	A_001122
CN201980005407.4	A_000128
EP19919693A	A_005513
CN202211297613.7	A_003055
CN201820679312.3	A_000688
GB202306274A	A_005693
RU2019132542A	A_007463
CN202220473491.1	A_003217
US202218072112A	A_005548
CN202211520212.3	A_003123
IN202311086892	A_000045
KR20210058075A	A_006936
US202117331372A	A_008129
CN201920528413.5	A_001258
KR20210070163A	A_006825
CN201920110480.5	A_001201
CN202320919171.9	A_004444
CN202311158366.7	A_003961
IN202331058274	A_005986
CN201922224042.4	A_000729
CN201811039404.6	A_000431
CN202211635984.1	A_003160
CN202310597983.0	A_003811
CN202311031269.1	A_003874
CN201811488870.2	A_000326
JP2022510336A	A_006138
CN202321376448.4	A_004542
KR20200079499A	A_006831
GB2023052023W	A_000048
KR20220165452A	A_007115
JP2022048188W	A_005614
AT501882021A	A_000011
KR20210051446A	A_005626
CN202223442309.5	A_003245
CN202122081560.2	A_000336
JP2018134728A	A_006085
CN201921878067.X	A_001411
CN202322024866.3	A_004792
US201916694705A	A_007928
CN201821496353.5	A_000805
CN201810003649.7	A_000135
US202117213482A	A_008115
US202117555440A	A_008173
CN201910115597.7	A_000935
CN202322343432.X	A_004894
US201816142452A	A_007741
CN202121013306.2	A_002623
CN202010937240.X	A_001708
CN201910124803.0	A_000350
KR20200147756A	A_006863
CN202323262109.6	A_005008
CN202011336712.2	A_000778
JP2022047763W	A_006315
CN202210915787.9	A_002978
CN202322162008.5	A_004811
CN202321187835.3	A_001099
CN201811433857.7	A_000516
PL44113822A	A_007405
US202016889458A	A_000005
US201916513537A	A_007836
CN202210871508.3	A_000294
KR20210185112A	A_007027
CN201921244614.9	A_001335
CN201920826649.7	A_001007
CN202011206142.5	A_001751
US202217860745A	A_000054
RU2020138553A	A_007480
CN202021582855.7	A_001933
JP2023119341A	A_006410
CN202022310401.0	A_002123
EP19832770A	A_005503
CN201910047289.5	A_000294
CN201910480585.4	A_001021
CN202123320049.X	A_002812
CN202321769337.X	A_003369
KR20200058242A	A_006812
CA3167695A	A_000009
FR2206064A	A_005681
CN202321044633.3	A_004479
JP2023032286W	A_006360
CN202222988768.7	A_001323
ES19839409T	A_005645
US202318500908A	A_008425
CN201920292181.8	A_001225
CN202120617470.8	A_002578
CN202311405195.3	A_004033
CN202010956492.7	A_000543
CN202211579782.X	A_003140
CN202322468155.5	A_004942
CN201820652266.8	A_000684
CN202121497184.9	A_002670
CN202311513766.5	A_002346
CN202310860053.X	A_003881
TW109138934A	A_007642
CN202123320049.X	A_002810
IDP00202105750	A_005740
US202017767930A	A_008078
US202117212146A	A_005603
CN202323572050.0	A_005332
DE602018042729.5	A_005457
CN202310083199.8	A_000384
CN202110402032.4	A_000294
CN202022495767.X	A_001445
SG10202002962P	A_000037
US202318243207A	A_008163
CN202323130895.4	A_005169
CN202310278871.9	A_000294
CN201920204348.0	A_001209
CN201922003097.2	A_001428
CN202220932603.5	A_001296
US202217730257A	A_008248
US202217976442A	A_008290
CN202111004412.9	A_000778
CN201810201165.3	A_000142
CN202323522921.8	A_000915
KR20190154795A	A_006550
CN202323009907.8	A_002316
CN202211385884.8	A_003081
US202016990780A	A_005469
CN201921998941.3	A_000315
CN202223153612.3	A_003479
CN202321387175.3	A_004577
CN202211192874.2	A_003033
KR20190028756A	A_006601
KR20230040181A	A_006868
CN202010217919.1	A_001570
KR20220021878A	A_007063
IN202311062438	A_005945
CN202120971918.6	A_000384
CN202211531366.2	A_000345
CN202021706882.0	A_001685
CN202310508617.3	A_003787
CN202310095292.0	A_001637
CN202223072141.3	A_003461
CN202021254090.4	A_000326
KR20230060220A	A_007044
RU2022135296A	A_007522
CN202321791499.3	A_004710
CN202110892737.9	A_000182
CN202323255644.9	A_005215
CN202311145938.8	A_003958
CN202120377728.1	A_002547
EP21736682A	A_005573
US202318488128A	A_008420
CN201811133341.0	A_000463
CN202111381946.3	A_000345
CN202110200461.3	A_002282
CN202323216813.8	A_003411
CN202010425654.4	A_000316
CN202220757021.8	A_001044
US202217879936A	A_008271
CN202311485760.1	A_000345
US202016869099A	A_000050
CN202311719743.X	A_000810
JP2020171328A	A_006068
US202117146352A	A_008090
US202017061009A	A_008044
CN201922129108.1	A_000315
CN202111256444.8	A_001933
BG438419U	A_000059
CN202310813169.8	A_003870
IN202041042208	A_005848
CN202321553627.0	A_004626
CN202111499735.X	A_002491
CN202322365184.9	A_004685
CN202322439856.6	A_002216
KR20220120014A	A_007101
CN201810751864.5	A_000357
JP2022134865A	A_006057
CN202011465025.0	A_001795
US201816035134A	A_007717
CN202322981466.1	A_005118
US202318203742A	A_005548
CN202323508372.9	A_004751
CN202322491506.4	A_004918
CN202123254173.0	A_002803
FI20215590A	A_005676
CN202011516440.4	A_001807
CN201822181316.1	A_000557
JP2021211054A	A_006114
US202318098889A	A_008348
CN201910757015.5	A_001070
CN202011118313.9	A_001143
CN201920451838.0	A_001248
US202117520021A	A_008166
EP21744972A	A_005574
EP20740398A	A_005544
CN201820331326.6	A_000631
KR20200057137A	A_006810
US202217730304A	A_005587
CN202320375415.1	A_004275
CN202311632776.0	A_004113
JP2023000634U	A_006342
CN202320125879.7	A_002174
CN202310339180.5	A_003738
CN202323397129.4	A_003053
US201917250044A	A_007963
CN202023285525.4	A_002234
US2019015607W	A_005809
CN201910684150.1	A_001057
KR20230000356U	A_007057
CN202323468020.5	A_002221
CZ2020374A	A_005385
KR20210032345A	A_006918
US202318491076A	A_005472
KR20200122408A	A_006842
CN202111234974.2	A_000749
CN202111371908.X	A_002474
CN202323328447.5	A_005249
CN202020517172.7	A_001909
BY2021000015W	A_000109
KR20210151662A	A_006986
US202017084679A	A_007682
KR20230158301A	A_007314
CN202322654098.X	A_004456
CN202321557470.9	A_004374
CN202122973200.3	A_002790
KR20180107260A	A_006533
US201916401854A	A_000129
CN201821185237.1	A_000754
CN202310261564.X	A_003720
CN202211260611.0	A_003046
CN201910081792.2	A_000927
CN202311176673.8	A_003967
US202016928371A	A_007682
CN202322909232.6	A_005094
CN202311259613.2	A_000182
CN202311783974.7	A_004047
US202217902261A	A_008274
CN202322736179.4	A_005025
US202016733244A	A_007674
US202217981807A	A_005636
CN202323267771.0	A_005221
JP2023061194A	A_006377
CN202121783579.5	A_002688
US201916694705A	A_007934
CN202322867736.6	A_003554
CN202211581075.4	A_003144
EP19863258A	A_005507
CN202110426837.2	A_000968
CN202011480031.3	A_001797
IN202211055837	A_005878
CN202120535500.0	A_000384
CN202322471769.9	A_004947
KR20210082470A	A_006946
JP2021009088A	A_006068
CN202323658204.8	A_005372
JP2018074862A	A_006068
US201916725452A	A_000129
CN202021448670.7	A_000730
CN202310590682.5	A_003810
US202117220042A	A_007801
CN202321130138.4	A_004510
CN201920440558.X	A_001244
CN202211693184.5	A_003173
KR20200042372A	A_006796
CN202322658604.2	A_003809
CN202211174910.2	A_003023
US202016777595A	A_007987
KR20230047393A	A_006528
EP21216380A	A_000009
CN202322334162.6	A_004889
CN201921960211.4	A_001420
KR20190037463A	A_006611
CN202311679427.4	A_003745
CN202010156846.X	A_000994
BG438419U	A_000061
CN202222943719.1	A_003423
JP2021166587A	A_006261
US202017786194A	A_000029
CN202320119064.8	A_004224
US201916694705A	A_007898
US201815994185A	A_007660
CN202011318316.7	A_001776
CN202310991766.X	A_003919
CN202111677802.2	A_002507
CN202121102863.1	A_001863
CN202223194671.5	A_002830
IN202111056926	A_005854
CN202123448957.7	A_000884
KR20190037463A	A_006610
CN202322405262.3	A_001362
CN202322748300.5	A_005027
CN202021465551.2	A_002021
CN201820685469.7	A_000692
CN201820649418.9	A_000683
CN202310590930.6	A_003031
JP2023217815A	A_006453
KR20200170855A	A_005626
CN202120138680.9	A_001848
CN202010080347.7	A_001547
CN201820986449.3	A_000469
CN201811274377.0	A_000161
CN202221968211.0	A_003294
US202016994618A	A_008035
CN202322039387.9	A_001707
CN202322469550.5	A_001369
CN202321024655.3	A_003680
CN202020907537.7	A_001961
CN202322386096.7	A_004817
CN202311450983.4	A_000213
CN202223601074.X	A_003653
CN202311271120.0	A_003994
CN202310381907.6	A_003750
JP2021026198A	A_006079
CN201920854697.7	A_000998
JP2023085003A	A_006393
CN202321934541.2	A_004761
CN201822140793.3	A_000574
US201916403531A	A_007816
JP2023078069A	A_006192
CN202221252158.4	A_003251
CN202210484496.9	A_002910
CN202122881434.5	A_002472
RU2018137026A	A_007443
CN202011557923.9	A_000496
EP18173037A	A_000009
CN201811527282.5	A_000546
CN201920060498.9	A_001195
CN201821283302.4	A_000239
CN202322979137.3	A_005028
CN202022028293.8	A_001820
CN202111211887.5	A_002447
CN202310744771.0	A_000179
KR20230103282A	A_006910
CN201821471488.6	A_000802
KR20190115975A	A_006703
CN202021514437.4	A_002029
CN201910349663.7	A_000523
JP2023082614A	A_006391
CN202323339319.0	A_005255
CN202323067787.7	A_000336
CN201811368013.9	A_000508
CN202320497147.0	A_004323
US202017015558A	A_008016
CN202311428254.9	A_004040
CN202011342096.1	A_001725
CN201922003103.4	A_001428
CN201921376986.7	A_001351
CN202222886674.9	A_003409
CN202311508181.4	A_003714
CN202211181383.8	A_003026
CN201810730629.X	A_000353
US202016782131A	A_000115
US202117319629A	A_000005
CN201820960442.4	A_000729
CN201810992926.1	A_000162
US201916510713A	A_007835
CN202210585513.8	A_000315
US202217967759A	A_008203
KR20220175747A	A_007146
CN202223318547.5	A_003550
US202117340811A	A_005632
CN202022769456.8	A_002184
CN202322230160.2	A_001202
US202017108682A	A_000005
KR20220165724A	A_007138
KR20220176620A	A_007149
CN202320100368.X	A_004215
CN202321685948.6	A_004668
CN201810998433.9	A_000417
CN201911087526.7	A_000273
CN201921601056.7	A_001370
CN202321711057.3	A_004675
CN202120559232.6	A_002571
KR20220168178A	A_007143
CN201920958204.4	A_001307
CN202321443220.2	A_003427
CN202011643439.8	A_000543
CN202223108222.4	A_001713
CN202111350976.8	A_002469
CN201922355000.4	A_001477
IN202141000445	A_005861
KR20180147472A	A_006561
CN201811112397.8	A_000458
CN202222903202.X	A_003412
CN202323659994.1	A_005374
CN202121536070.0	A_002676
CN202223300727.0	A_003428
CN201922462530.9	A_001179
CN202322419556.1	A_004922
CN201910468318.5	A_000509
CN202020899865.7	A_001958
BY2021000015W	A_000108
CN202321514001.9	A_004615
CN2021085546W	A_002248
US201815952369A	A_000037
CN202020461511.4	A_001902
AU2021102289A	A_000043
CN202223340480.5	A_003256
CN202223354565.9	A_003561
CN201921725905.X	A_000389
CN201910119542.3	A_000350
CN202322206255.0	A_004845
KR20230120903A	A_006480
CN201810432912.4	A_000266
CN2023142971W	A_004189
CN202110347513.X	A_001026
US202016857954A	A_008005
JP2022179155A	A_006315
CN202321370789.0	A_004572
CN202210951659.X	A_002989
CN2023077086W	A_003658
CN201820683684.3	A_000691
CN202311788183.3	A_004160
US201916285810A	A_005809
CN201810084050.0	A_000155
CN202020473300.2	A_001903
CN202220265043.2	A_002587
CN202122442942.3	A_002755
CN202010410535.1	A_001602
CN202110173139.6	A_002275
CN202320244581.8	A_004266
CN201910515486.5	A_001032
CN201821143277.X	A_000639
US201916694705A	A_007930
JP2023211651A	A_006448
JP2020032149A	A_005618
CN202010859974.0	A_000304
CN202322805166.8	A_005046
CN202322616349.5	A_003346
CN201811087734.2	A_000446
CN202211377807.8	A_003079
KR20230181308A	A_006740
KR20230108722A	A_006868
CN202323257621.1	A_002343
KR20220127719A	A_007105
CN202010303531.3	A_000681
CN202223545902.2	A_000912
CN202020091748.8	A_001506
EP23788949A	A_005630
US202117488946A	A_005587
CN202310193545.8	A_003168
CN201810502166.1	A_000289
CN202022989584.3	A_000128
RU2023122444U	A_007552
CN202210808552.X	A_002960
CN202310583883.2	A_003809
CN202311545651.4	A_004086
CN201811361266.3	A_000345
CN201810289305.7	A_000232
JP2023554105A	A_006128
CN201820151328.7	A_000601
CN202211496426.1	A_003074
US201815889865A	A_007678
CN202223430931.4	A_003599
CN202323180812.2	A_001039
CN202310145386.4	A_002403
ES20192330T	A_005651
US201816191448A	A_007762
CN202320862296.2	A_004425
CN202221814990.9	A_003284
CN201920974015.6	A_001308
JP2019034315W	A_006130
JP2019174231A	A_006159
CN202321487793.5	A_004306
US201815862314A	A_007668
CN202020104796.6	A_001846
US202318330776A	A_008392
CN202311549033.7	A_003981
CN201880085073.1	A_000910
CN202223103947.4	A_003470
CN201922305460.6	A_001475
CN202222319066.X	A_003326
IB2020050520W	A_005732
IN202317046234	A_005973
JP2021171977A	A_006267
US202117453194A	A_008152
CN202323584800.6	A_005340
KR20210082329A	A_006945
CN202320134846.9	A_004229
CN202321190560.9	A_004527
CN202321819720.1	A_004717
CN201910165395.3	A_000543
EP23275170A	A_000048
EP19812924A	A_005502
US201815880216A	A_007674
CN202311624975.7	A_003133
US202117176410A	A_005497
CN202010866790.7	A_001695
CN202120633412.4	A_002580
US201816180256A	A_007756
JP2023175099A	A_006435
CN202311653901.6	A_000452
CN202022880516.3	A_002191
BR102018000434A	A_000065
KR20190050355A	A_006632
CN201822105404.3	A_000881
CN202323663508.3	A_000753
EP19177635A	A_005472
CN202122320697.9	A_000977
CN202111553200.6	A_002497
CN201811337963.5	A_000499
CN202323209090.9	A_004507
CN201922271800.8	A_001471
TW108207613U	A_000546
CN202111086940.3	A_000393
CN202321212071.9	A_003321
CN202223347601.9	A_003556
CN201810898810.1	A_000394
CN202323610359.4	A_005352
CN202310679372.0	A_003837
US202017310650A	A_008059
KR20230174559A	A_006267
CN202010458579.1	A_001611
EP20196754A	A_005527
CN201810728879.X	A_000352
CN202311748642.5	A_004047
US202218692651A	A_008325
CN202222763054.6	A_003335
CN202323002571.2	A_004324
JP2023181107A	A_006079
CN202121445845.3	A_002472
KR20210045890A	A_006755
KR20210187632A	A_007031
CN202221573931.7	A_001118
US201816055508A	A_005809
CN202322905078.5	A_005093
EP21906182A	A_005507
KR20230162852A	A_007318
CN201811426582.4	A_000514
CN202322883816.0	A_000833
CN202320237390.9	A_004265
IN202341036261	A_005996
KR20230167634A	A_006480
CN201910288173.0	A_000977
KR20200086713A	A_006834
KR20230131218A	A_007281
CN201921817592.0	A_001404
CN202311005658.7	A_003924
US201816761383A	A_006083
CA3161015A	A_000037
CN201811362455.2	A_000345
CN202311250497.8	A_001139
CN202322620587.3	A_001103
CN201820158295.9	A_000160
CN202310650599.2	A_003828
US202016820231A	A_000037
US202318101509A	A_005421
CN202323178569.0	A_004469
CN202311665466.9	A_000326
CN201821385062.9	A_000790
CN202322113912.7	A_004817
KR20210077244A	A_005626
CN201821819706.0	A_000315
CN202020080515.8	A_001844
IN202321088921	A_005979
KR20230167964A	A_006759
CN202222554741.7	A_003362
KR20210055400A	A_006932
US201916730038A	A_000129
IN201941044563	A_005817
GB202206748A	A_000048
TR2022050641W	A_007622
JP2023034987A	A_006367
CN202121762087.8	A_001920
CN202021994306.0	A_000543
DE202021105654U	A_005436
JP2023032286W	A_006359
CN201821544300.6	A_000812
EP20191478A	A_005525
CN202322894828.3	A_000783
CN201910985370.8	A_000245
CN202011025857.0	A_001720
CN202210860293.5	A_002974
CN202323190914.2	A_005188
CN202311445269.6	A_000196
IN202321024845	A_005975
CN202310114742.6	A_003685
CN202323098479.0	A_003255
CN202310393838.0	A_003752
CN201811513559.9	A_000541
CN202322256709.5	A_004863
CN202022971762.X	A_002203
CN202211444430.3	A_003097
CN202011342140.9	A_001725
TW112134651A	A_007652
JP2018224050A	A_006116
JP2019003853U	A_006123
KR20230105531A	A_007263
JP2019179785A	A_006138
CN202311774496.3	A_001921
CN202322997600.7	A_005128
US202318188132A	A_000005
CN202111014800.5	A_002420
CN202223189902.3	A_002846
CN202223500594.1	A_003623
US202017437126A	A_008064
CN202321258545.3	A_004544
CN202311576122.0	A_000345
EP22158744A	A_005563
CN202210819016.X	A_002962
IL28626721A	A_005767
CN202322757466.3	A_001197
CN202011200315.2	A_000345
CN201810555977.8	A_000245
CN201821889261.3	A_000677
KR20210114527A	A_006966
US202218552351A	A_008311
US201916385246A	A_000129
CN202322799044.2	A_000959
CN201821616875.4	A_000652
CN201811479979.X	A_000538
JP2018165941A	A_006095
US202117171383A	A_008103
CN201910307869.3	A_000196
CN202223178698.5	A_003493
CN202321045392.4	A_002768
CN202322735044.6	A_005024
CN202021330212.3	A_001847
JP2022072948A	A_006310
US202318234480A	A_007718
FR2108524A	A_005402
BR102023007823	A_000087
CN201810375405.1	A_000255
CN202321476740.3	A_000452
CN202020281192.9	A_001882
US202318362203A	A_008403
EP2023056135W	A_005534
CN202222701767.X	A_003387
KR20230046543A	A_007212
CN202222179604.X	A_001090
CN201921991561.7	A_001426
CN202310247973.4	A_003717
US202217652705A	A_008228
CN202222904685.5	A_003413
BR102019010329	A_000074
CN201820875481.4	A_000182
KR20230167964A	A_006760
US202318392981A	A_007996
CN202322376790.0	A_004906
CN202210872126.2	A_000543
CN202321115444.0	A_004506
KR20210138552A	A_006982
JP2024511029A	A_006233
US202117200837A	A_000112
DE602019004153.5	A_005459
CN202010239244.0	A_001578
CN201980038676.0	A_001516
CN202311719547.2	A_004136
CN201821996415.9	A_000140
CN202011469424.4	A_001796
EP20744091A	A_005545
KR20220117293A	A_007097
CN202023098374.1	A_002214
CN202322044681.9	A_004797
JP2021208996A	A_006160
CN201920408087.4	A_000963
CN202223360216.8	A_003438
CN202310531293.5	A_003796
CN202211373142.3	A_003077
CN202311786312.5	A_000844
CN202323022974.3	A_005058
CN202323280854.3	A_005231
CN202010901889.6	A_000511
CN202322094117.8	A_004813
CN202211454921.6	A_002507
US202217885082A	A_000037
JP2022098241A	A_006137
BR102023021571	A_000092
CN201811130245.0	A_000460
CN202111364274.5	A_002473
CN201921682707.X	A_001379
US201815949136A	A_007694
CN202010827168.5	A_000333
CN202110272837.1	A_002296
US202017035380A	A_000129
CN202220407785.4	A_000543
CN202021354055.X	A_002008
CN201910240171.4	A_000965
CN202022694138.X	A_001775
KR20230152218A	A_007310
CN202023255464.7	A_002230
CN202310405235.8	A_003757
CN202323074379.4	A_000576
CN202210028367.9	A_001458
CN202323255825.1	A_005217
CN201821096453.9	A_000742
CN202011117739.2	A_001739
KR20210056764A	A_006933
IN202241006974	A_005892
EP20166276A	A_000037
CN201922202604.5	A_001454
CN201810632621.X	A_000337
CN201921669015.1	A_001378
CN202010734806.9	A_001668
CN201810709157.X	A_000189
AU2023387755A	A_000057
CN201810488052.6	A_000223
CN202023194766.8	A_002223
CN202223267874.2	A_003527
CN202322626381.1	A_004927
US202117154925A	A_000005
CN202080064747.7	A_002243
CN201810968786.4	A_000410
CN202210146597.5	A_002852
FR2005642A	A_005681
CN201921033415.3	A_001312
CN202321110537.4	A_004505
CN202320885544.5	A_004437
CN202323281056.2	A_005232
CN202322164090.5	A_004836
CN202311803949.0	A_004165
CN201920806387.8	A_000236
CN202320065035.8	A_004204
CN202310232096.3	A_003713
US202318847100A	A_008324
CN201810796857.7	A_000364
CN202323275966.X	A_005226
CN202310928775.4	A_002982
CN202320506179.2	A_004327
CN202120970775.7	A_000692
CN202222404984.2	A_003335
CN202123235659.X	A_002802
CN202023019484.4	A_001723
CN202111376362.7	A_002476
CN202311797462.6	A_004162
CN202110195431.8	A_000816
CN202322211084.0	A_004850
KR20180166655A	A_006578
JP2023215823A	A_006206
CN202021994350.1	A_000543
CN202020267251.7	A_001556
CN202021393958.9	A_002013
CN202021649434.1	A_002049
KR20210002995U	A_006857
CN202321598134.9	A_003592
CN202321107601.3	A_004503
KR20200001300A	A_006754
CN202323550772.6	A_005135
CN202320431601.2	A_004304
DE202023106320U	A_005447
CN202311687682.3	A_003927
CN201821550859.X	A_000457
CN202323131917.9	A_005170
CN202321671177.5	A_001103
CN202222675082.2	A_000496
CN202223041547.5	A_001311
KR2023013546W	A_007168
CN202211226112.X	A_002423
CN202322910953.9	A_002819
CN202011306891.5	A_001775
JP2021030862W	A_006068
CN202021930182.X	A_001820
CN201910650165.6	A_000990
JP2022569401A	A_006068
CN202010927933.0	A_000182
US202318198910A	A_008370
IN2023050679W	A_005918
JP2021145356A	A_006257
US202117322527A	A_000129
CN202011480505.4	A_001798
CN202023257777.6	A_002231
CN202211347956.X	A_000729
KR20190136203A	A_006559
CN201980087080.X	A_001528
CN202022788062.7	A_001725
CN202110973088.5	A_000294
KR20190099744A	A_006693
JP2023032286W	A_006358
CN202211500646.7	A_003117
KR20200151536A	A_006760
CN201920120507.9	A_001204
CN202222172056.8	A_003308
CN202322529819.4	A_004971
CN201922339205.3	A_000277
CN202322688299.1	A_002455
CN202020658885.5	A_000998
IN202341025199	A_005991
CN202222910229.1	A_003403
SG11202250070E	A_005500
US202016877041A	A_000129
BR102022023223A	A_000085
CN202323539788.7	A_000139
US202318836473A	A_008439
JP2021015968W	A_006182
CN202310751455.6	A_003840
FR1907237A	A_005402
US202016820691A	A_007996
RU2022132407U	A_007517
CN202311224850.5	A_003981
JP2019104027A	A_006147
PL42489218A	A_007400
CN202321449412.4	A_004572
IL28968322A	A_005773
CN202210817723.5	A_000182
US202117373097A	A_005585
JP2019024346A	A_006126
CN202311457386.4	A_000413
CN201921941079.2	A_001419
CN201980006606.7	A_000909
CN202121080173.0	A_000135
KR20220059900A	A_007085
US202318500352A	A_008412
US202218086259A	A_000050
CN202323654627.2	A_005369
CN202111222121.7	A_001365
CN202210189599.2	A_002858
US202318106279A	A_008274
CN202311661123.5	A_004117
CN202321211219.7	A_004531
CN201810812761.5	A_000304
CN202221367383.2	A_003257
US202117558307A	A_008174
KR20220051188A	A_007080
US202017756225A	A_008077
CN201810045101.9	A_000146
KR20210155831A	A_006990
KR20210014344A	A_006904
CN202210839493.2	A_002968
CN201810129753.0	A_000174
CN202323114865.4	A_000384
CN201921227044.2	A_001333
US202218058262A	A_005639
CN202021678416.6	A_002056
US201916365214A	A_005469
KR20220027342A	A_007064
NZ2020050031W	A_007397
CN202010193725.2	A_001565
CN201911051850.3	A_000388
CN202320872481.X	A_004432
CN202223201680.2	A_003507
CN202020917152.9	A_001324
EP23703590A	A_005601
KR20210037914A	A_006922
CN202222531006.4	A_003352
KR20190112910A	A_006701
CN202310421848.0	A_003089
CN201920715154.7	A_001007
US202117540539A	A_000005
CN201910879451.X	A_001091
BG417118U	A_000058
CN202021939908.6	A_000353
EP19863258A	A_005508
KR20200013783A	A_006765
CN202222630048.3	A_003377
CN202322550300.4	A_004975
KR20180061102A	A_006511
CN201910273275.5	A_000973
US202318520014A	A_005585
US201916396795A	A_007815
CN202010440677.2	A_001607
KR20190025269A	A_006596
CN202111562821.0	A_001958
CN201921694875.0	A_001383
KR20200081931A	A_006832
IN202311062438	A_005942
CN202220771712.3	A_003232
CN202222865963.0	A_003406
US202117404809A	A_005548
CN202322777853.3	A_005037
CN202210698675.2	A_000182
CN202311583877.3	A_000315
CN202310238917.4	A_003715
CN202320258589.X	A_004272
CN202111451250.3	A_002483
CN202311378222.2	A_000532
CN202321676182.5	A_003411
CN202022260455.0	A_002116
US2018053084W	A_007665
CN202311074469.5	A_003945
KR20230038857A	A_006603
CN202323303132.5	A_005238
IN202311051985A	A_005931
CN201822249782.9	A_000346
EP25182183A	A_005632
CN201820702169.5	A_000694
CN202220795971.X	A_001029
CN201820380226.2	A_000261
US202117341492A	A_000005
US201816188553A	A_000005
CN201810709158.4	A_000189
CN201810159632.0	A_000184
US202217880247A	A_005548
CN202321890243.8	A_004743
US201816103976A	A_006402
US202217570834A	A_005469
CN201821274368.7	A_000394
KR20220122859A	A_006648
CN202121066549.2	A_002201
AU2022275495A	A_000051
CN202323315832.6	A_005244
CN201911190430.3	A_001144
CN202210399770.2	A_002893
CN202310288033.X	A_000273
EA202290738	A_005465
CN202321610531.3	A_004648
CN202121655371.5	A_000622
CN2019083654W	A_000559
CN202211434535.0	A_003092
CN202320232749.3	A_004264
CN202321732406.X	A_004682
CN201810263785.X	A_000219
TR202021171A	A_007595
CN201810488563.8	A_000283
RU2019127371A	A_007461
CN202311579718.6	A_000315
CN202211318589.0	A_003059
CN202211672660.5	A_000496
CN201920950115.5	A_001300
CN202021934856.3	A_002083
CN201811086221.X	A_000445
CN202311864184.1	A_002455
JP2023176541A	A_006182
CN201910944687.7	A_001102
KR20230176114A	A_007342
US202016859229A	A_008006
CN202111382129.X	A_000345
CN201821463771.4	A_000432
US202217854999A	A_000492
CN201921961739.3	A_001421
CN202022353463.X	A_002133
US201816118354A	A_005577
CN201810763060.7	A_000253
GR20190100367A	A_005719
CN201921993698.6	A_000778
CN202320457157.1	A_000416
US202017603227A	A_005681
CN201911007342.5	A_000514
AU2018202891A	A_000017
CN202010732271.1	A_001667
CN201820353209.X	A_000200
CN202310761665.3	A_000636
CN202323478349.X	A_005302
CN202021155349.X	A_001985
CN202020169705.7	A_001858
CN202211033129.3	A_003005
CN202110759137.5	A_002378
CN202311136445.8	A_001161
CN202210168659.2	A_002857
CN202110202368.6	A_000211
US201816005374A	A_007710
CN202322960687.0	A_000782
CN202323242824.3	A_003416
CN202011052397.0	A_001723
CN201821606301.9	A_000242
DE102019118032A	A_005402
KR20180007498A	A_006474
CN202211469432.8	A_003104
KR20200118231A	A_006840
US201816765487A	A_007788
CN201922277822.5	A_001473
RU2023117909A	A_007545
CN202323646604.7	A_005365
CN201820751773.7	A_000702
US201816611305A	A_007778
CN202010095946.6	A_001550
CN202322215196.3	A_002463
CN202110232478.7	A_002288
CN201810396607.4	A_000259
US202218087153A	A_008305
JP2019131390A	A_006153
CN202110193169.3	A_002280
KR20210027181A	A_006915
CN202223300727.0	A_003544
CN202120092292.1	A_002515
CN202320659496.8	A_004369
CN202322595004.6	A_004990
CN201920449369.9	A_001247
CN201822013863.9	A_000533
JP2021030118W	A_006231
US202117197427A	A_005548
US201916251562A	A_000005
CN2018095285W	A_000128
CN202320431442.6	A_004303
JP2024572033A	A_006462
KR20220152124A	A_007122
CN202110431031.2	A_001676
JP2021018509A	A_006224
CN202210942793.3	A_002986
CN202210421437.7	A_001958
CN202022547006.4	A_000182
EP18939786A	A_005487
US202217811343A	A_000037
CN202310265769.5	A_003029
CN201920282889.5	A_001223
CN201980040132.8	A_001517
US202318463826A	A_005585
KR20200014126A	A_006772
CN202322875799.6	A_004590
CN201921733588.6	A_001388
CN201920080329.1	A_001198
US201916694705A	A_007913
JP2020559139A	A_006139
KR2021017268W	A_007006
US2023017098W	A_005548
CN202220088600.8	A_003196
CN202110275092.4	A_002300
JP2023144158A	A_006111
EP23154042A	A_005615
CN201810440777.8	A_000268
CN201821950201.8	A_000869
CN202320364127.6	A_001944
CN202110016050.9	A_002251
CN202321099430.4	A_003031
KR20230116101A	A_007270
CN201921531493.6	A_001361
CN202311494148.0	A_004069
CN202211304835.7	A_001637
CN202320110777.8	A_004218
CN201910930756.9	A_000955
CN202110554038.3	A_001129
KR20230130646A	A_007275
CN201821524097.6	A_000447
RU2019132542A	A_007462
CN201910154090.2	A_000946
KR20210191436A	A_006893
JP2019215244A	A_006068
CN202320956949.3	A_000259
CN202123231866.8	A_002500
CN202122303291.X	A_000953
CN202210593392.1	A_002934
CN201821854646.6	A_000731
CN201921364381.6	A_001077
JP2021094521A	A_006110
CN202322403197.0	A_004914
CN202122959076.5	A_002789
CN202323272150.1	A_005223
CN202223445888.9	A_003605
CN201820091825.2	A_000588
KR20210063772A	A_006939
CN202320069541.4	A_004207
LU505425A	A_007378
CN202323030926.9	A_002956
CN202311589885.9	A_004100
US202218556454A	A_008313
JP2018097633A	A_006080
CN202010628101.9	A_001642
CN202322297602.5	A_001323
CN201821210846.8	A_000761
KR20210044037A	A_006926
KR20200042188A	A_006794
US202117558307A	A_007747
KR20180161263A	A_006572
CN202022704107.8	A_002177
CN201810832482.5	A_000372
CN202222020245.3	A_002928
CN202321465189.2	A_000729
CN202120346246.X	A_002540
US202217974164A	A_000050
KR20180035110A	A_006492
US201916694705A	A_007912
CN202210785024.7	A_000177
PL42565818A	A_007401
CN202022922484.9	A_001946
CN202310810242.6	A_003868
JP2019087678A	A_006145
CN201821669335.2	A_000836
KR20230049769A	A_007218
KR20180116943A	A_006544
EP19194778A	A_000086
IN201817005407	A_005793
US202318212803A	A_000009
CN202122225584.0	A_001029
KR20220190315A	A_005588
CN202022365529.7	A_002137
IB2022060900W	A_005734
CN202211361590.1	A_000384
CN202010541144.3	A_001616
CN202310831376.6	A_000609
CN202121080173.0	A_002634
CN202022928469.5	A_002199
CN202320313074.5	A_004281
CN202310173552.1	A_003701
CN202311680287.2	A_004126
CN202320176139.6	A_004242
CN201820847477.7	A_000714
CN201810644528.0	A_000326
CN2018102764W	A_000226
CN202320546405.X	A_000139
IDP00202213229	A_005741
CN201922191768.2	A_001451
CN202211358458.5	A_001275
CN202021005861.6	A_001973
US202217648258A	A_000129
KR20230164952A	A_006740
CN202320572088.9	A_004348
CN202223141187.6	A_000543
KR20210039898A	A_006820
CN202311746466.1	A_001372
CN201920954631.5	A_001301
CN202322636739.9	A_005005
CN202210428063.1	A_002900
CN201820869192.3	A_000716
KR20230032070A	A_006761
CN202210401022.3	A_002093
CN202323633679.1	A_005360
JP2019551196A	A_006083
US202117352930A	A_008134
JP2021207198A	A_005618
CN201820958498.6	A_000728
JP2023181523A	A_006440
CN202223565983.2	A_003642
CN202323195509.X	A_002729
JP2022025759W	A_006083
CN201921694684.4	A_001382
CN201811162225.1	A_000471
JP2020532851A	A_006219
CN202322046857.4	A_001723
CN202021369424.2	A_001625
CN201810835599.9	A_000374
CN201822228690.2	A_000565
CN202221554731.7	A_003074
CN201821325593.9	A_000781
CN202321586033.X	A_002515
KR20230077067A	A_006535
JP2018082872A	A_000054
CN201810035363.7	A_000144
US202318186393A	A_008367
CN202020004301.2	A_001830
CN202322447693.6	A_003960
RU2022128095A	A_007492
GB202104218A	A_005693
KR20220012106A	A_006765
US201815949791A	A_007695
PL44547423A	A_007412
CN201910825684.1	A_001085
CN201922224875.0	A_000998
CN201810373517.3	A_000253
CN202021616478.4	A_002044
CN202211682114.X	A_003169
US202318212823A	A_000009
CN202123319995.2	A_002807
TR201801456A	A_007585
US202016864540A	A_000492
CN202310434472.7	A_000402
CN202223503965.1	A_003626
CN202022376550.7	A_001451
CN201811130316.7	A_000461
CN202311665466.9	A_004120
CN201922462415.1	A_001497
CA3138020A	A_000116
CN202111086624.6	A_000182
KR20220071185A	A_007088
CN201811274829.5	A_000161
CN202011098990.9	A_001143
US201816484428A	A_005599
CN202111284798.3	A_000157
CN202323599866.2	A_005345
KR20190039389A	A_006612
CN202322750804.0	A_005028
KR20200179191A	A_006881
CN201810535974.8	A_000296
CN202010509311.6	A_001623
US201815902684A	A_007683
US202318370413A	A_008404
US202318113075A	A_008350
KR20180136316A	A_006480
CN202310550782.5	A_001137
CN201922273572.8	A_001472
CN201910306374.9	A_000304
RU2020115924A	A_007467
CN202321710194.5	A_001026
KR20230164609A	A_006267
CN202120254540.8	A_000128
CN202321715836.0	A_000782
US201916515122A	A_000037
CN202311704770.X	A_001180
US202217727508A	A_008246
CN202322202907.3	A_000237
CN202320944840.8	A_004456
JP2023054895A	A_006208
CN201821951374.1	A_000867
CN202120515349.4	A_002563
CN202222928678.9	A_003419
CN202321261658.9	A_004546
KR20190179856A	A_006749
CN202010049124.4	A_001544
CN202320820483.4	A_003790
CN202311485760.1	A_001151
CN202222258274.3	A_001087
ES20382250T	A_005670
CN202211159638.0	A_000318
CN202120506099.8	A_002562
CN202321417803.8	A_004586
CN201810180853.6	A_000189
US202017918483A	A_007383
FR2311651A	A_000112
CN201910977316.9	A_000976
CN202321221066.4	A_004532
CN202011197153.1	A_000345
CN202011202285.9	A_001750
JP2019536047A	A_006085
CN202222632055.7	A_001197
CN202322732251.6	A_005020
CN201910229811.1	A_000961
CN202310818748.1	A_000996
CN202223402369.4	A_003593
CN202223269357.9	A_003131
CN202323644512.5	A_001041
CN202110398390.2	A_002322
CN201820989885.6	A_000731
KR20217010264A	A_007050
US201916670582A	A_007859
MX2020000074	A_007383
CN202322491241.8	A_004956
CN201811216680.5	A_000439
KR20230174559A	A_006759
US202117385931A	A_005390
KR20230152218A	A_007309
IN202241076152	A_005914
CN202220504796.4	A_003220
PL13138023U	A_007399
US202017070037A	A_008048
KR20210003697U	A_006756
CN202221073570.X	A_003245
CN201810488563.8	A_000280
CN202311123536.8	A_001365
CN202320073535.6	A_004211
DE102021109957A	A_005416
KR20210012823A	A_006903
EP23152105A	A_005493
KR20220118181A	A_007098
CN201811504342.1	A_000222
CN202310897071.5	A_003897
KR20230136489A	A_007288
CN201920844468.7	A_000317
CN201920715171.0	A_001007
CN201910576816.1	A_000177
CN201920377484.X	A_001236
CN201820480113.X	A_000649
US201816120676A	A_000005
CN201921514006.5	A_001127
CN201822222587.7	A_000594
CN202121124429.3	A_001540
CN201811308168.3	A_000495
CN202210414497.6	A_001614
KR20190095964A	A_006664
US202117159156A	A_008096
CN201910471292.X	A_000614
KR20230113269A	A_006539
CN202023155904.1	A_002218
CN201910301714.9	A_000980
RU2020144297A	A_007483
CN201811513559.9	A_000542
CN202320596790.9	A_003346
US202318208772A	A_008348
CN202322406626.X	A_004917
TR2021/018065	A_007603
CN201910646274.0	A_001029
IN202311043562	A_005921
RU2018138779A	A_007445
CN202311679427.4	A_004124
CN202111275977.0	A_002451
CN201810540324.2	A_000299
US201816111038A	A_000129
CN202021345271.8	A_002005
CN202210618185.7	A_002936
CN201910143250.3	A_000484
CN202011231907.0	A_001759
KR20180061102A	A_006510
US202217974824A	A_000054
CN202311563999.6	A_002274
CN202320581284.2	A_000641
CN202020315774.4	A_001889
CN202111394414.3	A_002479
KR20190041932A	A_006617
CN201822175165.9	A_000745
KR20180166655A	A_006579
EP18836611A	A_005485
JP2023029082W	A_005496
CN202320491875.0	A_004317
ES18730713T	A_005641
CN202323109594.3	A_001949
CN202223367285.1	A_003570
CN202323154934.4	A_005177
CN201822209126.6	A_000896
CN202322927709.3	A_000532
CN202322971024.9	A_005113
KR20210067163A	A_005588
CN202322345372.5	A_004895
CN202323553412.1	A_005325
US202016775652A	A_007984
CN202221128171.9	A_003247
CN202122986956.1	A_002788
US201916708058A	A_007952
CN202111026186.4	A_001503
CN201811276554.9	A_000234
EP18162877A	A_005468
US202318165847A	A_008361
US202017108592A	A_000005
CN202211525989.9	A_003074
CN201920509367.4	A_001255
CN201921998941.3	A_001327
US202217667648A	A_008229
EP20194783A	A_005526
CN202310030922.6	A_001053
US202016791414A	A_007706
CN202120356903.9	A_002543
CN202311621414.1	A_003695
EP22159632A	A_000112
CN201910766834.6	A_001075
CN202311831136.2	A_000735
CN202120270695.0	A_001484
KR2021018959W	A_007037
KR20180173881A	A_006582
US202318129584A	A_000009
CN202022823348.4	A_001785
CN202310533328.9	A_000863
CN201821745686.7	A_000840
CN202322549457.5	A_004973
CN202311845497.2	A_004180
CN202110800173.1	A_002312
CN202321812564.6	A_002394
CN201921623464.2	A_000641
CN202210798864.7	A_002957
CN202010458542.9	A_000405
JP2019179790A	A_006169
US201917265676A	A_007966
CN202322129753.X	A_000764
CN201910186923.3	A_000953
KR20200004191U	A_006757
US201815890939A	A_007679
CN202323207163.0	A_005196
CN202211403938.9	A_001075
CN201920543907.0	A_001259
IN202241060941	A_005901
CN202020065933.X	A_001505
CN202110473708.9	A_002337
CN202311691964.0	A_000198
KR20220109954A	A_006765
CN202310707374.6	A_001180
CN2019096486W	A_000523
US201816164639A	A_007749
CN201921733175.8	A_001388
BR102020016252A	A_000078
JP2023140721A	A_006079
CN202021575621.X	A_002039
CN202110400262.7	A_000416
AT2019179294T	A_000003
CN202311464517.1	A_004056
JP2022048188W	A_006303
CN202211133453.2	A_003016
IN202321054218A	A_005977
CN2021085546W	A_002247
US202218681875A	A_008320
CN202222424104.8	A_003339
CN202211010992.7	A_003002
CN202311011302.4	A_001613
CN202022371772.X	A_002140
US202017026530A	A_008041
JP2020011894W	A_005618
IL30976823A	A_005787
CN202122242551.7	A_000413
KR20217030237A	A_007051
CN202321952012.5	A_004006
KR20200163549A	A_006874
KR20200015650A	A_006776
DE112018005498T	A_005426
CN201911415699.7	A_001184
CN202222972717.5	A_001713
US202218563497A	A_008314
CN202321315953.8	A_001066
CN202311009627.9	A_002510
CN202011395116.1	A_001109
KR20230043253A	A_007210
DE102021130335A	A_005417
US202318861775A	A_008448
IN201821047908	A_005798
CN202120695336.X	A_002588
CN202022980469.X	A_001429
CN202320122396.1	A_000636
CN202221660406.9	A_003277
CN202321779502.X	A_001333
KR20230174849A	A_006655
CN202120809677.5	A_002599
CN202323028718.5	A_001971
CN201911415700.6	A_001184
CN202211699680.1	A_000294
KR20200012934A	A_006526
CN202022984002.2	A_000547
IN202117002280	A_005855
CN202011218679.3	A_001445
US201815972448A	A_000005
CN202210655012.2	A_000416
CN202320594266.8	A_003660
CN201811572604.8	A_000385
CN201980010501.9	A_001513
CN202222930649.6	A_003419
CN201820246104.4	A_000611
CN202211016051.4	A_003003
KR20180082510A	A_006524
KR20230168901A	A_007336
BY2019000013W	A_000106
CN202310355204.6	A_003744
CN202211524445.0	A_000596
CN201811243888.6	A_000479
KR20200129276A	A_006749
CN202311082127.8	A_003947
CN202220175750.2	A_000837
JP2019156338A	A_006161
CN202120079848.3	A_000469
CN202320775749.8	A_002992
JP2022076069A	A_006271
CN201821526804.5	A_000810
JP2023164195A	A_006431
US202016903580A	A_000112
CN202223603399.1	A_000614
US202318500037A	A_008424
CN202110769701.1	A_002380
CN202211120395.X	A_003013
CN201922094203.2	A_001137
KR20220018013A	A_007059
CN202321732406.X	A_004681
CN202321689508.8	A_004669
HRP20221010A	A_005725
CN202323379549.X	A_003348
CN201920347359.4	A_000177
CN202323030713.6	A_005135
CN202022088594.X	A_002100
CN202311128002.4	A_000294
US202217992103A	A_008294
CN201821654148.7	A_000833
TW112214192U	A_007655
CN202223270997.1	A_003528
CN202321045392.4	A_000384
CN202322125504.3	A_001361
CN202022082099.8	A_000634
DE202021100166U	A_005435
CN202111256444.8	A_000304
EP22275129A	A_000048
CN201810455730.9	A_000274
CN202111177058.X	A_000345
CN202211071583.8	A_001170
CN202311502575.9	A_002553
US201916694705A	A_007900
CN202322850471.9	A_005067
CN202321848802.9	A_001821
CN202311119863.6	A_003952
CN202011305920.6	A_001025
CN201910994234.5	A_001110
CN201910692787.5	A_001059
CN202310396720.3	A_000294
CN201810338611.5	A_000241
CN201821622656.7	A_000828
KR20180004956A	A_006471
CN202320636855.8	A_000856
EP22198876A	A_005591
CN201822117687.3	A_000883
JP2019172695A	A_000037
CN202311393211.1	A_004027
US202217857459A	A_000129
CN202111283799.6	A_001155
CN201821524419.7	A_000447
JP2020025516W	A_006111
CN201910777689.1	A_001079
CN202322826305.5	A_005055
US202017084991A	A_005577
GB202107035A	A_005700
US202117320357A	A_000037
CN202310514265.2	A_000304
CN201810005687.6	A_000136
CN201821515525.9	A_000807
CN202223448267.6	A_003590
CN202311349689.4	A_001148
FR2207742A	A_005599
IN201821047908	A_005802
CN202010822940.4	A_001657
CN201821062916.X	A_000739
CN202322989683.5	A_005125
KR20220119588A	A_005588
JP2018190532A	A_006108
US202217750015A	A_008253
CN202222637342.7	A_003379
CN202321745057.5	A_004686
US202318210159A	A_008378
JP2022134865A	A_006058
CN202323662000.1	A_002455
CN202010309266.X	A_001587
KR20210116253A	A_006759
CN202011336712.2	A_001132
CN202010221281.9	A_001571
CN202310850156.8	A_003879
CN202210164701.3	A_000135
CN202321610364.2	A_004647
CN202221553565.9	A_000559
CN202321834774.5	A_004724
US201815880622A	A_000054
CN202223281562.7	A_003534
KR20200126482A	A_006849
CN201910622138.8	A_001043
CN202322473778.1	A_003840
US201816178793A	A_007753
CN201810448656.8	A_000273
CA3096223A	A_000066
US202217845590A	A_000009
CN202120869637.X	A_002605
IB2019061091W	A_005731
CN202222635254.3	A_002421
KR20210114527A	A_006965
JP2018555793A	A_000571
JP2021536443A	A_006286
CN202120587848.4	A_002573
US202117559670A	A_008177
CN201821010876.4	A_000734
CN202020014328.X	A_001832
TR2022/012408	A_007628
CN202211498981.8	A_003103
CN202310480130.9	A_002343
KR20230195932A	A_007357
CN202322301729.X	A_004876
CN202222698316.5	A_002709
KR20230050162A	A_006268
CN202022767322.2	A_002183
CN202222560125.2	A_003365
KR20190088641A	A_006663
CN201921782745.2	A_001399
CN202122094801.7	A_002701
CN202210063320.6	A_002687
US202117204960A	A_007971
CN202322782532.2	A_005038
US201816113547A	A_000005
CN202310167239.7	A_003127
CN202122387436.9	A_002748
CN202322435344.2	A_004927
CN202321504425.7	A_002421
KR20230075094A	A_007243
CN202120738246.4	A_002593
CN202222795326.0	A_001510
CN202322476696.2	A_004952
CN202110473516.8	A_002336
CN202323290406.1	A_005236
CN201810688839.7	A_000347
CN202320320891.3	A_004284
CN202121035861.5	A_002343
CN202110020999.6	A_000294
US201816644980A	A_007783
CN202321813610.4	A_004713
CN202021996161.8	A_000543
US202017119113A	A_007853
CN202322217411.3	A_002452
CN202022047636.5	A_002097
US201917624480A	A_007974
CN202311487736.1	A_004066
CN201820801914.1	A_000705
CN202222560543.1	A_002830
CN202322144837.0	A_004826
CN202223208777.6	A_003510
CN201910130184.6	A_000731
US201916289847A	A_006223
CN202110639731.0	A_001177
RU2023119586A	A_007549
CN202122441191.3	A_002752
CN202323515768.6	A_005179
CN201822149702.2	A_000888
US202117356017A	A_008137
KR20180116943A	A_006541
CN201910635060.3	A_001047
CN202223507467.4	A_003492
CN202011063420.6	A_001725
CN202010512447.2	A_001626
RU2021132395A	A_007495
RU2020129170A	A_007474
GB202006611A	A_005698
CN202210317315.3	A_002874
KR20200158943A	A_006867
CN202320989200.9	A_004466
CN202311310679.X	A_000337
CN201820146467.0	A_000599
US202318385184A	A_005548
EP19845605A	A_005504
CN202320927827.1	A_004447
CN202322870515.4	A_005077
KR20220097237A	A_007092
CN202311396416.5	A_004028
CN201910971039.0	A_000387
US202118012376A	A_008196
CN202311608081.9	A_004108
RU2022134489U	A_007521
US202016864593A	A_000129
KR20220011911A	A_006628
CN201811571713.8	A_000484
CN202121542593.6	A_002288
KR20190055604A	A_006637
CN202321347103.6	A_004567
CN201920449368.4	A_001247
CN202210852107.3	A_002970
CN202311873060.X	A_004187
CN202311661123.5	A_004118
BR102023021571	A_000090
CN202223160529.9	A_003487
CN201810995725.7	A_000417
CN201922399035.8	A_000554
US202016942933A	A_007706
CN202321544810.4	A_004623
CN201821600501.3	A_000559
CN202320486778.2	A_003662
CN201821808334.1	A_000848
CN201820212933.0	A_000609
EP20763136A	A_005548
CN202020183037.3	A_000992
KR20230116200A	A_007249
US201916283358A	A_000129
CN202111162233.8	A_000377
CN202110814043.3	A_000326
US202117314680A	A_005552
CN202010345005.3	A_001594
US2019063764W	A_007798
JP2018190532A	A_006107
CN202310772518.6	A_003857
CN201810565572.2	A_000222
CN201922032145.0	A_001433
CN201811274482.4	A_000161
CN201911389189.7	A_001181
CN202122768574.1	A_002779
CN202311776520.7	A_001171
IN202041030536	A_005841
CN202323349792.7	A_005259
CN202110576500.X	A_000338
CN202321518964.6	A_003845
KR20210015612A	A_006907
KR20230073645A	A_007185
CN202322210196.4	A_004848
KR20210008435A	A_006895
CN201810488563.8	A_000285
KR20180146201A	A_006559
CN202323441415.6	A_005292
CN201810710017.4	A_000351
CN201820124408.3	A_000469
CN202211004886.8	A_000162
CN201910310893.2	A_000336
CN202210475161.0	A_002907
CN202022353463.X	A_002134
CN202220888039.1	A_000976
CN201821551811.0	A_000457
CN202321171886.7	A_004521
CN202311451370.2	A_004046
US201816174190A	A_007733
CN202211719744.X	A_003177
CN202311533895.0	A_004084
US202218714005A	A_008327
CN202320189052.2	A_004243
KR20190050355A	A_006501
KR20190097838A	A_006684
CN201911195888.8	A_001143
CN201821001468.2	A_000733
NZ2020050031W	A_007395
CN202223066008.7	A_003459
US201916694705A	A_007887
US201916975270A	A_007329
US202217828760A	A_007718
CN202020080515.8	A_001843
CN201810276864.4	A_000227
CN2020087054W	A_001536
CN202210475161.0	A_000947
TW112148014A	A_007654
JP2019073124A	A_006080
CN201920552565.9	A_000983
CN201810924115.8	A_000396
KR20230152570A	A_007311
JP2018040513A	A_006063
CN202322299006.0	A_004874
CN201811517495.X	A_000543
CN202020750998.8	A_001939
US201916453191A	A_000129
CN202123041672.1	A_000276
CN202320005488.1	A_004191
US202217840132A	A_008263
EP20943012A	A_005558
EP18192189A	A_000037
CN202223348242.9	A_003558
CN202223389468.3	A_003580
RU2020138553A	A_007479
CN202010641362.4	A_001644
CN201820212934.5	A_000609
KR20180116943A	A_006543
CN202020342467.5	A_001892
KR20210071708A	A_006941
US202217732589A	A_005532
RU2022111790A	A_007510
KR20220155026A	A_007124
US202217965622A	A_000050
CN201821088188.X	A_000740
TW108212069U	A_007641
CN202320333263.9	A_003346
CN202022320108.2	A_002128
CN2018114497W	A_000326
CN202122570666.9	A_002761
CN201910601145.X	A_000998
CN202211367205.4	A_003074
KR20220165452A	A_007114
CN201911114333.6	A_001130
CN202321099446.5	A_004500
CN202321017784.X	A_004473
CN201922112752.8	A_000927
RU2019112653A	A_007455
RU2020116679U	A_007468
JP2021561274A	A_006170
US201916438297A	A_005572
US202117313410A	A_008128
CN202323435389.6	A_004940
CN201910131378.8	A_000941
US201816109495A	A_007733
KR20230150128A	A_006480
CN202323478349.X	A_005303
TW107118870A	A_007633
CN202321779463.3	A_004700
CN202010998946.7	A_000377
CN201910985290.2	A_000614
KR20230000356U	A_007058
CN201810607541.9	A_000328
CN201910984826.9	A_000245
CN201820594507.8	A_000677
CN202211587752.3	A_002793
GB202320035A	A_005716
CN202311538429.1	A_000222
CN202310567002.8	A_000182
CN202122343588.9	A_002739
CN201811002660.8	A_000419
CN2022130645W	A_003188
CN202323025199.7	A_000353
CN202211410335.1	A_003086
CN201811275087.8	A_000161
CN202120902448.8	A_000799
JP2021044189A	A_006239
KR20190154446A	A_005588
CN202320911786.7	A_004439
CN202120594115.3	A_000631
CN202223516280.0	A_003501
CN202321921050.4	A_004749
KR20200067089A	A_006823
CN202010439770.1	A_000377
CN202320739634.3	A_003598
CN202021836724.7	A_002071
CN202011136218.1	A_001636
CN201810247034.9	A_000210
CN202223269357.9	A_000384
CN202322594371.4	A_004988
CN202020954929.9	A_001967
CN202321482322.5	A_000259
CN202211595736.9	A_003148
CN202322491241.8	A_004958
CN202120510215.3	A_001361
JP2023034987A	A_006365
CN202323068793.4	A_005028
CN202320629474.7	A_004291
CN201811340605.X	A_000345
PL44445023A	A_007410
CN202311380533.2	A_004023
CN202211660332.3	A_001144
IL30336123A	A_005782
KR20210058075A	A_006550
JP2018190531A	A_006102
CN202321764662.7	A_004693
NL2036428A	A_007389
CN202321654328.6	A_000511
CN201821550738.5	A_000815
US201916590023A	A_007853
CN201811459437.6	A_000529
CN201910286541.8	A_000976
DE102018116163A	A_005390
AU2020101265A	A_000036
CN202210677391.5	A_000315
CN202310440629.7	A_001118
TR2021/013007	A_007599
US202016864710A	A_005467
CN202311349154.7	A_004017
CN202310356847.2	A_000384
CN202322074863.0	A_000203
KR20200012934A	A_006528
CN202223277312.6	A_000389
DE202023106320U	A_005445
CN202010739499.3	A_000333
US202016837902A	A_008002
CN202020329295.8	A_001890
JP2020174280A	A_006213
KR20180029040A	A_006489
CN201910050596.9	A_000922
JP2023029082W	A_006196
CN201810062724.7	A_000149
KR20207037230A	A_006891
CN201811162428.0	A_000472
CN202223303414.0	A_000778
CN202011230454.X	A_001756
CN202222425140.6	A_003340
CN201911371600.8	A_001177
CN202222449383.3	A_003344
CN201920861423.0	A_000304
CN202211286685.1	A_003053
US202318295215A	A_008386
CN201820369256.3	A_000640
CN202210950185.7	A_002988
CN202110412363.6	A_002325
CN202321755701.7	A_003714
CN202211648541.6	A_000494
CN202311141350.5	A_000979
IN202341084955	A_006052
CN202023241256.1	A_000614
KR20180002325U	A_006468
CN202320927599.8	A_004446
KR20220178213A	A_007151
KR20220148620A	A_006942
EP20154409A	A_000037
CN202211228369.9	A_003040
CN202211169916.0	A_002154
CN202310759152.9	A_001137
CN202110131711.2	A_002271
KR20180120408A	A_006546
US202318398841A	A_008270
KR20210143906A	A_006985
US201816174228A	A_000050
CN202310327198.3	A_003736
CN201920869601.4	A_001291
CN202222398299.3	A_002562
CN202322450158.6	A_004929
KR20200014126A	A_006768
CN202121508089.4	A_002672
CN202210950185.7	A_002987
CN202211192874.2	A_002463
KR20210173770A	A_006784
CN201911156855.2	A_000477
CN202123420626.2	A_002506
US202217845221A	A_007751
JP2023012321A	A_006352
EP18185273A	A_005471
DK21740772T	A_005463
CN202311216627.6	A_003980
CN201811275298.1	A_000489
KR20230168979A	A_007337
CN202222964338.1	A_003434
CN201811274386.X	A_000161
CN202122302933.4	A_001659
CN202310825617.6	A_000997
CN202120436504.3	A_002552
CN202310145275.3	A_002856
CN201810183460.0	A_000190
CN202020262944.7	A_001881
CN202320059448.5	A_004203
CN202320072723.7	A_004210
CN202310513998.4	A_003789
US202017431943A	A_008062
CN201821123543.2	A_000746
CN201911234698.2	A_001152
KR20200079499A	A_006828
CN201810440767.4	A_000268
CN202223106773.7	A_003472
US202117230145A	A_008121
US202318518752A	A_000028
RU2019120193A	A_007456
CN201922395094.8	A_001482
CN202322076855.X	A_001170
CN202111105215.6	A_000517
CN202321403502.X	A_000749
US202016830138A	A_008000
CN202211645155.1	A_002545
KR20200026405A	A_006782
CN202222618951.8	A_003374
ES202331789U	A_005669
JP2018142076A	A_006092
IN202241007844	A_005897
CN202321165924.8	A_004519
CN201980010063.6	A_001511
IL30976823A	A_005783
CN202323363220.4	A_000731
CN202223155299.7	A_003480
CN202110029865.0	A_002255
CN201910378937.5	A_001000
CN201910275046.7	A_000975
CN202220417627.7	A_001147
CN202223155386.2	A_003481
DE102019001240A	A_005394
CN202310723650.8	A_001661
CN202221748218.1	A_003281
CN201921856722.1	A_001408
CN202311464508.2	A_004055
CN202110650405.X	A_002363
KR20230105390A	A_006581
CN202322110521.X	A_004816
CN202211348025.1	A_000729
US202217872296A	A_005481
CN202322149173.7	A_004827
CN202020027057.1	A_001541
CN202322277812.8	A_004817
CN202123005610.5	A_002793
CN202022116610.1	A_002103
CN202020917152.9	A_001323
IN202341024550	A_005991
CN202220792414.2	A_000641
KR20190122446A	A_006626
CN202222705873.5	A_003386
CN201810440773.X	A_000268
KR20220149715A	A_006937
CN202010880845.X	A_001700
CN202321312341.3	A_002369
EP19165837A	A_005488
CN201821999330.6	A_000877
KR20220168178A	A_007144
JP2021000813W	A_006216
CN201810855717.2	A_000382
CN202223039413.X	A_003447
CN202010162935.5	A_000310
CN202320576922.1	A_003346
CN202210550729.0	A_002925
US201916297109A	A_005563
US202318210159A	A_008377
CN202311404089.3	A_004030
CN201822011834.9	A_000878
CN202020769695.0	A_001943
CN202323559559.1	A_005328
JP2023076185A	A_006382
CN202022028291.9	A_001820
CN201910110319.2	A_000933
KR20230134774A	A_007284
CN201820753811.2	A_000613
CN201821616901.3	A_000652
CN202110288005.9	A_002303
IN202241007844	A_005896
IN202021015395	A_005827
RU2019124763A	A_007459
CN201920969847.9	A_000724
CN201821196504.5	A_000374
CN202320608205.2	A_003648
KR20220165724A	A_007137
CN2020070268W	A_001531
JP2020147357A	A_005500
JP2019190515A	A_006174
CN202210037542.0	A_002840
CN202011095254.8	A_001733
CN202121098477.X	A_002636
CN202123005610.5	A_002792
CN201811149567.X	A_000465
CN202111232505.7	A_001365
CN202110524266.6	A_000326
CN202021338168.0	A_002003
CN202120623688.4	A_002579
ES20175282T	A_005648
GB201809309A	A_005692
KR20230174850A	A_006550
US201916252322A	A_007800
CN202322919351.X	A_001311
JP2020011894W	A_006114
CN202322988224.5	A_001921
CN202310141532.6	A_003693
US202117521719A	A_008169
KR20220178193A	A_006528
US201817045037A	A_006217
US202117238894A	A_005486
KR20230133088A	A_007283
CN202320100048.4	A_002403
KR20200030691A	A_006786
CN201910044642.4	A_000921
CN202210732880.6	A_002949
CN201920957001.3	A_001303
KR20230009311A	A_007177
CN202021408596.6	A_002011
CN201810262059.6	A_000217
CN202322882510.3	A_004029
JP2019078532A	A_006141
BG417118U	A_000059
CN201810042537.2	A_000145
CN202322466513.9	A_004940
JP2020547432A	A_006161
KR20190122446A	A_006624
US202117455383A	A_007979
CN201910895529.7	A_001093
IN202341060888	A_006020
CN201910988093.6	A_001110
CN201820909906.9	A_000722
CN202223433407.2	A_003601
US201816163176A	A_007748
CN202120882732.3	A_002607
EP24188514A	A_005559
KR20230017646A	A_007194
KR20210049222A	A_006766
US2021028483W	A_008084
CN202223378333.7	A_000970
RU2023102699A	A_007526
JP2021140909A	A_006256
US201816231425A	A_000037
CN202321122049.5	A_003476
CN201820191348.7	A_000164
CN201810558691.5	A_000306
CN202010359926.5	A_000234
CN202310011749.5	A_002472
CN202323611478.1	A_001345
US202016931251A	A_000129
CN202010691797.X	A_000641
KR20190097838A	A_006676
JP2021094521A	A_006111
CN202223530908.2	A_002522
US202117494867A	A_008161
CN202323520952.X	A_005316
CN201820811666.9	A_000707
CN201911149647.X	A_001135
JP2022000713A	A_006298
CN202321196080.3	A_001229
CN202021943060.4	A_002085
CN201920449262.4	A_000971
IL30976823A	A_005784
US2018018802W	A_007659
CN201811018475.8	A_000424
CN202323209519.4	A_005198
CN201910727468.3	A_000256
CN2020101583W	A_001557
CA3159551A	A_000118
CN202310332912.8	A_003737
US202318510592A	A_008428
CN202322966265.4	A_005098
CN202110234089.8	A_000439
CN202380086445.3	A_002242
CN202323485226.9	A_005306
CN201820340192.4	A_000635
CN202321925889.5	A_004758
CN202010116803.9	A_000923
US201916376742A	A_007812
CN202210158839.2	A_002856
CN202310158370.7	A_002957
CN202323605346.8	A_005349
CN202320794749.2	A_004402
EP18400021A	A_000066
JP2023115626A	A_006169
CN202021616526.X	A_001820
US201916525271A	A_005577
IN202341035956	A_005995
CN202323641980.7	A_000452
KR20210015612A	A_006906
CN201810184886.8	A_000134
US201916694705A	A_007891
US202318491076A	A_005421
KR20200156935A	A_006480
CN201922437256.X	A_001491
CN202110855616.7	A_001805
CN202321503958.3	A_004611
CN202223265780.1	A_003524
CN201822017005.1	A_000531
CN201810942399.3	A_000404
CN201821589705.1	A_000242
EP19208975A	A_000086
JP2020018335W	A_006181
CN202223285877.9	A_003536
JP2018089753A	A_006076
CN202020685927.4	A_001929
CN202311032495.1	A_001173
CN202121059901.X	A_002631
CN202020252780.X	A_001876
CN202120838765.8	A_002600
CN202310246433.4	A_003716
KR2020017130W	A_006879
CN202311454261.6	A_003434
US202016799180A	A_006695
CN202322980880.0	A_005117
AU2019279873A	A_000028
CN202010547134.0	A_001621
CN202111493534.9	A_001099
CN202223266139.X	A_003525
CN202223159135.1	A_003486
US202217868940A	A_008267
CN201921687308.2	A_001381
CN202223033334.8	A_003446
CN202322114015.8	A_004175
RU2022130198A	A_007491
JP2019121906A	A_006151
CN202210712305.X	A_000857
CN201821245328.X	A_000316
CN202020828081.5	A_001946
CN202021934072.0	A_002082
CN202010237467.3	A_000162
CN202320279476.8	A_004275
US202217979641A	A_008292
CN202010955707.3	A_000543
CN202021847035.6	A_000232
CN202110442770.1	A_000228
CN202321577617.0	A_004634
CN202210923777.X	A_002981
KR20210180715A	A_006493
CN202322329035.7	A_004780
CN202210715694.1	A_002947
CN202323012753.8	A_005135
EP23195600A	A_005622
JP2024511029A	A_006460
CN202210829146.1	A_000326
US202017069816A	A_007674
KR20230081804A	A_007073
KR20200177359A	A_006880
CN202311782429.6	A_004159
CN201922488993.2	A_001507
CN202311756454.7	A_004150
CN202321699206.9	A_004674
JP2022518148A	A_006195
CN202220603113.0	A_003224
CN201921812232.1	A_001401
CN202210909512.4	A_000764
CN202320542285.6	A_003297
CN202222550849.9	A_003358
CN201810297042.4	A_000234
CN202210407597.6	A_002269
BR102019002887A	A_000072
CN201922462933.3	A_001500
KR20220119588A	A_006480
KR20230042275A	A_007208
CN202310275505.8	A_000749
CN202210593199.8	A_000304
CN201810883104.X	A_000388
CN202310360826.8	A_002382
CN202323485658.X	A_005308
CN202321762483.X	A_002879
KR20230167963A	A_006867
CN201820461482.4	A_000651
CN202022494194.9	A_000614
CN2019084967W	A_000128
JP2022003888U	A_006300
CN202323539435.7	A_002136
CN201820208874.X	A_000167
CN202320807856.4	A_004408
CN202110210404.3	A_002283
US201816141518A	A_005577
CN202322197077.X	A_004844
CN202322352590.1	A_000959
CN201910857086.2	A_000968
US202117493636A	A_008159
CN202322479501.X	A_002711
DE102020000043A	A_005406
CN202011633428.1	A_001825
US202117336434A	A_008132
CN201811580684.1	A_000557
CN201921879073.7	A_000384
CN202320300960.4	A_004280
KR20230120063A	A_007272
CN202120972220.6	A_000446
CN201821229435.3	A_000767
CN202322825256.3	A_005036
US202318348023A	A_008396
KR20230196303A	A_007359
CN201820146359.3	A_000598
CN202311584800.8	A_003965
US202117559670A	A_005585
CN201810822686.0	A_000337
CN202022655263.X	A_002168
CN202320419050.8	A_004301
JP2021044189A	A_006240
CN202210147134.0	A_002853
EP18840420A	A_000050
CN202111281278.7	A_002453
US202318174821A	A_005469
CN201911154797.X	A_001112
KR20230164779A	A_007326
CN202322469550.5	A_004887
CN202323147324.1	A_004559
CN202310470302.4	A_003774
CN202310186867.X	A_001154
CN202322372396.X	A_003177
CN201921544447.X	A_001272
CN202320484821.1	A_004320
CN201821824709.3	A_000304
CN202210314166.5	A_000317
CN202320107251.4	A_002759
US202318173099A	A_008364
CN202210743038.2	A_001155
CN202322693360.1	A_000304
CN201822215527.2	A_000393
CN202111079319.4	A_001312
CN202321009220.1	A_003349
CN202111610130.3	A_000394
CN202321776850.1	A_004697
BR112022001051A	A_000097
CN202122078277.4	A_000763
CN201811452072.4	A_000526
CN202310766444.5	A_003855
CN202323362448.1	A_002176
IL29199322A	A_005775
EP22202015A	A_005592
CN202321509057.5	A_001270
CN202322032745.3	A_004763
KR20210175829A	A_006825
CN201920051159.4	A_001191
TW108210973U	A_007640
TR2022005619A	A_007610
KR20210158784A	A_006738
CN202321512954.1	A_004507
CN202022038982.7	A_002095
CN201811603022.1	A_000564
CN202223184205.9	A_003500
KR20220013875A	A_007055
GB202017000A	A_005693
CN202020138060.0	A_001048
US201916590038A	A_007854
CN202110273154.8	A_002297
CN202311504251.9	A_004017
CN202321541044.6	A_004622
CN2021122810W	A_002509
CN202323592540.7	A_005344
US202117240983A	A_008124
CN202310971999.3	A_003915
CN202322076654.X	A_004807
CN202320251599.0	A_003652
US202117230019A	A_007755
CN202310867316.X	A_002341
CN202321076680.6	A_003318
US202318512424A	A_007987
CN202322178003.1	A_001084
IN202311073833A	A_005953
US202117445367A	A_008053
US202318528229A	A_008401
CN202210462215.X	A_002904
US202318866902A	A_000006
TR2021015785U	A_007597
CN202322720629.0	A_005015
CN202023262302.6	A_001136
CN202321083156.1	A_004497
KR20210157532A	A_006992
CN202322349996.4	A_004850
CN201810191822.0	A_000195
IN202311053278	A_005934
CN201821919342.3	A_000756
US202318851981A	A_008446
CN201820891007.0	A_000719
CN202323492102.3	A_005312
CN202223097923.2	A_002711
US202016949919A	A_008026
CN202323544964.6	A_000231
CN202010891535.8	A_001701
KR20230076201A	A_007246
CN201980045317.8	A_001519
CN201820771985.1	A_000703
CN201910157132.8	A_000947
CN2018081254W	A_000128
IN202331026010	A_005983
CN202123106983.1	A_000991
CN202223158620.7	A_003485
EP2019075948W	A_005523
CN202322305175.0	A_004879
CN202010849741.2	A_001692
CN202110052134.8	A_000140
CN202022353463.X	A_002131
CN201820778861.6	A_000704
CN202321326826.8	A_004543
CN202210661145.0	A_001369
US202016752828A	A_005636
CN202110639731.0	A_000384
US202217966251A	A_005548
US202118011748A	A_005617
KR20200010946A	A_006762
CN202321392641.7	A_004578
US202018000057A	A_006068
CN202223184205.9	A_000402
KR20210072897A	A_006943
CN202211084386.X	A_001077
CN202323181138.X	A_000248
RO202200369A	A_007419
US202217671309A	A_000037
CN201820111003.6	A_000593
CN201921109015.6	A_001321
FR2107477A	A_005685
KR20220048933A	A_007079
JP2021100201A	A_006248
CN202223349992.8	A_003559
CN201820494769.7	A_000660
CN202020536025.4	A_001914
CN202220611436.4	A_000729
CN202322710136.9	A_004321
JP2021030118W	A_005526
CN202022303154.1	A_002120
CN202021549541.7	A_002036
CN202311570312.1	A_004055
CN202322325746.7	A_004886
KR20210189122A	A_006417
US202217743268A	A_005636
CN202311503504.0	A_000337
CN202011572250.4	A_001818
CN201821221813.3	A_000764
CN202323325611.7	A_005084
KR20230168189A	A_007334
EP19206686A	A_005467
CN202210124729.4	A_001668
CN202322605304.8	A_001971
US202017618520A	A_008068
CN202311806260.3	A_001451
CN202010623181.9	A_001641
JP2021064683A	A_006059
IN202331072456A	A_005989
CN201910859556.9	A_001089
CN202310142774.7	A_003694
CN201911273302.5	A_001160
JP2021023774A	A_006124
CN201810535872.6	A_000296
CN202322297602.5	A_001324
JP2023205626A	A_006446
US201916409605A	A_000005
KR20220185384A	A_006644
CN202310144136.9	A_003121
JP2022048190W	A_006316
CA2995295A	A_000003
CN202322960438.1	A_005108
CN202010558375.5	A_001633
CN202020034760.5	A_000349
CN202210153335.1	A_000182
CN201820462542.4	A_000652
CN202210237858.4	A_001029
CN202021659815.8	A_002052
CN201820275864.8	A_000185
CN202321258545.3	A_004543
US202318119392A	A_008163
CN202222150455.4	A_000659
KR20190073334A	A_006650
CN201820586025.8	A_000673
KR20190065282A	A_006645
CN202211098012.3	A_000614
US202016813232A	A_007992
CN202223155495.4	A_003481
CN202222222709.9	A_003314
CN201810388201.1	A_000257
CN202220743276.9	A_003231
CN202210282278.7	A_002870
CN202223289490.0	A_003538
IN201817031888	A_005795
JP2021095469A	A_006246
CN202110173469.5	A_001595
US202117303642A	A_000005
US202217978644A	A_008291
KR20190011692A	A_006586
IN201811038510	A_005792
JP2023117354A	A_006091
US201916400929A	A_005467
CN202223546011.9	A_003637
CN202223237401.8	A_000384
US202318463167A	A_008299
DE102019204954A	A_005404
CN201921879073.7	A_001412
CN202110348416.2	A_002310
US201916280021A	A_007807
CN201920990603.9	A_000574
US201916694705A	A_007947
US202217585886A	A_000129
US202117508638A	A_005484
CN201910349898.6	A_000993
CN201922409393.2	A_000559
KR20190112898A	A_006700
CN202020841379.X	A_001948
CN202320566742.5	A_004340
EP19807676A	A_005500
US201815994487A	A_007708
CN202323572305.3	A_005334
CN202010448550.5	A_001610
CN202322361452.X	A_004786
CN201811041642.0	A_000420
US201916408057A	A_000003
CN202221018465.6	A_003241
IN202031041280	A_005830
US202217740004A	A_007735
CN202322272020.1	A_004873
CN202323470065.6	A_004559
KR20230174559A	A_006760
US202117188456A	A_005472
CN201880017074.2	A_000128
CN201920206241.X	A_000731
CN202310149781.X	A_003698
CN201910396982.3	A_001004
CN202020035396.4	A_001541
CN202211561606.3	A_003134
GB202300599A	A_005712
CN202321082750.9	A_000588
CN201920254277.5	A_000182
US201916274974A	A_005469
IN202011050248	A_000045
CN202321128975.3	A_004509
CN202323359099.8	A_004388
CN202322396142.1	A_004901
CN202022041544.6	A_002096
CN202310860372.0	A_003501
CN202123075470.9	A_000554
KR20190039389A	A_006613
US201917311717A	A_005487
CN202211400406.X	A_000294
CN202222259697.7	A_003319
KR20210174856A	A_007013
CN202223047464.7	A_003454
CN201821624208.0	A_000830
CN202122781854.6	A_002780
CN202021029371.X	A_001976
CN202322856426.4	A_004055
CN202323569201.7	A_005331
CN202311757927.5	A_001433
CN202322028809.2	A_004793
IN202341074405A	A_006046
CN202322357501.2	A_003981
US202016864854A	A_005481
CN202310494984.2	A_000631
US202218086939A	A_008304
CN202011146479.1	A_001741
CN201811130316.7	A_000304
US201816174354A	A_007752
CN202320534520.5	A_004337
KR20230131121A	A_007277
KR20180150852A	A_006564
KR20210097617A	A_006954
CN202322894252.0	A_005088
US202318504553A	A_008395
CN202010634421.5	A_001643
CN201910187443.9	A_000954
JP2020044617W	A_006193
KR20230091692A	A_006809
KR20220117293A	A_007096
US202117213263A	A_005507
CN201920460911.0	A_000974
JP2022532048A	A_006335
CN202320297519.5	A_004277
CN202311457806.9	A_003029
CN202211683873.8	A_003171
CN202321368819.4	A_004570
JP2018119579A	A_006059
CN201811596713.3	A_000287
CN201811433074.9	A_000234
CN202322961100.8	A_005109
CN202323591720.3	A_005199
KR20180022165A	A_006487
CN201821245328.X	A_000315
ES201830778U	A_005649
CN201910844482.1	A_001086
CN202010499912.3	A_001619
CN202322893258.6	A_005087
CN202310265378.3	A_003723
CN202123321094.7	A_002815
CN202322292554.0	A_004763
US202117202519A	A_005489
KR20180074058A	A_006520
KR20180147472A	A_006560
US202217577268A	A_006402
CN202223346969.3	A_003555
CN202021650265.3	A_002050
US202016894321A	A_000005
KR20180138237A	A_006552
CN201820730851.5	A_000699
CN202223346975.9	A_003555
CN201910776586.3	A_001078
CN202011231627.X	A_001758
CN202011055332.1	A_000384
CN201980068995.6	A_001523
KR20210002552A	A_006893
CN201910113001.X	A_000934
CN202122789839.6	A_001139
JP2023054538A	A_006111
CN202320582841.2	A_004350
CN202311471528.2	A_004061
CN202321730427.8	A_004454
CN201811361239.6	A_000345
CN201820764324.6	A_000697
CN202311847823.3	A_000614
CN202022154700.X	A_001282
CN202020873326.6	A_001607
KR20220184642A	A_006739
CN202321268402.0	A_004547
CN202111007816.3	A_002418
KR20230141276A	A_007237
JP2019570162A	A_006139
CN202120315836.6	A_002538
CN202310774798.4	A_000162
CN201810001469.5	A_000133
CN202311161880.6	A_003964
CN202323267993.2	A_005222
CN202310891313.X	A_003893
CN202180068565.1	A_002826
CN201820088921.1	A_000585
CN202111079743.9	A_002432
KR20230010706A	A_006870
CN202020016151.7	A_001834
CN201810098994.3	A_000161
CN201811274865.1	A_000161
CN202320221616.6	A_003355
KR20180136811A	A_006480
CN201810528086.3	A_000293
CN202322442124.2	A_001767
CN202022597731.2	A_001763
ES2023070796W	A_005665
JP2021109807A	A_006250
CN202023023156.1	A_002208
IN201947017181	A_005681
JP2023106175A	A_006303
CN202311033506.8	A_003932
KR20230098377A	A_007159
IN202341074405A	A_006044
JP2021074382A	A_006157
CN201810850154.8	A_000379
JP2021536443A	A_006287
US201816161921A	A_007747
CN202323635098.1	A_005361
CN202020922015.4	A_001962
CN202310465717.2	A_000692
CN202222907788.7	A_000953
CN202322307242.2	A_001362
CN202322183463.3	A_004841
KR20230060229A	A_007045
CN202311144743.1	A_001365
CN202211500924.9	A_003118
CN202320247984.8	A_004269
US201916694705A	A_007950
CN201911274706.6	A_001161
KR20210152469A	A_006988
CN202310124048.2	A_003687
CN202321648911.6	A_004656
US2023073536W	A_008342
JP2019082761A	A_005506
CN202323313849.8	A_005242
CN202210734416.0	A_002001
US202217569996A	A_000005
CN202210281086.4	A_002869
CN202120181707.2	A_000764
CN201922462988.4	A_001502
US202318123405A	A_008352
CN202310313435.0	A_003730
KR20200043100A	A_006797
CN202311159555.6	A_000947
CN202211169578.0	A_003022
KR2018011414W	A_006538
GB202011399A	A_000048
CN201920002444.7	A_000182
CN201820526473.9	A_000639
CN202322983595.4	A_004061
JP2022050942A	A_005618
CN202021817964.2	A_001820
US202117225781A	A_008120
US202217824472A	A_005548
US202217732729A	A_005548
CN202110382938.4	A_000990
CN201821092083.1	A_000741
CN202311370923.1	A_000304
US201916694705A	A_005477
CN201820617574.7	A_000196
KR20210047560A	A_006928
CN202223277530.X	A_003531
CN202323258161.4	A_005218
KR20180124279A	A_006548
CN201820278938.3	A_000141
CN202320889518.X	A_004438
CN201811076645.8	A_000309
EP21883505A	A_005584
CN202122110405.9	A_002424
US202318110319A	A_008349
CN202123353204.8	A_000614
CN202320245135.9	A_004267
TR2022/001028	A_007624
CN202311513766.5	A_004076
AU2020100047A	A_000033
EP22870506A	A_000057
CN202322766241.4	A_004012
KR20230113270A	A_006539
CN202220349433.8	A_003210
CN202320881800.3	A_004436
US202118039459A	A_008203
CN201810085500.8	A_000155
KR20230123932A	A_006536
CN201811564142.5	A_000552
CN202311077639.5	A_003321
IL28041221A	A_005759
CN202221434226.9	A_003263
US202218575517A	A_008319
CN202311751581.8	A_004147
JP2023175099A	A_006434
CN202122595054.5	A_002764
KR20200013382A	A_006763
CN201822117012.9	A_000882
CN201820718298.3	A_000697
CN202310163164.5	A_002472
CN202020858002.5	A_001605
RU2018100241U	A_007428
CN202320861073.4	A_004424
CN201910399649.8	A_001005
CN202220634985.3	A_002873
CN202310354305.1	A_000641
CN202311295688.6	A_004005
RU2023112116A	A_007540
CN201811517082.1	A_000451
US202318299439A	A_008048
CN201910636094.4	A_001048
CN201921624091.0	A_001372
KR20230004201A	A_007082
RU2018050095W	A_007427
CN202011342076.4	A_001725
CN202311419874.6	A_004038
CN202222555138.0	A_003363
CN202321963753.3	A_004771
CN202310873690.0	A_003886
CN202310529692.8	A_001137
KR20200118231A	A_006841
US202318453088A	A_005469
KR20210072463A	A_006826
CN202310057926.3	A_003677
CN202322014620.8	A_004786
EP24151080A	A_005640
US202016890857A	A_008013
US201816022711A	A_007713
CN201810842626.5	A_000377
CN202311758700.2	A_000223
CN202311026233.4	A_003930
CN201920219910.7	A_001212
CN202223016030.0	A_003440
CN202010927931.1	A_000182
CN201810401380.8	A_000194
CN202323380323.1	A_004394
CN201820346630.8	A_000637
CN202310125786.9	A_003688
CN202222249567.5	A_002436
US202117603199A	A_008181
CN202321802979.5	A_004572
CN202020112509.6	A_001848
US201916366295A	A_005809
CN201821438235.9	A_000369
CN202020755591.4	A_001940
CN201880017083.1	A_000128
CN201921120184.X	A_001325
CN202120688165.8	A_000811
US201816181513A	A_005473
CN202211730505.4	A_001137
CN201921340469.4	A_001347
US201916545422A	A_005494
CN202322486034.3	A_003981
EP20155743A	A_005469
CN202310945817.5	A_003905
CN202121903892.8	A_002704
CN201910707533.6	A_001061
KR20220165724A	A_007139
US2023026101W	A_008335
CN202011489235.3	A_001802
US202218994022A	A_008332
KR20190042829A	A_006626
US201916708058A	A_000009
JP2019105083A	A_006091
CN202310500173.9	A_003783
CN201921544404.1	A_001363
CN202322694050.1	A_005012
CN202320388732.7	A_002735
CN202110384538.7	A_002317
CN202322875318.1	A_005079
JP2018156388A	A_006093
IN201941043518	A_005816
CN202222806055.4	A_003400
US201916575050A	A_006695
CN201821243481.9	A_000769
CN202311347284.7	A_000162
CN202021767852.0	A_002062
CN201820011529.7	A_000573
CN202211494956.2	A_003113
EP18183756A	A_000005
CN202022310401.0	A_002126
JP2019159454A	A_006163
IN202311049266A	A_005930
CN202320874838.8	A_004434
US202217832318A	A_008261
KR20230198008A	A_007362
TR2022015079A	A_007619
CN202211278737.0	A_001714
KR20230149532A	A_007308
CN201920825207.0	A_001290
EP20205486A	A_005529
IN202311055479	A_005935
EP20150133A	A_000005
DE602018046482.4	A_005458
US201916679121A	A_007674
EP20886384A	A_005555
KR20230159350A	A_006780
CN2022082827W	A_002829
EP21845178A	A_005581
CN201921588864.4	A_001365
CN202211220285.0	A_001099
CN202223384510.2	A_003577
CN202011643976.2	A_000496
CN202320330289.8	A_003694
CN202211005913.3	A_000384
US202117541944A	A_000050
CN202110250615.X	A_002291
CN202310600254.6	A_003813
CN202320992512.5	A_002154
CN201910108965.5	A_000932
CN202311771657.3	A_000735
KR20230163177A	A_007321
US202318465375A	A_008412
CN202310409820.5	A_003759
CN202322752509.9	A_003648
CN202221069561.3	A_003244
CN201810095250.6	A_000158
CN202223392423.1	A_003584
US202117331997A	A_008131
US201916273254A	A_007804
CN201821824195.1	A_000851
CN202010422562.0	A_001603
KR20220094437A	A_007090
CN202310138684.0	A_002318
IN202311067359	A_005950
CN201810766465.6	A_000360
CN201910034692.4	A_000476
TR2022006096U	A_007616
CN202311108698.4	A_003950
CN202310863981.1	A_003885
CN202322522929.8	A_004969
US202016949655A	A_008025
CN202211285627.7	A_000384
US202118034742A	A_000056
US202218045194A	A_000022
EP21726862A	A_005571
CN202020982167.3	A_001970
US201916559176A	A_007848
CN201820630225.9	A_000681
KR20230070918A	A_007236
US201815972129A	A_007703
CN201922194860.4	A_000715
KR20180012522A	A_006482
CN202020061632.X	A_001838
US202217822481A	A_008259
US202217678170A	A_005556
CN202223509753.4	A_003628
CN202310825525.8	A_003798
US202117408859A	A_008148
CN202122850802.X	A_002785
CN202010315724.0	A_001589
CN202110552825.4	A_002201
CN201910031547.0	A_000469
CN202221956114.X	A_003293
CN202210676224.9	A_002943
JP2025507098A	A_006465
CN202011353624.3	A_001782
CN202110220147.1	A_000968
CN202020480670.9	A_000998
CN201810982205.2	A_000414
CN202020425502.X	A_001574
CN202322325746.7	A_001369
US202318097072A	A_005548
CN202323258715.0	A_000297
CN202110395340.9	A_002321
KR20190049499A	A_006630
KR20180154481A	A_006567
CN202310579943.3	A_003808
CN202210264730.7	A_000294
CN201820377890.1	A_000641
CN202223490804.3	A_003618
CN202211185228.3	A_003028
CN201920565427.4	A_001263
CN202310052874.0	A_003674
EP21178883A	A_000037
KR20210039898A	A_006819
KR20220018930A	A_007012
CN202111050089.9	A_000636
EP23840428A	A_000050
CN202022925114.0	A_002198
CN201910202783.4	A_000895
CN202322390606.8	A_001767
CN202311867986.8	A_000273
CN202020106867.6	A_001847
JP2023215823A	A_006264
CN201810838986.8	A_000375
IN202047017511	A_005849
CN201921203682.0	A_000252
CA2020050502W	A_000110
CN201911071398.7	A_001121
CN201921184163.4	A_001330
CN202223284602.3	A_003213
CN202023048134.0	A_001791
KR2018007079W	A_006516
US202016983703A	A_008033
CN202322055793.4	A_001467
IN202341077801	A_006048
CN202210764840.X	A_001758
LU501307A	A_007372
CN201810194479.5	A_000163
KR20210174610A	A_007010
CN202010901203.3	A_001704
CN202320115187.4	A_004221
CN202010832829.3	A_000469
CN202320867423.8	A_004429
CN201811274181.1	A_000161
US202217980513A	A_008292
CN202310831853.9	A_001099
CN201910829808.3	A_000317
CN202222627268.0	A_002421
CN202311669041.5	A_003122
CN202111646683.4	A_000614
US201815956282A	A_000005
CN201921624091.0	A_001373
CN202320414617.2	A_004299
CN202222416879.0	A_002928
IN201817020752	A_005794
CN202310606920.7	A_000466
US2023016125W	A_005548
CN201810989249.8	A_000190
PL44445023A	A_007409
US201916694705A	A_007875
US202217852229A	A_005548
CN202322989875.6	A_000543
CN202210371230.3	A_002886
KR20230113270A	A_006540
IL30181423A	A_005779
CN201810335158.2	A_000143
CN201820913710.7	A_000723
IN202341041463	A_006007
CN202223457955.9	A_003611
CN202322963185.3	A_005110
CN202322865187.9	A_004821
CN202223365753.1	A_003569
KR20210027181A	A_006916
CN201820246350.X	A_000612
CN202110870281.6	A_002399
CN202320437735.5	A_003784
FR1853109A	A_005678
KR20220018930A	A_007011
CN202020574498.3	A_001918
CN201811107337.7	A_000455
CN202111554366.X	A_001774
CN202010691859.7	A_001649
CN202322577391.0	A_004983
CN201822127840.0	A_000884
CN202321305124.1	A_003714
CN202310282264.X	A_003724
CN202222542424.3	A_003354
CN202111085478.5	A_002433
US202218037686A	A_006188
CN201811274489.6	A_000161
CN202322983279.7	A_005120
EP18207980A	A_005473
CN201822034084.7	A_000810
CN202323233636.4	A_002074
KR20180008562A	A_006477
CN201921889380.3	A_001166
JP2022006053A	A_006160
CN202321396550.0	A_004580
IL27861720A	A_005758
US202016953479A	A_008030
CN202310777422.9	A_000764
CN202111472296.3	A_000547
CN201811050583.3	A_000436
CN202010380627.X	A_001598
EP18818609A	A_005482
IN202341042444	A_006015
CN202020185732.3	A_001862
CN202011001408.2	A_000371
CN201810587115.3	A_000317
CN202020005360.1	A_001831
CN202320018486.6	A_000231
JP2020015683W	A_006138
JP2022120697A	A_005612
IN202311059987	A_005937
CN202211636195.X	A_003161
CN2018102393W	A_000206
CN202123442784.8	A_000884
CN202122642259.4	A_002772
CN202021638683.0	A_000128
CN202122351360.4	A_002742
US202117920310A	A_000029
IN202217069722	A_005881
CN202321309706.7	A_004223
CN202020440340.7	A_001598
CN202311450472.2	A_004044
CN202322021990.4	A_004791
CN202223393579.1	A_003585
JP2022166703A	A_006084
US201815936784A	A_007692
CN201811155459.3	A_000469
CN202022597821.1	A_002162
US201916514479A	A_005469
CN202322983566.8	A_004061
CN201911099377.6	A_000369
CN202310681553.7	A_000304
CN202122295283.5	A_002733
CN202321251649.1	A_004540
CN202021223910.3	A_001993
JP2018006310A	A_006055
KR20210112667A	A_006535
US201917278067A	A_007969
KR20210072463A	A_006942
CN202122446065.7	A_001540
KR20180124381A	A_006549
TH2020000037W	A_007584
EP23150903A	A_000086
CN202080015683.1	A_001520
CN201810597128.9	A_000324
CN202110612180.9	A_002357
US201916694705A	A_007925
US202217699432A	A_007996
KR20230198008A	A_007361
CN202323104805.4	A_000992
CN202210107874.1	A_000182
KR20230148638A	A_007305
US202017074113A	A_006402
CN202321171932.3	A_004522
CN202110483743.9	A_001307
CN202321065569.7	A_000659
KR20220161937A	A_007134
CN2020098693W	A_001537
CN201911069545.7	A_000369
CN202211372659.0	A_003076
CN202121302603.9	A_002650
HRP20221010A	A_005722
CN201821150798.8	A_000177
JP2020532383A	A_006138
JP2023009672W	A_006235
DE102019006947A	A_005398
CN201910433987.9	A_001014
CN202322731216.2	A_001179
CN201820575633.9	A_000672
CN202223183445.7	A_003499
CN202222377677.X	A_003330
CN202311763052.X	A_004155
EP23188877A	A_000054
IN202241060941	A_005902
CN202321751442.0	A_004688
CN202322504473.2	A_003990
FR1908927A	A_005428
TR2022/018623	A_007602
CN202210733674.7	A_000345
CN201810195297.X	A_000192
JP2022063046A	A_006319
CN202010488440.1	A_001616
CN202223479211.7	A_003614
US202318525493A	A_008025
US202217884359A	A_005548
CN201910354770.9	A_000995
CN202122354674.X	A_002739
CN202322744067.3	A_000783
CN202110452177.5	A_000338
CN201811060194.9	A_000438
CN202223330177.7	A_001902
CN202210938298.5	A_002984
CN201921046162.3	A_001042
CN202310358203.7	A_000631
CN201811173097.0	A_000473
IN201917025480	A_005812
CN202380057221.X	A_005379
US202016916076A	A_008017
TR2022/007308	A_007627
CN202221540614.5	A_000977
JP2018193833A	A_006110
JP2020018335W	A_006182
CN202322727420.7	A_005017
CN202211520212.3	A_000315
EP18183431A	A_000005
US202117366694A	A_008138
KR20190171460A	A_006741
CN202211555735.1	A_003130
CN202310609604.5	A_001129
CN201911231093.8	A_000345
CN202323348000.4	A_005257
CN202210430801.6	A_000294
CN202122826980.9	A_000554
CN202321563111.4	A_004302
GB201909483A	A_005402
CN202321822930.6	A_004718
US202016775415A	A_007983
CN202310456287.8	A_003755
US202117241549A	A_005578
CN202020295751.1	A_000346
JP2023150138A	A_006423
CN202320695205.0	A_004377
CN202210545456.0	A_000384
CN201820378235.8	A_000642
CN202320390177.1	A_001574
CN202011614238.5	A_001183
CN202110365950.4	A_002313
CN202021984919.6	A_000323
CN202023239206.X	A_002227
US201916508034A	A_007833
CN202322850471.9	A_005066
CN202223208547.X	A_003509
US201816135998A	A_007740
IN202341035956	A_005994
CN201910571297.X	A_000228
US202217896451A	A_005583
RS2020000015W	A_007425
KR20200007269A	A_006268
CN201810272694.2	A_000223
CN202021239158.1	A_000559
CN201820158297.8	A_000160
KR20190041459A	A_006480
CN202311161266.X	A_000953
RU2023104919A	A_007529
EP18214190A	A_000023
CN202021112401.3	A_001980
US202118039618A	A_007836
AU2020100047A	A_000035
CN202221945422.2	A_002094
CN202223123864.1	A_003474
CN202210839208.7	A_002966
CN202223098125.1	A_003469
CN202310598368.1	A_003812
GB201815554A	A_005694
CN202320350330.8	A_001362
CN202311504251.9	A_004018
JP2023175099A	A_006438
CN202320975103.4	A_001099
IN202041042208	A_005847
CN202010509479.7	A_001624
EP22199966A	A_005392
CN202110273154.8	A_002298
KR20200142204A	A_006759
CN202320557542.3	A_004344
CN2020124377W	A_000514
CN202110512861.8	A_002341
CN202011241231.3	A_001200
JP2021076662A	A_006156
CN201910768216.5	A_001076
CN202011192725.7	A_000387
KR20190115975A	A_006702
KR20190137754A	A_006720
CN202111674744.8	A_000543
KR20230051178A	A_007219
US202218689364A	A_008323
CN202321159005.X	A_004517
KR20220185431A	A_007161
US201816019587A	A_006088
CN202311535604.1	A_003927
US201816121093A	A_007736
IN202311043562	A_005925
CN202321875475.6	A_004735
GB202006781A	A_000048
JP2023214740A	A_006125
CN202210734416.0	A_002950
US202017632426A	A_005496
KR20220168508A	A_006417
CN202023019484.4	A_002205
CN202123451681.8	A_002823
CN202322554346.3	A_004977
CN202323279855.6	A_005230
CN202321732406.X	A_004680
CN202221779295.3	A_003282
JP2019034315W	A_006129
CN202020843579.9	A_001949
CN202211401210.2	A_000182
CN202211156349.5	A_003018
DE602019020441.8	A_005460
CN202220634529.9	A_002448
US201816205575A	A_007765
CN201821912667.9	A_000862
KR20210190900A	A_007038
CN202321872734.X	A_001077
SK500412022U	A_007582
KR20220140192A	A_007110
CN201821953691.7	A_000731
CN201920971743.1	A_000469
CN201811038376.6	A_000430
CN202223061106.1	A_003458
CN202011279739.2	A_001771
CN201910144289.7	A_000943
CN2018080246W	A_000129
CN202322815533.2	A_005049
CN202321702951.4	A_001807
CN202110249190.0	A_000194
US202117229831A	A_000003
CN202320107593.6	A_004216
CN202211593000.8	A_001433
CN202311563082.6	A_002970
CN201821266370.X	A_000773
US202016745443A	A_001530
CN202210778169.4	A_002954
BG432419U	A_000060
CN202321433922.2	A_004592
RU2018140767A	A_007447
CN202010066567.4	A_000514
CN202323555662.9	A_005326
KR20237009571A	A_007363
CN202321559431.2	A_002154
JP2019137475A	A_006157
CN201921867329.2	A_000574
CN202320102842.2	A_000439
CN202222020497.6	A_003300
CN201810482451.1	A_000278
IL30017423A	A_005777
CN202322429556.X	A_000138
CN201911185327.X	A_001142
CN202110153089.5	A_002274
CN202322621462.2	A_004963
CN202020967037.2	A_001849
KR20220161863A	A_007131
ARP210100638A	A_000001
KR20230177785A	A_007345
CN202020787313.7	A_000764
CN202221447780.0	A_003228
EP21184377A	A_005469
JP2023193878A	A_006110
CN202123195755.6	A_002801
US202217721890A	A_007674
CN202322221693.4	A_002452
CN202020650586.7	A_001927
CN202121921411.6	A_002705
CN202110648023.3	A_001026
US201815982034A	A_005469
CN202222441255.4	A_001962
CN202221422694.4	A_003261
JP2020044617W	A_006194
CN202223323391.X	A_003464
CN202310320828.4	A_003733
KR20210180715A	A_006491
CN202311356612.X	A_003970
CN202323658204.8	A_005373
CN202223581733.8	A_001745
CN201911351109.9	A_000315
AU2020251052A	A_000039
CN201911015763.2	A_001114
CN202310866379.3	A_003882
CN202223382608.4	A_003575
US202318186221A	A_008366
CN201921260887.2	A_000128
CN202311454660.2	A_004051
CN202321800623.8	A_002068
CN202220489938.4	A_000543
KR20180156156A	A_006569
JP2019067778A	A_006081
CN202011297716.4	A_001774
CN202311547768.6	A_000384
CN201920352444.X	A_000452
CN201920058840.1	A_000856
CN202011623225.4	A_001136
CN202321600886.4	A_001187
CN202211730480.8	A_000222
CN202080016421.7	A_000128
CN201811629920.4	A_000568
CN202321269177.2	A_003631
KR20230131218A	A_007282
CN202310658849.7	A_000384
JP2022132875A	A_006327
JP2022177441A	A_005612
CN202321376009.3	A_004541
CN202310806206.2	A_003865
JP2019009394A	A_006092
CN202311092870.1	A_002999
KR20200085625A	A_006550
EP23800687A	A_005632
CN202110704787.X	A_002371
CN202323470891.0	A_005299
CN202220330459.8	A_003208
CN201811307693.3	A_000494
CN201810110751.7	A_000163
CN202210241033.X	A_002292
CN202323393576.2	A_002011
US202318131569A	A_008355
CN202211016040.6	A_003003
JP2023194249A	A_006444
CN202322223163.3	A_004817
IN202341074405A	A_006045
CN202223500967.5	A_003624
CN202211165602.3	A_000494
CN201822148964.7	A_000767
CN202311176927.6	A_001433
CN202223015835.3	A_001366
US2022026188W	A_008194
IL30976823A	A_005789
CN202322378045.X	A_004907
CN202120637848.0	A_002581
CN202310900587.0	A_003898
CN201810851755.0	A_000380
US201916587863A	A_007852
US202117475055A	A_005469
CN202223583189.0	A_003649
CN202223430671.0	A_003597
CN201821108580.6	A_000744
CN202321960954.8	A_004768
CN202021226016.1	A_001633
CN201821506921.5	A_000309
CN202022263374.6	A_001731
CN2022082827W	A_000968
CN202221057427.1	A_003243
KR20200059754A	A_006814
CN201921994204.6	A_001350
CN201910870945.1	A_000566
JP2023055297A	A_006114
CN201810855717.2	A_000383
CN202322070681.6	A_000590
CN202022143790.2	A_001234
KR20190098599A	A_006687
CN202110642730.1	A_002362
CN202323023148.0	A_005140
CN201910939312.1	A_000394
JP2022518148A	A_006182
CN202321151380.X	A_004514
CN202211675231.3	A_003168
CN202211190944.0	A_000377
CN201910022021.6	A_000916
CN202180075454.3	A_000128
KR20210158784A	A_006993
CN202223022725.X	A_003443
CN202311291374.9	A_003997
KR20190015509A	A_006591
CN202011549700.8	A_001808
CN202311796866.3	A_000928
CN202223134547.X	A_003476
JP2019003388A	A_006092
CN201910707001.2	A_000318
KR20200142557A	A_006860
US202117246541A	A_007771
PL44113822A	A_007404
CN201810276286.4	A_000225
CN201920846989.6	A_001026
PT2022050002W	A_007416
CN202321053877.8	A_004482
CN202223553027.2	A_000231
CN201821606301.9	A_000241
CN202011321481.8	A_001778
CN202011234052.7	A_001761
EP20815870A	A_000113
JP2020018646W	A_006167
JP2020031691W	A_005612
CN201811015554.3	A_000423
CN202323583340.5	A_005338
CN202122248889.3	A_002729
KR20230168901A	A_006945
CN202011076311.8	A_001727
CN201921773442.4	A_000384
CN201822148595.1	A_000669
CN202120862441.8	A_000194
CN201911260536.6	A_000543
JP2020015683W	A_006139
KR20220012106A	A_006766
EP23166064A	A_005620
JP2021044189A	A_006241
CN202010978999.2	A_001713
KR20230017531A	A_007193
IN202311017590	A_005919
CN202021645097.9	A_002047
CN202322206563.3	A_004846
RU2019102284U	A_007451
CN202020161702.9	A_001857
CN202223577358.X	A_003645
CN202210593926.0	A_002935
KR20230010318A	A_007188
JP2020563047A	A_006138
CN202211675181.9	A_003168
CN202111158515.0	A_002438
CN202320131376.0	A_004228
CN202320264779.2	A_000837
CN201811276053.0	A_000294
CN201821862650.7	A_000854
KR20180082024A	A_006488
CN201920176506.6	A_000931
JP2019548347A	A_006180
CN202310591129.3	A_003809
CN202321674678.9	A_004633
IN202141000445	A_005859
KR20200032279A	A_006790
CN201821711897.9	A_000838
CN202321718339.6	A_004677
CN202222696162.6	A_003386
CN202011345209.3	A_001781
CN202111208298.1	A_000182
CN202321809180.9	A_004467
CN201821791464.9	A_000847
CN202320398350.2	A_004295
CN202110607694.5	A_001807
CN202123279124.2	A_002804
CN201810607059.5	A_000327
CN202120615758.1	A_002572
JP2023046962W	A_005614
JP2018033089W	A_005507
CN202020928806.8	A_001963
CN202320951631.6	A_004459
CN201811129359.3	A_000459
CN202320987619.0	A_004465
CN202322544409.7	A_004924
CN202020986584.5	A_001971
CN202310058151.1	A_003678
CN202311310679.X	A_004008
CN202021889766.7	A_002078
CN201820845202.X	A_000304
JP2020097298A	A_005507
US202117396733A	A_000007
CN202020206173.X	A_001872
US201916419628A	A_000129
CN202322631810.4	A_005002
CN201820087828.9	A_000182
KR20230126199A	A_006720
US202017001391A	A_007814
CN202322973602.2	A_005114
CN202010709286.6	A_000294
KR20210067163A	A_006480
CN202022310401.0	A_002125
CN201810122429.6	A_000168
CN202310947294.8	A_003028
KR20210036827A	A_006649
KR20230142860A	A_007301
CN202322628907.X	A_004999
CN202322853863.0	A_005070
CN202322558268.4	A_003121
CN202320912657.X	A_004441
CN201922462933.3	A_001499
IN202041030536	A_005837
CN202311357306.8	A_004016
CN202223466155.3	A_003585
CN202320701711.6	A_004380
CN202223543893.3	A_003636
CN202222430442.2	A_003342
DE102018116160A	A_005390
FR2300535A	A_005687
CN202211302506.9	A_000810
CN202210587644.X	A_000326
CN202111318807.6	A_002466
DE602019029979.6	A_005461
CN202010699856.8	A_001653
CN202211381532.5	A_001144
CN202010429838.8	A_001604
CN201810995375.4	A_000417
CN201820402177.8	A_000208
CN202322824365.3	A_005053
US202117244328A	A_005563
KR20190041932A	A_006621
CN2023115952W	A_004102
KR20220122502A	A_006826
KR20210193389A	A_007044
CN202210552618.3	A_000241
JP2019000011A	A_006122
KR20190097838A	A_006673
CN202110130640.4	A_000324
CN201821837080.6	A_000853
CN202322220323.9	A_002927
KR20190021653A	A_006594
RU2023110764A	A_007536
CN201810550679.X	A_000302
CN202210523064.4	A_002917
CN202010437382.X	A_001606
CN202223356113.4	A_003563
CN202322178288.9	A_001472
CN201810591056.7	A_000194
CN202221874736.8	A_003017
CN201920887421.9	A_000731
KR20190177888A	A_006644
CN201921630111.5	A_001374
CN202021620808.7	A_002045
CN202311237611.3	A_003987
CN202311094461.5	A_003949
CN201810514804.1	A_000290
US201816105935A	A_007731
AT2018167659T	A_000002
CN201921855787.4	A_001407
US202117460667A	A_008154
DE102020208315A	A_005411
CN202222294649.1	A_003322
CN202120939424.X	A_002613
RO202100761A	A_007419
IN202141019416	A_005867
CN202221859275.7	A_003289
EP18181815A	A_000003
CN202323367414.1	A_005265
US202318479928A	A_005633
CN201811536189.0	A_000548
CN201820819151.3	A_000710
US202118034745A	A_008202
EP20752744A	A_005546
CN202320599523.7	A_004351
CN202222650034.8	A_001657
CN202111296552.8	A_001616
US202318209459A	A_000492
CN202320223639.0	A_004257
CN202311561182.5	A_002292
CN201920007333.5	A_001186
TR2022003767U	A_007605
KR20190179856A	A_006748
CN202011274759.0	A_001399
CN201820677219.9	A_000687
KR20220176378A	A_007147
CN202310887669.6	A_003891
ES2019070017W	A_005650
CN202210229390.4	A_002863
CN202211522259.3	A_003124
CN201920934351.8	A_000731
CN202110822054.6	A_000622
CN202311292609.6	A_004001
JP2019082773A	A_005506
KR20180010041A	A_005588
CN202322671356.5	A_001506
JP2018079101A	A_006072
CN202010835379.3	A_000990
US202016839434A	A_007996
CN202120247968.X	A_002524
CN202220232373.1	A_003203
CN201810946065.3	A_000406
CN202021539496.7	A_002033
TR2022003767U	A_007608
KR20220040082A	A_007019
KR20200170855A	A_005625
CN201922034704.1	A_001435
CN202321880949.6	A_004737
CN202022353463.X	A_002132
JP2020128965A	A_006199
DE102018123348A	A_005391
CN201910971543.0	A_000294
CN202310358200.3	A_002486
IN202047000117	A_000019
CN201921045129.9	A_001314
US202218719487A	A_008328
US201815916821A	A_006181
KR20200064394A	A_006817
CN202321034275.8	A_001838
CN202321967310.1	A_004773
CN202311694936.4	A_000182
CN201920473820.0	A_001251
CN202210348615.8	A_002880
CN202311135940.7	A_003907
CN201820663615.6	A_000672
CN201822176666.9	A_000890
US202318159506A	A_007821
CN202210439401.1	A_002901
CN202211720420.8	A_000506
CN202311117666.0	A_003951
IN202317039345	A_005972
IN202117033026	A_005856
CN202323117640.4	A_004686
CN202010297191.8	A_001585
CN202223358506.9	A_003522
CN202323635670.4	A_001433
CN201811465862.6	A_000532
CN2022081105W	A_000129
CN202322965628.2	A_001962
CN202311688412.4	A_004128
US2023062526W	A_008338
JP2022027517A	A_006311
CN202111335764.2	A_002468
CN202321841892.9	A_004726
CN201921641703.7	A_001375
CN202311828178.0	A_003029
CA3017372A	A_000003
CN202321789334.2	A_004709
CN202311328866.0	A_000998
US201816051157A	A_007726
CN201911300520.3	A_001167
CN202310174637.1	A_003702
US202318155953A	A_005469
KR20190160306A	A_006489
US202117316945A	A_005626
EP23169064A	A_005621
CN202322145927.1	A_000231
KR20190154239A	A_006728
EP2023056135W	A_005535
CN202222139603.2	A_003306
CN202010315724.0	A_001588
CN201810778192.7	A_000362
CN202311293397.3	A_004003
EP22710487A	A_005597
CN202210677391.5	A_002423
JP2021510916A	A_006282
US202117409781A	A_008052
CN202022657263.3	A_002170
CN202311484903.7	A_004064
CN201810010602.3	A_000139
CN201810440766.X	A_000268
CN202223316698.7	A_002768
CN202322255928.1	A_004862
CN202321784860.X	A_004704
CN202322894357.6	A_005089
CN202321697906.4	A_004672
CN202020299039.9	A_000543
JP2020003286W	A_005506
CN202311658266.0	A_004115
CN202321433922.2	A_001762
CN202180039649.2	A_002825
CN202010898880.4	A_001703
CN202310303202.2	A_003729
CN202022899645.7	A_002196
CN202321487793.5	A_000319
KR20210023747A	A_006913
CN202222255661.1	A_003317
US202217961317A	A_008285
US202318348100A	A_008398
US202218061042A	A_008298
US201916707992A	A_000009
CN201910643827.7	A_001051
CN202223443566.0	A_003595
JP2023085003A	A_006392
EP18306482A	A_000077
US202217953148A	A_008283
CN202310910210.3	A_003902
CN202321271115.5	A_004548
CN202323094529.8	A_000554
CN201920580915.2	A_001267
EP18275270A	A_000088
CN202120266444.5	A_002525
CN202221576602.8	A_003273
CN202320495960.4	A_004321
CN202321984274.X	A_004777
KR20210033261A	A_006919
ES19201628T	A_005644
CN202120266452.X	A_002037
RU2023132202A	A_007566
CN202020568956.2	A_001916
CN201811479471.X	A_000470
CN202211296482.0	A_000764
US201916955216A	A_006083
CN201810432881.2	A_000265
KR20197035323A	A_006753
KR20200182734A	A_006885
JP2020048204W	A_006195
CN201811467908.8	A_000535
CN202210357418.2	A_002883
CN202321523656.2	A_003257
CN202222370499.8	A_003329
CN202322861876.2	A_005073
CN202320955165.9	A_004460
US202017109485A	A_000066
CN202111382343.5	A_000345
CN202320180237.7	A_000208
ES202331490U	A_005668
CN201922407085.6	A_001485
CN201920767389.0	A_001285
CN202020717199.0	A_000304
CN202223300465.8	A_003138
EP22198876A	A_005392
US202017067725A	A_005494
CN202121561381.2	A_002671
CN202021883241.2	A_002077
CN202010402636.4	A_001600
JP2021202402A	A_006274
CN202110718648.2	A_000730
CN202223276698.9	A_001077
CN202122790824.1	A_002781
NZ2020050031W	A_007394
CN201810419325.1	A_000263
US201815873051A	A_007672
CN202222238435.2	A_002928
KR20210186198A	A_007030
CN202323093617.6	A_005159
CN202321605351.6	A_004645
EP2021081211W	A_005531
CN202020428773.0	A_000784
JP2023034391A	A_005618
US201816020189A	A_005614
CN202311516105.8	A_004077
CN202211299510.4	A_000598
CN202320486148.5	A_002805
US201916681859A	A_007860
CN202311680287.2	A_004127
CN202221554731.7	A_002503
RU2023111969A	A_007536
CN202322328234.6	A_002209
CN202223442371.4	A_000855
CN202221500550.6	A_003267
CN202321903522.3	A_004747
KR20217005911A	A_007048
KR20220161889A	A_007132
KR20200026405A	A_006781
CN202020845411.1	A_001950
CN202322902655.5	A_005092
CN202223480942.3	A_003616
CN202310623481.0	A_003820
CN202222295377.7	A_003323
JP2019018610A	A_006125
IN202321054248A	A_005977
KR20190099744A	A_006690
KR20230070918A	A_007233
CN201820204448.9	A_000245
CN202122445543.2	A_002756
KR20200122408A	A_006843
KR20210051446A	A_006760
CN202323307356.3	A_005239
CN201820389737.0	A_000647
JP2023214740A	A_006124
CN202323322216.3	A_005247
IN202141059519	A_005870
CN201820529680.X	A_000143
IN202321088921	A_005981
CN202311669723.6	A_004121
CN202221451640.0	A_003264
CN202320226067.1	A_004261
CN202210512700.3	A_002915
CN202021756056.7	A_002060
CN202122242555.5	A_000413
CN201811234584.3	A_000304
CN202323623754.6	A_003730
KR20230164654A	A_007322
CN202310133897.4	A_001485
CN201910644663.X	A_001053
CN202220577803.3	A_001762
US201816196247A	A_000005
KR20180112164A	A_006536
US201916694705A	A_007882
KR20230060220A	A_007045
CN201911269035.4	A_000237
CN202322764142.2	A_005034
CN201911334948.X	A_000810
CN201820197829.9	A_000608
CN202322472254.0	A_004950
CN202311649319.2	A_003388
CN202321944900.2	A_004766
KR20230108075A	A_007265
CN202221260230.8	A_002350
CN202311536008.5	A_004085
CN202322882629.0	A_005082
CN202020256536.0	A_001878
IN201941046271	A_005820
ES20731922T	A_005671
CN202123375580.7	A_000614
CN202321354705.4	A_004454
CN202110407983.0	A_001049
CN202211471925.5	A_000182
CN202020858401.1	A_001955
CN202310076888.6	A_003680
US201916488834A	A_006695
JP2023006132W	A_006349
CN202011543782.5	A_001814
RU2023130532A	A_007562
US202318196740A	A_000009
CN202122952237.8	A_002788
KR20230107727A	A_007245
KR20200053649A	A_006801
CN202210588224.3	A_002932
JP2022179155A	A_006309
CN2020109821W	A_001688
KR20210142931A	A_006983
BR202019007683U	A_000101
CN202020087734.9	A_001845
EP22779625A	A_005604
CN202223610434.2	A_000543
CN202310775579.8	A_003028
CN201810488563.8	A_000281
KR20200186307A	A_005626
CN202023092377.4	A_002213
CN202022234212.X	A_002114
CN202310350603.3	A_000337
CN202110951968.2	A_002392
CN202311235309.4	A_001015
CN202011533706.6	A_001811
US202318107880A	A_000005
CN201922219558.X	A_001456
EP22735524A	A_005599
US202117346191A	A_000129
CN202121318362.7	A_002652
CN202320168122.6	A_002808
CN202322880175.3	A_005081
CN202223597470.X	A_003651
CN202111285860.0	A_001710
US202017637252A	A_008075
CN202221326828.2	A_003255
CN201910571322.4	A_000228
CN202211139958.X	A_002974
CN202210375954.5	A_002888
CN202210896188.7	A_002977
CN202210387144.1	A_001015
CN202120311230.5	A_002535
CN201920547269.X	A_000793
ES18885393T	A_005643
CN202321150635.0	A_004193
CN201922452690.5	A_001494
JP2019570164A	A_006138
CN202322985448.0	A_005123
KR20210189122A	A_007035
CN202021496558.0	A_002026
CN201920548211.7	A_000983
CN201921172365.7	A_000614
CN201910254565.5	A_000559
KR20210098127A	A_006955
CN202311852487.1	A_004184
CN202223521322.X	A_003630
US201916679172A	A_005494
CN201920212128.2	A_000350
CN201920492994.1	A_001252
CN201810633510.0	A_000338
RU2022131894A	A_007516
CN202511577527.5	A_001581
CN202320327330.6	A_003909
CN202320843894.5	A_001504
CN201910470631.2	A_001020
JP2018024586A	A_006059
CN202310030457.6	A_003665
CN202211092945.1	A_001979
CN202311331111.6	A_000749
CN202311708841.3	A_003434
CN202022775140.X	A_002185
CN202210267121.7	A_002867
CN202110287356.8	A_000177
CN202010361393.4	A_001571
CN202323172282.7	A_002970
CN202010322484.7	A_000439
KR20200091774A	A_006663
US201916280476A	A_000050
KR20230126154A	A_007273
CN202021248143.1	A_000128
CN202211726161.X	A_003180
CN202322766358.2	A_002415
CN202120120896.2	A_002517
CN202021926496.2	A_000384
JP2022522452A	A_006138
IL27512420A	A_005751
CN201922270018.4	A_001467
CN202122680527.1	A_002775
CN202010065854.3	A_001546
JP2018049222A	A_000037
RU2021108480A	A_007489
CN202323349329.2	A_003411
JP2021026397W	A_006223
DE102021131961A	A_005418
US202016815942A	A_007995
CN202321454259.4	A_003034
CN202020209994.9	A_001590
KR20190065282A	A_006644
IN202031041280	A_005835
EP22901030A	A_005612
CN201811275074.0	A_000161
US202016892277A	A_008014
CN201921545393.9	A_001364
CN202223271145.4	A_003529
CN201810625999.7	A_000334
NZ2020050031W	A_007393
CN202322713404.2	A_000810
CN201811449509.9	A_000522
CN202321969104.4	A_004774
CN202021556449.3	A_002037
CN202223362641.0	A_003566
CN202011058256.X	A_001445
KR20190099744A	A_006691
CN202010370673.1	A_001596
CN202310967057.8	A_003907
CN201921717992.4	A_001387
CN202222174474.0	A_003309
CN202223093561.X	A_003183
TR2022003767U	A_007606
CN202321084807.9	A_004498
CN201822197624.3	A_000314
CN202110808615.7	A_002385
US202318864508A	A_000028
JP2022032517A	A_006197
CN202310098688.0	A_000294
LU501425A	A_007374
IN202241058868	A_005900
CN201920369730.7	A_001235
EP18173740A	A_000112
US2018037162W	A_007661
DE102018002782A	A_005388
CN202022174125.X	A_001103
CN202111352865.0	A_002471
CA3038339A	A_000113
CN202210268132.7	A_002868
KR20190055604A	A_006636
US202218868225A	A_006234
JP2023055297A	A_005618
CN202010238690.X	A_001577
CN202321555499.3	A_004629
CN201922376407.5	A_001480
CN202310845395.4	A_000359
CN202322896479.9	A_005090
CN201910991479.2	A_001111
CN202120599249.4	A_001763
CN202120608236.9	A_002577
JP2022048160W	A_006303
JP2023054552A	A_006111
CN202310228975.9	A_003711
CN201811639357.9	A_000570
CN202221276381.2	A_003253
JP2023042699A	A_006374
CN202222702427.9	A_002756
KR20200138298A	A_006858
CN202311189335.8	A_003971
CN202120303471.5	A_002530
CN202223302242.5	A_003546
CN202321914639.1	A_004739
CN201810210472.8	A_000199
CN202223346915.7	A_000636
CN202210283192.6	A_002871
KR20190042829A	A_006624
CN202122147889.4	A_002718
CN202310820990.2	A_003871
CN201920576213.7	A_001264
CN202211742270.0	A_000538
KR20207023562A	A_006890
CN202210434201.7	A_000276
US202016900407A	A_005467
CN202321932414.9	A_004760
CN201920715159.X	A_001007
IB2018053299W	A_005726
CN202111266641.8	A_002451
US2018019423W	A_005572
US201916381825A	A_000054
CN202210510288.1	A_002700
CN202323216230.5	A_001508
EP22178562A	A_005472
CN202010191870.7	A_001564
CN202110769701.1	A_002379
CN201911251917.8	A_000310
CN202020436175.8	A_001900
US201816105215A	A_000003
CN202210922228.0	A_002980
GB202206618A	A_005705
CN202220046633.6	A_003192
CN202210839209.1	A_002966
CN202323656859.1	A_005371
CN202311207585.X	A_003974
DE102023000843A	A_005422
EP19905518A	A_000492
EP22780770A	A_005605
JP2019069028A	A_006140
CN202222996947.5	A_000198
KR20210012823A	A_006902
CN202322324546.X	A_001092
IN202311086072A	A_005953
CN201820630434.3	A_000682
CN202321903522.3	A_004748
US202016915300A	A_000129
IL25970118A	A_005747
CN202011117665.2	A_001738
KR20190063612A	A_006639
CN201811566895.X	A_000550
CN202210539896.5	A_002919
CN202110639731.0	A_001133
KR20180087417A	A_006528
JP2019169095A	A_006167
CN202311053803.9	A_003938
CN202211580902.8	A_001263
CN202322895286.1	A_002341
CN201821328785.5	A_000782
CN201920088495.6	A_000294
CN202311028916.3	A_001150
CN202311361157.2	A_001288
CN202322824360.0	A_005052
CN201820029402.8	A_000576
CN201920715144.3	A_001007
FR2101253A	A_000112
KR20200138298A	A_006857
US202117166537A	A_005625
CN202311443612.3	A_004042
KR20220062401A	A_007087
CN202323270183.2	A_005179
KR20210191943A	A_007042
CN201911034056.8	A_001117
CN202111662137.X	A_002436
IN202321024845	A_005974
CN202221227720.8	A_003249
CN202311087643.X	A_003938
US201816193101A	A_005577
CN202321886249.8	A_004739
KR20230148638A	A_007304
CN202010507695.8	A_001620
US202117373842A	A_005548
KR20230142629A	A_007169
CN202222823193.3	A_001361
TW111202503U	A_007646
CN202211545688.2	A_000915
DE102021004279A	A_005413
KR20230081804A	A_007118
CN202311749391.2	A_004145
IL28400321A	A_005761
CN2020109821W	A_001715
CN201810396760.7	A_000260
JP2023095911A	A_006401
CN202321551421.4	A_000182
CN201922129108.1	A_001418
CN202221647041.6	A_001920
US202217663838A	A_008227
CN202311182729.0	A_002270
BR102020016568	A_000079
US202318310971A	A_008389
CN202222769972.X	A_000416
KR20210147865A	A_005625
CN201910802002.5	A_000134
CN201811105656.4	A_000451
CN202321908444.6	A_004752
CN201820490815.6	A_000658
CN202010491690.0	A_000304
CN201910495204.X	A_001028
CN202311821405.7	A_004174
CN202011380500.4	A_001787
CN202320922895.9	A_004445
CN202211185811.4	A_001747
CN202110499002.X	A_000338
CN202322155951.3	A_004829
JP2021042990A	A_006229
US201816181641A	A_000003
CN202023005759.9	A_000731
JP2021117288A	A_006217
CN202310492305.8	A_001049
CN202020399984.6	A_001897
CN202310842842.0	A_003876
CN202220452029.3	A_003214
CN201922201167.5	A_001453
CN2018113015W	A_000226
CN202323088256.6	A_001472
CN202223237401.8	A_002768
CN202323029900.2	A_005143
FR1873108A	A_005680
CN202010656401.8	A_001601
CN202311218910.2	A_000764
CN201921758467.7	A_000543
CN202310300660.0	A_003676
US202217891013A	A_000037
CN201920316389.9	A_001022
DE602018003114.6	A_000004
CN202222783301.9	A_003394
US201916547989A	A_007844
CN201810193974.4	A_000163
CN202020722715.9	A_001934
CN201911183520.X	A_001142
JP2019104027A	A_006146
CN202021549541.7	A_002035
CN201920408743.0	A_000963
US201816624607A	A_007781
CN202110859382.3	A_002338
ES18152595T	A_000067
KR20210082329A	A_006480
CN201822209698.4	A_000810
IN202041030536	A_005839
US202217734023A	A_005548
CN202322842359.0	A_005062
US202218554626A	A_007963
CN201911121414.9	A_001075
CN202322256709.5	A_004864
CN202210126181.7	A_000782
IN202341041463	A_006005
JP2018074862A	A_006069
CN202310107938.2	A_002900
KR20190050362A	A_006632
CN202023277446.9	A_002234
CN202211600430.8	A_001962
IN202211022222	A_005873
CN202322648732.9	A_004930
CN202322661998.7	A_003556
CN202110257705.1	A_002292
JP2020041714A	A_006089
US202017605634A	A_005532
CN202311019259.6	A_001084
US202017026394A	A_000005
EP21809638A	A_005576
CN202122561032.7	A_000476
JP2021037595W	A_006233
CN202122357486.2	A_002744
KR20230046543A	A_007211
CN201920832613.X	A_001022
BR102023021571	A_000091
CN202110771881.7	A_002381
KR20200066212A	A_006597
KR20230133088A	A_007070
EP23821723A	A_005599
US202117494867A	A_008160
EP22174844A	A_005482
CN201920710139.3	A_000509
US201916408406A	A_000037
CN202320431596.5	A_004304
CN202210193692.0	A_002859
CN201922098576.7	A_001442
CN202221858113.1	A_003288
CN202323421422.X	A_000297
KR20210183283A	A_007021
CN202223283696.2	A_003498
US201916694705A	A_007907
US202318130827A	A_005554
CN202110261015.3	A_001361
CN202321902240.1	A_004746
CN201920660168.3	A_001276
CN202222010927.6	A_003299
US202117515436A	A_005548
CN201821989049.4	A_000543
KR20230131121A	A_007280
CN202322489639.8	A_002496
CN202210609912.3	A_000161
CN202120576790.3	A_002572
IN202341042444	A_006010
KR20230046543A	A_007213
KR20230131121A	A_007278
CN2020120469W	A_000128
IN202341001044	A_005990
CN202122637721.1	A_002770
US201916694705A	A_007863
CN202211649322.X	A_000337
CN201821422444.4	A_000315
IN202311051985A	A_005932
CN202320576818.2	A_002927
CN202011275342.6	A_000304
US202217733896A	A_001828
CN202010794213.1	A_001678
KR20180157161A	A_006571
EP22770102A	A_005602
CN202210551294.1	A_000304
CN202011219816.5	A_001754
CN202322084591.2	A_002711
CN202320397162.8	A_003783
CN202111493321.6	A_002489
CN202222289261.2	A_002341
CN201821505705.9	A_000309
US201916694705A	A_007869
IN202341049876	A_006017
US201815883781A	A_007676
CN202323638619.9	A_003586
CN201920592924.3	A_001269
CN201810586906.4	A_000315
CN202323607488.8	A_005350
KR20230137908A	A_007294
JP2021544685A	A_006289
CN201821961826.4	A_000872
CN202210353428.9	A_000697
US202017769939A	A_005599
CN201820682081.1	A_000690
US201916688003A	A_007802
CN202323135807.X	A_003680
CN202322342406.5	A_001472
CN201821318651.5	A_000779
JP2021564125A	A_000559
CN2020070268W	A_000182
CN202122979556.8	A_002791
US201816169545A	A_007751
EP23154667A	A_005469
CN202122031016.7	A_001723
US202117477934A	A_005548
CN202323014447.8	A_004946
CN202223289934.0	A_003539
CN202322919169.4	A_005096
IN202331026010	A_005984
CN202310421896.X	A_003144
CN202210849085.5	A_002293
JP2021500113A	A_006278
CN202021324391.X	A_002002
CN202322134388.1	A_003318
US202017635854A	A_005496
LU503647A	A_007371
CN201911225565.9	A_000252
CN202323058565.9	A_005152
US202318526067A	A_008005
JP2023196492A	A_006445
CN202223198788.0	A_000596
GB202302945A	A_005693
CN202321857870.1	A_003441
CN202320832986.3	A_000389
JP2020110786A	A_005612
CN202011533132.2	A_001810
CN202122515985.X	A_002759
JP2018189992A	A_006101
CN202311853617.3	A_004185
US202218555151A	A_008312
CN202322340763.8	A_004891
CN202323154075.9	A_005176
CN201920735323.3	A_001278
KR20220008567A	A_006634
KR20190099744A	A_006692
CN202222427254.4	A_003341
US202318401450A	A_005632
CN202020130814.8	A_001849
CN202220042177.8	A_003189
JP2018190532A	A_006109
CN202310836428.9	A_000162
KR20230184113A	A_007353
CN201980046192.0	A_000906
US202117354739A	A_008135
CN202020690860.3	A_001931
CN202321674701.4	A_004663
CN202320851793.2	A_003696
CN201811279624.6	A_000189
CN201821960673.1	A_000767
CN201910092151.7	A_000930
CN201920558621.X	A_001262
CN202322834507.4	A_005058
CN202011274784.9	A_000384
CN202110374792.9	A_000614
JP2022027517A	A_006310
CN202110052596.X	A_002256
CN202021030491.1	A_000494
CN202322073998.5	A_004805
US202016937180A	A_000129
DE102022001962A	A_005419
CN202211466061.8	A_003102
CN202211339112.0	A_003064
CN202021181641.9	A_001987
CN202021389332.0	A_002011
CN201921100818.5	A_000191
JP2019038456A	A_006136
CN202010073207.7	A_000369
CN201810256576.2	A_000213
CN202023019484.4	A_002207
CN202220426506.9	A_000310
CN201811396407.5	A_000182
JP2023115605A	A_006406
CN201810125409.4	A_000172
SK1052023U	A_007580
CN202223580542.X	A_003646
CN201810364755.8	A_000250
CN202223289934.0	A_003540
CN202223061999.X	A_000782
CN202320198199.8	A_001770
CN202211619197.8	A_003155
CN202311275851.2	A_003995
CN201821519652.6	A_000808
CN202111043934.X	A_000294
CN202311377523.3	A_001324
CN202311128592.0	A_001296
US202016944177A	A_006184
CN202210093545.6	A_002508
CN202022725352.7	A_002179
KR20210020815A	A_006597
CN202310228975.9	A_003712
CN202322609665.X	A_003532
CN202322085486.0	A_004635
CN202322237597.9	A_003934
CN202311317758.3	A_004009
CN202310774194.X	A_003858
CN202323148481.4	A_005175
CN202310658849.7	A_003830
CN201922142519.4	A_001447
KR20180105647A	A_006489
CN202120661646.X	A_002469
CN202111497045.0	A_002490
CN201821606301.9	A_000243
CN202211500244.7	A_000315
CN202110749116.5	A_002376
CN202110899042.3	A_000294
CN202011070705.2	A_001726
JP2023014023A	A_006145
JP2022048188W	A_006317
JP2023046357W	A_006303
CN202310360826.8	A_003745
CN202122726249.9	A_002467
CN202311410993.5	A_004035
CN202320853434.0	A_004423
CN202322103123.5	A_000994
CN202211539632.6	A_003127
CN202322629182.6	A_005000
CN202222502576.0	A_003349
US201816111352A	A_000086
KR20200077922A	A_006827
US201916716264A	A_007746
US202117197212A	A_007674
US201816205741A	A_007766
JP2023220388A	A_005500
UA2022000003W	A_007656
CN201811274934.9	A_000161
CN201810095390.3	A_000159
CN201810797903.5	A_000366
US202117469024A	A_005796
CN202322824099.4	A_005050
US202218692078A	A_008324
KR20200066212A	A_006820
US202218715973A	A_000029
RO201800738A	A_007421
CN202211693966.9	A_003174
US201816107641A	A_005469
CN202021995899.2	A_000543
CN202311607626.4	A_000371
CN202321375868.0	A_004541
CN202320872481.X	A_004431
US202318860063A	A_000030
CN202310051687.0	A_000641
CN201921072760.8	A_001317
KR20230060028A	A_007224
CN202320008222.2	A_001147
CN202322809303.5	A_004016
JP2023034735A	A_006363
DE102019005141A	A_005395
CN201811273069.6	A_000488
CN202222808545.8	A_003400
JP2022048190W	A_006303
CN201922191935.3	A_001452
JP2022026352W	A_006217
CN202310945817.5	A_001179
US201916539706A	A_000054
CN202320500964.7	A_002805
CN202321779468.6	A_000609
CN202321000976.X	A_003773
DE202023106320U	A_005450
CN202323255825.1	A_005216
EP20731923A	A_005542
US202118004454A	A_007577
US202217842035A	A_008264
US201815911993A	A_007685
CN201921822448.6	A_001405
CN201921974901.5	A_001424
CN202323549944.8	A_005139
PL44547423A	A_007411
CN201920540441.9	A_000641
KR20200174546A	A_006797
CN202020027064.1	A_001541
JP2022519047A	A_006334
KR20230142860A	A_007298
CN201821616875.4	A_000315
CN202010299596.5	A_000273
CN202322053647.8	A_004799
CN202211418098.3	A_003089
CN202311332777.3	A_004011
CN202022670957.0	A_002174
KR20230131861A	A_006760
CN202322475527.7	A_000472
KR20190041932A	A_006618
CN201811257535.1	A_000196
CN202223080498.6	A_003463
KR20230197854A	A_007212
US201916435294A	A_007825
CN202321458316.6	A_004598
JP2023211655A	A_006448
CN202111381984.9	A_002477
CN202222596069.8	A_003348
JP2021536443A	A_006284
CN202322789196.4	A_005040
CN202323609634.0	A_004175
US201916694705A	A_007881
CN202320256665.3	A_004271
CN202020027065.6	A_001541
CN202223578240.9	A_000543
CN201821912322.3	A_000333
CN202322998264.8	A_005129
JP2023176541A	A_006195
CN202121069347.3	A_001063
CN202322210273.6	A_004849
KR20230180834A	A_006779
CN202111168218.4	A_002442
AT2019201991T	A_000005
CN202322779432.4	A_004548
CN202022709652.6	A_000564
CN201820178217.5	A_000604
JP2023007722A	A_006351
CN202323500728.4	A_002075
US201916549870A	A_007845
CN202323231670.8	A_005210
US201815966163A	A_007700
CN202010085228.0	A_001548
US201816121093A	A_007737
CN202323365755.5	A_005263
CN202221552916.4	A_000297
CN201920160646.4	A_000559
CN201820586048.9	A_000674
CN202210494714.7	A_001060
JP2021211054A	A_005618
US2022014978W	A_007976
CN201980027897.8	A_000260
KR20210175829A	A_006826
CN202222390591.0	A_000317
CN201821034707.4	A_000736
RU2023112662U	A_007541
US202218720283A	A_008330
CN202210814998.3	A_001176
JP2019038456A	A_006135
CN202210719018.1	A_002864
KR20180035110A	A_006493
US202318497848A	A_008146
CN202111677114.6	A_000162
CN202223206911.9	A_003508
CN202311510565.X	A_000182
CN202123280140.3	A_001417
CN202111002633.2	A_000864
CN201910123132.6	A_000731
JP2021033465W	A_006232
CN201910757441.9	A_001072
CN202223097811.7	A_003468
US202318223383A	A_000037
KR20210008435A	A_006827
CN202010946380.3	A_000609
CN202320781408.1	A_004398
US202016861773A	A_008007
CN202010210756.4	A_000182
ES202230999A	A_005664
CN202121276699.6	A_002648
EP21708738A	A_000048
JP2023068026A	A_006285
CN202011401722.X	A_001789
US201916433157A	A_007824
CN201810739336.8	A_000294
CN202322390924.4	A_004911
US202117184115A	A_005602
CN202011199961.1	A_000345
KR20220027342A	A_007065
CN201921511730.2	A_000469
US201815996325A	A_007709
CN202222632309.5	A_003378
CN202011346774.1	A_001725
EP24213941A	A_000122
CN202310427254.0	A_000304
CN202120943503.8	A_002614
KR20180152453A	A_006565
CN202022966926.X	A_002202
CN202321575447.2	A_000350
CN201822127442.9	A_000884
CN202223448856.4	A_003609
CN201910665184.6	A_001055
CN202020759867.6	A_001942
CN202220439323.0	A_000222
RU2021138649A	A_007461
CN202211300638.8	A_003056
KR20230197130A	A_006960
TR2022/007308	A_007626
CN202021758999.3	A_002061
KR20210058075A	A_006655
CN202011280213.6	A_000614
CN202321419376.7	A_004564
CN201820606290.8	A_000678
CN202320762568.1	A_004389
CN202211260611.0	A_001568
CN202323584800.6	A_003035
CN202123449088.X	A_000346
US201916239026A	A_000129
CN202320232343.5	A_004263
AU2019261693A	A_000021
CN202320852200.4	A_004422
CN202210514409.X	A_002658
JP2021109807A	A_006249
FR2207741A	A_005599
CN202210001228.7	A_002830
KR20200057137A	A_006809
CN201910151296.X	A_000756
US202117559517A	A_008176
CN201820545723.3	A_000667
DE102021107635A	A_000126
CN202222856391.X	A_003404
CN202210483964.0	A_002908
EP2022075837W	A_005533
IN202311087083A	A_005954
JP2023149641A	A_006421
JP2023106175A	A_006404
KR20200128536A	A_006850
CN202210514409.X	A_002916
CN201820668304.9	A_000686
CN202020742706.6	A_001937
CN202211452328.8	A_000345
US202318140122A	A_008356
IN202341052696	A_006020
CN201820097411.0	A_000590
CN201821384939.2	A_000377
BR102018012662A	A_000067
US202016830993A	A_007998
KR20200025387A	A_006596
RU2023130569A	A_007434
US2019015818W	A_005809
CN202121297541.7	A_002649
US2023074476W	A_008344
CN202321047891.7	A_004349
CN201810924981.7	A_000397
KR20217005911A	A_005645
CN202010815864.4	A_001684
CN202011198923.4	A_001748
CN202020077110.9	A_001505
CN202320727284.9	A_004219
ES20382943T	A_005670
CN201820282684.2	A_000621
CN202010841400.0	A_001690
CN202023283630.4	A_001183
CN202111513004.6	A_001296
EP23909403A	A_005639
KR20180042246A	A_006498
US202318186758A	A_005592
IN202141000445	A_005863
KR20210142931A	A_006873
CN201810590192.4	A_000319
US202016817427A	A_005477
CN201910605858.3	A_001042
IL28644521A	A_005770
CN202311457806.9	A_003723
BG438419U	A_000064
CN202310978286.X	A_000496
CN202210522694.X	A_002917
CN202321071031.7	A_004495
CN201922243693.8	A_001461
KR20210008435A	A_006900
KR20230059065A	A_007114
CN202021913955.3	A_001139
JP2021076662A	A_006157
CN202321921348.5	A_004755
CN202310282790.6	A_000692
CN202322053891.4	A_004800
CN201910139572.0	A_000350
FR2103064A	A_000112
CN202110989544.5	A_002415
IN202241074341A	A_005911
KR20210135828A	A_006977
CN202323288120.X	A_005235
CN202321997153.9	A_004781
JP2021159084A	A_006086
US202318309835A	A_000007
US202318153395A	A_007995
US202318841793A	A_008442
CN202010363939.X	A_001595
CN202320751454.7	A_004392
CN202322770995.7	A_005036
CN202022922485.3	A_001946
CN202321880057.6	A_004586
CN201811223544.9	A_000439
CN202320172421.7	A_004240
CN201921563658.8	A_000723
KR20200067089A	A_006824
CN202211022373.X	A_003004
KR20210170094A	A_007003
US202217945949A	A_008279
CN202210959988.9	A_000923
US2019045774W	A_007796
US202016875761A	A_007813
US201916404180A	A_007820
CN202120427043.3	A_002550
CN202210146094.8	A_001605
CN201810303224.8	A_000235
CN202221425933.1	A_003262
CN202223399732.1	A_001750
CN202323181138.X	A_005184
US202016848020A	A_008003
CN2018121754W	A_000128
CN202311854850.3	A_004186
CN202322456930.5	A_004934
JP2021501939A	A_006280
US202318500037A	A_005585
CN202320518019.X	A_000641
US201916694705A	A_007879
KR20230105531A	A_007264
CN202310562486.7	A_000811
CN202321132433.3	A_004512
CN202310282264.X	A_000406
US201916252203A	A_005469
CN202010100425.5	A_001551
CN202222686007.6	A_000496
US202117561195A	A_000005
CN202323377424.3	A_005270
US201916516765A	A_007837
CN202323122117.0	A_000564
CN201911112775.7	A_000387
CN202322688921.9	A_000682
IN202321054250A	A_005977
US201816180004A	A_007755
KR20220062401A	A_007086
CN201810995697.9	A_000417
CN202022929233.3	A_002200
CN201820246527.6	A_000611
CN202220273846.2	A_003204
US202318992415A	A_007577
CN202011480419.3	A_000543
CN202323574227.0	A_005335
CN202120852091.7	A_002601
CN201820083429.5	A_000583
CN201920230704.6	A_001215
CN202010204899.4	A_000304
CN201920111669.6	A_001202
CN202310670646.X	A_003834
JP2018238001A	A_006062
CN201920651804.6	A_001003
CN202022482011.1	A_000976
CN202221111965.4	A_003246
CN202322340589.7	A_003111
CN202323421401.8	A_005280
JP2023046962W	A_006303
CN202223243764.2	A_003518
CN202223375061.5	A_003571
US202017753965A	A_008076
CN201921764271.9	A_001394
CN202223386376.X	A_000196
CN202110182346.8	A_002278
CN202321409422.5	A_004582
CN201810092516.1	A_000156
CN202321797532.3	A_004628
CN202322875318.1	A_000641
US202117166884A	A_008100
CN202323236200.0	A_005211
JP2021020354W	A_006196
US201916437658A	A_005577
CN202011181709.8	A_001745
CN202020564493.2	A_001915
CN201910167364.1	A_000948
CN202020855425.1	A_001954
CN202211724594.1	A_003179
CN202220713294.2	A_003229
CN201811154714.2	A_000468
CN202322821488.1	A_004454
CN201811030489.1	A_000427
CN201821778588.3	A_000843
US202217973485A	A_005552
CN202010838229.8	A_001131
CN202321952638.6	A_000496
US201916658726A	A_007857
CN202321809198.9	A_003279
CN201921159061.7	A_001055
CN202111220187.2	A_002141
CN201910429832.8	A_000978
KR20190013446A	A_006590
CN202322256845.4	A_004865
DE602020006734.5	A_005462
CN202310848818.8	A_003878
JP2023211654A	A_006448
CN202323201171.4	A_005193
CN202310950579.7	A_003908
CN201810565825.6	A_000309
CN202311389599.8	A_003627
EP21887460A	A_000041
US202318862968A	A_008190
CN202023209298.7	A_002224
CN202310507916.5	A_003785
CN201821595557.4	A_000317
KR20210193381A	A_007044
CN202310860084.5	A_003882
US202217688361A	A_005548
CN202320527306.7	A_004335
IL30256123A	A_005781
CN202223280038.8	A_003532
RU2023104919A	A_007532
CN202211531366.2	A_001151
CN202322491857.5	A_004959
IN202031041280	A_005832
CN202010103242.9	A_001553
JP2019174231A	A_006158
CN202321779468.6	A_001099
CN202321414492.X	A_004583
RU2022121559A	A_007492
US202117153538A	A_008093
CN201910588758.4	A_001038
CN202320843279.4	A_004420
KR20200142204A	A_005625
US202016845319A	A_005599
CN201821150965.9	A_000751
CN201910667922.0	A_001056
CN202320135129.8	A_004230
CN201810751817.0	A_000356
US202016903557A	A_006790
CN202323507510.1	A_003053
US202217744040A	A_008251
CN202320950405.6	A_004341
CN201922158080.4	A_000314
JP2019164132A	A_006069
KR20180093942A	A_006488
FR2301227A	A_005688
US202318851930A	A_005428
CN202320225196.9	A_004260
CN202121123194.6	A_002031
US201816129286A	A_000009
CN202211558786.X	A_003133
CN202223036967.4	A_000782
KR20200057137A	A_006807
CN202311157736.5	A_003960
TR2022006096U	A_007617
CN202321429598.7	A_004589
US201916416508A	A_000005
JP2023573692A	A_006457
KR20200151536A	A_006759
CN202323023091.4	A_005140
CN201910597710.X	A_001041
EP21161132A	A_005469
CN202211504935.4	A_000337
CN202110371946.9	A_002315
DE102021001701A	A_005412
CN202223331280.3	A_003202
CN202323182606.5	A_001361
US202318462210A	A_007821
KR20200014126A	A_006769
CN2020120469W	A_000129
US201917260255A	A_007965
IL30017423A	A_005778
CN202322397925.1	A_001860
US201916694705A	A_007944
JP2020041714A	A_005506
RU2021116647A	A_007491
IN201911032838	A_005810
KR20217014881A	A_007048
CN202321227003.X	A_004533
KR20180046760A	A_006503
CN202323573328.6	A_000198
CN202323660532.1	A_005189
US201816131622A	A_000003
CN201820312018.9	A_000191
CN202222685756.7	A_003384
CN201811078726.1	A_000444
CN202020903921.X	A_001959
IN202131061649	A_005858
CN202121512640.2	A_002673
CN202222769430.2	A_003390
KR20190179856A	A_006747
CN201821883464.1	A_000564
US201815906935A	A_007684
CN201980010332.9	A_001512
IN202241060941	A_005904
CN202123098025.4	A_002797
CN201910508738.1	A_001031
CN202311343447.4	A_004013
CN202323078365.X	A_004930
KR20220053543A	A_007081
CN202320032399.6	A_004193
CN202322028317.3	A_001451
CN202220391432.X	A_003211
KR20190063612A	A_006638
CN202311021075.3	A_003928
KR20210190900A	A_007039
CN201910489072.X	A_001026
CN202322996309.8	A_001508
RU2022113262A	A_007511
CN202210540571.9	A_000633
US201916584240A	A_000005
KR20230050162A	A_006760
KR20220156324A	A_006815
CN202223526613.8	A_002613
CN202221178458.2	A_001229
KR20180139910A	A_006553
CN202311392363.X	A_003866
KR20210160406A	A_006953
CN201922373595.6	A_001479
CN202022235922.4	A_002115
CN201821059530.3	A_000737
KR20190137754A	A_006719
CN202223297259.6	A_001170
CN202321952744.4	A_000496
CN202311552726.1	A_003680
JP2023078069A	A_006191
KR20190173239A	A_006694
CN202322573274.7	A_004981
CN202110886598.9	A_000222
CN202021016998.1	A_001974
CN201810153093.X	A_000181
CN202020517172.7	A_001910
CN202310538360.6	A_003799
CN202222769972.X	A_001581
CN202320496502.2	A_004322
CN202111095756.5	A_000992
CN202210966664.8	A_002992
CN201821996827.2	A_000802
JP2018166273A	A_006096
CN202323009041.0	A_005132
US201816209526A	A_000037
CN201810691424.5	A_000348
CN202010843818.5	A_001691
CN201821536781.6	A_000811
JP2019137475A	A_006154
JP2020018077W	A_006068
KR20230171730A	A_006629
CN201821950201.8	A_000868
CN202320781350.0	A_002046
CN202321526263.7	A_004618
CN202321033057.2	A_004476
CN201811566600.9	A_000553
KR20190053182A	A_006634
US201916660576A	A_005618
CN202020206173.X	A_001868
TW107217802U	A_000921
US202117404960A	A_008147
CN202211356683.5	A_003069
CN202321833643.5	A_000723
KR20230088188A	A_007251
US202117999405A	A_008190
CN202322057274.1	A_004677
IN202311087595A	A_005968
CN201810937306.8	A_000401
CN202220547598.6	A_001147
CN202222693765.0	A_003386
CN202211474983.3	A_003108
AU2021106636A	A_000045
LU505704A	A_007379
US201916401332A	A_000005
US201916531120A	A_007842
US202016950441A	A_008029
CN201811568819.2	A_000236
CN202322258432.X	A_004867
CN202323219569.0	A_005204
KR20210131642A	A_006740
CN202323594950.5	A_003419
CN202211093096.1	A_003010
EP22205290A	A_000037
CN201811335432.2	A_000498
FR2313361A	A_000112
US202318160062A	A_008357
CN202311805456.0	A_004169
US202017310587A	A_008058
CN202320930075.4	A_004452
CN202110189131.9	A_002279
CN202320211631.2	A_004254
CN202020604072.8	A_001922
JP2022514957A	A_006170
RU2021103600A	A_007487
KR20230014542A	A_007190
KR20230141276A	A_007238
US202117199216A	A_000005
US201815926046A	A_007689
CN201810339953.9	A_000244
CN202321174765.8	A_004523
CN202322435111.2	A_004925
CN201910217551.6	A_000959
CN201910869359.5	A_001050
CN202110595543.2	A_000315
CN202221715398.3	A_002503
CN202321326826.8	A_004544
CN202310030457.6	A_003666
CN202311249031.6	A_000405
CN202322739850.0	A_000198
IN202241006974	A_005891
US201916694705A	A_007924
EP23894285A	A_005556
KR20230136489A	A_007289
JP2021015968W	A_006181
CN201910975120.6	A_001109
IN202311087083A	A_005955
ES21835825T	A_005674
JP2019114246A	A_006150
CN201910638621.5	A_001049
CN201810156859.X	A_000183
CN201821491548.0	A_000804
CN202310233062.6	A_000416
KR20230163875A	A_006740
CN202022589479.0	A_002159
CN202222906570.X	A_003414
US202217991338A	A_005588
CN202322602683.5	A_004994
CN201911156021.1	A_000182
CN202021837662.1	A_002072
RU2023117330A	A_007509
US202217950409A	A_000084
CN202121361945.8	A_001594
CN202021518370.1	A_002030
KR20210191436A	A_007041
RU2023113348A	A_007509
CN201910767268.0	A_000388
CN201910939946.7	A_001100
CN201921513525.X	A_001360
CN202010981551.6	A_001707
CN202020161687.8	A_001856
CN202122348428.3	A_002742
CN201910253423.7	A_000966
JP2023565759A	A_006169
CN202311797727.2	A_004163
CN202010752140.X	A_001672
KR20210185112A	A_007024
CN202011468370.X	A_000252
CN202320730544.8	A_004385
CN202020254855.8	A_001877
JP2023001502U	A_006343
CN202323628008.6	A_005357
CN202321699041.5	A_004673
CN202211537741.4	A_001137
CN201810247232.5	A_000208
CN202211477102.3	A_003109
EP21193420A	A_000112
JP2018138917A	A_006089
KR20220012803A	A_007054
GB202318400A	A_005703
CN202120996468.6	A_002622
CN202211648792.4	A_000731
CN202311713363.5	A_000735
CN201810762209.X	A_000358
CN202323038995.4	A_005146
IL28626721A	A_005768
CN202310806485.2	A_001433
CN202320705246.3	A_004382
CN202321658145.1	A_004659
CN202322596979.0	A_004992
CN201922483114.7	A_001506
US2020047703W	A_007976
CN202110462729.0	A_000694
US201916694705A	A_007904
KR20220124917A	A_007104
JP2021048700W	A_006089
DE202023106320U	A_005449
CN201810230378.9	A_000203
CN202110844167.6	A_002393
CN202311836949.0	A_002455
TR2021/015298	A_007602
CN202111435818.2	A_000128
CN201911150929.1	A_000314
CN202210573411.4	A_000304
JP2023559966A	A_006456
CN202223303414.0	A_000384
CN201821385062.9	A_000789
CN202323205834.X	A_005195
CN202310959492.6	A_003911
JP2020132302A	A_006205
US201916413572A	A_000005
US202318138897A	A_005626
CN202310262465.3	A_002274
CN202320985807.X	A_004463
CN202320951465.X	A_004458
BY2019000013W	A_000105
CN202122310983.7	A_000128
EP23209029A	A_005625
CN202110173196.4	A_002276
CN202011543402.8	A_001377
CN201822114906.2	A_000796
CN201922411236.5	A_001488
CN202110851744.4	A_002394
IN202321054234A	A_005977
KR20230165741A	A_006969
US202318120243A	A_008351
CN202011141862.8	A_001740
CN202022310401.0	A_002121
CN202310460982.1	A_003771
CN202321511304.5	A_004594
CN202320178301.8	A_003338
CN202220268969.7	A_000783
CN202222051123.0	A_003256
CN202223109296.X	A_001713
US202117401097A	A_008142
CN202120310220.X	A_002534
CN201820246670.5	A_000612
CN201880075566.7	A_000882
CN202311819669.9	A_004162
CN202011278659.5	A_001770
KR20200059754A	A_006813
CN202210834834.7	A_002965
CN202320533327.X	A_004219
US202117189237A	A_000129
KR20190071394A	A_006649
CN202220342737.1	A_000990
CN202020667522.8	A_000128
CN202311790949.1	A_004161
CN202011528733.4	A_001809
CN202311068225.6	A_002957
CN202320100173.5	A_004214
CN202223386167.5	A_003578
IL29052622A	A_005774
CN202011367236.0	A_001579
US202318538179A	A_008401
US202217732938A	A_008249
CN201911396466.7	A_000509
CN202223045598.5	A_003450
CN201910272234.4	A_000972
CN202311464337.3	A_004054
CN201821790026.0	A_000554
KR20210193719A	A_007047
JP2020018077W	A_006069
CN201820918053.5	A_000327
US202318860258A	A_008447
CN201810176241.X	A_000189
CN201920228311.1	A_001214
CN201921188491.1	A_001331
BR102018017268	A_000070
EP22706627A	A_000113
CN202111488666.2	A_002488
CN202311742124.2	A_000222
CN202310379673.1	A_000182
CN202311861710.9	A_000387
US201916367783A	A_007811
CN202111487121.X	A_001616
CN202011031773.8	A_001722
CN201811639621.9	A_000570
CN202321632045.1	A_004652
GB2020000044W	A_005697
CN202320481677.6	A_004318
US202217671201A	A_008230
CN202320919171.9	A_002109
CN202322464142.0	A_004939
CN202320615642.7	A_004356
CN202011233932.2	A_001725
JP2020040933A	A_006191
CN202310635315.2	A_002873
CN202120377115.8	A_002546
CN202023302743.4	A_002139
US202217658230A	A_005469
CN201811585908.8	A_000559
CN202111539353.5	A_001136
CN202322867974.7	A_003410
US202117406978A	A_005548
KR20190084226A	A_006660
JP2021015756W	A_006223
RU2020127702A	A_007472
US202117220137A	A_008116
CN202322111952.8	A_003341
CN201911017087.2	A_001115
CN202320735783.2	A_004388
CN202221063856.X	A_002830
CN202310438618.5	A_000242
CN201821981154.3	A_000873
FR2306585A	A_005680
US201916727110A	A_000492
JP2021208996A	A_005612
CN201810669320.4	A_000345
CN202022507019.9	A_002152
FR2103338A	A_000112
EP23890990A	A_005637
US202117194569A	A_008111
CN202321758127.0	A_001361
CN202222455068.1	A_000509
CN202320449430.6	A_004312
CN202010505408.X	A_000464
CN202323476685.0	A_005251
CN202322763224.5	A_005033
CN202323230741.2	A_005209
CN202011480583.4	A_001800
CN202320426812.7	A_004261
CN201822228690.2	A_000566
CN202111667061.X	A_000304
CN202110820274.5	A_000351
KR20190040498A	A_006615
CN202322301665.3	A_004853
CN202310202125.1	A_003706
CN201810764502.X	A_000359
KR20220155872A	A_007126
CN202323219569.0	A_005203
CN201811174702.6	A_000475
KR20220055900A	A_000112
CN201921684711.X	A_001380
CN201820551750.1	A_000669
CN201820854364.X	A_000309
CN202310057926.3	A_000384
CN202223283836.6	A_003535
CN202320557345.1	A_004343
CN202210960167.7	A_000923
KR20220156324A	A_006816
CN201921906698.8	A_001418
EP18795958A	A_005480
KR20200032071A	A_006788
JP2019014204A	A_006092
CN202323004585.8	A_005130
CN201810362167.0	A_000163
CN202021730004.2	A_002059
CN2022127965W	A_003187
EP23840442A	A_000050
CN202123317492.1	A_002806
US202117403071A	A_008144
JP2025518282A	A_006466
CN202010217919.1	A_001087
US2021028483W	A_008085
CN201821941431.8	A_000569
CN201922357830.0	A_000496
US202318863038A	A_008449
CN202311385143.4	A_000317
CN202022262745.9	A_002117
CN202322787025.8	A_005039
JP2019179140A	A_006114
CN202311567655.2	A_004094
US201916708058A	A_007953
CN202322237597.9	A_002463
RU2022103655A	A_007505
CN202320862496.8	A_004426
CN202223398846.4	A_003587
CN201911300784.9	A_001166
CN202020161289.6	A_000850
RU2021114472A	A_007456
CN202310905734.3	A_003111
CN201911077326.3	A_001123
RU2021132508A	A_007496
IN202311032482	A_005920
CN202020355840.0	A_000369
CN202323084159.X	A_005109
CN201921109436.9	A_001322
US201917048294A	A_007960
CN202310283760.7	A_003725
JP2023044506W	A_006223
CN202022602462.4	A_002163
IN202311087595A	A_005963
US201916694705A	A_007942
KR20230009840A	A_007185
CN202311873196.0	A_003346
CN202320975103.4	A_004462
CN202321281132.7	A_004551
CN202221244407.5	A_002709
CN202022335625.7	A_002129
US202117331372A	A_008130
CN202122400996.3	A_002438
CN201810045789.0	A_000147
RU2023119588A	A_007550
JP2021002827A	A_006069
US202217829191A	A_000005
CN202120535500.0	A_002566
EP23199792A	A_005618
CN202321343851.7	A_004565
KR20190050362A	A_006501
CN202223563209.8	A_003639
CN202321190560.9	A_004525
CN202321995848.3	A_001908
KR20220071185A	A_007089
CN201910744747.0	A_001068
JP2020563518A	A_006222
CN202311160242.2	A_003963
KR20210020815A	A_006912
JP2023212230A	A_006170
CN202211569808.2	A_003136
IN201917034126	A_005475
CN202322674757.6	A_005010
CN202322324216.0	A_001735
CN201920352822.4	A_001233
US202016953752A	A_008032
CN201922099734.0	A_001443
CN201921899753.5	A_001417
CN202122264838.X	A_001015
KR20230152414A	A_006933
CN202320290726.8	A_003900
CN202211043714.1	A_000416
EP24163761A	A_000005
KR20210113875A	A_006964
EP22786895A	A_005606
CN202110020999.6	A_002253
KR20200012934A	A_006527
KR20230060229A	A_007044
KR20210143906A	A_006984
JP2020025316A	A_006187
RU2023128253A	A_007560
CN202010560788.7	A_001634
CN202210365765.X	A_002884
US201916403691A	A_007819
CN202320071281.4	A_004208
CN202080044245.8	A_002241
CN202323055388.9	A_005151
CN202323239561.0	A_005212
DE112020004308T	A_005428
KR20190072315A	A_006480
CN202321786632.6	A_004707
US202217902483A	A_000005
CN202021519360.X	A_001988
CN202010021373.2	A_001508
CN202311691130.X	A_004129
CN201911285912.7	A_001163
US202016895361A	A_008015
CN201910028278.2	A_000896
CN202010774035.6	A_001676
KR20190008100A	A_006575
BR112023025033	A_000100
CN201822127103.0	A_000767
US202318314653A	A_000037
US201816629347A	A_006083
CN202021576326.6	A_002040
CN202321755701.7	A_000416
CN202311085724.6	A_000304
CN202323229915.3	A_005208
TW111145441A	A_002334
CN202010567817.2	A_000198
CN202322992893.X	A_000543
US202117220137A	A_008118
US2019014934W	A_007792
US2023075799W	A_005632
KR20190149384A	A_006726
CN202222918429.1	A_003415
EP18185550A	A_000005
CN202323443408.X	A_005120
RU2022132513U	A_007518
CN202310653010.4	A_003829
SG11202305668V	A_005632
CN202210138153.7	A_000400
KR20200081931A	A_006833
EP22158107A	A_005467
CN202311831855.4	A_004177
US201916694705A	A_007893
EP23220636A	A_005628
CN202111297563.8	A_002247
CN201811523045.1	A_000544
CN202110870281.6	A_002398
CN202020001138.4	A_001829
CN202323501861.1	A_004692
CN201820544491.X	A_000666
US202318334507A	A_000009
CN202311135983.5	A_003907
CN202022360127.8	A_002135
CN202010485740.4	A_001615
CN202021995307.7	A_001847
KR20210042479A	A_006923
EP23815802A	A_005556
CN202023262263.X	A_002232
CN202322462638.4	A_004938
KR20190041932A	A_006623
CN202120487482.3	A_002558
CN2023125553W	A_003853
CN202321892111.9	A_004559
CN202023122491.7	A_001810
US202117241326A	A_008125
IN202311087083A	A_005956
CN201820317336.4	A_000627
CN202211588375.5	A_000387
KR20210193381A	A_007045
CN202010444160.0	A_001609
KR20220190315A	A_006480
CN202322630841.8	A_004786
CN202211106762.0	A_003012
US202117549076A	A_005486
ES202030680A	A_005653
CN201810139138.8	A_000179
CN202310094305.2	A_001616
CN202111299355.1	A_002457
CN202321787953.8	A_004708
CN202322256842.0	A_004865
CN202210953019.2	A_002091
CN202322127555.X	A_004552
CN202110219855.3	A_000614
CN202311774022.9	A_004157
CN202310356847.2	A_002926
CN202321051082.3	A_004322
CN202111513969.5	A_002495
CN202310344074.6	A_003740
CN202210030248.7	A_002756
JP2021179509A	A_006270
CN202022634844.5	A_002166
CN202010570644.X	A_001616
CN202323025826.7	A_001774
CN202323371129.7	A_004170
CN202321324434.8	A_001229
CN202322349933.9	A_004896
CN202022003911.3	A_002092
CN202111374059.3	A_002475
CN202022417558.3	A_000749
US201816054937A	A_007729
EP19219379A	A_000037
CN202211414948.2	A_003087
KR20230131861A	A_006759
US202017598851A	A_008067
CN201922325394.9	A_001465
RU2023108109A	A_007537
CN202121996259.8	A_000953
CN202311244158.9	A_003988
JP2023573692A	A_006458
IN201817020483	A_000023
CN201911221741.1	A_001150
CN202221522130.8	A_002917
CN202311567655.2	A_004093
US202017626302A	A_000048
CN202210016661.8	A_002834
CN201820684171.4	A_000452
CN202220544127.X	A_003222
CN202211434221.0	A_000810
CN202223593430.8	A_003650
US202318096473A	A_005563
CN202210124729.4	A_002850
KR20220134552A	A_007107
IN202011031750	A_005823
US202217648744A	A_008223
CN202323162107.X	A_003697
CN202222746428.3	A_002804
CN202120353456.1	A_002542
US202117544535A	A_007733
RO201800513A	A_007419
CN202123005610.5	A_000384
CN202311051969.7	A_003003
CN202110921184.5	A_002406
CN202320120324.3	A_004225
CN202120169754.5	A_001162
DE102020121817A	A_005407
CA3139297A	A_000005
CN201910386293.4	A_000482
CN201821204250.7	A_000760
IN202227057287	A_000057
CN202321890226.4	A_004743
CN202110519654.5	A_000915
CN201910905766.7	A_000162
CN202323398489.6	A_005274
CN202111157893.7	A_002438
ES202331791U	A_005669
JP2020130495A	A_006055
US202217945919A	A_000129
US201816046543A	A_007722
CN202321935951.9	A_004762
CN202120675387.6	A_000416
CN201810539514.2	A_000161
JP2021147818A	A_006259
CN202310970679.6	A_000574
US202117509048A	A_007674
IN201821047908	A_005803
US201816223011A	A_007771
CN201810141308.6	A_000180
KR20210147866A	A_005625
US202118252494A	A_008206
TW112214193U	A_007655
CN202310054473.9	A_003676
CN202310672538.6	A_003836
CN202323280061.1	A_004350
US201816039203A	A_007719
US202016798298A	A_007991
CN202122298715.8	A_002734
CN202321814164.9	A_004715
US202118001983A	A_005697
CN201910570332.6	A_001037
CN202180089141.3	A_002828
IL27808320A	A_005756
CN201822148816.5	A_000887
CN202323275966.X	A_005225
IN201921038503	A_005815
CN202211739283.2	A_001136
CN201921708150.2	A_001386
CN202010059245.7	A_000998
CN201811644657.6	A_000570
AU2018051213W	A_000016
IN201921036523	A_005814
CN201811107337.7	A_000454
EP18194354A	A_000003
CN202121037982.3	A_001369
JP2020018646W	A_006184
CN202210997356.1	A_002996
CN201921851387.6	A_000128
CN202122042264.1	A_002713
RO202000700A	A_007419
CN202221832703.7	A_003287
JP2020163636A	A_006212
CN202120311230.5	A_002537
CN202220032073.9	A_001155
CN202310442601.7	A_002682
CN202023171240.8	A_002220
CN202320831034.X	A_000231
CN202310309012.1	A_001356
CN202022767321.8	A_002183
CN202110748955.5	A_000476
CN202320631787.6	A_004049
CN202321002562.0	A_004470
CN202110493770.4	A_000294
CN202223324360.6	A_002929
KR20190107530A	A_006524
CN201922403239.4	A_001483
CN202310082072.4	A_000764
US201816161921A	A_007746
GB202307860A	A_005693
FR1913571A	A_005682
CN202311804769.4	A_004168
DE102023002453A	A_005423
CN202323229359.X	A_005207
CN202310111424.4	A_001373
JP2018040513A	A_006066
CN202110065956.X	A_000304
CN202222790786.4	A_003396
CN201820870303.2	A_000182
CN202211212634.4	A_002673
CN202222927916.4	A_003418
US202218571249A	A_008318
CN202321367903.4	A_004569
JP2021202401A	A_006273
CN202321853052.4	A_004730
TR2022003767U	A_007604
KR20200014550A	A_006774
CN201810465490.0	A_000276
KR20210151662A	A_006987
CN202011274759.0	A_000384
CN202221648670.0	A_003276
CN201910779364.7	A_001065
CN202321912117.8	A_004055
CN202323443105.8	A_005293
CN202121877468.0	A_002406
RU2023119190A	A_007548
CN202380017988.X	A_005378
KR20180027914A	A_006490
US202117559123A	A_000054
EP22207366A	A_000007
CN202011446554.6	A_001793
CN202322437610.5	A_004928
CN202322181853.7	A_004840
CN202121098992.8	A_002637
CN201922462530.9	A_001498
CN202321018915.6	A_003773
CN201810597291.5	A_000317
US201916694705A	A_007877
US201816190740A	A_007761
CN201922482852.X	A_001505
CN202122004584.8	A_002710
CN202120329057.1	A_001155
JP2019185518A	A_006171
CA3010965A	A_000111
KR20220053543A	A_007082
IN202141000445	A_005866
CN202310483927.4	A_003778
CN202223269380.8	A_003130
CN201811044539.1	A_000434
CN202022542495.4	A_002155
CN201911390797.X	A_001183
CN202323034844.1	A_004644
CN201810818672.1	A_000134
CN202321526022.2	A_003349
EP2020075186W	A_005528
KR20210133430A	A_006975
KR20230043253A	A_007209
CN201810998423.5	A_000417
AT2018188797T	A_000004
US202217683339A	A_008234
CN202320241140.2	A_004215
CN202223582751.8	A_003648
CN201821167369.1	A_000754
ES202200049A	A_005660
CN201811475869.6	A_000536
CN202321058410.2	A_004485
KR20220140606A	A_007117
JP2021165219A	A_006206
KR20200037964A	A_006793
CN202321164927.X	A_003927
AU2018284337A	A_000020
CN202010939600.X	A_001709
CN202210433306.0	A_001446
CN202210669394.4	A_002928
CN202320050094.8	A_004199
CN202310139037.1	A_003691
CN202120604789.7	A_002576
KR20230164609A	A_006760
JP2018033089W	A_006062
CN201820999672.1	A_000198
CN202221118155.1	A_000394
CN202023332834.2	A_000927
CN202022422450.3	A_001164
KR20210062927A	A_006834
CN202321048222.1	A_004481
CN201910805221.9	A_000458
EP18179967A	A_000005
RU2023125509A	A_007556
CN202223447746.6	A_002132
CN201822112414.X	A_000554
KR20190148451A	A_006530
CN201811295612.2	A_000491
US202218263437A	A_008308
CN202322323769.4	A_004885
CN202320762920.1	A_002362
JP2019081670A	A_006143
US201816034017A	A_005468
CN201820592099.2	A_000543
CN202210299808.9	A_001137
CN202321363085.0	A_003858
KR20200055533A	A_006805
US202318463137A	A_008054
KR20220001876A	A_006894
CN202221550228.4	A_000177
CN202323018037.0	A_000915
CN202023060322.5	A_000543
CN202311219643.0	A_003970
IN202341041463	A_006004
KR20180003239A	A_006470
CN202021028017.5	A_001975
CN202322410196.9	A_004919
CN201810637453.3	A_000339
US202016830119A	A_007999
TR2022050975W	A_007623
CN201811459437.6	A_000528
CN201910152867.1	A_000945
KR20210147866A	A_006760
JP2021102119A	A_006069
CN202221251913.7	A_002709
CN202223012070.8	A_003439
CN201820177787.2	A_000484
US202217569996A	A_007674
US201916371375A	A_000005
BR102022019149A	A_000084
CN202321455847.X	A_004597
CN202310417472.6	A_000864
KR20210016388A	A_006910
CN202320411261.7	A_004298
CN202020314316.9	A_001886
KR20207003561A	A_006887
CN202321550931.X	A_000645
CN202221820211.6	A_003285
CN202223049944.7	A_003456
CN202322527856.1	A_004970
CN201821987175.6	A_000874
CN201910993618.5	A_001113
US201816233146A	A_007773
KR20257016226A	A_007368
EP20275012A	A_000048
CN202321603025.1	A_000788
CN201921112372.8	A_001323
CN202022641594.8	A_001769
CN202111565938.4	A_002498
CN202311363603.3	A_003801
CN202320488421.8	A_000208
CN201910486262.6	A_001023
CN202011603703.5	A_001774
CN202311648252.0	A_003695
KR20230032270A	A_007203
CN201922410900.4	A_001487
CN202321309439.3	A_004559
US202017007297A	A_008038
EP19220202A	A_000122
CN201910546794.4	A_001036
KR20210163473A	A_006996
CN202311461997.6	A_004053
CN202211657169.5	A_002830
CN202322561020.3	A_001808
CN202320078695.X	A_003784
CN201820515279.0	A_000663
CN202310624216.4	A_003821
US202117478870A	A_008155
JP2025519865A	A_005632
TW111210007U	A_007647
CN202021568797.2	A_002038
CN202311639122.0	A_002957
US201816016797A	A_007712
JP2024512783A	A_006233
US202217669603A	A_005493
KR20190071394A	A_006648
CN202210244384.6	A_000304
US202117507576A	A_008054
CN202220133683.8	A_003198
CN202021798115.7	A_001950
CN202322480662.0	A_004919
CN201920887590.2	A_001235
CN202021007604.6	A_001973
CN201911218988.8	A_001148
CN202211123510.9	A_002984
KR20257024802A	A_005632
CN202111563427.9	A_000564
CN201810966951.2	A_000409
CN201811447059.X	A_000521
CN202311747929.6	A_004144
TR202009725A	A_007594
CN201821914274.1	A_000422
CN202020968881.7	A_001968
KR20190154446A	A_006480
CN202221629207.1	A_000476
CN201920045690.0	A_001189
CN202022365529.7	A_002138
EP23207897A	A_005625
IN202041034184	A_005844
CN202110698217.4	A_002369
CN202111172983.3	A_002443
CN202223369407.0	A_003531
CN202321695599.6	A_004671
CN202322202280.1	A_003931
CN201811366511.X	A_000505
GB202113961A	A_005473
CN202311163872.5	A_000182
CN2018105664W	A_000169
CN202322578865.3	A_004984
CN202220302215.9	A_000783
CN202210866820.3	A_002975
CN201920393425.1	A_001239
CN201922165377.3	A_000557
CN202311744802.9	A_004143
JP2019156466A	A_006160
CN2023077086W	A_003659
CN202210512995.4	A_001433
CN202222314473.1	A_003324
TR2022015079A	A_007621
CN202211259832.6	A_003044
CN2018113015W	A_000492
CN201822177394.4	A_000559
CN201980078990.1	A_001525
JP2022143525A	A_005618
CN202310358203.7	A_002486
CN202020924223.8	A_001959
CN202120099861.5	A_002516
EP21207940A	A_000005
US202318481887A	A_007821
CN201910437655.8	A_001015
CN202323639860.3	A_005364
CN2018080246W	A_000128
CN202120470870.0	A_002295
CN202223506409.X	A_003627
CN202110491809.9	A_000252
IN202311043562	A_005926
US202318206444A	A_005548
US201917051895A	A_007961
CN202321344327.1	A_004566
CN202211101518.5	A_003011
JP2022048159W	A_005614
US202118026776A	A_008201
CN202080012937.4	A_002239
CN2019111161W	A_000326
CN202321598484.5	A_004642
CN201821550865.5	A_000816
JP2023149641A	A_006418
SG11202253012N	A_005741
US2021019637W	A_008083
CN202211439025.2	A_000554
KR20220182282A	A_006740
CN202320257774.7	A_002082
US201815949633A	A_000005
CN202010070550.6	A_000182
CN202211356683.5	A_003067
US202318138897A	A_005625
CN202322938299.2	A_005102
US202017087204A	A_008052
US201816199293A	A_007764
CN202323636435.9	A_005362
JP2021012814A	A_006059
US201916561644A	A_007733
RU2022125009A	A_007456
US201816035134A	A_007716
CN202321431508.8	A_004590
CN201821087649.1	A_000740
US202016886878A	A_007999
JP2023095911A	A_006400
CN202022003879.9	A_002092
CN202320190382.3	A_001029
JP2023032286W	A_006361
EP21156416A	A_000005
CN202223382786.7	A_003576
CN202323666433.4	A_003863
RU2023118440A	A_007546
KR20210015612A	A_006909
CN202011235947.2	A_001762
CN202323038002.3	A_002793
CN202020250166.X	A_001875
US202318337121A	A_007682
CN202322611711.X	A_003516
JP2019541920A	A_006083
CN202310224602.4	A_003710
CN202322919187.2	A_005097
CN202110851744.4	A_002395
US202318842192A	A_008443
CN202320807854.5	A_004406
CN202122173473.X	A_001877
US202117304083A	A_008126
US202318306108A	A_008016
EP23159743A	A_005617
CN202021390233.4	A_002012
CN201810120186.2	A_000167
CN202120579104.8	A_000452
CN201921881954.2	A_001414
CN202020189167.8	A_001864
CN202220771712.3	A_003233
CN202322946812.2	A_005104
CN202323198687.8	A_005192
CN202311695125.6	A_001770
US202217708207A	A_007822
IN201917046738	A_005507
CN202311179666.3	A_000724
CN202010644739.1	A_000407
KR20190097838A	A_006683
US201816041656A	A_007720
CN202310851049.7	A_003871
US201916694705A	A_007865
JP2023124131A	A_006413
CN202210551516.X	A_000384
CN201821059666.4	A_000738
CN202310492893.5	A_000337
CN202021427652.0	A_002017
CN202211559208.8	A_001742
CN202121526394.6	A_002675
CN201911140634.6	A_001134
CN202320764407.6	A_003525
CN202211626886.1	A_003157
CN202311555209.X	A_002793
CN202121925860.8	A_002706
CN201911124301.4	A_001132
EP18155205A	A_000005
CN202321530012.6	A_004322
CN202320950436.1	A_004457
CN202311357306.8	A_000416
CN202211168476.7	A_003020
JP2024512783A	A_006460
CN201910631797.8	A_001046
RU2018138959A	A_007434
CN201920408087.4	A_000964
CN202321857506.5	A_001937
CN202320457818.0	A_004313
KR20180163419A	A_006575
JP2020216368A	A_006215
CN202211323474.0	A_003029
KR20190139279A	A_006663
EP18197887A	A_005472
CN202321028734.1	A_001642
CN202021354026.3	A_002008
CN201821705929.4	A_000837
KR20257018072A	A_005632
JP2021050897A	A_005618
CN202310350806.2	A_001369
US201917052292A	A_007962
US202318314721A	A_000037
CN202320529247.7	A_002805
IN202341032837	A_005993
CN202021408546.8	A_002011
CN202020832560.4	A_001947
CN202310650365.8	A_001344
KR20200087403A	A_006495
CN202323650996.4	A_005366
CN202311376281.6	A_004022
CN202222801232.X	A_000696
CN202311588001.8	A_002154
CN202311530084.5	A_004082
CN202010772238.1	A_001000
CN201921852742.1	A_001279
KR20230009311A	A_007178
CN202211342990.8	A_003065
CN202111445949.9	A_001139
IN202041042208	A_005846
US202217884311A	A_005548
CN202323529601.5	A_005319
CN202223400522.X	A_003159
CN201921269935.4	A_001342
CN202220917872.4	A_000416
CN202223144238.0	A_003478
JP2021013151W	A_005506
CN202311847817.8	A_000614
CN202222255060.0	A_003316
US202118012556A	A_008198
KR20190177888A	A_006745
CN202010521071.1	A_001003
CN202010946380.3	A_000405
ES202230657U	A_005661
US2018017171W	A_000023
CN201810028809.3	A_000141
JP2019201192A	A_000029
CN201921021967.2	A_001311
CN202320641198.6	A_004365
CN202322797868.6	A_005043
CN202321289622.1	A_004555
CN202311554828.7	A_001200
CN202210926812.3	A_000337
CN202323653770.X	A_000496
CN201820848583.7	A_000305
CN202222602860.5	A_003371
CN202323636471.5	A_005362
IN202241026853	A_005898
CN202321482390.1	A_000259
CN201810129380.7	A_000173
US201816183991A	A_007682
US201815893628A	A_000003
BY2019000013W	A_000104
CN202111279169.1	A_000998
CN202223003223.2	A_001826
CN202321238500.X	A_004535
CN202022669951.1	A_002170
CN201910659914.1	A_000202
CN202010708399.4	A_000735
CN201920443194.0	A_001245
KR20220155026A	A_007123
CN201911221130.7	A_001149
KR20220161889A	A_007131
CN201980086779.4	A_001527
CN202223235226.9	A_002992
CN201910339933.6	A_000989
US201916361513A	A_005469
CN201922262226.X	A_001465
IN202241076152	A_005912
CN202322696268.0	A_004019
CN202321376127.4	A_004541
CN201911070514.3	A_001121
CN201911148445.3	A_000547
CN202023115538.7	A_002186
CN202323551861.2	A_005324
CN202320750370.1	A_004391
CN202010914692.6	A_000994
CN202120414659.7	A_000915
IN202311087595A	A_005964
US201916399015A	A_000005
CN202310290261.0	A_003726
CN202210375091.1	A_001648
KR20200126482A	A_006847
CN202322831871.5	A_005056
JP2022000713A	A_006297
CN202223244551.1	A_003519
CN201820445534.9	A_000228
CN202211561963.X	A_003135
CN202120691254.8	A_002587
CN202021471463.3	A_002023
CN202323208660.2	A_005197
US202017130911A	A_005585
CN201980052824.4	A_001518
US201917294422A	A_007971
CN202220780873.9	A_003234
CN201922245689.5	A_001462
KR20220169071A	A_006759
CN202223045598.5	A_003452
CN202323014242.X	A_005136
IN202341074405A	A_006047
JP2019011885A	A_006092
CN202310966942.4	A_003914
KR20230168384A	A_007335
CN201821746573.9	A_000841
CN202322693849.9	A_002421
US202117497909A	A_008162
CN201910820533.7	A_001084
CN201821622882.5	A_000829
CN201820057882.9	A_000579
CN202211040567.2	A_003008
CN202111176172.0	A_000345
CN202321418233.4	A_004587
CN202310263867.5	A_001087
CN202120676789.8	A_002586
CN202010998441.0	A_000634
CN201910179941.9	A_000949
CN202310380816.0	A_003749
US202117485633A	A_008156
CN202020690926.9	A_001932
CN202310808980.7	A_003866
CN202321482354.5	A_000259
US201916694705A	A_007905
KR20210147866A	A_005626
CN202311803949.0	A_004166
CN202120938640.2	A_002612
LU501307A	A_007373
CN201820484099.0	A_000469
JP2023054538A	A_006110
CN202320044344.7	A_004196
CN202322492820.4	A_004960
CN201810587369.5	A_000163
JP2022190586A	A_005612
JP2023087706A	A_006398
CN201910931308.0	A_001096
US202117191075A	A_000005
US201816617404A	A_007779
CN202323669526.2	A_002472
CN202110073848.7	A_002262
CN202123304034.4	A_002805
CN202322921238.5	A_005098
CN202122442925.X	A_002754
CN202020853550.9	A_001952
IB2023061984W	A_005738
CN202311390498.2	A_004026
CN202021279974.5	A_001997
US202318198910A	A_008369
CN201921704806.3	A_001385
CN201920069120.5	A_001197
EP2019052378W	A_005519
CN202111508168.X	A_002494
CN202323170792.0	A_005181
CN202121447187.1	A_000730
CN202121343346.3	A_002655
EP22208494A	A_000086
RU2021104956U	A_007488
CN202322220429.9	A_004852
US202318212032A	A_000005
EP18176879A	A_000023
CN202223141721.3	A_003477
CN202320339571.2	A_004285
RU2023134828A	A_007570
CN202021192320.9	A_001988
CN202323637856.3	A_004557
JP2023216971A	A_006452
CN202322400207.5	A_002496
US202217673842A	A_008231
EP2023074795W	A_005539
CN202311800335.7	A_004164
US201815862314A	A_007669
KR20190165630A	A_006733
KR20180035110A	A_006491
CN202311589390.6	A_001709
CN202211482452.9	A_003112
US202318505652A	A_008427
CN202323579720.1	A_005037
JP2022514955A	A_006170
US202218257610A	A_001530
CN202321374840.5	A_004574
CN201820830029.6	A_000369
CN202022276627.3	A_002119
CN202321058012.0	A_004484
CN202321031563.8	A_003794
CN202111316433.4	A_002464
CN201911124301.4	A_000778
CN202320910290.8	A_003525
CN202211338036.1	A_003062
CN201821666968.8	A_000835
CN202220083617.4	A_003195
CN202322658432.9	A_005007
KR20220000579U	A_007052
CN202320715018.4	A_004384
KR20220161863A	A_007132
CN202320208424.1	A_004253
JP2023046416A	A_006375
CN202311346679.5	A_004015
SK912023A	A_007583
CN202011265184.6	A_000384
IN202317051197	A_000099
CN201921299270.1	A_001345
IN202311087595A	A_005970
CN201910131479.5	A_000304
US202217994982A	A_005585
CN202321153055.7	A_004515
CN202120543368.8	A_002567
CN202021079165.X	A_000245
CN202323576922.0	A_001377
CN202110817495.7	A_001818
CN202322301050.0	A_004875
CN202322333012.3	A_002378
CN202311157676.7	A_003959
CN202323029907.4	A_005144
US202117208766A	A_008114
US201815927777A	A_005468
CN202110006921.9	A_002250
CN202211191133.2	A_003030
CN201911001282.6	A_000469
CN202211587613.0	A_003146
BR102020016252A	A_000075
CN202120971918.6	A_002617
KR20210149364A	A_005588
CN202211180364.3	A_003025
CN202080097996.6	A_002245
US202117351037A	A_005577
CN201911101008.6	A_000470
CN201820826439.3	A_000296
CN202311443612.3	A_004043
KR20200161966A	A_006872
JP2023042699A	A_006213
CN202010056644.8	A_000998
EP22755240A	A_005600
CN202110148790.8	A_002273
EP18780514A	A_005479
US201916694705A	A_007889
JP2021029444A	A_006230
KR20190098599A	A_006686
CN201820424644.7	A_000217
CN202320173693.9	A_004241
CN202322729014.4	A_005019
US202318843955A	A_008444
CN202321638451.9	A_004653
KR20230059065A	A_007115
CN201810443971.1	A_000269
CN201821989822.7	A_000543
CN202311678613.6	A_004123
AU2021311084A	A_000048
CN202323478792.7	A_005304
CN201921363817.X	A_001077
CN202311159049.7	A_003962
CN202111206490.7	A_001369
CN201910366704.3	A_000998
EP23853286A	A_005634
EP18837014A	A_000050
CN202311189726.X	A_003972
JP2023096678A	A_006402
RU2023117655A	A_007456
CN201820380293.4	A_000645
CN202021622133.X	A_000710
CN202311337726.X	A_001954
CN202211286685.1	A_003052
CN201920229830.X	A_000998
CN202322836267.1	A_000336
CN202110344935.1	A_000273
CN202322325746.7	A_004887
CN2018121754W	A_000129
CN201921751282.3	A_001391
BR112019022736A	A_000094
CN201820077592.0	A_000582
CN202323563423.8	A_005223
CN202110845302.9	A_001053
CN201921591889.X	A_001369
CN202323520530.2	A_004417
IL28400321A	A_005762
CN201821456915.3	A_000801
CN202223495028.6	A_003621
CN201910086065.5	A_000564
CN202322562843.8	A_004980
EP22168219A	A_000120
CN202020206173.X	A_001869
CN201811025060.3	A_000426
US202318336989A	A_000037
US202318129483A	A_005548
GB202211163A	A_005709
CN202221076535.3	A_000672
CN202111300583.6	A_001029
KR20227009138A	A_007170
CN202320237062.9	A_002282
CN202320501542.1	A_004325
CN202121059586.0	A_002630
CN202310547673.8	A_003801
CN201920672641.X	A_000583
CN202223593603.6	A_000194
KR20190097838A	A_006675
CN201922269514.8	A_001466
JP2021562703A	A_006292
US202318499075A	A_005632
DE602018045076.9	A_000007
JP2024529312A	A_006455
CN201820387140.2	A_000639
CN202211124658.4	A_003014
CN201920577733.X	A_001266
CN201822134877.6	A_000859
KR20190028756A	A_006600
CN201810558692.X	A_000307
CN202321737999.9	A_004684
CN202210420462.3	A_002897
CN201920408743.0	A_000512
CN202223046432.5	A_003453
CN202311675689.3	A_003863
CN202020206173.X	A_001871
KR20220124917A	A_007103
CN202210450516.0	A_000304
CN202320689277.4	A_004375
CN202022320035.7	A_002128
CN202322471260.4	A_002282
CN201920647358.1	A_000317
CN202311101045.3	A_001770
CN202320791906.4	A_000177
KR20210114545A	A_006966
CN202120746287.8	A_002594
CN202322238973.6	A_004857
CN202011265184.6	A_001767
CN202222522227.5	A_003350
CN202111019943.5	A_002421
CN201910864263.X	A_000609
CN202210448940.1	A_001844
US202217860473A	A_008266
KR20190167403A	A_006738
US202318449145A	A_000005
CN202021198780.2	A_001989
EP23154928A	A_005472
CN201820378884.8	A_000643
KR20190149384A	A_006725
CN202321155255.6	A_003696
IL27903820A	A_000028
CN202011059838.X	A_000337
US202016913195A	A_008016
CN202322228542.1	A_001735
CN202320085786.6	A_000304
CN201810797132.X	A_000365
JP2022569401A	A_006069
CN201821396540.6	A_000792
CN201921033397.9	A_001312
AU2020210213A	A_000038
CN202011181709.8	A_000384
CN202111447345.8	A_002482
CN201910361878.0	A_000997
CN202323276220.0	A_004299
US201815972389A	A_007704
CN202323460578.9	A_001155
CN201910127807.4	A_000939
IL2019051378W	A_005743
CN202011613530.5	A_000182
CN202211454757.9	A_001570
CN201820359243.8	A_000639
CN202120305547.8	A_002531
US201916460752A	A_007832
CN201810284678.5	A_000230
CN202021140191.9	A_001984
CN202321779273.1	A_004699
KR20230164952A	A_006739
CN202322258235.8	A_004866
KR20230189218A	A_006740
CN202321101859.2	A_004502
CN201921382086.3	A_001352
CN202310229859.9	A_001756
CN202010201924.3	A_001567
BR102019012974	A_000075
KR20230097157A	A_006591
CN201910628316.8	A_001044
CN202321526893.4	A_000788
CN201810259458.7	A_000214
CN202022382673.1	A_000384
CN202210951811.4	A_002990
CN202210463719.3	A_002906
CN202310628709.5	A_001144
CN201911398743.8	A_000856
CN202222126459.9	A_003305
CN201821239485.X	A_000768
CN201921714739.3	A_001164
CN201810309936.0	A_000237
CN202110975076.6	A_002414
CN202110836607.3	A_001600
US202117366834A	A_000005
CN202020847389.4	A_000631
CN202021117016.8	A_001981
CN202323199870.X	A_003561
CN202011428759.1	A_001792
KR20230076201A	A_007245
CN202210395248.7	A_002891
KR20210113875A	A_006963
JP2022081982A	A_006321
CN201811577333.5	A_000553
IN202311065575	A_005948
CN202110719403.1	A_001155
KR20220140192A	A_007113
KR20210187632A	A_007032
CN202310358200.3	A_000631
US202318298885A	A_007727
US201815863973A	A_000021
TW108119575A	A_007637
CN202223523500.2	A_003632
US201916436307A	A_007826
CN201810112476.2	A_000164
CN201810237079.8	A_000205
CN202221667678.1	A_001482
CN202310270864.4	A_003442
JP2021019701W	A_006226
CN202223420348.5	A_003596
EP22917014A	A_005613
CN201910708093.6	A_000936
CN202120780006.0	A_002075
KR20220157429A	A_007118
CN202010261225.8	A_001583
JP2022017407W	A_005628
US201916730121A	A_007958
KR20230033728A	A_007205
CN201920557551.6	A_001260
CN201921590584.7	A_001367
CN202321579205.0	A_004635
US202217696523A	A_005625
CN201921661566.3	A_001376
CN202311004992.0	A_003923
CN202110453034.6	A_001730
CN202123127082.0	A_000543
US201816771473A	A_007789
CN202311233269.X	A_003986
CN202311503997.8	A_000345
CN202320538526.X	A_000596
CN201820494574.2	A_000660
CN202111340614.0	A_000349
CN201810134088.4	A_000177
CN202322985820.8	A_005124
CN201821375977.1	A_000413
CN202220349433.8	A_003209
CN201811339176.4	A_000500
JP2020049113W	A_005496
US202117774746A	A_008185
US201916530112A	A_007822
RU2023111679A	A_005427
CN202311754844.0	A_003106
CN202122856042.3	A_002568
KR20180082510A	A_006523
CN202211452100.9	A_000345
CN202310681180.3	A_001709
CN202210711981.5	A_000182
JP2018119579A	A_000037
CN2023107631W	A_003853
CN202210827567.0	A_002963
CN202323038002.3	A_003147
CN202311213116.9	A_003978
CN202310301083.7	A_002312
CN201910416145.2	A_001007
US202318333513A	A_008393
US202117361463A	A_005548
CN201921032309.3	A_001259
CN202321860542.7	A_004734
CN202111025506.4	A_002423
KR20220161961A	A_006535
JP2023150138A	A_006422
CN201820589609.0	A_000676
JP2023082614A	A_006387
EP2023056638W	A_005536
CN202010712588.9	A_000914
CN202322531586.1	A_004972
CN202110026046.0	A_002254
CN202321745227.X	A_000313
CN202211495509.9	A_000547
CN202321561035.3	A_004631
CN202311861754.1	A_000387
US202218867719A	A_006234
CN201911031411.6	A_001116
CN202223563220.4	A_003639
CN202321264385.3	A_002223
CN202310887669.6	A_003892
CN202122325806.6	A_002738
US202217984991A	A_005626
KR20200022170A	A_006780
CN202322102575.1	A_004814
US202016950023A	A_008028
CN201910342039.4	A_000991
CN202310983466.7	A_000245
CN202311255435.6	A_003990
CN202320287895.6	A_002830
CN202311740163.9	A_004140
CN201921709799.6	A_000596
CN201821935311.7	A_000865
CN201921737489.5	A_001389
IN202141000445	A_005860
CN202220799626.3	A_000245
CN202123320049.X	A_002809
CN201920935179.8	A_001299
CN202323591725.6	A_005199
CN202110002059.4	A_001540
CN201822118972.7	A_000784
US202016880345A	A_008011
CN202020518308.6	A_001911
CN202320288954.1	A_004276
CN202322031662.2	A_001845
CN201911291958.X	A_000596
CN201922058806.7	A_001437
CN202021675171.1	A_002055
CN202311232240.X	A_002793
CN202221336133.2	A_002917
KR20210023747A	A_006914
KR20210191436A	A_007040
CN202311142540.9	A_003956
CN202223494250.4	A_001361
KR20220008679A	A_006835
MY2021050102W	A_007387
CN202321786632.6	A_004706
CN201920308468.5	A_000953
US202318120217A	A_008034
US202118000291A	A_005496
RU2023112068A	A_007539
CN202310105641.2	A_000966
IT202300017061A	A_005544
EP21810253A	A_005577
CN202120976351.1	A_002619
CN202310288336.1	A_000318
CN202111179346.9	A_001155
KR20200163237A	A_006873
CN202011268088.7	A_001768
CN202320108590.4	A_004217
CN201911261493.3	A_001157
CN202021118628.9	A_001982
KR20220160139A	A_007129
CN202322509629.6	A_004964
US202318305285A	A_005496
JP2023044506W	A_006169
CN202210445021.9	A_001774
US202117546486A	A_008172
CN202211370855.4	A_001113
CN202321002558.4	A_004468
CN202310775990.5	A_003860
CN202223526073.3	A_003634
CN202322233039.5	A_000709
KR20230170074A	A_007340
CN201810256361.0	A_000212
JP2020568142A	A_006139
CN202311598966.5	A_004105
CN201810740315.8	A_000354
CN202211138006.6	A_003012
CN202110444337.1	A_002328
CN202210483989.0	A_002909
CN202021405403.1	A_002014
CN202111124007.0	A_001742
US201815954482A	A_005577
IN202111004368	A_005851
CN202323285873.5	A_000576
CN202310543465.0	A_001137
RU2020129374A	A_007476
US202217845473A	A_005587
CN202011368543.0	A_001784
CN202211672214.4	A_003166
KR20220180991A	A_007155
CN202222553600.3	A_003361
CN201920957001.3	A_001305
CN202321130953.0	A_001510
US202117316945A	A_005625
KR20210116253A	A_006268
CN201820166709.2	A_000603
CN202310083199.8	A_003681
JP2023175099A	A_006439
IN202111034227	A_005853
JP2023539541A	A_006068
CN202020168414.6	A_001070
US201916694705A	A_007864
RU2019120932U	A_007457
CN201810998429.2	A_000417
KR20200025387A	A_006598
CN202380067782.8	A_005380
CN202310061868.1	A_003629
CN202211613265.X	A_003152
CN202310933493.3	A_000326
CN202320438860.8	A_002012
JP2023001502U	A_006342
CN202310536720.9	A_003798
CN202322724992.X	A_005016
KR20200009644A	A_006761
CN201910742844.6	A_000407
CN202321428877.1	A_004588
CN201920059002.6	A_001194
CN202311728145.9	A_004137
CN201922194860.4	A_000714
CN202110385830.0	A_002318
CN202223172329.5	A_003490
CN202320638800.0	A_001473
CN202320100110.X	A_003603
CN202120648691.1	A_000184
KR20230137485A	A_007293
CN202320029911.1	A_002711
CN201821949834.7	A_000317
KR20220148620A	A_006826
US202117563583A	A_008034
US202016777084A	A_007674
KR20220029726A	A_007068
US202016894224A	A_007674
CN202120306809.2	A_002533
CN201811493386.9	A_000540
CN202222613230.8	A_002341
CN202020855848.3	A_000523
CN202321403663.9	A_000749
KR20200013383A	A_006764
KR20180087428A	A_006524
CN202223201953.3	A_000416
CN202110807007.4	A_002384
IN202241063004	A_005908
US201916680357A	A_005548
CN202320561896.5	A_003646
CN202322469550.5	A_004888
CN202223367364.2	A_003320
CN202122807329.7	A_002782
GB202118786A	A_005702
CN202310406798.9	A_000336
CN202121704337.2	A_002596
KR20230060288A	A_007185
US201916694705A	A_007888
CN201810986028.5	A_000415
KR20180107260A	A_006534
CN202222911176.5	A_000336
CN202320929923.X	A_003168
CN202011260532.0	A_001068
KR20220055900A	A_006609
US202117538536A	A_007674
CN202322404019.X	A_004916
CN202010089373.6	A_000304
CN202211036106.8	A_003006
CN202222001633.7	A_003298
CN201820291183.0	A_000187
US201916726049A	A_006531
CN201820089236.0	A_000586
CN202310931648.X	A_000346
CN202021991053.1	A_002092
JP2020147763A	A_006209
RU2019101922A	A_007450
JP2018137921A	A_006086
CN201910992639.5	A_001112
CN201920903648.8	A_001295
KR20230009840A	A_007182
KR20220013646A	A_006871
KR20200159145A	A_006528
KR20210058290A	A_006586
CN201921797612.2	A_001116
CN202120895558.6	A_002609
CN202323127653.X	A_005168
CN202211002669.5	A_002997
CN202210772246.5	A_000614
IB2021054112W	A_005733
CN202322292556.X	A_004763
CN202122878149.8	A_002438
CN201922015187.3	A_001432
US202117192833A	A_008109
US202217893540A	A_008016
US202217819692A	A_008257
CN202311663832.7	A_001276
CN202211256632.5	A_002276
US202016903557A	A_006593
AU2022203829A	A_000050
CN202021812025.9	A_002067
CN201810162774.2	A_000184
CN202111059636.X	A_002428
CN201810562088.4	A_000308
US202217953057A	A_008282
CN202122650134.6	A_000374
CN202211002669.5	A_002998
CN202011037988.0	A_000375
CN202080030443.9	A_000128
KR20230088580A	A_007255
IN202341058142A	A_006031
CN201921149590.9	A_001327
US202217660905A	A_007758
US202318493394A	A_008421
CN202021731060.8	A_001627
CN202211358567.7	A_003071
CN202220723479.1	A_001927
IN202311087595A	A_005966
CN201821819706.0	A_000850
CN201810997908.2	A_000417
CN202110358635.9	A_002311
EP22706627A	A_005596
KR20200141237A	A_006661
CN202210301289.5	A_001433
JP2023082614A	A_006388
CN201920046124.1	A_001189
CN202020951473.0	A_001965
CN202223259288.3	A_003132
CN202223347922.9	A_003557
CN202323188945.4	A_005187
CN202122595054.5	A_002766
CN202010491568.3	A_000304
CN202110385376.9	A_000998
CN202210090560.5	A_002848
CN201810542107.7	A_000300
CN202323502267.4	A_005315
CN202321769840.5	A_004694
CN201810564257.8	A_000309
US202117170419A	A_008102
CN202211370906.3	A_000279
CN202323507667.4	A_000971
CN202223168184.1	A_003202
US201816021611A	A_005587
CN202222793670.6	A_001510
CN201811015579.3	A_000423
CN202310690173.X	A_003840
CN202310980152.1	A_003916
CN201980089123.8	A_001529
CN202323125946.4	A_005167
CN202310383962.9	A_001015
CN202023306780.2	A_002236
CN201810372004.0	A_000251
US202318349871A	A_008400
KR20230033728A	A_007204
KR20210099478A	A_006959
CN202310846010.6	A_003867
CN202311608690.4	A_004109
CN202223160810.2	A_003434
US202217885523A	A_008272
US202217656482A	A_005472
KR20190154239A	A_006727
KR20220034902A	A_007072
CN201811452203.9	A_000140
CN202010455389.4	A_001072
CN202320772319.0	A_004396
CN202210345703.2	A_000375
US202217652360A	A_008227
CN201920138942.4	A_001205
RU2021135019U	A_007500
US201816123960A	A_007665
CN202210220020.4	A_000543
SK501072018U	A_007581
CN202323665111.8	A_004175
CN202110722574.X	A_002373
CN201980094963.3	A_000128
KR2018007079W	A_006515
KR20230059234A	A_007222
CN202320145461.2	A_004234
CN202111504123.5	A_002492
CN202222402599.4	A_003334
CN202111231142.5	A_002448
CN202020510115.6	A_001908
CN202320642018.6	A_003790
US202017137594A	A_005548
CN201820740896.0	A_000700
CN202310509671.X	A_000517
US201816056610A	A_000003
CN202222378190.3	A_003331
CN202010065649.7	A_001545
CN201821196061.X	A_000758
CN201922474368.2	A_001504
CN201811063222.2	A_000439
CN202223549124.4	A_003638
CN202110821748.8	A_002386
CN201821906266.2	A_000860
CN201921666126.7	A_001377
CN202311132489.3	A_003089
CN202320699834.0	A_004379
CN201920715139.2	A_001007
CN201820306486.5	A_000623
CN202322935444.1	A_005101
US201916367871A	A_007811
CN202020183223.7	A_001861
CN202210485594.4	A_002911
CN202320928406.0	A_004449
RU2020136087A	A_007477
CN202010528339.4	A_001631
CN201810227063.9	A_000202
CN202322421076.9	A_004923
CN201821305002.1	A_000778
IN202111030733	A_005852
US202318354994A	A_008401
JP2023042699A	A_006372
US202016791605A	A_007988
US201916654366A	A_000009
JP2023034987A	A_006364
EP21161584A	A_000120
CN202022777157.9	A_000569
SG11202403959R	A_007578
CN202223452665.5	A_000731
US202117919493A	A_008189
CN201920446172.X	A_001246
CN202311769746.4	A_004135
US201916582002A	A_000112
CN202010498364.2	A_001618
CN201910025793.5	A_000917
CN202210259817.5	A_001574
KR20210033294A	A_006919
CN202220935747.6	A_003229
CN202021624725.5	A_002046
JP2021098513A	A_006069
CN202110600463.1	A_000913
CN202022209579.6	A_001885
KR20230168979A	A_007338
AU2023214379A	A_000054
CN201921081497.9	A_001319
CN201922465544.6	A_001495
CN202121597916.1	A_002680
KR20200077700A	A_006825
EP20704503A	A_005541
CN202011239654.1	A_001149
CN201810203564.3	A_000197
US2019019282W	A_007793
CN202322600876.7	A_004993
CN201810070345.2	A_000137
CN201810082462.0	A_000154
IN202241063004	A_005910
JP2023194197A	A_006442
US202217852262A	A_005548
CN202223262458.3	A_003523
KR20190086210A	A_006662
CN201920130142.8	A_000469
CN202310660816.6	A_003831
RO202300305A	A_007424
CN202321365030.3	A_004500
US202318341216A	A_000129
CN201820093379.9	A_000589
CN202310808980.7	A_003867
US202318465403A	A_008413
CN202321195850.2	A_004528
JP2020095991A	A_006198
CN202320625799.8	A_001856
CN202223574915.2	A_001616
US201916584978A	A_007790
KR20190097838A	A_006679
US202318129366A	A_005548
CN201821863953.0	A_000855
KR20220187592A	A_007165
JP2023220388A	A_006208
CN202111187749.8	A_000543
US201916694705A	A_007916
KR20207023562A	A_006889
IN202341021465	A_005991
CN201810230448.0	A_000204
RU2023132202A	A_007565
CN202110574456.9	A_002350
CN202011274808.0	A_000384
CN201820196015.3	A_000606
CN202022613937.X	A_002164
CN202321936365.6	A_004763
CN202022415392.1	A_002096
CN202211420295.9	A_001794
JP2020161809A	A_006175
CN202123384609.8	A_002819
CN201910560519.8	A_000177
US201916517517A	A_007838
CN202121449378.1	A_002665
CN202010233653.X	A_001576
CN202011427484.X	A_001791
CN202011347079.7	A_000730
KR20180171202A	A_006581
US201916388806A	A_000037
EP18191265A	A_000112
CN202320256865.9	A_004271
CN202310879128.9	A_000692
CN202210354250.X	A_002882
KR20220094437A	A_007091
CN201820278938.3	A_000142
CN201820393414.9	A_000648
CN202320764612.2	A_004378
CN202211393045.0	A_002460
KR20220000759A	A_006835
CN202021730177.4	A_002059
CN202311141161.8	A_003955
CN202223448498.7	A_003607
KR20230136459A	A_007286
CN201920584366.6	A_001268
CN202221752442.8	A_001775
RU2022108648U	A_007507
CN202311361320.5	A_004020
CN201810005687.6	A_000137
CN202222921968.0	A_003417
CN202321594958.9	A_004639
CN201922401530.8	A_000610
CN201910322774.9	A_000983
CN202020196376.5	A_000681
KR20190043442A	A_006629
JP2020532383A	A_006139
CN202210565855.3	A_000294
CN201820347751.4	A_000633
US202117191203A	A_008042
JP2018142076A	A_006091
CN202310523751.0	A_003793
CN202111561316.4	A_002091
CN202322062723.1	A_004803
CN202223083870.9	A_003467
CN202222548422.5	A_003357
CN202222952900.9	A_003428
IN202241060941	A_005903
CN202121888276.X	A_001756
JP2018170115A	A_006098
KR20230162852A	A_007319
RU2022113442A	A_007512
CN201910592916.3	A_001004
CN202321784860.X	A_004703
CN201820016844.9	A_000261
CN202311162946.3	A_000451
CN202310143956.6	A_003082
CN202110495321.3	A_000182
CN201910004859.2	A_000913
JP2020010791W	A_006084
CN202323430984.0	A_000458
CN202022889763.X	A_002194
CN2021122810W	A_002508
CN202323170681.X	A_000749
CN202111064040.9	A_000996
CN202222962284.5	A_003432
CN202322879689.7	A_004026
CN202120072101.5	A_000992
CN202310984759.7	A_000304
CN202310842842.0	A_000304
US202318244152A	A_000057
CN202320067899.3	A_004205
KR20210188262A	A_007033
CN202323493802.4	A_000313
CN202222113583.1	A_003304
CN201810569523.6	A_000313
CN202210041988.0	A_002841
JP2023142700A	A_006414
IN2020050510W	A_005822
CN201811417814.X	A_000182
CN202320089477.6	A_004213
CN202010568048.8	A_001600
KR20210014344A	A_006905
US202017292583A	A_008057
CN202320767630.6	A_004290
CN202322039392.X	A_001707
CN202011522411.9	A_001808
CN202020610277.7	A_001924
KR20200077700A	A_006826
TW107145092A	A_000546
CN202322243582.3	A_004858
US201815896894A	A_007680
CN201910349663.7	A_000326
CN202310816654.0	A_002545
CN202320224495.0	A_003162
JP2020036457A	A_006189
CN202011258491.1	A_000198
GB202319962A	A_005715
CN202022482659.9	A_000387
KR20230150128A	A_006945
CN2022125236W	A_003032
CN202320863128.5	A_004427
US202016875761A	A_005554
JP2022019738A	A_006308
CN2019087860W	A_000128
CN202320739636.2	A_004339
CN201921429224.9	A_001337
IN202311043562	A_005923
CN202323607816.4	A_003348
CN202310559921.0	A_003805
CN202323219569.0	A_005202
US202217751347A	A_008256
CN202121031341.7	A_002627
CN201920224059.7	A_001213
CN202211295252.2	A_003054
JP2023014023A	A_006144
TR202009725A	A_007593
CN202322871771.5	A_000596
CN202280079474.2	A_003656
CN202111070938.7	A_000304
KR20220012276A	A_006880
CN202020322323.3	A_001594
CN202221848654.6	A_000258
CN202220044894.4	A_003191
IN202311089557	A_000045
CN202110620008.8	A_001639
CN202020157230.X	A_001854
CN202010907570.4	A_001705
CH4642020A	A_000127
CN202322483315.3	A_004954
CN202010962228.4	A_001029
CN202321732156.X	A_004679
EP22275097A	A_000048
CN201821485583.1	A_000803
CN202111390370.7	A_000196
CN202322470650.X	A_004944
IN202241004504	A_005883
IL30976823A	A_005788
CN202221708889.5	A_000218
US202318517784A	A_008431
KR20220034902A	A_007073
KR20230100100A	A_006558
US202318356332A	A_005585
CN201810327129.1	A_000240
CN201811570591.0	A_000555
US202017632767A	A_008070
CN202323427372.6	A_005284
CN202021653640.X	A_002051
CN202011194585.7	A_001747
KR20230126199A	A_006719
CN202111432878.9	A_000326
CN201810241107.3	A_000195
KR20220140192A	A_007112
CN202210958641.2	A_002987
CN202320192381.2	A_004245
JP2022120697A	A_006160
CN201911203349.4	A_001146
DE102020125799A	A_005409
KR20237009571A	A_007364
CN202222759901.1	A_002167
CN202321548245.9	A_004625
CN202311281142.5	A_000543
CN201920231254.2	A_001221
CN202222258274.3	A_000384
CN201811092204.7	A_000448
CN202321880937.3	A_004468
KR20190136203A	A_006718
CN201980053506.X	A_001521
CN201820314948.8	A_000624
CN201811003441.1	A_000420
US202318218646A	A_007730
JP2021015756W	A_006169
JP2023002819U	A_006345
JP2021575625A	A_006293
RO202200116A	A_007422
AU2020345856A	A_000042
CN202020202482.X	A_000729
CN202011087915.2	A_001731
CN202221217757.2	A_003248
RU2023105744A	A_007535
CN202321887727.7	A_004741
CN202323231661.9	A_005210
CN202110838602.4	A_002391
TR2022003767U	A_007609
CN202322951951.4	A_000959
CN202311845170.5	A_002522
US201816160121A	A_000005
CN202111154339.3	A_002437
KR20210157532A	A_006991
IN202341062974	A_006033
CN202111493151.1	A_000564
CN201920719315.X	A_000184
US201816159348A	A_007745
CN202122597027.1	A_002767
CN201822181288.3	A_000557
CN202322434864.1	A_004924
CN201820495882.7	A_000323
JP2022006053A	A_005612
TW107204805U	A_007634
KR20190097838A	A_006678
CN201820601773.9	A_000344
CN201911133610.8	A_001133
CN202122370320.4	A_002746
JP2023153976A	A_006425
CN202310296956.X	A_003727
CN202321416846.4	A_004551
CN202322044650.3	A_004796
CN202321339014.7	A_004563
JP2023149641A	A_006420
CN202323211756.4	A_005199
KR20210028863A	A_000066
CN202321694384.2	A_002154
CN201821625196.3	A_000831
CN202021730179.3	A_002059
US202318507998A	A_005503
CN202322441369.3	A_004829
KR20230060288A	A_007186
CN202010104669.0	A_001005
EP22970033A	A_005614
CN202210617037.3	A_000198
CN202311161878.9	A_003964
CN201910872198.5	A_001090
CN202123137923.6	A_000543
CN202322138830.8	A_004825
CN202010594065.9	A_000164
US202117158833A	A_007419
CN202322468155.5	A_004941
CN201910780129.1	A_001080
CN201810375405.1	A_000254
US202117520424A	A_008167
CN202122592315.8	A_000182
CN202020505822.6	A_001907
US201916708266A	A_007954
CN202310781048.X	A_003861
US202217577608A	A_000492
CN202322979641.3	A_005028
KR20190171460A	A_006742
CN202320172176.X	A_004240
CN201921590958.5	A_001368
CN2022125236W	A_003185
KR20200137497A	A_006855
CN202222031389.9	A_003301
CN202322996516.3	A_005127
CN202321178434.1	A_004524
CN202221867322.2	A_003290
CN201811274354.X	A_000161
CN201911351109.9	A_000316
CN202010464775.X	A_001613
KR20190139118A	A_006721
CN202311484903.7	A_004063
JP2020119712A	A_006203
US202217717845A	A_000069
CN202222578149.0	A_003368
CN202223254988.3	A_003520
IN202321030552	A_005976
KR20230010912A	A_006550
CN202011376132.6	A_000394
CN202311251059.3	A_000353
CN202311280038.4	A_000971
MX2020000074	A_007384
CN202120118494.9	A_000202
KR2020018249W	A_006883
RU2023134638A	A_007569
KR20210079427A	A_006944
KR20180038907A	A_006497
CN202310823762.0	A_003809
CN202121764914.7	A_001920
CN202221664832.X	A_003023
CN202122157075.9	A_002721
FR2302743A	A_005689
KR20220059900A	A_007084
CN202211504935.4	A_003120
CN202320484813.7	A_004319
CN201820247593.5	A_000613
US201916694705A	A_007917
CN202321783225.X	A_000389
CN201810997990.9	A_000378
US202017754505A	A_008075
CN202321058270.9	A_004485
IN202211036528	A_005877
CN202320300358.0	A_003071
CN202211361334.2	A_003072
CN202323363442.6	A_005260
CN202321622270.7	A_004321
CN202221489624.0	A_003266
CN202022134370.8	A_002105
CN202021995826.3	A_000543
KR20180009292A	A_006478
US201916765674A	A_007820
CN202322878649.0	A_005080
CN201911159689.1	A_001140
IL27462320A	A_005750
CN202223269357.9	A_003130
US202117234381A	A_007836
CN202322181952.5	A_003720
KR20210008435A	A_006894
CN201910481433.6	A_001022
CN202321699341.3	A_002879
CN202111236605.7	A_001616
CN202121256222.1	A_000543
CN202310036792.7	A_003669
US201916280410A	A_007808
CN202322149980.9	A_004828
CN202011620716.3	A_000830
US201816160471A	A_000037
CN202121747349.3	A_002686
US201916694705A	A_007909
CN202322308246.2	A_004882
JP2022522452A	A_006139
CN202321848802.9	A_004729
CN201921366649.X	A_001350
CN201811093875.5	A_000137
IB2023061984W	A_005739
US201816229555A	A_000129
US201816765591A	A_005486
CN202222108262.2	A_003303
FR2110317A	A_005686
CN202223443089.8	A_003603
CN202311872509.0	A_000810
CN202021274868.8	A_000432
US201815990781A	A_007707
CN202010321857.9	A_001591
CN202320107251.4	A_002760
CN202110947725.1	A_000564
CN202321563111.4	A_004632
AT2020166915T	A_000005
CN202211634056.3	A_003107
CN202022987767.1	A_002204
US202318124629A	A_008353
CN202310208579.X	A_001127
CN201811274723.5	A_000161
CN202010703882.3	A_001657
US202318872192A	A_008324
CN201820808585.3	A_000706
CN202310465753.9	A_000326
CN202220988435.1	A_000177
US202318211130A	A_000009
CN202211328550.7	A_003061
CN202320724573.3	A_004367
US202218247971A	A_008307
CN202322804074.8	A_005045
CN202310182012.X	A_001144
CN202120097395.7	A_002516
CN202010525066.8	A_001629
CN202211650764.6	A_003165
US202017079389A	A_005592
US201916247993A	A_005563
CN201910243978.3	A_000964
CN201911371600.8	A_000384
CN202321839026.6	A_004725
CN202310066344.1	A_000294
CN202320941688.8	A_004455
US202016866834A	A_000005
KR20210058317A	A_006484
CN202322032411.6	A_004651
US202217646808A	A_005469
CN201821223383.9	A_000765
CN201910922158.7	A_000554
IN202041030536	A_005842
CN202323662119.9	A_003419
CN202020189196.4	A_001865
CN201910322638.X	A_000983
CN202210575300.7	A_000304
CN202110290608.2	A_001750
CN201810544313.1	A_000302
CN202021817963.8	A_001820
CN201980021386.5	A_000376
US2023036046W	A_008337
RU2021122244A	A_007492
US202117558307A	A_008175
CN201910122990.9	A_000430
KR20230195932A	A_007358
CN202111007461.8	A_000222
US201816619672A	A_007780
PL13138023U	A_007398
CN202321582561.8	A_004636
GB202211998A	A_005710
KR20220013646A	A_006872
CN202323089769.9	A_005158
CN201811106599.1	A_000234
CN202321040018.5	A_001581
CN201921651567.X	A_001099
CN201920712916.8	A_001277
CN202223272809.9	A_003256
CN202323655393.3	A_005370
KR20230009840A	A_007183
CN202311380550.6	A_003907
CN202121744669.3	A_002686
CN202211101905.9	A_001015
JP2023034391A	A_006114
US202016888288A	A_007986
US202016736755A	A_007980
RU2022124492A	A_007514
US201916248386A	A_000129
CN202120022184.7	A_002514
CN201821423570.1	A_000362
CN202323609922.6	A_003348
CN202310636612.9	A_003029
CN202323258174.1	A_005219
CN201821144568.0	A_000750
CN202021877799.X	A_002076
US202016784906A	A_000037
CN202222648346.5	A_003381
KR20220156324A	A_007003
CN201910354770.9	A_000384
CN202322504357.0	A_001971
CN202320497908.2	A_004324
CN202011373318.6	A_001785
CN202221726985.2	A_000641
CN202122345708.9	A_002741
CN202311428172.4	A_003135
CN202310471101.6	A_003775
US202318242862A	A_008163
CN202310778761.9	A_000735
CN202010662887.6	A_001647
KR20230137485A	A_007291
CN201820023408.4	A_000574
CN202223132704.3	A_001433
JP2019037313A	A_006133
CN202223220665.2	A_003512
CN201821910214.2	A_000861
CN202310316542.9	A_003731
EP20171762A	A_000037
US201916293890A	A_000005
KR20200126482A	A_006844
IN202311065271	A_005947
US202218567114A	A_005595
KR20230088188A	A_007252
CN202111557422.5	A_001616
PL44284422A	A_007406
CN202323524909.0	A_005318
CN202020396568.0	A_001581
CN202321700767.6	A_000196
CN202121074098.7	A_002633
KR20210098127A	A_006956
IN202241006974	A_005895
CN202020350908.6	A_001049
CN202220466462.2	A_003216
CN202020307583.3	A_001885
CN202321482569.7	A_003939
CN202310278277.X	A_001141
KR20180091700A	A_006529
US202117149355A	A_000050
CN202223169361.8	A_003488
US202318514524A	A_000009
CN201810186761.9	A_000192
BR112022003503A	A_000098
IN202321086140A	A_005977
CN202321829506.4	A_004721
CN202222470485.3	A_003321
CN202322501810.2	A_003348
CN202322414629.8	A_004921
CN201922384672.8	A_001481
CN202323276277.0	A_005227
US201916396177A	A_000037
JP2020024520W	A_006186
JP2018205707A	A_000129
CN202320270629.2	A_000177
CN201921045129.9	A_001313
CN202311668874.X	A_003903
CN202220200727.4	A_000477
AU2020205348A	A_000037
RU2023125333A	A_007555
CN202311386919.4	A_004025
CN202211268133.8	A_001044
CN201910067545.7	A_000641
CN202322133386.0	A_004824
CN202323662764.0	A_005374
CN202211357104.9	A_000337
CN202223417775.8	A_001090
US202017634494A	A_008074
CN202011173132.6	A_001743
CN202110609335.3	A_002356
CN202010649912.7	A_000996
CN202111613826.1	A_002436
CN202023227314.5	A_001820
EP2019080802W	A_005524
CN201922439041.1	A_001492
CN201821735272.6	A_000839
CN202310753905.5	A_001485
CN201820471452.1	A_000653
CN201811093875.5	A_000136
US2023079842W	A_008345
CN201920285697.X	A_001224
US202016924225A	A_008020
CN202210320634.X	A_002875
CN201821716482.0	A_000152
KR20210079427A	A_006879
CN201810459900.0	A_000275
CN201911156872.6	A_000477
IL27681820A	A_005507
CN202311391920.6	A_004026
CN202111450056.3	A_001136
JP2021026397W	A_006169
KR20200052148A	A_006525
CN201820987069.1	A_000727
CN201910060799.6	A_000924
CN202021543714.4	A_002034
CN202322498276.4	A_004837
CN202311579308.1	A_003074
CN202222722180.7	A_003388
CN202111251414.8	A_002360
CN202110275092.4	A_002302
CN202320227057.X	A_003509
CN202210578382.0	A_002931
KR20220178193A	A_006526
CN201910530562.X	A_000304
CN202323334789.8	A_000864
CN202323600966.2	A_005347
CN202511198469.5	A_005382
CN202223432198.X	A_003600
CN202023023628.3	A_002209
US202318555915A	A_008436
CN202321020911.1	A_004474
US201917296479A	A_007972
KR20190174486A	A_006744
KR20180076890A	A_006522
CN202321481450.8	A_004606
CN202320088001.0	A_003222
CN201922271800.8	A_001470
KR20230009425A	A_007180
CN202021777630.7	A_002064
CN202322764901.5	A_005035
CN202322757467.8	A_001197
CN202210745053.0	A_002367
CN201811370925.X	A_000509
JP2022565730A	A_006336
ES2023070796W	A_005666
CN202322385705.7	A_004910
KR20220099198A	A_006530
US201916665701A	A_000492
US202217970881A	A_000037
CN202320449430.6	A_004311
CN202010794213.1	A_001680
US201816607721A	A_007777
CN202321469054.3	A_004602
CN202210424598.1	A_000735
CN202222441443.7	A_000816
CN202322955917.4	A_005107
CN202320300953.4	A_004279
DE202023106320U	A_005448
US202017069246A	A_000129
CN202321017130.7	A_002913
CN202311343447.4	A_003991
BR202022015961U	A_000102
CN201810488563.8	A_000286
KR20180138293A	A_006480
CN201980068995.6	A_001524
CN202323043936.6	A_000564
CN202020154062.9	A_001853
DE102019106197A	A_005399
CN201910663146.7	A_000729
CN201820929271.9	A_000725
CN202222564013.4	A_000264
CN202121073429.5	A_002632
CN202210916574.8	A_002979
CN202211412361.8	A_000182
US201916694705A	A_007871
CN202221373995.2	A_003258
CN202320632980.1	A_000309
CN202110969279.4	A_002413
US202016872323A	A_008009
IN202031041280	A_005833
US202016950094A	A_007955
CN202223052179.4	A_003049
KR20200000659U	A_006560
US202318381994A	A_005554
CN202323426002.0	A_005282
KR20230084610A	A_007250
CN202322307334.0	A_004881
CN202010633679.3	A_000709
CN201920917632.2	A_001298
CN202220596129.3	A_003223
CN202010951356.9	A_001710
US201916436580A	A_007828
CN202120278408.0	A_002526
CN202310830662.0	A_001068
CN202323021578.9	A_001118
CN201811046141.1	A_000435
CN202111081340.8	A_001015
CN201911266105.0	A_000729
CN202321348327.9	A_000329
US202016922686A	A_000005
CN201922247395.6	A_001464
CN202020227931.6	A_001860
EP21275111A	A_000048
CN202211400328.3	A_003083
DE102019005141A	A_005397
KR20207037230A	A_005673
CN201921763915.2	A_001393
CN202210940893.2	A_002985
CN202310111970.8	A_000276
CN202011567596.5	A_001018
IN202341074405A	A_006041
CN201820887903.X	A_000718
CN202022253835.1	A_001729
CN202010065854.3	A_000299
CN202310404605.6	A_003756
KR20230137908A	A_007295
CN202320261149.X	A_002082
JP2022115733A	A_006316
CN202323611493.6	A_002038
CN202322577384.0	A_004982
CN202010704710.8	A_001658
CN202222396626.1	A_003333
CN202321522580.1	A_004616
CN201821154639.5	A_000523
CN202180041292.1	A_001525
CN201920235225.3	A_001222
CN202121444094.3	A_002561
ES18927894T	A_000007
JP2020559010A	A_006068
KR20180087417A	A_006526
US202217986507A	A_005624
CN201820232755.8	A_000169
CN202323445531.5	A_004065
CN202020541019.8	A_001821
TR201908890A	A_007590
EP20172320A	A_005515
CN201920440558.X	A_001243
CZ202037724U	A_005386
KR20190005249A	A_006584
CN202211046250.X	A_002990
KR20200129276A	A_006484
CN201820126581.7	A_000596
CN202310948769.5	A_003907
KR20210189124A	A_007036
CN202222185514.1	A_003311
CN202021682232.7	A_002057
CN201920934321.7	A_000731
US201815953126A	A_000037
CN201811274441.5	A_000161
CN202321601724.2	A_004643
CN201911070514.3	A_001099
KR20220160139A	A_007130
CN202321681304.X	A_004667
CN202011078307.5	A_001143
JP2018099893A	A_006082
KR20200007269A	A_006760
US202117445367A	A_008150
KR20220183151A	A_007157
DE102020200056A	A_005404
CN202123431398.9	A_001204
CN202310630761.4	A_000304
KR20180074058A	A_006521
CN202010737889.7	A_000134
CN202020717199.0	A_001933
CN202110147775.1	A_002272
KR20190068459A	A_006646
CN202310724283.3	A_000927
JP2022509785A	A_006235
CN202110198284.X	A_002281
CN202323431776.2	A_005288
US2019037717W	A_007795
CN202323085344.0	A_000384
CN201922269200.8	A_000294
CN202310175048.5	A_003703
US202318094012A	A_005548
CN202311421982.7	A_004039
CN202323245717.6	A_005214
DE502018005364.8	A_005455
CN202011255888.5	A_001763
CN202311130404.8	A_003174
CN202310642059.X	A_000318
JP2021044189A	A_006238
KR20210121113A	A_006968
CN201821810367.X	A_000849
RO202300258A	A_007421
JP2022542560A	A_006159
CN202323411400.5	A_000139
CN202121421426.6	A_000395
CN201920644110.X	A_001274
CN202221247399.X	A_000641
KR20210186198A	A_007029
CN202222943599.5	A_002840
CN202110448138.8	A_002330
CN202020315774.4	A_001888
IL30256223A	A_005781
CN202010952539.2	A_000538
CN202211501304.7	A_002353
CN202111505158.0	A_002493
KR20227041215A	A_007172
US2021060364W	A_005503
KR20200015756A	A_006777
CN201922462933.3	A_001501
CN202323543579.X	A_001482
KR20180049549A	A_006505
CN201810842604.9	A_000376
KR20230100100A	A_006557
CN202211071852.0	A_002268
CN202321806895.9	A_000436
CN201821550738.5	A_000814
CN202122682259.7	A_000891
JP2021202402A	A_006273
CN202111122339.5	A_002434
CN202280083925.X	A_003657
US202217824252A	A_005585
CN202323285679.7	A_004895
US202117165068A	A_000005
CN201921889380.3	A_001416
CN202011108637.4	A_001737
JP2023205626A	A_006447
US201916694705A	A_007940
CN202211415593.9	A_003088
CN201810749142.6	A_000355
CN201921963871.8	A_000182
CN202310487572.6	A_003680
KR20190097838A	A_006680
CN202020438073.X	A_001901
CN202320420637.0	A_004302
CN202323588892.5	A_002143
CN202320946560.0	A_001458
CN202310837409.8	A_003874
CN202311006666.3	A_003925
KR20220033824A	A_007071
CN202310951851.3	A_003909
KR20220185243A	A_007159
JP2023067542A	A_006380
CN202321676131.2	A_004664
CN202080064980.5	A_000375
CN202311848782.X	A_004182
JP2020093439A	A_006062
KR20190122292A	A_006702
JP2020049113W	A_006196
CN202322156351.9	A_004830
CN201821347909.4	A_000786
US202016776460A	A_007985
CN201921677513.0	A_000414
US202218052628A	A_007752
RO202200458A	A_007419
KR20180038907A	A_006496
US202318301066A	A_000037
KR20220149715A	A_007118
CN201910846190.1	A_000273
KR20210130034A	A_006972
CN202223414245.8	A_003595
CN202121233946.4	A_002645
US2019020646W	A_007794
CN202320057642.X	A_004201
KR20180066608A	A_006514
CN201920987633.4	A_000228
CN201811067047.4	A_000440
RU2018137730A	A_007444
CN202310757611.X	A_003851
KR20210010138A	A_006901
AU2018231000A	A_000018
US201916694705A	A_007896
CN202011396607.8	A_001788
KR20230180834A	A_006780
CN202223490118.6	A_000177
KR20230131861A	A_006268
US202318513252A	A_008429
EP20155277A	A_000112
KR20190041932A	A_006616
KR20180120408A	A_006545
CN202223546705.2	A_003623
CN202322551450.7	A_004976
CN202321284692.8	A_004552
CN202321302768.5	A_002604
US202117352526A	A_005469
CN202311195911.X	A_001137
CN202020529165.9	A_001912
DE102021102253A	A_005415
US202118269179A	A_005613
CN202211356683.5	A_003068
CN202211356683.5	A_003070
US202318130745A	A_008354
CN202122900584.6	A_002767
CN202010928417.X	A_001706
NO20180465A	A_007390
US202117222539A	A_005548
CN202311358971.9	A_004019
CN202310452858.0	A_003769
CN202311488542.3	A_004067
CN202310534294.5	A_003797
CN202322340609.0	A_004890
IN202311087083A	A_005959
AU2020276386A	A_000040
CN202311587863.9	A_004099
RU2018115029A	A_007437
KR20220011911A	A_006629
AU2019202794A	A_000023
CN201820845936.8	A_000307
CN202110833706.6	A_002390
US202017787409A	A_008080
CN202021453060.6	A_002020
CN202010141540.7	A_000162
KR20230081804A	A_006937
CN201810564258.2	A_000309
KR20230027518A	A_007198
CN202310427603.9	A_000692
CN202323610748.7	A_000971
CN202320397170.2	A_000182
US201916693041A	A_007822
US201815867622A	A_005577
KR20180042246A	A_006499
US202318324567A	A_008392
CN202011573050.0	A_000345
CN202321524042.6	A_004617
US202117369004A	A_008140
US202217890887A	A_005585
CN202020072307.3	A_001840
CN2021130655W	A_000129
US202217971455A	A_008288
CN201910188393.6	A_000955
KR20180037930A	A_006494
CN201820179041.5	A_000604
TW108210974U	A_007640
US201916694705A	A_007929
CN201921264166.9	A_001341
CN202221332187.1	A_003256
CN202310831853.9	A_000609
CN201822228643.8	A_000679
CN201920743759.7	A_001279
CN202022170942.8	A_002110
CN202220392366.8	A_000432
KR20180010041A	A_006480
CN202010233939.8	A_000750
US201916694705A	A_007876
CN202220663632.6	A_003226
CN201811423458.2	A_000513
EP21192529A	A_005565
CN201811070791.X	A_000442
KR20200156935A	A_005588
CN201920371975.3	A_000959
EP23731422A	A_005585
KR20190050362A	A_006500
CN202320480776.2	A_004317
CN202311569571.2	A_004095
CN202321924081.5	A_004757
US202217590805A	A_008221
CN202020140137.8	A_001850
GB202313807A	A_000048
KR20220097237A	A_007093
CN202322240658.7	A_004513
KR20210155831A	A_006545
CA3116233A	A_000112
CN202322454111.7	A_004933
CN201910121768.7	A_000704
US202217899979A	A_006649
CN202011055290.1	A_001604
CN202121933903.7	A_002075
CN202120016652.X	A_000394
CN202323341608.4	A_005256
JP2023216971A	A_006449
CN202021607630.2	A_000543
CN202022009794.1	A_002091
CN201911227818.6	A_000345
CN202210470304.9	A_000326
CN202223083550.3	A_003466
CN201910592165.5	A_001039
CN202211585081.7	A_003145
CN202223293865.0	A_003542
CN202010644160.5	A_001646
CN202322824418.1	A_005054
CN202111362174.9	A_002472
EP21720904A	A_005503
CN202211724358.X	A_001029
CN202321739330.3	A_004512
JP2023061194A	A_000057
CN202320707509.4	A_004383
CN201911273013.5	A_000388
CN202322754599.5	A_005030
CN201922325271.5	A_000704
CN201911127811.7	A_000590
CN202321269629.7	A_000139
US202318486615A	A_008420
CN201921064826.9	A_001316
US202318467555A	A_005503
CN202223489314.1	A_003617
CN202322888226.7	A_005086
JP2019161356A	A_006055
CN202323437116.5	A_005291
CN202311510688.3	A_004075
CN201820256138.1	A_000611
US201916432201A	A_007823
CN202310696208.0	A_001451
CN202320797749.8	A_000293
CN202110228821.0	A_001957
CN202310384787.5	A_000923
US202017001391A	A_005554
CN202320526801.6	A_004334
CN201811306119.6	A_000493
CN202310705548.5	A_003845
ES21702427T	A_005673
CN202111059613.9	A_002057
CN201910243978.3	A_000512
CN202321961532.2	A_004769
CN202320408797.3	A_004297
CN201910306374.9	A_000461
US201916379603A	A_005554
CN202020684515.9	A_001928
LU500397A	A_007371
US202016996315A	A_008036
CN201921456081.0	A_000317
CN202310512488.5	A_003788
CN202121269045.0	A_000988
SG11202303094Q	A_000050
JP2023009672W	A_006234
US202117348851A	A_005548
US201817040601A	A_007790
CN201811018568.0	A_000425
CN201820111784.9	A_000594
CN201980012486.1	A_000128
CN202010189253.3	A_000416
US201916438032A	A_000129
CN202322261887.7	A_001735
CN202111293779.7	A_002456
CN201911111784.4	A_000388
CN201910131479.5	A_000461
CN202322057022.9	A_004801
CN202320616405.2	A_004357
CN202223025279.8	A_003444
CN201910298212.5	A_000979
CN201811467908.8	A_000384
CN202323178986.5	A_005183
IN202141000445	A_005862
US202016775039A	A_007854
CN202220691065.5	A_003227
CN202320551917.5	A_003722
CN202311723624.1	A_002347
CN201910349811.5	A_000992
CN202021223910.3	A_001991
US201916694705A	A_007866
CN202321778352.0	A_004698
KR20210116253A	A_006760
CN2018118954W	A_000571
JP2022019411A	A_006307
CN202020368626.9	A_001896
CN202121722364.2	A_001945
US202319104565A	A_008452
CN201822013804.1	A_000128
KR20200125669A	A_006840
IN202141054895	A_005869
JP2021098513A	A_006068
CN202210399770.2	A_002894
KR20210148764A	A_005588
CN202311845497.2	A_001735
US202217957750A	A_000050
CN202122101200.4	A_000223
US201916719970A	A_007957
KR20190099267A	A_006688
CN202322731216.2	A_005020
CN201921189206.8	A_000832
KR20220175747A	A_007145
CN202111471643.0	A_002487
CN202323628083.2	A_000695
CN202311292434.9	A_004000
CN201910181037.1	A_000294
CN202323085344.0	A_002793
JP2019548347A	A_006179
US202318203857A	A_005548
IN202011057129	A_005826
KR20220157429A	A_007128
JP2018206806A	A_006113
CN201910282651.7	A_000514
CN2019080646W	A_000129
KR20180112164A	A_006535
IN202311087083A	A_005960
CN202322160283.3	A_004834
CN202122502393.4	A_002757
CN201820422094.5	A_000216
IN201941046023	A_005818
US202318477729A	A_008298
KR20230165594A	A_007328
CN201811278013.X	A_000490
CN202011025871.0	A_001721
CN202320247606.X	A_004268
CN201811333391.3	A_000345
PT2022050002W	A_007417
CN202222971739.X	A_003435
US2019048492W	A_007675
CN202110669570.X	A_002367
CN202320807856.4	A_004409
CN202110871995.9	A_001542
RU2023115540A	A_007543
CN202280087451.6	A_000909
CN202111024419.7	A_002422
CN201810341040.0	A_000245
CN201810242678.9	A_000207
CN202110074703.9	A_002263
CN202110073848.7	A_000452
JP2023217815A	A_006177
CN201811015558.1	A_000423
KR20180143180A	A_006555
JP2018089753A	A_006075
EP21194342A	A_005566
CN202311681014.X	A_000731
JP2023565759A	A_006170
KR20220189455A	A_007169
CN201922264827.4	A_001166
CN201821195891.0	A_000374
IL27551320A	A_005754
CN202311395523.6	A_003071
US202318220232A	A_008380
ES19219059T	A_005645
CN202223397995.9	A_003586
CN201810107815.8	A_000162
CN202321523365.3	A_003053
CN202311232240.X	A_000384
US202217946783A	A_008281
CN201810546775.7	A_000303
CN201810115681.4	A_000165
CN202122249235.2	A_002730
CN202320389619.0	A_004293
CN202321297999.1	A_004532
JP2020036457A	A_006190
CN202120521821.5	A_002564
CN202311403070.7	A_002992
KR20230174559A	A_006268
CN201910222196.1	A_000304
CN202121808229.X	A_002695
CN202111095593.0	A_000543
CN202022225091.2	A_002112
RU2018050095W	A_007426
CN202211013053.8	A_000947
CN202021583153.0	A_002042
RU2019126959U	A_007460
CN202021981503.9	A_002091
CN202320365419.1	A_000810
KR20200100717A	A_005588
CN202322018620.5	A_004788
US202217876636A	A_008270
US2023070534W	A_008341
US202117502428A	A_008164
US202017003012A	A_000121
CN202322832001.X	A_004150
KR20210110978A	A_006961
CN201911158335.5	A_001137
CN202322461137.4	A_004936
CN2019080646W	A_000128
KR20180137447A	A_006550
US202117408869A	A_008149
CN201921829559.X	A_001406
CN202321843127.0	A_003882
CN202311533006.0	A_004083
CN202121268172.9	A_000135
GB201809309A	A_005691
KR20230009840A	A_007186
CN202320025627.7	A_001361
HRP20221010A	A_005723
CN202123355461.5	A_002818
CN201911071398.7	A_001099
CN202323275743.3	A_005224
KR20190154795A	A_006581
CN202022874311.4	A_002139
JP2023087706A	A_006399
CN202323328100.0	A_003571
CN202020850737.3	A_001946
CN202211705634.8	A_003176
CN202311751581.8	A_004148
CN202110826899.2	A_002389
EP21730315A	A_005572
US202117229146A	A_000112
KR20200159531A	A_006869
TW112143283A	A_007653
CN201921543366.8	A_001362
CN202221912781.8	A_000543
US202016847581A	A_007996
US202318863733A	A_008450
KR20210056764A	A_006934
CN202010484690.8	A_001614
CN201880040041.X	A_000128
CN202322839927.1	A_000532
KR20230168901A	A_006480
US202217686864A	A_008235
CN202321940894.3	A_002725
RU2023103168A	A_007527
CN202022802452.5	A_000865
CN202311088819.3	A_003948
CN201910117942.0	A_000936
TR2021/013012	A_007600
CN202320875493.8	A_000574
CN202321827265.X	A_004720
CN202323017665.7	A_005137
CN202110632235.2	A_002360
CN202322702288.4	A_000912
CN202110713144.1	A_001138
KR20200052219A	A_006634
CN202321554795.1	A_003607
IN202311062438	A_005938
US202017438942A	A_005496
US201916694705A	A_007938
CN202310747015.3	A_003849
CN201810962035.1	A_000408
CN202322825113.2	A_001361
CN202210320389.2	A_000337
JP2023550176A	A_006455
JP2025519865A	A_006467
EP21164734A	A_000005
CN202323320516.8	A_005246
TR201809810A	A_007586
CN202011342132.4	A_001725
US201815870153A	A_005503
KR20230176114A	A_007343
CN201811129498.6	A_000459
JP2021171977A	A_006268
CN202010017524.7	A_000294
CN201910899068.0	A_000304
TR2022006096U	A_007612
CN202320046941.3	A_004198
CN202320144002.2	A_004216
CN202322271747.8	A_004872
AU2018286597A	A_000021
CN201810591138.1	A_000320
KR20190122292A	A_006703
CN202220302491.5	A_003207
CN201910711298.X	A_001063
CN201822172032.6	A_000558
KR20180086017A	A_006480
GR20230200132U	A_005720
CN202111427837.0	A_002365
CN202321306081.9	A_004541
CN202010870718.1	A_001696
CN202220002822.3	A_002830
CN202211601449.4	A_003149
CN202310900587.0	A_002414
KR20220185962A	A_007163
CN201821961522.8	A_000870
CN201920043534.0	A_001188
CN202110560087.8	A_002349
US202016801892A	A_000129
US2023075373W	A_000057
CN202322119253.8	A_004820
CN202111311622.2	A_000294
CN202211375877.X	A_001709
EP2023056638W	A_005537
CN202022414194.3	A_001164
CN202111630083.9	A_002504
CN202111004412.9	A_001132
CN202321468839.9	A_002804
CN201811158076.1	A_000470
CN202010488294.2	A_001616
CN202310696660.7	A_003843
KR20200139400A	A_000066
CN202220518327.8	A_003221
RU2021134723A	A_007499
KR20210185112A	A_007026
CN202310041720.1	A_003670
CN202111562242.6	A_001616
CN202323114865.4	A_005163
CN202321605288.6	A_000313
CN202320980852.6	A_002699
US202016824986A	A_007997
CN202310885588.2	A_000304
CN201810691425.X	A_000348
JP2023014023A	A_006356
CN201821395779.1	A_000791
KR20210077244A	A_006759
CN202310802815.0	A_003864
TR2021/015189	A_007601
JP2022029317A	A_006313
DE102018127024A	A_005392
CN202222334871.X	A_000763
CN202311255546.7	A_001311
CN202123029701.2	A_000528
CN202210839460.8	A_002967
IL28626721A	A_005766
US201816027310A	A_007715
CN202110124888.X	A_002249
CN202210696606.8	A_002946
KR20210174658A	A_007011
TR2023016588A	A_007630
CN201921742419.9	A_001390
US202318220720A	A_008016
CN202110920955.9	A_002405
US201815994593A	A_005809
US201916403726A	A_007801
CN202310139037.1	A_003690
CN202222776810.9	A_003393
CN201822065416.8	A_000879
CN202322884538.0	A_005083
CN201822225607.6	A_000898
CN201821890895.0	A_000858
CN202323421969.X	A_005281
CN201810773694.0	A_000361
CN202010656401.8	A_001600
CN202321785968.0	A_002082
FR2303810A	A_005680
CN201821414741.4	A_000191
TR2022015079A	A_007620
KR20200064394A	A_006818
IN202341087174	A_006053
KR2019095005W	A_006751
CN202310966665.7	A_003867
BR102018013794A	A_000068
KR20220070954A	A_006749
CN202321804593.8	A_004712
JP2019035367A	A_006132
KR20200147756A	A_006864
AU2023278083A	A_000056
AU2019387201A	A_000030
CN202320156256.6	A_004236
CN202323235429.2	A_000389
IN202311049266A	A_005929
CN201821883594.5	A_000345
CN202022122876.7	A_002104
CN201821786486.6	A_000844
IN202211022222	A_005875
CN202111260719.5	A_002450
KR20200047377A	A_006800
CN201821255990.3	A_000771
AT2018178376T	A_000003
CN202021859950.7	A_000222
CN202210585513.8	A_001347
CN201820900910.9	A_000721
GB201915896A	A_005472
CN201920408743.0	A_000964
CN202323409358.3	A_005278
CN202320487236.7	A_003413
US202016875653A	A_000129
CN202221896307.0	A_003291
CN202223443833.4	A_003604
CN201810803167.X	A_000367
CN202320225821.X	A_001361
CN202311074469.5	A_003946
US202217949994A	A_007661
CN202223181654.8	A_003491
KR20200055533A	A_006804
KR20200079499A	A_006830
CN202210544517.1	A_002922
CN202020171261.0	A_001860
JP2022010928W	A_005496
EP19208968A	A_005486
CN202311768104.2	A_002292
US201916439487A	A_000005
CN202310770465.4	A_003804
CN202323033951.2	A_005145
CN202110823223.8	A_000898
CN201820331327.0	A_000631
US201816154173A	A_000005
KR20200137497A	A_006856
KR20230005124A	A_007174
CN202221420761.9	A_003260
CN202011346736.6	A_001725
KR20220157429A	A_006937
CN202121271936.X	A_002646
US202217651809A	A_000129
US202217728117A	A_005625
CN202322015047.2	A_004787
CN201822238953.8	A_000902
US202016878403A	A_005577
DE102018103298A	A_005389
ES22709690T	A_005675
KR20227041215A	A_007171
CN202323242123.X	A_005196
CN202311065621.3	A_000294
KR20200188982A	A_006561
US201815961838A	A_000037
IN202331072456A	A_005988
CN202311045846.2	A_000182
US202017015068A	A_008040
CN202311755358.0	A_004149
CN201921263927.9	A_001340
CN202021583153.0	A_002041
CN201921164764.9	A_001328
TR202008920A	A_007591
CN201811105998.6	A_000453
US202017070460A	A_005467
CN202222930647.7	A_003419
US202318844078A	A_005633
CN202322114023.2	A_004175
CN202220162944.9	A_003199
CN201910938880.X	A_001099
CN202311507138.6	A_004074
CN202120701506.0	A_000299
GB202320083A	A_005717
CN201921679529.5	A_000729
CN202010762821.4	A_000222
CN202323174302.4	A_005182
CN202021934856.3	A_002084
CN202322363261.7	A_004900
KR20190021653A	A_006595
CN202321386530.5	A_004576
CN202123127020.X	A_000543
RU2023101790A	A_007524
CN202120890730.9	A_000692
CN202321131887.9	A_004511
CN201910420109.3	A_001008
CN202322444507.3	A_004580
JP2022170719A	A_006075
CN202223375061.5	A_001774
US202117201585A	A_006294
CN202210166342.5	A_000998
JP2021012367W	A_005507
CN202121667395.2	A_002682
CN202323250045.8	A_005008
CN202320445245.X	A_004308
CN202010560788.7	A_000315
CN202211455080.0	A_001570
CN201910087017.8	A_000929
CN202321890224.5	A_004743
CN202020570319.9	A_001917
EP20214405A	A_000054
KR20190096658A	A_006667
KR20210111025A	A_006826
CN202311091055.3	A_000304
CN202110099826.8	A_000304
CN202311785951.X	A_000614
CN202011083467.9	A_001729
CN202321991829.3	A_000406
CN202321963592.8	A_004770
IN202341074405A	A_006042
IN202041030536	A_005843
KR20220121481A	A_006826
CN202322534785.8	A_003397
CN201910157599.2	A_000947
CN201811465610.3	A_000531
CN202310054264.4	A_003675
CN202322257200.2	A_004865
ES21166275T	A_005672
CN2019116327W	A_000128
US202318244980A	A_008385
CN202322826301.7	A_005055
CN201910940383.3	A_000461
CN202322407176.6	A_004918
CN202320271364.8	A_004273
KR20190153217A	A_006696
CN201911021751.0	A_000252
CN202010980815.6	A_001714
US201816116414A	A_006185
CN202011210223.2	A_001753
CN202211555735.1	A_000384
CN202210989780.1	A_000182
CN201922458479.4	A_001496
US202117566719A	A_008180
CN202021767844.6	A_002062
IN202341082094	A_006050
CN202310348567.7	A_003741
CN202320912125.6	A_004440
KR20180087428A	A_006523
DE102019211026A	A_005405
EP21195313A	A_000050
US201917284776A	A_007970
US201916393077A	A_000492
KR20230174147A	A_007025
KR20200179385A	A_006882
KR20230060028A	A_007225
CN202311266994.7	A_002109
JP2019037313A	A_006134
IN202011043508	A_005824
CN202310179485.4	A_000253
CN202120468183.5	A_002555
CN202210076442.9	A_002844
US201916416508A	A_000003
CN202211285627.7	A_003051
CN202311033654.X	A_003042
CN202210225098.5	A_002862
CN202223237401.8	A_001568
KR20210163473A	A_006995
CN201811630010.8	A_000568
JP2025515602A	A_006288
CN202310427127.0	A_003765
CN201820898102.3	A_000720
US202217940015A	A_008276
KR20180082024A	A_006489
JP2020185181A	A_006169
JP2024500824A	A_006459
CN202322594999.4	A_004989
CN202110939741.6	A_002408
CN202010254438.8	A_000596
CN202322879624.2	A_004499
US202217744959A	A_005548
US202217822481A	A_007801
CN202322810407.8	A_000496
CN201820273208.4	A_000186
KR20180145750A	A_006557
JP2019078532A	A_006142
KR20190100569A	A_006695
US202117232485A	A_008122
CN202021592694.X	A_001676
CN202310328154.2	A_000749
KR20230194627A	A_007355
JP2020000867W	A_006084
CN202322789945.3	A_005041
CN201811616704.6	A_000496
US202217750015A	A_008254
CN201911166366.5	A_000183
CN202322867873.X	A_005074
CN202111163244.8	A_002439
CN202022885109.1	A_002193
KR20230147982A	A_006826
CN202310508539.7	A_003786
CN202320277845.X	A_001542
CN202023053841.9	A_002211
US202015930281A	A_007979
EP19872222A	A_005509
CN202210144036.1	A_002851
JP2020147357A	A_006208
CN202123138592.8	A_000543
IN201841037640	A_005805
BR102023007823	A_000088
CN202321134651.0	A_004503
GB202210008A	A_005707
US201916273136A	A_007803
CN202120470574.0	A_002556
CN202311555209.X	A_000384
KR20230070918A	A_007235
CN202211733631.5	A_002343
KR20180145749A	A_006557
KR20230062615A	A_007226
JP2020169973A	A_005496
CN201810832483.X	A_000372
CN202022551009.5	A_002156
CN202310545318.7	A_003800
CN202311333725.8	A_004012
US201816223440A	A_007772
CN202021449250.0	A_002019
CN202321363420.7	A_003824
CN202011639259.2	A_001826
CN201921138496.3	A_001326
CN201910443094.2	A_001016
CN202121743518.6	A_002685
CN202110298391.X	A_000469
CN202110681103.9	A_000198
CN201821882600.5	A_000857
GB202211163A	A_005708
US201816492851A	A_006138
CN202222178551.X	A_003310
CN202320827574.0	A_004416
CN202022657196.5	A_002169
US202117227844A	A_000005
CN202220869752.1	A_003238
CN202322077959.2	A_004808
JP2020001216A	A_006080
CN201920576503.1	A_001265
CN202020481514.4	A_001904
US202016776788A	A_007986
EP19888497A	A_005511
CN202010955607.0	A_000543
CN202222431388.3	A_003343
CN202321596125.6	A_004641
CN201910765689.X	A_001073
CN202011483400.4	A_000543
AU2023274131A	A_000055
CN202310453879.4	A_000955
CN202322518187.1	A_004967
US201916433338A	A_000054
KR20230181951A	A_007351
KR20220186197A	A_007164
KR20190056229A	A_006594
CN202320172564.8	A_003680
CA3036396A	A_000003
CN202223550012.0	A_001029
CN202011444335.4	A_000553
JP2023012321A	A_006353
CN201911354989.5	A_001174
RU2019112208A	A_007454
JP2021065276A	A_006245
US201916694705A	A_007906
CN201980004751.1	A_000906
IN202341089955	A_006054
CN201980043456.7	A_001518
CN202222555740.4	A_000179
US202217827162A	A_005548
CN202321783002.3	A_004692
KR20200014550A	A_006773
US2022049448W	A_008167
CN202320953834.9	A_000350
CN201920071496.X	A_000920
US202318837502A	A_005751
CN201821753637.8	A_000482
KR20220111112A	A_007094
CN202210416913.6	A_002896
CN201911355344.3	A_001175
CN202310767849.0	A_003856
CN202323276928.6	A_005228
KR20210063772A	A_006938
KR20237034152A	A_007048
CN202321058821.1	A_004488
CN202321555327.6	A_004628
IN202241076152	A_005916
US201815981623A	A_000037
KR20230047393A	A_006525
CN202210805325.1	A_002959
EP23170897A	A_000037
CN201922405383.1	A_001484
CN201810176239.2	A_000189
CN202010936004.6	A_001707
CN201810551036.7	A_000302
IN202031041280	A_005829
CN202110191838.3	A_001581
CN202322334995.2	A_000971
CN202322385636.X	A_004909
KR20230148754A	A_007306
CN202322917619.6	A_000681
US202017067759A	A_008047
KR20210179990A	A_007015
JP2023144158A	A_006110
CN202223298244.1	A_003543
JP2023000163U	A_006338
KR20230164951A	A_006740
CN202110607712.X	A_001807
CN202011624183.6	A_000990
CN202311643664.5	A_001075
CN202110517287.5	A_000574
US201816044622A	A_000037
CN202010566579.3	A_001616
CN202311443612.3	A_003884
US202016852505A	A_008004
CN201921658957.X	A_000559
CN202222494134.6	A_003348
CN202310692028.5	A_003841
CN202211450410.7	A_003099
CN202320364954.5	A_002500
CN202210817811.5	A_002961
CN202321594958.9	A_004640
CN202310383506.4	A_001015
CN202120138885.7	A_001441
US201916694705A	A_007937
CN202321669860.5	A_004661
US202318114272A	A_005552
EP23866025A	A_005636
JP2023164195A	A_006430
CN202321906253.6	A_004749
CN201810346034.4	A_000247
CN201920820204.8	A_001289
CN202110639731.0	A_002361
CN202111352871.6	A_001029
CN201921569478.0	A_001366
EP22877299A	A_005610
JP2018008789A	A_006058
CN201920002603.3	A_001185
US202217942670A	A_005494
US202117146249A	A_008089
US201816143720A	A_000005
KR20230059234A	A_007223
JP2020022737W	A_006151
CN202010246912.2	A_001580
IN201847038994	A_005809
DE602021002558.0	A_005460
CN201910829345.0	A_000317
CN202323011822.3	A_005133
CN202310233062.6	A_003714
JP2019172695A	A_006059
CN202223554220.8	A_003639
CN201910256284.3	A_000967
EP21919749A	A_005507
CN202211663306.6	A_003144
CN202211152056.X	A_001765
CN202111059629.X	A_002057
KR20230009426A	A_007179
ES22196541T	A_000007
CN202211604365.6	A_003151
KR20200164262A	A_006875
CN201821577822.6	A_000818
AU2020100047A	A_000032
CN202320446490.2	A_004309
CN202223198091.3	A_003505
CN202111320805.0	A_000294
CN201811446527.1	A_000520
CN201821430492.8	A_000795
CN202010201924.3	A_001568
CN202311001194.2	A_003358
CN202310421848.0	A_003764
CN202110053553.3	A_002257
CN202321854878.2	A_004731
CN202211476460.2	A_000258
CN202010467181.4	A_000884
CN202322742556.5	A_005026
CN202020599302.6	A_001921
CN202310348582.1	A_000162
CN202020157394.2	A_000476
US202217983218A	A_000054
CN202120139904.8	A_002518
JP2023149089A	A_006157
CN201910630941.6	A_001045
GB201809534A	A_005693
JP2023193878A	A_006111
CN202122878149.8	A_000677
CN201820388572.5	A_000205
CN202211192176.2	A_003030
CN202122736637.5	A_002776
JP2019570164A	A_006139
CN202210872950.8	A_000318
CN202323298884.7	A_005237
EP19169586A	A_005489
CN201921773444.3	A_001398
CN202011296391.8	A_001773
CN202322490452.X	A_004908
US202217744155A	A_008252
CN201820476218.8	A_000656
CN202121862994.X	A_002700
CN202320379685.X	A_004291
CN202511577527.5	A_000416
CN202223575565.1	A_000614
KR20210131642A	A_006739
CN202323296516.9	A_003417
CN201811014417.8	A_000423
CN202211500244.7	A_003116
CN202110464044.X	A_002335
US202117343384A	A_007813
CN202322060363.1	A_000992
CN202320291834.7	A_004271
JP2022120658A	A_006068
US202318472933A	A_000005
CN201821696175.0	A_000763
CN202223524940.X	A_003633
CN202020610277.7	A_001923
KR20227009138A	A_005507
CN202320141999.6	A_001735
KR20200126482A	A_006845
JP2023124131A	A_006412
EP19206535A	A_005494
US202117561765A	A_008178
CN201910329675.3	A_000985
CN201820246489.4	A_000611
CN202321890078.6	A_004742
CN202321890322.9	A_004744
AT2018804627T	A_000008
US202017107247A	A_007795
CN202220392740.4	A_003212
KR20230108075A	A_007266
US202016792874A	A_005577
CN201910260979.9	A_000969
EP20790713A	A_005551
US201916401332A	A_007674
CN202223045598.5	A_003451
CN202322472182.X	A_004950
CN202110509135.0	A_001053
KR20200022160A	A_006778
CN202310996550.2	A_002756
KR20190102533A	A_006694
CN202311655420.9	A_004008
CN202311570922.1	A_000543
CN202120439570.6	A_002257
US202318213226A	A_000050
JP2022514955A	A_006169
CN202011275342.6	A_000461
CN202023175349.9	A_000745
CN202220177590.5	A_001505
CN201811356783.1	A_000504
CN202311555209.X	A_003318
CN202011334723.7	A_000252
JP2023087706A	A_006396
CN201810416345.3	A_000262
CN202111487513.6	A_000294
CN202320457157.1	A_003714
CN202210377219.8	A_001029
CN202222889463.0	A_003410
CN202221099247.X	A_001750
US202217946783A	A_000066
CN202020365157.5	A_000667
JP2019166523A	A_006165
CN202320034408.5	A_004194
CN202310031021.9	A_003667
KR20230116200A	A_007250
KR20210186197A	A_006761
CN202321158244.3	A_004516
CN202322101861.6	A_003304
CN202222989887.4	A_003270
JP2019541920A	A_006084
CN201811274677.9	A_000161
CN202321566742.1	A_004467
CN201921961738.9	A_001421
CN202110243704.1	A_002290
US201916694705A	A_007946
CN202023243824.1	A_002228
CN202322934891.5	A_000222
CN202221314601.6	A_003254
CN201810691727.7	A_000348
CN202210719084.9	A_000162
CN201820726478.6	A_000317
JP2021171977A	A_006266
CN202223517164.0	A_003471
CN201810118637.9	A_000166
CN202220275516.7	A_003205
JP2019541470A	A_006068
IN201911036837	A_005811
US202217682349A	A_000009
CN202022056926.6	A_002099
CN201910426107.5	A_001010
US201916403691A	A_007818
CN202010086962.9	A_000850
KR20230167963A	A_006868
US202117233431A	A_000129
US201916976755A	A_007959
CN201810163609.9	A_000186
IL2021051076W	A_005744
CN202011019167.4	A_001305
IN202321054220A	A_005977
CN201821130501.1	A_000749
CN201820490815.6	A_000657
AU2019253799A	A_000025
CN202311235285.2	A_001747
CN202211702646.5	A_002850
US201916383161A	A_000005
CN202311504251.9	A_000384
US201816036760A	A_007718
CN202110432531.8	A_001676
CN202321409780.6	A_003550
JP2023211651A	A_006320
CN202222565322.3	A_003366
CN201810586906.4	A_000316
JP2020018605A	A_005577
CN202322082756.2	A_004778
CN201821607313.3	A_000823
CN202311426398.0	A_003977
US202117182111A	A_008106
CN202323364680.9	A_005261
CN202080106594.8	A_001688
KR20190153336A	A_006694
CN202021513465.4	A_002028
CN201921187802.2	A_000832
CN201810501747.3	A_000288
CN202320067831.5	A_000177
US201816214765A	A_000005
DE102019125460A	A_005403
KR20230168901A	A_006723
CN202322145927.1	A_004773
JP2021207198A	A_006114
CN202121036473.9	A_002628
KR20230105390A	A_006550
DE102023133519A	A_005425
CN201810407270.2	A_000261
CN201811345075.8	A_000501
CN202320733541.X	A_004387
CN201911292076.5	A_001164
US202118009094A	A_008195
CN202010258466.7	A_001581
IN201947017181	A_005599
CN202123025514.7	A_001029
CN202022471076.6	A_002148
CN201820080892.4	A_000273
CN202310408306.X	A_003758
CN202321972336.5	A_004775
CN202010608340.8	A_001640
BR102018072921A	A_000071
CN202211410335.1	A_003085
TR2022006096U	A_007614
US202318481887A	A_005421
CN202311190059.7	A_003779
US201917255113A	A_000048
CN202020749093.9	A_001598
CN202320118476.X	A_004223
KR20220161961A	A_006536
US201916694705A	A_007949
US202117220137A	A_008117
CN202020027732.0	A_001541
CN201911260941.8	A_001155
CN202023269462.3	A_002233
CN201821854413.6	A_000677
CN202322996791.5	A_001508
CN202022370615.7	A_002139
CN202320119306.3	A_001139
CN202121315971.7	A_002651
CN202211477237.X	A_003110
CN202110841442.9	A_002392
CN202322732138.8	A_005022
KR20180007498A	A_006475
CN201922003099.1	A_001428
US202318210159A	A_008376
CN201820009008.8	A_000135
CN202021636575.X	A_001257
US202016941240A	A_005577
CN202110679337.X	A_000543
US201815927228A	A_007691
US202217659299A	A_005469
CN202210098793.X	A_002849
US202318313503A	A_008390
CN201810313624.7	A_000239
US201815880216A	A_000005
IN202311062438	A_005944
DE102022204761A	A_005421
CN201820416757.2	A_000213
EP19863258A	A_005506
US202117190051A	A_008108
CN202310616498.3	A_003818
US202318521204A	A_000037
JP2021561273A	A_006169
CN202320553097.3	A_001202
US202318494650A	A_008422
CN201821202702.8	A_000759
CN202310253588.0	A_003170
CN202211442423.X	A_000345
CN202322685600.3	A_000971
CN202011368543.0	A_000222
CN201921765875.5	A_001109
KR20230042275A	A_007207
US202318324042A	A_008084
CN202280076222.4	A_003655
KR20210077244A	A_006760
CN202321732406.X	A_004683
CN202311547768.6	A_004088
CN201820111003.6	A_000592
KR20230089398A	A_007258
EP22758559A	A_005601
US201916981298A	A_005633
CN202211472785.3	A_000345
CN202211249362.5	A_000326
JP2022572870A	A_006068
CA2995510A	A_000003
US201816190740A	A_007760
CN201822037353.5	A_000754
CN202220691337.1	A_003228
CN202211637601.4	A_003162
CN202223402197.0	A_003592
CN202323487212.0	A_005311
KR20180166326A	A_006577
TW111142040A	A_007645
CN201880070493.2	A_000130
CN202320640386.7	A_004068
IN202241076152	A_005915
KR20210194222A	A_006956
CN202210148724.5	A_002854
US201816025563A	A_007714
US202117550320A	A_000020
CN201810247034.9	A_000209
CN202210150255.0	A_000322
CN202110185200.9	A_000469
CN202022869990.6	A_002190
CN202322805166.8	A_005047
CN202323331077.0	A_005253
CN202120169755.X	A_001162
US202217942678A	A_008277
CN202323628008.6	A_005356
CN202323039230.2	A_002472
CN202322583393.0	A_004985
KR20230088580A	A_007256
CN202321332792.3	A_002421
CN201822160899.X	A_000767
EP22193318A	A_005590
CN201910270015.2	A_000709
KR2021018959W	A_007008
CN201811629461.X	A_000406
CN201910083183.0	A_000252
CN202120971918.6	A_002616
CN202223275957.6	A_003530
CN201922245903.7	A_001463
EP21906183A	A_005507
CN202320621271.3	A_004359
US201816154282A	A_000005
CN202310663509.3	A_000496
CN202322909733.4	A_004689
US202117506289A	A_005625
CN202021256598.8	A_001995
RU2021100061A	A_007484
US202117192833A	A_008110
JP2018190532A	A_006105
CN201910948631.9	A_001050
CN2023142981W	A_004190
CN202222892652.3	A_003411
JP2023207913A	A_006156
CN201811475868.1	A_000536
CN202111391773.3	A_000345
CN201910302681.X	A_000981
JP2021046046W	A_006243
CN202310802108.1	A_003723
IN202311087083A	A_005961
CN202221473791.6	A_003265
CN201811195254.8	A_000476
CN202311624852.3	A_000923
CN202211231477.1	A_003041
CN202310635315.2	A_003825
CN202311832607.1	A_000764
CN202311245218.9	A_003989
CN202222544129.1	A_003355
JP2023000183W	A_006311
US201916694705A	A_007948
JP2022003888U	A_006299
CN202021849343.2	A_002073
CN201921238912.7	A_001334
RU2022115885U	A_007513
US202318166079A	A_000037
CN202322300755.0	A_002711
CN202021835387.X	A_002070
CN201810372098.1	A_000252
CN202322562237.6	A_004979
CN202310047763.0	A_003672
CN202120559015.7	A_002570
CN202111281928.8	A_000517
CN201821396540.6	A_000699
CN202311547768.6	A_002793
CN202011274808.0	A_001399
JP2023557176A	A_006455
CN202323580168.8	A_005337
US202018028754A	A_006234
KR20230103282A	A_006634
US202318139437A	A_005548
CN202311831090.4	A_004176
CN202311305447.5	A_002856
US202016949414A	A_005552
CN202110855791.6	A_002364
CN201921805434.3	A_000353
CN202210485723.X	A_002913
CN202111470497.X	A_002486
KR20210074073A	A_006894
CN202010884865.4	A_001659
CN202222045533.4	A_002983
CN202022682226.8	A_002176
CN202123127084.X	A_000543
CN202220200727.4	A_000273
IL29881922A	A_005765
EP18189190A	A_000037
IN202311087083A	A_005958
CN202020210541.8	A_001345
CN202321040018.5	A_000416
CN201910542403.1	A_001034
CN202321432819.6	A_004478
CN202322916528.0	A_003809
CN201922496819.2	A_001505
CN202320438646.2	A_004307
CN202310484045.X	A_003779
CN201980081520.0	A_001526
US202318165640A	A_008359
CN202210412800.9	A_002448
CN202111316433.4	A_002463
EP22206922A	A_005593
FR2021051040W	A_005684
CN202321061411.2	A_004489
CN202310377790.4	A_000128
US202318841383A	A_008441
KR20230179833A	A_007350
CN201822190731.3	A_000669
IN202241004504	A_005884
CN201821790201.6	A_000846
JP2023013926A	A_006355
CN201920393415.8	A_001239
CN202310403561.5	A_000198
CN201922101192.6	A_000901
RU2020138553A	A_007481
CN202321128098.X	A_004486
CN201811068498.X	A_000441
CN201820586813.7	A_000675
US202016856684A	A_000037
CN202210063076.3	A_000294
CN202222852905.4	A_003403
US201816154188A	A_000005
US202117763553A	A_008184
CN201810124341.8	A_000169
CN201910081881.7	A_000928
CN201811259494.X	A_000482
US202318144726A	A_007998
KR20200186307A	A_006760
CN201910336439.4	A_000987
CN202021594298.0	A_001676
CN201910937175.8	A_001097
JP2023509388A	A_006454
CN202011346881.4	A_001725
CN202111123171.X	A_002435
CN202310106929.1	A_003684
CN202320436871.2	A_000319
IN202341069089	A_006037
US201816008410A	A_007711
CN202320994736.X	A_004378
US202318202350A	A_008371
CN202321033178.7	A_004476
CN202010015261.6	A_001541
KR20210085613A	A_006948
CN202320548823.2	A_004339
CN201921340469.4	A_000315
CN202011548872.3	A_001815
KR20230027518A	A_007199
US202217585735A	A_008215
CN202223389636.9	A_003583
CN202321306992.1	A_003557
CN202011092411.X	A_001732
CN202010497230.9	A_001617
US202117245010A	A_000005
CN201922131764.5	A_001446
CN201820854385.1	A_000309
KR20210049222A	A_006765
KR20200014126A	A_006770
KR20200057137A	A_006806
CN202010197987.6	A_000326
US202117406204A	A_005548
EP22889784A	A_005556
CN202323630427.3	A_005358
CN201810598672.5	A_000326
KR20230081804A	A_007147
JP2018082872A	A_006074
US201816629706A	A_006703
EP21202766A	A_000009
US202016902336A	A_008011
CN201911209756.6	A_000927
CN202322012533.9	A_002001
DE102020118677A	A_005390
CN202110404973.1	A_002324
CN201920974341.7	A_000920
CN202110112374.2	A_002267
US202218086979A	A_008304
CN202311528281.3	A_000554
CN202310800253.6	A_003863
CN202322942168.1	A_005103
JP2020559010A	A_006069
KR20220155872A	A_007125
CN202320739191.8	A_004390
CN201911356646.2	A_000496
JP2021536443A	A_006285
US201815886606A	A_007677
CN202311170253.9	A_003966
CN202320537582.1	A_004338
CN201810558691.5	A_000305
KR20230163875A	A_006739
CN202010484690.8	A_000326
CN202111006177.9	A_002418
US202318195785A	A_005625
KR20220165338A	A_006780
EP19714745A	A_005496
IN202341042444	A_006012
CN202310891991.6	A_003894
CN202321302258.8	A_004557
CN202011096058.2	A_001734
CN201922437247.0	A_000856
CN202011292273.X	A_001324
KR20230141297A	A_007237
SK500102020U	A_007581
CN201910793066.3	A_001081
CN202323388514.2	A_004456
CN202320166387.2	A_004239
KR20210194222A	A_006955
CN202310189950.2	A_000318
CN202320418579.8	A_001237
DE202023104631U	A_005440
CN202310672569.1	A_000134
CN202311497750.X	A_004070
CN202320520425.X	A_001361
CN202322875819.X	A_004590
CN202010792130.9	A_000182
CN202220963638.5	A_003230
CN202323098479.0	A_005161
KR20180027302A	A_006489
BR102019026560	A_000077
TW110121254A	A_007644
US202016834423A	A_000129
CN202311384862.4	A_001921
CN2018099837W	A_000132
CN202322393424.6	A_004912
CN202310935309.9	A_003904
CN202011515342.9	A_001136
GR20190100367A	A_005718
CN202222946346.3	A_003426
IL26025918A	A_000024
CN201820533518.5	A_000665
RO202300305A	A_007423
US202318538300A	A_008274
CN202280047364.8	A_000128
PL44435423A	A_007408
US201816049768A	A_007725
CN202211260611.0	A_003045
CN202323609418.6	A_005351
CN202211734928.3	A_000621
CN201911196533.0	A_001143
CN201811586248.5	A_000560
CN201811144264.9	A_000317
CN201820264233.6	A_000617
US201916247552A	A_007799
CN202211098177.0	A_002448
US201917299033A	A_006138
EP21879138A	A_000492
CN202322251954.7	A_004807
CN201811463727.8	A_000530
CN202322925237.8	A_005099
KR20230009311A	A_007175
CN202320763042.5	A_004385
CN202110826899.2	A_002388
CN202222803709.8	A_003398
CN201910246890.7	A_000388
CN202111088930.3	A_002345
JP2020002459W	A_006084
CN202210383754.4	A_002889
CN202111391750.2	A_000345
CN202110268652.3	A_002294
EP20906335A	A_005484
CN202310509644.2	A_000182
CN201820746966.3	A_000701
CN202310927191.5	A_003827
CN201810079444.7	A_000153
CN202010261225.8	A_001582
IN201817044264	A_005796
CN201810817026.3	A_000370
CN201880073409.2	A_000128
JP2023052541A	A_005618
CN202322115666.9	A_004819
CN202321898855.1	A_004745
US202318724159A	A_008437
CN202321162426.8	A_002516
CN202311507138.6	A_001503
KR20200151536A	A_005626
CN202321568688.4	A_003162
EP21194342A	A_005567
KR20200057137A	A_006808
CN202323377521.2	A_005035
CN201920310075.8	A_001226
CN202321758581.6	A_004691
CN202311071799.9	A_000294
KR20180138293A	A_005588
CN202122292615.4	A_002732
CN201821549033.1	A_000813
CN201811043845.3	A_000433
CN201811453075.X	A_000384
US201916704531A	A_000129
CN202210053885.6	A_002429
CN201811088250.X	A_000447
JP2020005181W	A_006138
CN201910296862.6	A_000978
US202318843089A	A_005599
CN202123167887.8	A_002799
CN202310644773.2	A_003826
CN202311388083.1	A_001946
CN202323332629.X	A_005254
CN201920758047.2	A_001280
CN202322011632.5	A_004785
CN201811060109.9	A_000438
CN202322021418.8	A_004789
CN202310433461.7	A_003766
CN202223062216.X	A_002500
CN202210584900.X	A_000326
US201916589201A	A_000005
CN202121206938.0	A_000336
CN202221054865.2	A_002717
CN201910275046.7	A_000974
CN202320314722.9	A_004282
RU2018119117A	A_007441
CN202021406020.6	A_001651
KR20190012558A	A_006587
US202117208565A	A_008113
US202318395107A	A_000129
CN202020202210.X	A_001866
CN202022823282.9	A_001785
CN202321606077.4	A_004008
CN202310547866.3	A_003802
CN202322229367.8	A_004854
CN202322391970.6	A_003378
CN202020594948.5	A_001587
KR20200135302A	A_006854
CN201910997574.3	A_000345
JP2021147818A	A_006260
CN202022513689.1	A_002154
CN202323632393.1	A_005359
CN202310047512.2	A_003671
CN201921112372.8	A_001324
CN202111056572.8	A_002427
CN202121560425.X	A_002677
CN202221306242.X	A_002830
JP2023082614A	A_006386
CN201820648580.9	A_000683
US202318504553A	A_008426
CN202223358744.X	A_003563
CN202223401433.7	A_003441
US201916679121A	A_000005
EP18206715A	A_000037
CN202311228088.8	A_003983
CN202120985170.5	A_002620
CN202321536237.2	A_004621
RU2023131231A	A_007563
CN202323285085.6	A_000943
CN201810124384.6	A_000170
CN202322853353.3	A_005069
CN202020886151.2	A_001578
CN202211733308.8	A_003182
KR20220180991A	A_007154
CN202020159919.6	A_001399
CN202021353122.6	A_002007
US201816223061A	A_005500
CN202022341334.9	A_002130
KR20220185384A	A_006645
CN202310421276.6	A_003035
KR20210092284A	A_006950
EP18749314A	A_005476
CN201921589038.1	A_001365
CN202222962580.5	A_003433
CN202322958223.6	A_004236
CN202321466619.2	A_004557
US201916660113A	A_007858
CN202222591790.8	A_000384
CN202323441592.4	A_000559
CN202210704046.6	A_001183
CN202310937965.2	A_000376
CN202323099047.1	A_005144
CN202310088327.8	A_000476
CN202021444210.7	A_002018
CN202010823308.1	A_001685
CN202311407471.X	A_004034
CN201810457139.7	A_000274
JP2022063046A	A_006318
CN201911338658.2	A_001173
IN202311087083A	A_005957
CN202122816459.7	A_000296
CA3177227A	A_000121
CN202223389122.3	A_003579
KR20220150014A	A_007119
CN201811015560.9	A_000423
CN201821102803.8	A_000743
EP21827602A	A_005580
CN202211501304.7	A_000315
CN202221670055.X	A_003279
CN202010085984.3	A_001549
EP22174684A	A_005489
CN201922112749.6	A_000927
EP19162684A	A_005469
US201815922800A	A_007661
RU2020136514A	A_007478
CN202111352535.1	A_002470
MX2024001880A	A_007385
CN202322488567.5	A_004955
EP21206243A	A_000112
US202217660905A	A_007821
CN202320658637.4	A_001132
CN202322083299.9	A_001170
US201916666347A	A_000005
KR20190008100A	A_006574
CN201811274487.7	A_000161
CN202320364912.1	A_002500
CN201810279324.1	A_000229
US202318229493A	A_005624
KR20220175294A	A_007103
CN201921022866.7	A_001183
CN202321248079.0	A_004539
CN202310401463.8	A_001659
US202218073926A	A_008301
CN202223302807.X	A_003511
KR2023013546W	A_007169
CN202321046978.2	A_004480
CN202120656818.4	A_002583
CN202022929233.3	A_002201
CN202310913796.9	A_001799
CN202410671985.4	A_000177
CN202323048446.5	A_005150
US201916247745A	A_000005
CN201810246878.1	A_000208
KR20220018916A	A_007011
RU2018138780A	A_007445
CN202321304987.7	A_003225
CN201811488870.2	A_000523
CN202310320073.8	A_001574
IN202241006974	A_005890
CN202321719775.5	A_004678
CN202311450939.3	A_004045
JP2020130495A	A_006127
KR20210047973A	A_006930
CN202022963570.4	A_001600
JP2018141322A	A_006090
CN202010227557.4	A_001574
US202217656109A	A_005467
CN201810884659.6	A_000389
CN201821607689.4	A_000824
CN201820681224.7	A_000689
CN202223430703.7	A_003598
CN202311176240.2	A_000304
CN202223180902.7	A_003495
CN201810364768.5	A_000250
CN202211252891.0	A_000326
CN201820225785.6	A_000606
JP2019067778A	A_006082
CN202021974690.8	A_002090
CN202010899998.9	A_000222
CN201921075379.7	A_001045
CN201910215116.X	A_000958
CN202221830172.8	A_003286
CN202120137859.2	A_001709
DE102023113683A	A_005424
CN202322950961.6	A_005105
CN202323093876.9	A_005160
CN201910743462.5	A_001067
KR20230070918A	A_007237
CN201911036854.4	A_001118
US202017765309A	A_005681
JP2023149089A	A_006156
KR20200042188A	A_006795
CN202320110379.6	A_004047
CN202320662447.X	A_004341
KR20220165413A	A_007115
CN202010014647.5	A_001362
CN202322058833.0	A_004802
JP2019106717A	A_006149
CN201921906698.8	A_000315
JP2021030862W	A_006069
CN202320147185.3	A_004235
JP2022139604A	A_005618
JP2018040513A	A_006064
CN202321685816.3	A_004666
JP2021201908A	A_006272
US2023070380W	A_008340
US202117383667A	A_005548
CN202311564633.0	A_004090
CN201921178627.0	A_001329
CN202110519400.3	A_002342
CN202322977381.6	A_005089
JP2023216971A	A_006450
US202117407518A	A_005548
KR20180112792A	A_006537
RU2019111324A	A_007453
CN201811602481.8	A_000563
KR20210170094A	A_006547
CN202122514728.4	A_002758
CN202320349746.8	A_004286
CN202321661737.9	A_004627
CN202321151972.1	A_003852
CN202311589627.0	A_000182
CN202211647615.4	A_003163
US201916709219A	A_007955
CN202011534758.5	A_000417
CN202022678142.7	A_002175
CN201921251857.5	A_001337
US202318186410A	A_008368
US201816754070A	A_007785
KR20200147756A	A_006865
CN201911158747.9	A_001139
CN202021489158.7	A_002025
CN202222979237.1	A_003437
CN202322886835.9	A_005085
CN202322992689.8	A_000543
TR201908890A	A_007589
CN202110229651.8	A_002287
CN201810691702.7	A_000348
TW112130805A	A_007651
CN201811549773.X	A_000182
IN202241063004	A_005909
CN201921993102.2	A_001427
RU2022104260A	A_007456
US202117184010A	A_008107
KR20190023379A	A_006597
CN202010228831.X	A_000784
KR20220018595A	A_007061
CN202222857721.7	A_003405
CN202322480676.2	A_004919
KR20210183771A	A_007022
ES202030680A	A_005657
CN202311145340.9	A_003957
CN201921126989.5	A_000764
CN202021827231.7	A_001700
KR20210147866A	A_006759
US202318240914A	A_005548
IN201821010428	A_005797
CN201810264883.5	A_000220
JP2022063045A	A_006318
CN202323508386.0	A_005316
CN202311494236.0	A_000731
CN202010442134.4	A_001608
CN202321509872.1	A_004604
EP18201222A	A_000037
IN201917008875	A_005476
KR20230075094A	A_007244
CN202211631905.X	A_003159
CN202320872481.X	A_004433
CN202311746446.4	A_000692
JP2023087034A	A_006356
KR20230178159A	A_007348
CN202211186279.8	A_001325
CN202310991915.2	A_003920
CN201921431184.1	A_001355
CN201910518875.3	A_000915
CN202310748989.3	A_003844
CN202010103242.9	A_001554
CN201910862629.X	A_000658
CN202322517970.6	A_004966
CN201810936269.9	A_000400
CN202310380740.1	A_003748
KR2019013385W	A_006712
CN201820746084.7	A_000701
CN201910971074.2	A_001106
CN202222944410.4	A_003425
JP2023175099A	A_006437
RU2022109160A	A_007509
CN202321644265.6	A_004654
KR20190068459A	A_006647
CN202323055049.0	A_000336
CN202311284805.9	A_003996
EP22167996A	A_005587
KR20230174147A	A_007341
CN202323620300.3	A_000864
CN201810833855.0	A_000373
CN202110490055.5	A_000326
US202318307343A	A_000005
CN201922254466.5	A_000273
CN202223346511.8	A_002510
CO2021005802A	A_005383
CN202311159555.6	A_002365
KR20230181951A	A_007352
CN201921338560.2	A_001215
US202118267396A	A_008208
TR2022/016677	A_007629
CN202210016696.1	A_002835
CN202210485594.4	A_002912
CN202011212354.4	A_001324
JP2020208527A	A_006127
CN202222612232.5	A_003346
KR20210193392A	A_007045
US201816001925A	A_000005
CN202021926496.2	A_002081
KR20210149364A	A_006480
CN201820055542.2	A_000578
KR20230177785A	A_007344
CN202010044225.2	A_001543
US202217712671A	A_008240
CN202310543526.3	A_000514
US202017082651A	A_005638
RU2023124756A	A_007554
CN202222994018.0	A_003438
RU2020129372A	A_007475
US202117519743A	A_008015
JP2022143793A	A_006215
KR20190101944A	A_006697
CN202311817526.4	A_004173
EP21726864A	A_005571
CN202210642116.X	A_002938
CN202311845497.2	A_004181
AU2021270468A	A_000047
US201816753791A	A_007784
CN202022162370.9	A_002108
US201815985996A	A_007706
JP2020097298A	A_006062
US202218700147A	A_008326
CN202310600187.8	A_003813
TW112129204A	A_007650
CN202310854347.1	A_003880
CN202023019484.4	A_002206
EP18888306A	A_000041
KR20190033516A	A_006608
CN202011019585.3	A_001719
CN202220812954.2	A_001429
IN202241006974	A_005889
KR20220121481A	A_006942
CN201922462933.3	A_001087
CN202320200614.9	A_004249
CN202310143332.4	A_000416
CN202010301318.9	A_001586
CN201821308239.5	A_000397
CN202210514409.X	A_002347
CN201921490337.X	A_001358
US202016787659A	A_000037
CN202322306945.3	A_001691
CN202122756040.7	A_002778
CN202211251378.X	A_000554
CN202311797300.2	A_000326
CN202311504251.9	A_002109
CN201810176229.9	A_000189
CN201810204329.8	A_000153
CN202320586688.0	A_001637
IL28400321A	A_005764
CN202010509311.6	A_001622
CN201821598366.3	A_000822
CN202011560460.1	A_001816
CN202320574263.8	A_002400
CN202323530888.3	A_005320
EP23157637A	A_005616
CN201910993184.9	A_001113
CN202111473714.0	A_000253
CN202322631212.7	A_005001
CN202080049007.6	A_002242
CN202020335525.1	A_001847
CN202010606175.2	A_001638
CN202110908224.2	A_002404
CN202121898159.1	A_002703
CN201911228956.6	A_000345
CN202021742412.X	A_001366
CN202311418643.3	A_004037
CN202320268698.X	A_003694
CN202310485069.7	A_001614
RU2023104919A	A_007533
US202016875761A	A_007814
CN201980023966.8	A_001514
CN201920765991.0	A_001284
JP2021013151W	A_006089
CN202321778485.8	A_001099
CN202110229651.8	A_002286
CN202310816478.0	A_003813
US202318336993A	A_000037
US202217746783A	A_005741
CN202320401539.2	A_000799
CN202323610125.X	A_005351
JP2021501939A	A_006281
JP2018218820A	A_006059
JP2018134728A	A_000024
US202217825371A	A_005548
CN202010113326.0	A_000729
CN201910478382.1	A_001007
CN202311343995.7	A_004014
US201816966225A	A_007733
CN202121454421.3	A_002666
CN202123037054.X	A_000554
CN202223567727.7	A_003643
CN201822097022.0	A_000546
CN201910133982.4	A_000422
CN201811618703.5	A_000313
US201917431612A	A_007973
CN202020827911.2	A_001920
CN201820149597.X	A_000600
JP2023068026A	A_006287
UAU201811422U	A_007657
CN201921078288.9	A_000860
US202318116175A	A_005548
CN202222418348.5	A_003337
CN202010088427.7	A_000388
US201916694705A	A_007903
EP22206999A	A_000122
CN201820386206.6	A_000646
CN202021364671.3	A_002009
CN202120306059.9	A_002532
CN201921021945.6	A_001311
CN202310111622.0	A_001144
CN201820064773.X	A_000144
CN202020329295.8	A_001891
CN202110446575.6	A_002329
CN201810575616.X	A_000182
CN202320212331.6	A_004258
CN202222950925.5	A_003244
CN202021666293.4	A_002053
CN201911209213.4	A_001147
CA3210761A	A_000009
FR2007139A	A_005681
CN202011567713.8	A_000614
CN202211175450.5	A_003024
EP21158188A	A_005559
CN202120498299.3	A_002561
CN202323612113.0	A_004718
JP2020128965A	A_006198
US202217892247A	A_005548
KR20200066216A	A_006822
CN202010684516.8	A_001648
JP2022519047A	A_006333
CN202320268661.7	A_003680
KR20230197130A	A_006959
CN202110685973.3	A_001933
CN202320881774.4	A_004435
CN202311573022.2	A_003152
US2020025303W	A_005572
CN202010518122.5	A_001628
CN202320046526.8	A_004197
CN202311874135.6	A_004188
CN201821339500.8	A_000784
CN202320212268.6	A_004257
CN202310743512.6	A_003827
BR102022023419A	A_000086
CN202010877435.X	A_001699
CN201921868841.9	A_000901
IN201921030531	A_005813
RU2023131424U	A_007564
US201815925460A	A_007688
CN201821109161.4	A_000315
RU2023135488A	A_007572
CN202310204769.4	A_003708
CN202011315189.5	A_000998
CN201821721195.9	A_000677
CN201922142582.8	A_001447
CN202322982528.0	A_005119
CN202322658432.9	A_004006
US202117528814A	A_000037
CN201921496548.4	A_001359
CN202322554205.1	A_004962
JP2022018265W	A_005614
CN202010713854.X	A_001661
CN202211597352.0	A_000458
CN202311237611.3	A_002417
KR20230151038A	A_006525
CN202322202289.2	A_003931
CN202222804859.0	A_003399
US202118039325A	A_008073
KR20190128744A	A_006707
CN202323373907.6	A_005266
US201816059321A	A_005494
CN202222618951.8	A_003375
JP2021012367W	A_006062
ES22195058T	A_000007
JP2020171328A	A_006069
CN202210375384.X	A_002887
US202016855928A	A_000037
CN202320916856.8	A_004443
KR20200004191U	A_006756
CN202311814110.7	A_004171
KR20210047973A	A_006929
CN201922057574.3	A_001436
CN201821556093.6	A_000458
CN201921209416.9	A_001059
CN201910423138.5	A_001009
KR20180162995A	A_006571
CN202311292917.9	A_004002
US202217815828A	A_008048
CN202322626500.3	A_004998
CN202310474354.9	A_003777
US202217829822A	A_008260
CN202322853863.0	A_005071
KR20230167634A	A_006945
CN202223335491.4	A_003550
GB202000979A	A_000048
KR20220122502A	A_006942
CN202110590542.9	A_002352
CN202110868886.1	A_002360
CN202323424036.6	A_005280
CN202323330964.6	A_005251
US202118007579A	A_008192
JP2022129209A	A_006326
CN202211603588.0	A_003150
CN201910335280.4	A_000986
US202318489947A	A_005496
IL26836419A	A_005748
CN202311653901.6	A_004114
CN202322599005.8	A_004438
JP2021038413W	A_006235
CN202310318834.6	A_003732
CN202211562346.1	A_003083
KR20220156324A	A_006547
CN201810393221.8	A_000196
CN202321101290.X	A_004501
KR20230162852A	A_007317
CN202323147075.6	A_005008
CN202210453505.8	A_000462
US201815924253A	A_005500
CN202320681570.6	A_004373
CN201820074278.7	A_000581
CN202310656589.X	A_000223
CN202211440684.8	A_003096
CN202311687940.8	A_000614
CN202121206386.3	A_001807
US202017114780A	A_007795
CN202311677405.4	A_004122
KR20210194657A	A_006760
CN202010333695.0	A_001593
CN202021584490.1	A_002043
CN202110615505.9	A_002358
CN201810669328.0	A_000345
CN202320685100.7	A_001807
KR20230025191A	A_007197
JP2022026352W	A_006216
CN201822160272.4	A_000767
CN202322005976.5	A_004783
CN201911203878.4	A_000136
US202217649258A	A_008225
IL30976823A	A_005785
BR102019007196	A_000073
US202217664629A	A_000129
KR2023013972W	A_007296
CN201810639817.1	A_000340
CN202323124748.6	A_005135
CN201921751184.X	A_001391
CN202310842832.7	A_000304
CN201810700744.2	A_000349
CN202011522090.2	A_000614
CN202220038989.5	A_003190
CN202020969874.9	A_001969
CN201910268804.2	A_000971
JP2022098241A	A_006322
CN202322123235.7	A_004823
US202117148273A	A_000005
CN202322821347.X	A_004866
CN202310857632.9	A_000162
CN202323170792.0	A_005180
CN202211637601.4	A_000162
CN202121021836.1	A_002625
CN202010527065.7	A_001630
US201816019587A	A_006087
CN202321128275.4	A_004508
ES21190116T	A_000007
US201815945003A	A_000009
CN202320818566.X	A_004414
KR20220109954A	A_006766
CN202322500615.8	A_000682
CN202223049879.8	A_003455
US202017129517A	A_007813
KR20210189124A	A_006417
KR20247037884A	A_007367
CN202311404089.3	A_004032
CN202021362461.0	A_001847
KR20220165338A	A_006779
EP23207897A	A_005626
KR20190097838A	A_006682
CN202311252365.9	A_000614
CN202322149138.5	A_000559
US201816182558A	A_007759
AT2018765115T	A_000006
CN201910391700.0	A_001003
JP2023087034A	A_006394
CN201810677944.0	A_000345
US201815898208A	A_007681
CN202322351674.3	A_004897
CN202320799920.9	A_004404
CN202211436654.X	A_003094
CN202211344131.2	A_002891
CN202320498532.7	A_000458
CN201822131160.6	A_000767
US201816217663A	A_007769
US2018038330W	A_007663
JP2023035455A	A_006368
CN202310845292.8	A_000764
JP2021065276A	A_006244
CN202322871416.8	A_004930
KR20230152414A	A_006934
CN202311317514.5	A_000596
CN202321479950.8	A_004605
CN202022362433.5	A_002136
CN202323454634.8	A_003651
CN201910747132.3	A_001050
US201916694705A	A_007927
CN201920231254.2	A_001219
CN202110838617.0	A_002391
CN201910186080.7	A_000951
CN201811371960.3	A_000510
CN202323451667.7	A_003216
TR202021171A	A_007596
CN201820567115.2	A_000671
CN202222777837.X	A_000543
CN202310464560.1	A_003754
CN201910121092.1	A_000187
CN201910130482.5	A_000940
GB201909478A	A_005402
CN201810268146.2	A_000222
CN202321444635.1	A_004594
CN202310908657.7	A_003901
KR20210191943A	A_007043
US202016948140A	A_005548
CN202320869466.X	A_002455
US202318536453A	A_000037
SG10201913003W	A_007573
CN202321058014.X	A_004483
CN202321036639.6	A_004477
CN202320102609.4	A_001735
KR20190086210A	A_006661
CN202120394491.8	A_002548
CN202122162401.5	A_002722
CN201910493999.0	A_000998
EP23173254A	A_000112
CN202320395638.4	A_004294
CN202121023346.5	A_000867
CN201920789280.7	A_001044
CN202320107055.7	A_001723
CN201921977348.0	A_000700
CN202311128036.3	A_000294
US202218048876A	A_000037
JP2018190532A	A_006106
CN201811274594.X	A_000161
CN202223105073.6	A_003471
CN202122406233.X	A_000387
CN202323303616.X	A_000304
CN202311115589.5	A_003074
KR20200139400A	A_006859
CN202323492382.8	A_005313
JP2023554105A	A_006235
CN202111146444.2	A_002436
US202318210289A	A_008163
CN202011586643.0	A_001820
CN201921751343.6	A_001392
CN201921709799.6	A_000595
CN201910168423.7	A_000807
KR20220151874A	A_007081
KR20190029798A	A_006586
CN202110109214.2	A_000517
US202217868973A	A_008163
KR20230032070A	A_007028
KR20210165036A	A_006998
CN202010189253.3	A_001563
US202016898148A	A_000129
CN202010701150.0	A_001656
US202318458902A	A_008411
CN201921242731.1	A_000362
CN202011262363.4	A_001765
CN202321859857.X	A_004733
CN201820843333.4	A_000713
US202218685300A	A_008321
US202117533929A	A_008170
CN201820906095.7	A_000304
CN201910977024.5	A_000326
KR20220166296A	A_007141
CN202222630015.9	A_003376
CN201821787160.5	A_000845
CN202322622350.9	A_003348
CN202310078285.X	A_003680
CN202211592371.4	A_000387
CN202123138530.7	A_000543
IN202311059987	A_005936
RU2023106041A	A_007536
US201916655196A	A_007856
US202117498473A	A_000005
CN201922270018.4	A_001468
PL44567323A	A_007413
CN201810970948.8	A_000412
US202117511724A	A_000005
CN202322181610.3	A_003720
US202218036507A	A_006188
CN202210399770.2	A_002892
CN201821504710.8	A_000443
US202017116778A	A_000005
CN202111452372.4	A_002484
CN202111556442.0	A_000388
CN202222786051.4	A_003395
CN201810435645.6	A_000267
CN202321286500.7	A_002717
CN202223070932.2	A_003460
CN202021885609.9	A_000509
US202117140903A	A_008088
CN202122150562.2	A_002720
CN202320220222.9	A_004259
CN202110774776.9	A_000338
CN202021944694.1	A_002086
CN202111406072.2	A_002480
CN201811274756.X	A_000161
CN202222205389.6	A_003313
CN202020846104.5	A_001951
CN201821181569.2	A_000179
CN202322175226.2	A_004839
CN202210076542.1	A_002845
CN201810658152.9	A_000343
CN201810849756.1	A_000378
US201816644679A	A_006083
CN201920905709.4	A_001296
CN202122268029.6	A_000543
CN202211683549.6	A_003170
CN202220207977.0	A_003201
US202318544981A	A_005487
CN202323520439.0	A_005317
