PatentID	AssigneeID
ARP210100638A	A_000001
AT2018167659T	A_000002
AT2018178376T	A_000003
AT2018188797T	A_000004
AT2018204010T	A_000005
AT2018765115T	A_000006
AT2018794684T	A_000007
AT2018804627T	A_000008
AT2019179294T	A_000003
AT2019201991T	A_000005
AT2020166915T	A_000005
AT2020175061T	A_000009
AT500762020A	A_000010
AT501882021A	A_000011
AT502622019A	A_000012
AT508542023A	A_000013
AT510192023A	A_000014
AU2018050332W	A_000015
AU2018051213W	A_000016
AU2018202891A	A_000017
AU2018231000A	A_000018
AU2018281883A	A_000019
AU2018284337A	A_000020
AU2018286597A	A_000021
AU2018318323A	A_000022
AU2019202794A	A_000023
AU2019210583A	A_000024
AU2019253799A	A_000025
AU2019253799A	A_000026
AU2019261693A	A_000021
AU2019275489A	A_000027
AU2019279873A	A_000028
AU2019295947A	A_000029
AU2019387201A	A_000030
AU2020100047A	A_000031
AU2020100047A	A_000032
AU2020100047A	A_000033
AU2020100047A	A_000034
AU2020100047A	A_000035
AU2020101265A	A_000036
AU2020205348A	A_000037
AU2020210213A	A_000038
AU2020251052A	A_000039
AU2020268690A	A_000028
AU2020276386A	A_000040
AU2020277243A	A_000041
AU2020345856A	A_000042
AU2021102289A	A_000043
AU2021103001A	A_000044
AU2021106636A	A_000045
AU2021203495A	A_000028
AU2021234273A	A_000046
AU2021270468A	A_000047
AU2021311084A	A_000048
AU2022050600W	A_000049
AU2022203829A	A_000050
AU2022275495A	A_000051
AU2022279503A	A_000052
AU2022406621A	A_000050
AU2023050964W	A_000053
AU2023214379A	A_000054
AU2023274131A	A_000055
AU2023278083A	A_000056
AU2023307623A	A_000050
AU2023387755A	A_000057
BG417118U	A_000058
BG417118U	A_000059
BG432419U	A_000060
BG438419U	A_000061
BG438419U	A_000062
BG438419U	A_000063
BG438419U	A_000064
BG438419U	A_000059
BR102018000434A	A_000065
BR102018003220A	A_000066
BR102018012662A	A_000067
BR102018013794A	A_000068
BR102018015133A	A_000069
BR102018017268	A_000070
BR102018072921A	A_000071
BR102019002887A	A_000072
BR102019007196	A_000073
BR102019010329	A_000074
BR102019012974	A_000075
BR102019026255A	A_000076
BR102019026560	A_000077
BR102020016252A	A_000078
BR102020016252A	A_000075
BR102020016568	A_000079
BR102020018309A	A_000080
BR102021021871A	A_000081
BR102022011217	A_000082
BR102022011217	A_000083
BR102022019149A	A_000084
BR102022023223A	A_000085
BR102022023419A	A_000086
BR102023007823	A_000087
BR102023007823	A_000088
BR102023021571	A_000089
BR102023021571	A_000090
BR102023021571	A_000091
BR102023021571	A_000092
BR102023027622	A_000093
BR112019022736A	A_000094
BR112019022736A	A_000095
BR112020005719	A_000096
BR112022001051A	A_000097
BR112022003503A	A_000098
BR112023016498	A_000099
BR112023025033	A_000100
BR202019007683U	A_000101
BR202022015961U	A_000102
BR2021050357W	A_000103
BY2019000013W	A_000104
BY2019000013W	A_000105
BY2019000013W	A_000106
BY2019000013W	A_000107
BY2021000015W	A_000108
BY2021000015W	A_000109
CA2020050502W	A_000110
CA2995295A	A_000003
CA2995510A	A_000003
CA3001567A	A_000003
CA3003015A	A_000037
CA3004224A	A_000066
CA3010965A	A_000111
CA3017372A	A_000003
CA3027268A	A_000112
CA3036396A	A_000003
CA3038339A	A_000113
CA3047782A	A_000114
CA3064933A	A_000115
CA3078083A	A_000009
CA3088752A	A_000037
CA3096223A	A_000066
CA3096609A	A_000005
CA3116233A	A_000112
CA3138020A	A_000116
CA3139297A	A_000005
CA3142461A	A_000117
CA3159551A	A_000118
CA3161015A	A_000037
CA3162884A	A_000119
CA3166757A	A_000120
CA3167695A	A_000009
CA3177227A	A_000121
CA3178486A	A_000122
CA3189587A	A_000123
CA3204503A	A_000124
CA3210761A	A_000009
CA3215000A	A_000125
CH3592019A	A_000126
CH4642020A	A_000127
CN2018080246W	A_000128
CN2018080246W	A_000129
CN2018081168W	A_000130
CN2018081254W	A_000128
CN2018095285W	A_000128
CN2018099837W	A_000131
CN2018099837W	A_000132
CN201810001469.5	A_000133
CN201810002103.X	A_000134
CN201810003649.7	A_000135
CN201810005687.6	A_000136
CN201810005687.6	A_000137
CN201810007954.3	A_000138
CN201810010602.3	A_000139
CN201810011790.1	A_000140
CN201810028809.3	A_000141
CN201810028809.3	A_000142
CN201810032718.7	A_000143
CN201810035363.7	A_000144
CN201810038079.5	A_000144
CN201810042537.2	A_000145
CN201810045101.9	A_000146
CN201810045789.0	A_000147
CN201810046260.0	A_000148
CN201810062724.7	A_000149
CN201810063246.1	A_000150
CN201810070345.2	A_000136
CN201810070345.2	A_000137
CN201810072196.3	A_000151
CN201810074671.0	A_000152
CN201810079444.7	A_000153
CN201810082462.0	A_000154
CN201810082601.X	A_000154
CN201810084050.0	A_000155
CN201810085500.8	A_000155
CN201810092516.1	A_000156
CN201810092516.1	A_000157
CN201810094868.0	A_000158
CN201810095250.6	A_000158
CN201810095266.7	A_000158
CN201810095390.3	A_000159
CN201810096653.2	A_000160
CN201810098994.3	A_000161
CN201810099684.3	A_000154
CN201810107815.8	A_000162
CN201810110751.7	A_000163
CN201810112476.2	A_000164
CN201810115681.4	A_000165
CN201810118637.9	A_000166
CN201810120186.2	A_000167
CN201810122429.6	A_000168
CN201810124341.8	A_000169
CN201810124384.6	A_000170
CN201810124589.4	A_000171
CN201810125409.4	A_000172
CN201810125839.6	A_000165
CN201810129380.7	A_000173
CN201810129753.0	A_000174
CN201810131759.1	A_000175
CN201810133720.3	A_000176
CN201810134088.4	A_000177
CN201810137569.0	A_000178
CN201810139138.8	A_000179
CN201810141308.6	A_000180
CN201810152131.X	A_000163
CN201810153093.X	A_000181
CN201810155273.1	A_000182
CN201810156859.X	A_000183
CN201810159632.0	A_000184
CN201810162774.2	A_000184
CN201810163142.8	A_000185
CN201810163609.9	A_000186
CN201810165900.X	A_000187
CN201810168844.5	A_000188
CN201810176229.9	A_000189
CN201810176232.0	A_000189
CN201810176239.2	A_000189
CN201810176241.X	A_000189
CN201810180853.6	A_000189
CN201810183460.0	A_000190
CN201810184886.8	A_000134
CN201810186504.5	A_000191
CN201810186761.9	A_000192
CN201810187091.2	A_000193
CN201810187095.0	A_000191
CN201810190385.0	A_000194
CN201810191822.0	A_000195
CN201810193974.4	A_000163
CN201810194479.5	A_000163
CN201810195297.X	A_000192
CN201810201165.3	A_000141
CN201810201165.3	A_000142
CN201810202916.3	A_000196
CN201810203564.3	A_000197
CN201810204329.8	A_000153
CN201810207815.5	A_000198
CN201810210472.8	A_000199
CN201810213498.8	A_000200
CN201810213929.0	A_000201
CN201810227063.9	A_000202
CN201810230378.9	A_000203
CN201810230448.0	A_000204
CN201810230809.1	A_000162
CN201810237079.8	A_000205
CN2018102393W	A_000206
CN201810241107.3	A_000195
CN201810242678.9	A_000207
CN201810246000.8	A_000182
CN201810246878.1	A_000208
CN201810247034.9	A_000209
CN201810247034.9	A_000210
CN201810247232.5	A_000208
CN201810247488.6	A_000208
CN201810247954.0	A_000208
CN201810249086.X	A_000211
CN201810252012.1	A_000163
CN201810256361.0	A_000212
CN201810256576.2	A_000213
CN201810259458.7	A_000214
CN201810259458.7	A_000215
CN201810260982.6	A_000216
CN201810262059.6	A_000217
CN201810263196.1	A_000218
CN201810263785.X	A_000219
CN201810264883.5	A_000220
CN201810267821.X	A_000221
CN201810268146.2	A_000222
CN201810272694.2	A_000223
CN201810275304.7	A_000224
CN201810276286.4	A_000225
CN2018102764W	A_000226
CN201810276864.4	A_000227
CN201810278378.6	A_000228
CN201810279309.7	A_000229
CN201810279324.1	A_000229
CN201810284678.5	A_000230
CN201810286167.7	A_000231
CN201810287491.0	A_000232
CN201810289305.7	A_000232
CN201810293359.0	A_000233
CN201810297042.4	A_000234
CN201810303224.8	A_000223
CN201810303224.8	A_000235
CN201810309790.X	A_000236
CN201810309936.0	A_000237
CN201810310485.2	A_000238
CN201810313624.7	A_000239
CN201810327129.1	A_000240
CN201810335158.2	A_000143
CN201810338611.5	A_000241
CN201810338611.5	A_000242
CN201810338611.5	A_000243
CN201810339953.9	A_000244
CN201810341040.0	A_000245
CN201810342051.0	A_000246
CN201810346034.4	A_000247
CN201810346266.X	A_000248
CN201810346327.2	A_000249
CN201810353820.7	A_000134
CN201810362167.0	A_000163
CN201810364755.8	A_000250
CN201810364768.5	A_000250
CN201810372004.0	A_000251
CN201810372098.1	A_000252
CN201810373517.3	A_000253
CN201810375405.1	A_000254
CN201810375405.1	A_000255
CN201810386795.2	A_000256
CN201810388201.1	A_000257
CN201810389955.9	A_000258
CN201810393221.8	A_000196
CN201810396607.4	A_000259
CN201810396760.7	A_000260
CN201810401380.8	A_000194
CN201810407270.2	A_000261
CN201810416345.3	A_000262
CN201810419325.1	A_000263
CN201810430134.5	A_000264
CN201810432881.2	A_000265
CN201810432912.4	A_000266
CN201810435645.6	A_000267
CN201810440766.X	A_000268
CN201810440767.4	A_000268
CN201810440773.X	A_000268
CN201810440777.8	A_000268
CN201810443971.1	A_000269
CN201810444758.2	A_000270
CN201810444758.2	A_000271
CN201810444758.2	A_000241
CN201810444758.2	A_000272
CN201810448656.8	A_000273
CN201810455730.9	A_000274
CN201810457139.7	A_000274
CN201810459900.0	A_000275
CN201810465490.0	A_000276
CN201810477128.5	A_000277
CN201810482451.1	A_000278
CN201810482620.1	A_000279
CN201810488052.6	A_000223
CN201810488563.8	A_000280
CN201810488563.8	A_000281
CN201810488563.8	A_000282
CN201810488563.8	A_000283
CN201810488563.8	A_000284
CN201810488563.8	A_000285
CN201810488563.8	A_000286
CN201810495426.7	A_000287
CN201810501747.3	A_000288
CN201810502166.1	A_000289
CN201810514804.1	A_000290
CN201810517922.8	A_000291
CN201810524136.0	A_000292
CN201810528086.3	A_000293
CN201810530556.X	A_000294
CN201810530624.2	A_000294
CN201810531549.1	A_000295
CN201810535872.6	A_000296
CN201810535891.9	A_000297
CN201810535974.8	A_000296
CN201810538419.0	A_000298
CN201810539514.2	A_000161
CN201810540324.2	A_000299
CN201810542040.7	A_000161
CN201810542107.7	A_000300
CN201810543432.5	A_000301
CN201810544313.1	A_000302
CN201810544360.6	A_000302
CN201810546775.7	A_000303
CN201810550679.X	A_000302
CN201810551036.7	A_000302
CN201810551517.8	A_000302
CN201810555977.8	A_000245
CN201810558150.2	A_000304
CN201810558691.5	A_000305
CN201810558691.5	A_000306
CN201810558692.X	A_000307
CN201810562088.4	A_000308
CN201810564257.8	A_000309
CN201810564258.2	A_000309
CN201810564605.1	A_000310
CN201810564886.0	A_000309
CN201810565279.6	A_000311
CN201810565572.2	A_000222
CN201810565825.6	A_000309
CN2018105664W	A_000169
CN2018105664W	A_000312
CN201810569523.6	A_000313
CN201810573867.4	A_000314
CN201810575616.X	A_000182
CN201810586906.4	A_000315
CN201810586906.4	A_000316
CN201810587115.3	A_000317
CN201810587369.5	A_000163
CN201810588718.5	A_000318
CN201810590190.5	A_000319
CN201810590192.4	A_000319
CN201810591056.7	A_000194
CN201810591138.1	A_000320
CN201810591460.4	A_000321
CN201810594269.5	A_000322
CN201810594269.5	A_000323
CN201810597128.9	A_000324
CN201810597291.5	A_000317
CN201810597523.7	A_000325
CN201810598672.5	A_000326
CN201810607059.5	A_000327
CN201810607541.9	A_000328
CN201810608553.3	A_000327
CN201810611648.0	A_000329
CN201810612688.7	A_000330
CN201810612688.7	A_000331
CN201810619964.2	A_000332
CN201810619964.2	A_000333
CN201810625999.7	A_000334
CN201810629950.9	A_000335
CN201810629950.9	A_000336
CN201810632621.X	A_000337
CN201810633510.0	A_000338
CN201810637453.3	A_000339
CN201810639817.1	A_000340
CN201810642952.1	A_000341
CN201810642952.1	A_000342
CN201810644528.0	A_000326
CN201810649953.9	A_000273
CN201810658152.9	A_000343
CN201810661901.3	A_000344
CN201810669320.4	A_000345
CN201810669328.0	A_000345
CN201810675242.9	A_000346
CN201810677944.0	A_000345
CN201810688839.7	A_000347
CN201810691424.5	A_000348
CN201810691425.X	A_000348
CN201810691702.7	A_000348
CN201810691727.7	A_000348
CN201810691731.3	A_000348
CN201810692760.1	A_000345
CN201810700744.2	A_000349
CN201810709157.X	A_000189
CN201810709158.4	A_000189
CN201810709738.3	A_000350
CN201810710017.4	A_000351
CN201810712893.0	A_000266
CN201810728879.X	A_000352
CN201810730629.X	A_000353
CN201810739336.8	A_000294
CN201810740315.8	A_000354
CN201810749142.6	A_000355
CN201810751817.0	A_000356
CN201810751864.5	A_000357
CN201810762209.X	A_000358
CN201810763060.7	A_000253
CN201810764502.X	A_000359
CN201810766465.6	A_000360
CN201810773694.0	A_000361
CN201810778192.7	A_000362
CN201810795984.5	A_000363
CN201810796857.7	A_000364
CN201810797132.X	A_000365
CN201810797903.5	A_000366
CN201810801991.1	A_000182
CN201810803167.X	A_000367
CN201810807328.2	A_000368
CN201810810452.4	A_000369
CN201810812761.5	A_000304
CN201810817026.3	A_000370
CN201810818672.1	A_000134
CN201810822686.0	A_000337
CN201810828798.7	A_000369
CN201810830343.9	A_000371
CN201810832482.5	A_000372
CN201810832483.X	A_000372
CN201810833855.0	A_000373
CN201810834213.2	A_000163
CN201810835599.9	A_000374
CN201810838986.8	A_000375
CN201810842604.9	A_000376
CN201810842626.5	A_000377
CN201810849756.1	A_000378
CN201810850154.8	A_000379
CN201810851755.0	A_000380
CN201810852916.8	A_000381
CN201810855717.2	A_000382
CN201810855717.2	A_000383
CN201810855717.2	A_000384
CN201810863761.8	A_000385
CN201810873436.X	A_000386
CN201810875458.X	A_000387
CN201810875507.X	A_000387
CN201810883104.X	A_000388
CN201810884659.6	A_000389
CN201810890738.8	A_000390
CN201810894459.9	A_000391
CN201810896715.8	A_000392
CN201810898016.7	A_000393
CN201810898810.1	A_000394
CN201810913204.2	A_000395
CN201810918481.2	A_000396
CN201810924115.8	A_000396
CN201810924981.7	A_000397
CN201810926123.6	A_000398
CN201810926123.6	A_000399
CN201810936269.9	A_000400
CN201810937306.8	A_000401
CN201810940256.9	A_000402
CN201810942399.3	A_000403
CN201810942399.3	A_000404
CN201810942408.9	A_000405
CN201810946065.3	A_000406
CN201810952115.9	A_000407
CN201810959408.X	A_000287
CN201810962035.1	A_000408
CN201810966951.2	A_000409
CN201810968786.4	A_000410
CN201810970694.X	A_000411
CN201810970948.8	A_000412
CN201810975071.1	A_000413
CN201810982205.2	A_000414
CN201810982538.5	A_000377
CN201810986028.5	A_000415
CN201810986028.5	A_000416
CN201810989249.8	A_000190
CN201810992926.1	A_000162
CN201810994388.X	A_000304
CN201810995375.4	A_000417
CN201810995697.9	A_000417
CN201810995725.7	A_000417
CN201810996984.1	A_000417
CN201810997582.3	A_000417
CN201810997592.7	A_000417
CN201810997593.1	A_000417
CN201810997908.2	A_000417
CN201810997940.0	A_000417
CN201810997990.9	A_000378
CN201810998423.5	A_000417
CN201810998429.2	A_000417
CN201810998433.9	A_000417
CN201810999592.0	A_000418
CN201811001474.2	A_000192
CN201811002660.8	A_000419
CN201811003441.1	A_000420
CN201811005372.8	A_000421
CN201811005952.7	A_000422
CN201811009032.2	A_000387
CN201811012821.1	A_000423
CN201811014417.8	A_000423
CN201811014429.0	A_000423
CN201811015554.3	A_000423
CN201811015558.1	A_000423
CN201811015560.9	A_000423
CN201811015569.X	A_000423
CN201811015579.3	A_000423
CN201811018475.8	A_000424
CN201811018568.0	A_000425
CN201811024599.7	A_000369
CN201811025060.3	A_000426
CN201811030489.1	A_000427
CN201811034932.2	A_000428
CN201811035797.3	A_000429
CN201811038376.6	A_000430
CN201811039404.6	A_000431
CN201811041642.0	A_000420
CN201811043688.6	A_000432
CN201811043845.3	A_000433
CN201811044539.1	A_000434
CN201811045419.3	A_000435
CN201811046141.1	A_000435
CN201811046956.X	A_000228
CN201811050583.3	A_000436
CN201811051269.7	A_000162
CN201811053364.0	A_000437
CN201811060109.9	A_000438
CN201811060184.5	A_000438
CN201811060194.9	A_000438
CN201811063222.2	A_000439
CN201811067047.4	A_000440
CN201811068498.X	A_000441
CN201811070791.X	A_000442
CN201811073026.3	A_000443
CN201811076645.8	A_000309
CN201811076654.7	A_000309
CN201811078726.1	A_000444
CN201811086221.X	A_000445
CN201811087734.2	A_000446
CN201811088250.X	A_000447
CN201811092204.7	A_000448
CN201811093875.5	A_000136
CN201811093875.5	A_000137
CN201811096133.8	A_000449
CN201811101291.8	A_000450
CN201811105656.4	A_000451
CN201811105998.6	A_000452
CN201811105998.6	A_000453
CN201811106599.1	A_000234
CN201811107337.7	A_000454
CN201811107337.7	A_000455
CN201811107424.2	A_000456
CN201811108331.1	A_000457
CN201811112397.8	A_000458
CN201811129359.3	A_000459
CN201811129498.6	A_000459
CN201811130245.0	A_000460
CN201811130316.7	A_000461
CN201811130316.7	A_000304
CN201811130617.X	A_000462
CN201811133215.5	A_000309
CN201811133341.0	A_000463
CN201811144264.9	A_000317
CN201811148227.5	A_000464
CN201811149567.X	A_000465
CN201811153430.1	A_000466
CN201811153430.1	A_000467
CN201811154714.2	A_000468
CN201811155459.3	A_000469
CN201811158076.1	A_000470
CN201811162225.1	A_000471
CN201811162428.0	A_000472
CN201811173097.0	A_000473
CN201811173843.6	A_000474
CN201811174702.6	A_000475
CN201811184904.9	A_000337
CN201811195254.8	A_000476
CN201811216680.5	A_000439
CN201811222236.4	A_000477
CN201811223544.9	A_000439
CN201811223575.4	A_000478
CN201811229023.4	A_000234
CN201811234584.3	A_000304
CN201811243888.6	A_000479
CN201811244888.8	A_000480
CN201811250680.7	A_000223
CN201811257003.8	A_000481
CN201811257535.1	A_000196
CN201811259494.X	A_000482
CN201811260376.0	A_000483
CN201811260861.8	A_000482
CN201811261403.6	A_000484
CN201811269870.3	A_000485
CN201811270072.2	A_000208
CN201811272630.9	A_000486
CN201811272630.9	A_000487
CN201811273069.6	A_000488
CN201811273069.6	A_000142
CN201811274181.1	A_000161
CN201811274354.X	A_000161
CN201811274369.6	A_000161
CN201811274370.9	A_000161
CN201811274377.0	A_000161
CN201811274386.X	A_000161
CN201811274421.8	A_000161
CN201811274433.0	A_000161
CN201811274441.5	A_000161
CN201811274443.4	A_000161
CN201811274482.4	A_000161
CN201811274487.7	A_000161
CN201811274489.6	A_000161
CN201811274594.X	A_000161
CN201811274672.6	A_000161
CN201811274677.9	A_000161
CN201811274678.3	A_000161
CN201811274716.5	A_000161
CN201811274723.5	A_000161
CN201811274756.X	A_000161
CN201811274760.6	A_000161
CN201811274829.5	A_000161
CN201811274865.1	A_000161
CN201811274876.X	A_000161
CN201811274934.9	A_000161
CN201811274965.4	A_000161
CN201811274973.9	A_000161
CN201811275074.0	A_000161
CN201811275087.8	A_000161
CN201811275298.1	A_000489
CN201811276053.0	A_000294
CN201811276554.9	A_000234
CN201811278013.X	A_000490
CN201811279624.6	A_000189
CN201811291289.1	A_000411
CN201811295612.2	A_000491
CN2018113015W	A_000226
CN2018113015W	A_000492
CN201811306119.6	A_000493
CN201811307693.3	A_000494
CN201811308168.3	A_000495
CN201811322108.7	A_000496
CN201811333391.3	A_000345
CN201811333653.6	A_000497
CN201811335432.2	A_000498
CN201811337963.5	A_000499
CN201811339176.4	A_000500
CN201811340605.X	A_000345
CN201811345075.8	A_000501
CN201811352910.0	A_000502
CN201811354972.5	A_000503
CN201811356783.1	A_000504
CN201811361239.6	A_000345
CN201811361266.3	A_000345
CN201811361733.2	A_000345
CN201811362455.2	A_000345
CN201811365869.0	A_000501
CN201811366511.X	A_000505
CN201811366511.X	A_000506
CN201811366685.6	A_000507
CN201811368013.9	A_000508
CN201811370925.X	A_000509
CN201811371960.3	A_000510
CN201811375914.0	A_000501
CN201811379133.9	A_000511
CN201811383703.1	A_000333
CN201811386872.0	A_000422
CN201811396407.5	A_000182
CN201811399833.4	A_000512
CN201811412694.4	A_000502
CN201811417814.X	A_000182
CN201811423458.2	A_000513
CN201811426582.4	A_000514
CN201811426998.6	A_000515
CN201811433074.9	A_000234
CN201811433857.7	A_000516
CN201811436828.6	A_000517
CN201811438902.8	A_000518
CN201811439281.5	A_000374
CN201811445348.6	A_000519
CN201811446527.1	A_000520
CN201811447059.X	A_000521
CN201811449509.9	A_000522
CN2018114497W	A_000523
CN2018114497W	A_000524
CN2018114497W	A_000326
CN2018114497W	A_000525
CN201811452072.4	A_000526
CN201811452203.9	A_000140
CN201811453075.X	A_000527
CN201811453075.X	A_000384
CN201811459437.6	A_000528
CN201811459437.6	A_000529
CN201811463727.8	A_000530
CN201811465610.3	A_000531
CN201811465862.6	A_000532
CN201811466008.1	A_000533
CN201811467908.8	A_000384
CN201811467908.8	A_000534
CN201811467908.8	A_000535
CN201811471242.3	A_000182
CN201811471512.0	A_000198
CN201811475868.1	A_000536
CN201811475869.6	A_000536
CN201811477786.0	A_000537
CN201811479471.X	A_000470
CN201811479979.X	A_000538
CN201811480266.5	A_000539
CN201811488870.2	A_000523
CN201811488870.2	A_000326
CN201811493386.9	A_000540
CN201811504342.1	A_000222
CN201811513559.9	A_000541
CN201811513559.9	A_000542
CN201811517082.1	A_000451
CN201811517495.X	A_000543
CN201811523045.1	A_000544
CN201811523045.1	A_000545
CN201811527282.5	A_000546
CN201811533705.4	A_000547
CN201811536189.0	A_000548
CN201811539808.1	A_000182
CN201811543493.8	A_000237
CN201811547278.5	A_000549
CN201811548765.3	A_000550
CN201811549773.X	A_000182
CN201811550043.1	A_000182
CN201811558188.6	A_000551
CN201811561234.8	A_000252
CN201811564142.5	A_000552
CN201811566600.9	A_000553
CN201811566895.X	A_000550
CN201811568819.2	A_000236
CN201811569598.0	A_000554
CN201811570591.0	A_000555
CN201811571713.8	A_000484
CN201811572604.8	A_000385
CN201811573069.8	A_000556
CN201811576226.0	A_000523
CN201811576226.0	A_000326
CN201811577333.5	A_000553
CN201811580684.1	A_000557
CN201811581172.7	A_000558
CN201811585908.8	A_000559
CN201811585908.8	A_000233
CN201811586248.5	A_000560
CN201811592247.1	A_000561
CN201811596184.7	A_000562
CN201811596713.3	A_000287
CN201811602481.8	A_000563
CN201811603022.1	A_000564
CN201811603090.8	A_000182
CN201811616704.6	A_000496
CN201811618703.5	A_000313
CN201811620908.7	A_000565
CN201811620908.7	A_000566
CN201811623763.6	A_000287
CN201811628725.X	A_000567
CN201811629461.X	A_000406
CN201811629710.5	A_000152
CN201811629920.4	A_000568
CN201811630010.8	A_000568
CN201811635145.3	A_000346
CN201811636661.8	A_000569
CN201811639357.9	A_000570
CN201811639621.9	A_000570
CN201811644657.6	A_000570
CN2018118954W	A_000309
CN2018118954W	A_000571
CN2018121754W	A_000128
CN2018121754W	A_000129
CN201820009008.8	A_000135
CN201820011322.X	A_000572
CN201820011529.7	A_000573
CN201820016844.9	A_000261
CN201820023408.4	A_000574
CN201820028398.3	A_000575
CN201820029312.9	A_000576
CN201820029402.8	A_000576
CN201820050089.6	A_000577
CN201820055542.2	A_000578
CN201820057882.9	A_000579
CN201820064773.X	A_000144
CN201820066854.3	A_000580
CN201820074278.7	A_000581
CN201820077592.0	A_000582
CN201820080892.4	A_000273
CN201820083429.5	A_000583
CN201820085519.8	A_000584
CN201820085551.6	A_000584
CN201820087828.9	A_000182
CN201820088921.1	A_000585
CN201820089236.0	A_000586
CN201820091576.7	A_000587
CN201820091825.2	A_000588
CN201820093379.9	A_000589
CN201820093845.3	A_000589
CN201820097411.0	A_000590
CN201820105774.4	A_000583
CN201820108695.9	A_000591
CN201820111003.6	A_000592
CN201820111003.6	A_000593
CN201820111784.9	A_000594
CN201820124408.3	A_000469
CN201820126581.7	A_000595
CN201820126581.7	A_000596
CN201820130400.8	A_000151
CN201820144538.3	A_000597
CN201820146359.3	A_000598
CN201820146467.0	A_000599
CN201820148239.7	A_000599
CN201820149597.X	A_000600
CN201820151328.7	A_000601
CN201820154837.5	A_000602
CN201820158295.9	A_000160
CN201820158297.8	A_000160
CN201820166709.2	A_000603
CN201820177787.2	A_000484
CN201820178217.5	A_000604
CN201820179041.5	A_000604
CN201820189653.2	A_000605
CN201820191348.7	A_000164
CN201820196015.3	A_000606
CN201820196042.0	A_000607
CN201820197737.0	A_000607
CN201820197829.9	A_000608
CN201820204448.9	A_000245
CN201820208874.X	A_000167
CN201820212933.0	A_000609
CN201820212934.5	A_000609
CN201820225785.6	A_000606
CN201820232755.8	A_000169
CN201820240271.8	A_000610
CN201820246104.4	A_000611
CN201820246350.X	A_000612
CN201820246489.4	A_000611
CN201820246527.6	A_000611
CN201820246670.5	A_000612
CN201820247593.5	A_000613
CN201820248339.7	A_000614
CN201820249176.4	A_000615
CN201820250136.1	A_000611
CN201820254600.4	A_000611
CN201820256138.1	A_000611
CN201820263009.5	A_000616
CN201820264233.6	A_000617
CN201820264623.3	A_000615
CN201820265472.3	A_000469
CN201820269763.X	A_000618
CN201820273208.4	A_000186
CN201820275864.8	A_000185
CN201820275871.8	A_000619
CN201820278938.3	A_000141
CN201820278938.3	A_000142
CN201820281806.6	A_000620
CN201820282684.2	A_000621
CN201820291183.0	A_000187
CN201820291183.0	A_000622
CN201820306486.5	A_000623
CN201820312018.9	A_000191
CN201820314948.8	A_000624
CN201820316326.9	A_000625
CN201820317336.4	A_000626
CN201820317336.4	A_000627
CN201820317336.4	A_000628
CN201820319122.0	A_000629
CN201820325619.3	A_000630
CN201820331326.6	A_000631
CN201820331327.0	A_000631
CN201820334102.0	A_000632
CN201820334615.1	A_000633
CN201820334646.7	A_000633
CN201820336568.4	A_000634
CN201820340192.4	A_000635
CN201820345305.X	A_000636
CN201820346630.8	A_000637
CN201820347751.4	A_000633
CN201820347949.2	A_000199
CN201820353209.X	A_000200
CN201820355380.4	A_000638
CN201820359243.8	A_000639
CN201820369065.7	A_000317
CN201820369256.3	A_000640
CN201820374301.4	A_000639
CN201820377890.1	A_000641
CN201820378235.8	A_000642
CN201820378884.8	A_000643
CN201820379510.8	A_000644
CN201820379939.7	A_000204
CN201820380226.2	A_000261
CN201820380293.4	A_000645
CN201820385749.6	A_000639
CN201820386206.6	A_000646
CN201820387140.2	A_000639
CN201820388572.5	A_000205
CN201820389737.0	A_000647
CN201820389996.3	A_000639
CN201820393414.9	A_000648
CN201820401186.5	A_000649
CN201820402177.8	A_000208
CN201820403697.0	A_000208
CN201820403829.X	A_000208
CN201820416757.2	A_000213
CN201820422094.5	A_000216
CN201820422757.3	A_000216
CN201820424644.7	A_000217
CN201820429378.7	A_000650
CN201820438168.4	A_000223
CN201820445534.9	A_000228
CN201820461482.4	A_000651
CN201820462542.4	A_000652
CN201820471452.1	A_000653
CN201820473069.X	A_000654
CN201820476169.8	A_000655
CN201820476218.8	A_000656
CN201820480113.X	A_000649
CN201820484099.0	A_000469
CN201820490815.6	A_000657
CN201820490815.6	A_000658
CN201820491682.4	A_000237
CN201820492935.X	A_000659
CN201820494574.2	A_000660
CN201820494767.8	A_000660
CN201820494769.7	A_000660
CN201820495882.7	A_000322
CN201820495882.7	A_000323
CN201820509286.X	A_000661
CN201820510680.5	A_000662
CN201820515279.0	A_000663
CN201820521111.0	A_000664
CN201820524470.1	A_000639
CN201820526473.9	A_000639
CN201820529680.X	A_000143
CN201820533518.5	A_000665
CN201820533811.1	A_000664
CN201820544491.X	A_000666
CN201820545723.3	A_000667
CN201820548915.X	A_000668
CN201820551750.1	A_000669
CN201820556501.1	A_000670
CN201820557311.1	A_000248
CN201820557315.X	A_000248
CN201820567115.2	A_000671
CN201820575633.9	A_000672
CN201820586025.8	A_000673
CN201820586048.9	A_000674
CN201820586813.7	A_000675
CN201820589609.0	A_000676
CN201820592099.2	A_000543
CN201820594507.8	A_000677
CN201820601773.9	A_000344
CN201820603057.4	A_000304
CN201820606290.8	A_000678
CN201820606879.8	A_000679
CN201820607435.6	A_000680
CN201820617574.7	A_000196
CN201820629856.9	A_000194
CN201820630225.9	A_000681
CN201820630434.3	A_000682
CN201820648580.9	A_000683
CN201820649418.9	A_000683
CN201820652266.8	A_000684
CN201820659166.8	A_000685
CN201820663615.6	A_000672
CN201820668304.9	A_000686
CN201820677219.9	A_000687
CN201820679312.3	A_000688
CN201820681224.7	A_000689
CN201820682081.1	A_000690
CN201820683684.3	A_000691
CN201820684171.4	A_000452
CN201820685469.7	A_000692
CN201820689585.6	A_000350
CN201820699017.4	A_000648
CN201820700857.8	A_000693
CN201820702169.5	A_000694
CN201820712871.X	A_000695
CN201820714134.3	A_000696
CN201820715620.7	A_000494
CN201820716564.9	A_000275
CN201820718298.3	A_000697
CN201820726478.6	A_000317
CN201820727931.5	A_000698
CN201820730851.5	A_000699
CN201820740896.0	A_000700
CN201820746084.7	A_000701
CN201820746966.3	A_000701
CN201820751773.7	A_000702
CN201820753811.2	A_000613
CN201820764324.6	A_000697
CN201820771985.1	A_000703
CN201820778861.6	A_000704
CN201820801914.1	A_000705
CN201820808585.3	A_000706
CN201820811666.9	A_000707
CN201820812000.5	A_000708
CN201820817795.9	A_000709
CN201820819151.3	A_000710
CN201820822707.4	A_000711
CN201820823980.9	A_000712
CN201820826439.3	A_000296
CN201820830029.6	A_000369
CN201820843333.4	A_000713
CN201820843861.X	A_000287
CN201820845202.X	A_000304
CN201820845936.8	A_000307
CN201820847477.7	A_000714
CN201820847477.7	A_000715
CN201820848583.7	A_000305
CN201820848583.7	A_000306
CN201820848871.2	A_000245
CN201820854364.X	A_000309
CN201820854385.1	A_000309
CN201820854391.7	A_000309
CN201820855157.6	A_000309
CN201820856053.7	A_000309
CN201820869192.3	A_000716
CN201820870303.2	A_000182
CN201820875481.4	A_000182
CN201820887130.5	A_000717
CN201820887903.X	A_000718
CN201820891007.0	A_000719
CN201820897114.4	A_000638
CN201820898102.3	A_000720
CN201820900910.9	A_000721
CN201820906095.7	A_000304
CN201820906499.6	A_000639
CN201820907537.X	A_000714
CN201820907537.X	A_000715
CN201820909906.9	A_000722
CN201820913710.7	A_000723
CN201820914928.4	A_000327
CN201820918053.5	A_000327
CN201820921695.0	A_000724
CN201820929271.9	A_000725
CN201820930278.2	A_000725
CN201820948734.6	A_000726
CN201820957736.1	A_000727
CN201820958498.6	A_000728
CN201820960442.4	A_000729
CN201820978700.1	A_000730
CN201820986449.3	A_000469
CN201820987069.1	A_000727
CN201820989885.6	A_000731
CN201820999042.4	A_000732
CN201820999672.1	A_000198
CN201821001468.2	A_000733
CN201821010876.4	A_000734
CN201821031244.6	A_000735
CN201821034707.4	A_000736
CN201821050725.1	A_000350
CN201821059530.3	A_000737
CN201821059666.4	A_000738
CN201821062916.X	A_000739
CN201821087649.1	A_000740
CN201821088188.X	A_000740
CN201821092083.1	A_000741
CN201821096453.9	A_000742
CN201821102803.8	A_000743
CN201821103525.8	A_000359
CN201821108580.6	A_000744
CN201821109161.4	A_000315
CN201821109161.4	A_000316
CN201821120943.8	A_000745
CN201821123543.2	A_000746
CN201821123543.2	A_000747
CN201821123543.2	A_000748
CN201821130501.1	A_000749
CN201821131506.6	A_000749
CN201821143277.X	A_000639
CN201821144568.0	A_000750
CN201821150798.8	A_000177
CN201821150965.9	A_000751
CN201821152884.2	A_000411
CN201821154639.5	A_000523
CN201821161772.3	A_000752
CN201821161873.0	A_000753
CN201821167369.1	A_000754
CN201821167917.0	A_000755
CN201821177221.6	A_000756
CN201821177221.6	A_000757
CN201821181569.2	A_000179
CN201821185237.1	A_000754
CN201821195891.0	A_000374
CN201821196061.X	A_000758
CN201821196504.5	A_000374
CN201821202702.8	A_000759
CN201821204250.7	A_000760
CN201821210846.8	A_000761
CN201821212394.7	A_000762
CN201821215353.3	A_000763
CN201821220264.8	A_000730
CN201821221813.3	A_000764
CN201821222029.4	A_000559
CN201821223383.9	A_000765
CN201821224096.X	A_000766
CN201821224377.5	A_000766
CN201821229435.3	A_000767
CN201821239485.X	A_000768
CN201821243481.9	A_000769
CN201821243481.9	A_000770
CN201821245328.X	A_000315
CN201821245328.X	A_000316
CN201821255990.3	A_000771
CN201821259241.8	A_000772
CN201821266370.X	A_000773
CN201821267886.6	A_000771
CN201821274368.7	A_000394
CN201821275140.X	A_000393
CN201821283302.4	A_000239
CN201821283894.X	A_000774
CN201821283958.6	A_000775
CN201821283977.9	A_000774
CN201821300491.1	A_000776
CN201821305002.1	A_000777
CN201821305002.1	A_000384
CN201821305002.1	A_000778
CN201821308239.5	A_000397
CN201821308728.0	A_000779
CN201821315719.4	A_000374
CN201821318651.5	A_000779
CN201821320735.2	A_000780
CN201821325593.9	A_000781
CN201821328785.5	A_000782
CN201821329348.5	A_000634
CN201821329351.7	A_000783
CN201821339500.8	A_000784
CN201821342997.9	A_000785
CN201821347909.4	A_000786
CN201821352764.7	A_000787
CN201821375356.3	A_000413
CN201821375977.1	A_000413
CN201821384875.6	A_000788
CN201821384939.2	A_000377
CN201821385062.9	A_000789
CN201821385062.9	A_000790
CN201821395779.1	A_000791
CN201821396540.6	A_000699
CN201821396540.6	A_000792
CN201821408003.9	A_000417
CN201821412722.8	A_000422
CN201821414741.4	A_000191
CN201821422444.4	A_000315
CN201821422444.4	A_000793
CN201821422781.3	A_000794
CN201821423570.1	A_000362
CN201821430492.8	A_000795
CN201821431296.2	A_000796
CN201821431297.7	A_000425
CN201821435904.7	A_000797
CN201821435904.7	A_000798
CN201821435904.7	A_000799
CN201821438002.9	A_000800
CN201821438235.9	A_000369
CN201821456915.3	A_000801
CN201821463771.4	A_000432
CN201821471488.6	A_000802
CN201821485583.1	A_000803
CN201821490624.6	A_000440
CN201821491548.0	A_000804
CN201821492467.2	A_000439
CN201821496353.5	A_000805
CN201821496946.1	A_000806
CN201821504710.8	A_000443
CN201821505097.1	A_000443
CN201821505705.9	A_000309
CN201821506910.7	A_000309
CN201821506921.5	A_000309
CN201821507941.4	A_000309
CN201821515525.9	A_000807
CN201821519652.6	A_000808
CN201821523417.6	A_000809
CN201821524097.6	A_000447
CN201821524419.7	A_000447
CN201821526804.5	A_000810
CN201821536781.6	A_000811
CN201821544300.6	A_000812
CN201821549033.1	A_000813
CN201821550738.5	A_000814
CN201821550738.5	A_000815
CN201821550859.X	A_000457
CN201821550865.5	A_000816
CN201821551811.0	A_000457
CN201821555315.2	A_000817
CN201821556093.6	A_000458
CN201821575817.1	A_000732
CN201821577822.6	A_000818
CN201821577822.6	A_000819
CN201821586113.4	A_000169
CN201821589705.1	A_000241
CN201821589705.1	A_000242
CN201821589705.1	A_000243
CN201821591784.X	A_000820
CN201821592687.2	A_000821
CN201821593762.7	A_000397
CN201821595557.4	A_000317
CN201821598366.3	A_000822
CN201821600501.3	A_000559
CN201821606301.9	A_000241
CN201821606301.9	A_000242
CN201821606301.9	A_000243
CN201821607313.3	A_000467
CN201821607313.3	A_000823
CN201821607689.4	A_000824
CN201821607724.2	A_000825
CN201821607802.9	A_000826
CN201821609380.9	A_000241
CN201821609380.9	A_000242
CN201821609380.9	A_000243
CN201821616875.4	A_000315
CN201821616875.4	A_000652
CN201821616901.3	A_000315
CN201821616901.3	A_000652
CN201821621130.7	A_000827
CN201821622079.1	A_000828
CN201821622656.7	A_000828
CN201821622882.5	A_000829
CN201821624208.0	A_000830
CN201821624523.3	A_000828
CN201821625196.3	A_000831
CN201821649863.1	A_000832
CN201821654148.7	A_000833
CN201821666112.0	A_000834
CN201821666968.8	A_000835
CN201821669335.2	A_000836
CN201821696175.0	A_000763
CN201821700556.1	A_000700
CN201821705929.4	A_000837
CN201821711897.9	A_000838
CN201821716482.0	A_000152
CN201821718812.X	A_000732
CN201821721195.9	A_000677
CN201821735272.6	A_000839
CN201821745686.7	A_000840
CN201821746573.9	A_000841
CN201821748759.8	A_000842
CN201821753637.8	A_000482
CN201821753701.2	A_000503
CN201821778588.3	A_000843
CN201821786486.6	A_000844
CN201821787160.5	A_000845
CN201821790026.0	A_000554
CN201821790201.6	A_000846
CN201821791464.9	A_000847
CN201821808334.1	A_000848
CN201821810367.X	A_000849
CN201821819706.0	A_000315
CN201821819706.0	A_000850
CN201821820880.7	A_000345
CN201821824195.1	A_000851
CN201821824709.3	A_000304
CN201821824709.3	A_000852
CN201821837080.6	A_000853
CN201821838641.4	A_000222
CN201821854413.6	A_000677
CN201821854646.6	A_000731
CN201821862650.7	A_000854
CN201821863953.0	A_000855
CN201821866947.0	A_000856
CN201821882600.5	A_000857
CN201821883464.1	A_000564
CN201821883594.5	A_000345
CN201821889261.3	A_000677
CN201821890895.0	A_000858
CN201821899536.1	A_000859
CN201821906266.2	A_000860
CN201821910214.2	A_000861
CN201821912322.3	A_000333
CN201821912667.9	A_000862
CN201821913482.X	A_000422
CN201821914274.1	A_000422
CN201821914949.2	A_000863
CN201821919342.3	A_000756
CN201821922571.0	A_000864
CN201821923500.2	A_000864
CN201821935311.7	A_000865
CN201821935626.1	A_000865
CN201821939861.6	A_000866
CN201821940237.8	A_000248
CN201821941431.8	A_000569
CN201821948364.2	A_000867
CN201821949834.7	A_000317
CN201821950201.8	A_000868
CN201821950201.8	A_000869
CN201821951374.1	A_000867
CN201821953691.7	A_000731
CN201821954204.9	A_000182
CN201821960673.1	A_000767
CN201821961522.8	A_000870
CN201821961522.8	A_000871
CN201821961826.4	A_000872
CN201821981154.3	A_000873
CN201821987175.6	A_000874
CN201821989049.4	A_000543
CN201821989822.7	A_000543
CN201821989825.0	A_000543
CN201821992090.7	A_000875
CN201821993103.2	A_000876
CN201821996414.4	A_000140
CN201821996415.9	A_000140
CN201821996826.8	A_000802
CN201821996827.2	A_000802
CN201821999330.6	A_000877
CN201822011834.9	A_000878
CN201822013804.1	A_000128
CN201822013863.9	A_000533
CN201822017005.1	A_000531
CN201822019703.5	A_000182
CN201822021021.8	A_000182
CN201822034084.7	A_000810
CN201822037353.5	A_000754
CN201822039841.X	A_000369
CN201822065416.8	A_000879
CN201822068914.8	A_000880
CN201822085687.X	A_000476
CN201822097022.0	A_000546
CN201822105404.3	A_000881
CN201822112414.X	A_000554
CN201822114906.2	A_000796
CN201822117012.9	A_000882
CN201822117687.3	A_000883
CN201822118972.7	A_000784
CN201822126080.1	A_000803
CN201822127103.0	A_000767
CN201822127442.9	A_000884
CN201822127840.0	A_000884
CN201822128351.7	A_000884
CN201822131160.6	A_000767
CN201822133067.9	A_000309
CN201822134877.6	A_000859
CN201822136982.3	A_000885
CN201822139125.9	A_000886
CN201822140793.3	A_000574
CN201822148595.1	A_000669
CN201822148816.5	A_000887
CN201822148964.7	A_000767
CN201822149702.2	A_000888
CN201822160272.4	A_000767
CN201822160899.X	A_000767
CN201822163228.9	A_000236
CN201822165492.6	A_000767
CN201822167932.1	A_000889
CN201822172032.6	A_000558
CN201822175165.9	A_000745
CN201822176666.9	A_000890
CN201822176820.2	A_000890
CN201822176951.0	A_000891
CN201822177384.0	A_000557
CN201822177394.4	A_000559
CN201822177394.4	A_000233
CN201822177406.3	A_000559
CN201822177406.3	A_000233
CN201822181288.3	A_000557
CN201822181316.1	A_000557
CN201822190731.3	A_000669
CN201822193403.9	A_000892
CN201822195662.5	A_000893
CN201822196156.8	A_000894
CN201822196632.6	A_000895
CN201822197624.3	A_000314
CN201822199341.2	A_000287
CN201822209126.6	A_000896
CN201822209264.4	A_000810
CN201822209698.4	A_000810
CN201822215527.2	A_000393
CN201822216137.7	A_000897
CN201822218491.3	A_000287
CN201822222587.7	A_000594
CN201822225607.6	A_000898
CN201822227617.3	A_000899
CN201822228643.8	A_000679
CN201822228690.2	A_000565
CN201822228690.2	A_000566
CN201822229902.9	A_000900
CN201822231611.3	A_000555
CN201822233627.8	A_000901
CN201822238953.8	A_000902
CN201822242377.4	A_000902
CN201822249782.9	A_000346
CN201822259167.6	A_000903
CN201822269115.7	A_000904
CN201822277040.7	A_000570
CN201880017074.2	A_000128
CN201880017083.1	A_000128
CN201880038061.3	A_000905
CN201880039252.1	A_000128
CN201880040041.X	A_000128
CN201880055774.0	A_000906
CN201880061183.4	A_000907
CN201880064193.3	A_000908
CN201880069902.7	A_000130
CN201880070493.2	A_000130
CN201880073409.2	A_000128
CN201880075566.7	A_000882
CN201880081797.9	A_000909
CN201880085073.1	A_000910
CN201880095533.9	A_000906
CN2019080646W	A_000128
CN2019080646W	A_000129
CN2019083654W	A_000559
CN2019084265W	A_000911
CN2019084967W	A_000128
CN2019087860W	A_000128
CN2019091519W	A_000912
CN2019096486W	A_000523
CN201910001816.9	A_000182
CN201910004859.2	A_000913
CN201910013468.7	A_000317
CN201910019411.8	A_000477
CN201910020653.9	A_000914
CN201910022021.6	A_000915
CN201910022021.6	A_000916
CN201910025793.5	A_000917
CN201910025882.X	A_000918
CN201910025889.1	A_000919
CN201910028278.2	A_000896
CN201910031547.0	A_000469
CN201910034692.4	A_000476
CN201910041184.9	A_000920
CN201910044642.4	A_000921
CN201910047289.5	A_000294
CN201910050596.9	A_000922
CN201910051787.7	A_000923
CN201910060799.6	A_000924
CN201910067545.7	A_000641
CN201910075620.4	A_000925
CN201910079515.8	A_000926
CN201910081792.2	A_000927
CN201910081881.7	A_000928
CN201910082507.9	A_000927
CN201910083183.0	A_000252
CN201910086065.5	A_000564
CN201910087017.8	A_000929
CN201910092151.7	A_000930
CN201910093517.2	A_000182
CN201910099494.6	A_000931
CN201910105507.6	A_000928
CN201910108965.5	A_000932
CN201910110319.2	A_000933
CN201910113001.X	A_000934
CN201910115597.7	A_000935
CN201910117942.0	A_000936
CN201910119542.3	A_000350
CN201910121092.1	A_000187
CN201910121768.7	A_000704
CN201910122310.3	A_000937
CN201910122990.9	A_000430
CN201910123132.6	A_000731
CN201910124803.0	A_000350
CN201910126521.4	A_000938
CN201910127807.4	A_000939
CN201910130184.6	A_000731
CN201910130482.5	A_000940
CN201910131378.8	A_000941
CN201910131479.5	A_000461
CN201910131479.5	A_000304
CN201910131550.X	A_000942
CN201910133982.4	A_000422
CN201910139572.0	A_000350
CN201910143250.3	A_000484
CN201910144289.7	A_000943
CN201910146354.X	A_000944
CN201910147362.6	A_000514
CN201910151296.X	A_000756
CN201910152867.1	A_000945
CN201910154090.2	A_000946
CN201910157132.8	A_000947
CN201910157599.2	A_000947
CN201910165395.3	A_000543
CN201910167364.1	A_000948
CN201910168423.7	A_000807
CN201910169136.8	A_000807
CN201910170050.7	A_000735
CN201910179941.9	A_000949
CN201910181037.1	A_000294
CN201910183166.4	A_000950
CN201910186080.7	A_000951
CN201910186827.9	A_000952
CN201910186923.3	A_000953
CN201910187443.9	A_000954
CN201910188393.6	A_000955
CN201910202783.4	A_000895
CN201910202783.4	A_000956
CN201910208522.3	A_000957
CN201910215116.X	A_000958
CN201910217009.0	A_000959
CN201910217551.6	A_000959
CN201910221815.5	A_000960
CN201910222196.1	A_000304
CN201910222196.1	A_000461
CN201910229811.1	A_000961
CN201910230147.2	A_000962
CN201910238453.0	A_000512
CN201910238453.0	A_000963
CN201910238453.0	A_000964
CN201910240171.4	A_000965
CN201910242999.3	A_000182
CN201910243978.3	A_000512
CN201910243978.3	A_000963
CN201910243978.3	A_000964
CN201910246890.7	A_000388
CN201910253423.7	A_000966
CN201910254398.4	A_000182
CN201910254565.5	A_000559
CN201910256284.3	A_000967
CN201910257812.7	A_000968
CN201910260979.9	A_000969
CN201910261961.0	A_000970
CN201910268804.2	A_000971
CN201910270015.2	A_000709
CN201910272234.4	A_000972
CN201910273273.6	A_000973
CN201910273275.5	A_000973
CN201910275046.7	A_000974
CN201910275046.7	A_000975
CN201910282651.7	A_000514
CN201910286541.8	A_000976
CN201910288173.0	A_000977
CN201910294599.7	A_000299
CN201910295375.8	A_000293
CN201910296862.6	A_000978
CN201910298212.5	A_000979
CN201910301714.9	A_000980
CN201910302681.X	A_000981
CN201910303244.X	A_000388
CN201910306374.9	A_000461
CN201910306374.9	A_000304
CN201910307869.3	A_000196
CN201910310893.2	A_000336
CN201910316535.2	A_000856
CN201910320926.1	A_000982
CN201910322638.X	A_000983
CN201910322774.9	A_000983
CN201910326678.1	A_000692
CN201910326933.2	A_000984
CN201910329675.3	A_000985
CN201910329675.3	A_000384
CN201910332077.1	A_000294
CN201910334750.5	A_000936
CN201910335280.4	A_000986
CN201910336439.4	A_000987
CN201910336849.9	A_000988
CN201910339933.6	A_000989
CN201910340010.2	A_000990
CN201910342039.4	A_000991
CN201910349663.7	A_000523
CN201910349663.7	A_000326
CN201910349811.5	A_000992
CN201910349898.6	A_000993
CN201910351808.7	A_000496
CN201910354590.0	A_000994
CN201910354770.9	A_000995
CN201910354770.9	A_000384
CN201910359695.5	A_000996
CN201910360008.1	A_000543
CN201910361878.0	A_000997
CN201910366428.0	A_000884
CN201910366704.3	A_000998
CN201910373879.7	A_000999
CN201910373879.7	A_000384
CN201910378937.5	A_001000
CN201910383220.X	A_001001
CN201910383739.8	A_000317
CN201910386293.4	A_000482
CN201910387612.3	A_001002
CN201910391700.0	A_001003
CN201910396982.3	A_001004
CN201910399649.8	A_001005
CN201910406300.2	A_000326
CN201910409696.6	A_000840
CN201910415656.2	A_001006
CN201910416125.5	A_001007
CN201910416145.2	A_001007
CN201910420109.3	A_001008
CN201910423138.5	A_001009
CN201910426107.5	A_001010
CN201910429832.8	A_000978
CN201910430582.X	A_001011
CN201910433987.9	A_001012
CN201910433987.9	A_001013
CN201910433987.9	A_001014
CN201910437655.8	A_001015
CN201910437716.0	A_000377
CN201910439594.9	A_000208
CN201910443094.2	A_001016
CN201910464298.4	A_001017
CN201910464952.1	A_000213
CN201910465814.5	A_001018
CN201910468318.5	A_000509
CN201910468422.4	A_001019
CN201910470631.2	A_001020
CN201910471292.X	A_000614
CN201910475142.6	A_000294
CN201910478382.1	A_001007
CN201910479261.9	A_001007
CN201910479401.2	A_001007
CN201910480585.4	A_001021
CN201910481028.4	A_001022
CN201910481433.6	A_001022
CN201910486262.6	A_001023
CN201910487237.X	A_001024
CN201910487533.X	A_000704
CN201910488538.4	A_001025
CN201910489072.X	A_001026
CN201910489608.8	A_001027
CN201910493999.0	A_000998
CN201910494368.0	A_000304
CN201910495204.X	A_001028
CN201910502162.8	A_001029
CN201910508738.1	A_001030
CN201910508738.1	A_001031
CN201910512088.8	A_000196
CN201910515486.5	A_001032
CN201910518875.3	A_000915
CN201910521838.8	A_000304
CN201910530562.X	A_000304
CN201910533404.X	A_000273
CN201910536995.6	A_001033
CN201910542403.1	A_001034
CN201910546148.8	A_001035
CN201910546794.4	A_001036
CN201910560033.4	A_000469
CN201910560519.8	A_000177
CN201910570332.6	A_001037
CN201910571297.X	A_000228
CN201910571322.4	A_000228
CN201910574488.1	A_000276
CN201910576816.1	A_000177
CN201910579531.3	A_000196
CN201910588758.4	A_001038
CN201910589169.8	A_000276
CN201910592165.5	A_001039
CN201910592916.3	A_001004
CN201910592928.6	A_001040
CN201910594546.7	A_000198
CN201910597710.X	A_001041
CN201910601145.X	A_000998
CN201910603066.2	A_000523
CN201910605858.3	A_001042
CN201910622138.8	A_001043
CN201910628316.8	A_001044
CN201910630941.6	A_001045
CN201910631797.8	A_001046
CN201910635060.3	A_001047
CN201910636094.4	A_001048
CN201910638621.5	A_001049
CN201910642163.2	A_001050
CN201910643827.7	A_001051
CN201910643827.7	A_001052
CN201910644663.X	A_001053
CN201910646274.0	A_001029
CN201910650165.6	A_000990
CN201910655990.5	A_001054
CN201910659914.1	A_000202
CN201910663146.7	A_000729
CN201910665184.6	A_001055
CN201910667922.0	A_001056
CN201910684150.1	A_001057
CN201910690272.1	A_001058
CN201910691220.6	A_001058
CN201910692787.5	A_001059
CN201910695914.7	A_001060
CN201910703010.4	A_000182
CN201910707001.2	A_000318
CN201910707533.6	A_000514
CN201910707533.6	A_001061
CN201910708093.6	A_000936
CN201910708650.4	A_001062
CN201910711298.X	A_001063
CN201910711298.X	A_001064
CN201910711298.X	A_001065
CN201910711298.X	A_001066
CN201910724420.7	A_000407
CN201910727468.3	A_000256
CN201910740119.5	A_000177
CN201910742844.6	A_000407
CN201910743462.5	A_001067
CN201910744747.0	A_001068
CN201910746258.9	A_001069
CN201910747132.3	A_001050
CN201910757015.5	A_001070
CN201910757441.9	A_001071
CN201910757441.9	A_001072
CN201910761901.5	A_000304
CN201910765689.X	A_001073
CN201910766759.3	A_001074
CN201910766834.6	A_001075
CN201910767268.0	A_000388
CN201910768216.5	A_001076
CN201910775548.6	A_001077
CN201910775872.8	A_000292
CN201910776586.3	A_001078
CN201910777689.1	A_001079
CN201910779364.7	A_001065
CN201910779364.7	A_001066
CN201910779364.7	A_001063
CN201910780129.1	A_001080
CN201910793066.3	A_001081
CN201910794410.0	A_001082
CN201910799585.0	A_000633
CN201910802002.5	A_000134
CN201910805221.9	A_000458
CN201910807271.0	A_000369
CN201910809595.8	A_000222
CN201910815706.6	A_001083
CN201910820533.7	A_001084
CN201910820533.7	A_000326
CN201910825684.1	A_001085
CN201910829345.0	A_000317
CN201910829808.3	A_000317
CN201910844482.1	A_001086
CN201910846118.9	A_001087
CN201910846190.1	A_000273
CN201910850560.9	A_001088
CN201910850567.0	A_001088
CN201910857086.2	A_000968
CN201910859556.9	A_001089
CN201910861757.2	A_000273
CN201910862629.X	A_000657
CN201910862629.X	A_000658
CN201910864263.X	A_000609
CN201910869359.5	A_001050
CN201910870945.1	A_000565
CN201910870945.1	A_000566
CN201910872198.5	A_001090
CN201910877224.3	A_000723
CN201910879451.X	A_001091
CN201910884001.X	A_000304
CN201910891091.5	A_001092
CN201910892436.9	A_000304
CN201910895529.7	A_001093
CN201910899068.0	A_000304
CN201910905766.7	A_000162
CN201910915939.3	A_001094
CN201910922158.7	A_000554
CN201910922292.7	A_001095
CN201910929665.3	A_000955
CN201910930756.9	A_000955
CN201910931308.0	A_001096
CN201910937175.8	A_001097
CN201910938454.6	A_001098
CN201910938880.X	A_001099
CN201910939312.1	A_000394
CN201910939946.7	A_001100
CN201910940383.3	A_000461
CN201910940383.3	A_000304
CN201910944687.7	A_001101
CN201910944687.7	A_001102
CN201910946738.X	A_001103
CN201910948631.9	A_001050
CN201910948645.0	A_001104
CN201910959347.1	A_001105
CN201910965721.9	A_000345
CN201910971039.0	A_000387
CN201910971074.2	A_001106
CN201910971543.0	A_000294
CN201910971921.5	A_001107
CN201910973302.X	A_001108
CN201910975120.6	A_001109
CN201910977024.5	A_000326
CN201910977316.9	A_000976
CN201910981721.8	A_000182
CN201910984826.9	A_000245
CN201910985290.2	A_000614
CN201910985370.8	A_000245
CN201910988093.6	A_001110
CN201910991479.2	A_001111
CN201910992639.5	A_001112
CN201910993184.9	A_001113
CN201910993618.5	A_001113
CN201910994234.5	A_001110
CN201910997574.3	A_000345
CN201911001282.6	A_000469
CN201911007342.5	A_000514
CN201911015763.2	A_001114
CN201911017087.2	A_001115
CN201911021751.0	A_000252
CN201911031411.6	A_001116
CN201911034056.8	A_001117
CN201911034843.2	A_000175
CN201911036854.4	A_001118
CN201911044299.X	A_000202
CN201911045822.0	A_001119
CN201911051850.3	A_000388
CN201911058716.6	A_000294
CN201911058716.6	A_000533
CN201911068346.4	A_001120
CN201911069545.7	A_000369
CN201911070514.3	A_000749
CN201911070514.3	A_001099
CN201911070514.3	A_001121
CN201911071398.7	A_000749
CN201911071398.7	A_001099
CN201911071398.7	A_001121
CN201911076557.2	A_001122
CN201911077326.3	A_001123
CN201911077777.7	A_001124
CN201911087526.7	A_000273
CN201911090422.1	A_001125
CN201911091167.2	A_001126
CN201911093200.5	A_001127
CN201911099377.6	A_000369
CN201911101008.6	A_000470
CN201911104835.0	A_001128
CN201911107672.1	A_001129
CN201911111784.4	A_000388
CN201911112775.7	A_000387
CN201911114333.6	A_001130
CN2019111161W	A_000326
CN2019111161W	A_000525
CN201911119255.9	A_000387
CN201911121304.2	A_001131
CN201911121414.9	A_001075
CN201911124301.4	A_001132
CN201911124301.4	A_000778
CN201911127811.7	A_000590
CN201911133610.8	A_001133
CN201911140634.6	A_001134
CN201911148445.3	A_000547
CN201911148476.9	A_000898
CN201911149647.X	A_001135
CN201911150929.1	A_000314
CN201911152285.X	A_001136
CN201911154797.X	A_001112
CN201911156021.1	A_000182
CN201911156855.2	A_000477
CN201911156872.6	A_000477
CN201911158335.5	A_001137
CN201911158335.5	A_001138
CN201911158747.9	A_001139
CN201911159689.1	A_001140
CN201911166366.5	A_000183
CN201911170990.2	A_001141
CN201911183520.X	A_001142
CN201911185327.X	A_001142
CN201911186574.1	A_000490
CN201911188516.2	A_001143
CN201911190430.3	A_001144
CN201911195687.8	A_001145
CN201911195887.3	A_001143
CN201911195888.8	A_001143
CN201911196533.0	A_001143
CN201911203349.4	A_001146
CN201911203580.3	A_000371
CN201911203878.4	A_000136
CN201911209213.4	A_001147
CN201911209756.6	A_000927
CN201911218988.8	A_001148
CN201911221130.7	A_001149
CN201911221163.1	A_000704
CN201911221741.1	A_001150
CN201911225565.9	A_000252
CN201911227818.6	A_000345
CN201911227818.6	A_001151
CN201911227942.2	A_000538
CN201911228956.6	A_000345
CN201911231093.8	A_000345
CN201911234698.2	A_000315
CN201911234698.2	A_001152
CN201911235961.X	A_000315
CN201911235961.X	A_001152
CN201911241772.3	A_000318
CN201911242519.X	A_001153
CN201911246930.4	A_001154
CN201911249248.0	A_001136
CN201911251917.8	A_000310
CN201911260536.6	A_000543
CN201911260941.8	A_001155
CN201911261493.3	A_001156
CN201911261493.3	A_001157
CN201911261493.3	A_001158
CN201911262225.3	A_001159
CN201911266105.0	A_000729
CN201911267511.9	A_000237
CN201911269035.4	A_000237
CN201911273013.5	A_000388
CN201911273302.5	A_001160
CN201911274706.6	A_001161
CN201911278352.2	A_001162
CN201911285912.7	A_001163
CN201911291958.X	A_000596
CN201911292076.5	A_001164
CN201911292774.5	A_001136
CN201911299706.1	A_001165
CN201911299712.7	A_001166
CN201911300520.3	A_001167
CN201911300784.9	A_001166
CN201911311827.3	A_001168
CN201911316031.7	A_001169
CN201911320720.5	A_001170
CN201911323253.1	A_001171
CN201911329622.8	A_001172
CN201911330207.4	A_000936
CN201911334948.X	A_000810
CN201911338658.2	A_001173
CN201911351109.9	A_000315
CN201911351109.9	A_000316
CN201911354989.5	A_000252
CN201911354989.5	A_001174
CN201911355344.3	A_001175
CN201911356646.2	A_000496
CN201911358404.7	A_000304
CN201911371600.8	A_001176
CN201911371600.8	A_000384
CN201911371600.8	A_001177
CN201911376924.0	A_001178
CN201911376924.0	A_001179
CN201911384491.3	A_001180
CN201911389189.7	A_001181
CN201911389660.2	A_001182
CN201911390797.X	A_001183
CN201911396466.7	A_000509
CN201911398743.8	A_000856
CN201911415699.7	A_001184
CN201911415700.6	A_001184
CN2019116327W	A_000128
CN2019123411W	A_001029
CN201920002444.7	A_000182
CN201920002603.3	A_001185
CN201920007333.5	A_001186
CN201920030528.1	A_001187
CN201920043534.0	A_001188
CN201920045690.0	A_001189
CN201920045692.X	A_001189
CN201920046124.1	A_001189
CN201920047120.5	A_000896
CN201920049473.9	A_001190
CN201920051159.4	A_001191
CN201920051531.1	A_000304
CN201920054331.1	A_001192
CN201920055207.7	A_000469
CN201920056049.7	A_000469
CN201920058549.4	A_001193
CN201920058840.1	A_000856
CN201920059002.6	A_001194
CN201920060498.9	A_001195
CN201920061305.1	A_001196
CN201920062038.X	A_000543
CN201920069120.5	A_001197
CN201920071496.X	A_000920
CN201920080329.1	A_001198
CN201920087749.2	A_001199
CN201920088053.1	A_001199
CN201920088495.6	A_000294
CN201920091711.2	A_000750
CN201920099350.6	A_000490
CN201920103473.2	A_001200
CN201920110480.5	A_001201
CN201920110642.5	A_000252
CN201920111669.6	A_001202
CN201920114200.8	A_001203
CN201920120507.9	A_001204
CN201920121326.8	A_000641
CN201920130142.8	A_000469
CN201920138942.4	A_001205
CN201920141425.2	A_001206
CN201920143308.X	A_001206
CN201920143760.6	A_001206
CN201920148315.9	A_000896
CN201920154380.2	A_001207
CN201920160646.4	A_000559
CN201920176506.6	A_000931
CN201920189314.9	A_001208
CN201920204015.8	A_000350
CN201920204348.0	A_001209
CN201920206241.X	A_000731
CN201920208491.7	A_001210
CN201920211624.6	A_000704
CN201920212128.2	A_000350
CN201920212496.7	A_001211
CN201920219910.7	A_001212
CN201920222097.9	A_000783
CN201920224059.7	A_001213
CN201920228311.1	A_001214
CN201920229830.X	A_000998
CN201920230704.6	A_001215
CN201920231254.2	A_001216
CN201920231254.2	A_001217
CN201920231254.2	A_001218
CN201920231254.2	A_001219
CN201920231254.2	A_001220
CN201920231254.2	A_001221
CN201920235225.3	A_001222
CN201920254277.5	A_000182
CN201920256261.8	A_000991
CN201920258533.8	A_000353
CN201920282889.5	A_001223
CN201920285697.X	A_001224
CN201920292181.8	A_001225
CN201920308468.5	A_000953
CN201920310075.8	A_001226
CN201920312705.5	A_001227
CN201920314435.1	A_001029
CN201920316389.9	A_001022
CN201920317894.5	A_001228
CN201920322323.0	A_001229
CN201920331111.9	A_001230
CN201920331120.8	A_000413
CN201920331908.9	A_001231
CN201920347359.4	A_000177
CN201920352444.X	A_000452
CN201920352444.X	A_001232
CN201920352822.4	A_001233
CN201920353555.2	A_001234
CN201920363274.5	A_000959
CN201920369730.7	A_001235
CN201920371975.3	A_000959
CN201920377484.X	A_001236
CN201920386489.9	A_001237
CN201920390411.4	A_001238
CN201920393415.8	A_001239
CN201920393425.1	A_001239
CN201920393464.1	A_001239
CN201920394377.8	A_001240
CN201920408087.4	A_000512
CN201920408087.4	A_000963
CN201920408087.4	A_000964
CN201920408743.0	A_000512
CN201920408743.0	A_000963
CN201920408743.0	A_000964
CN201920426803.1	A_001241
CN201920427055.9	A_001242
CN201920440558.X	A_001243
CN201920440558.X	A_001244
CN201920443194.0	A_001245
CN201920446172.X	A_001246
CN201920449262.4	A_000971
CN201920449298.2	A_001247
CN201920449368.4	A_001247
CN201920449369.9	A_001247
CN201920451838.0	A_001248
CN201920456384.6	A_001249
CN201920460372.0	A_000974
CN201920460372.0	A_000975
CN201920460911.0	A_000974
CN201920460911.0	A_000975
CN201920469905.1	A_001250
CN201920473820.0	A_001251
CN201920487487.9	A_001003
CN201920492994.1	A_001252
CN201920498741.5	A_000978
CN201920502086.6	A_001253
CN201920508731.5	A_001254
CN201920509367.4	A_001255
CN201920509859.3	A_001256
CN201920526250.7	A_001257
CN201920528413.5	A_001258
CN201920540441.9	A_000641
CN201920543907.0	A_001259
CN201920547269.X	A_000315
CN201920547269.X	A_000793
CN201920547904.4	A_000983
CN201920548211.7	A_000983
CN201920549862.8	A_000333
CN201920552565.9	A_000983
CN201920557551.6	A_001260
CN201920557551.6	A_001261
CN201920558621.X	A_001262
CN201920565427.4	A_001263
CN201920576213.7	A_001264
CN201920576503.1	A_001265
CN201920577733.X	A_001266
CN201920580915.2	A_001267
CN201920584366.6	A_001268
CN201920592924.3	A_001269
CN201920595620.2	A_000709
CN201920603319.1	A_000523
CN201920603319.1	A_000326
CN201920606178.9	A_000314
CN201920607397.9	A_001270
CN201920610721.2	A_000992
CN201920633946.X	A_001271
CN201920642935.8	A_001272
CN201920644101.0	A_001273
CN201920644110.X	A_001274
CN201920647358.1	A_000317
CN201920651804.6	A_001003
CN201920653997.9	A_000196
CN201920658333.1	A_001275
CN201920660168.3	A_001276
CN201920671149.0	A_001003
CN201920671177.2	A_001003
CN201920672641.X	A_000583
CN201920672733.8	A_001002
CN201920710139.3	A_000509
CN201920712916.8	A_001277
CN201920715139.2	A_001007
CN201920715144.3	A_001007
CN201920715152.8	A_001007
CN201920715154.7	A_001007
CN201920715155.1	A_001007
CN201920715159.X	A_001007
CN201920715166.X	A_001007
CN201920715171.0	A_001007
CN201920719315.X	A_000184
CN201920735323.3	A_001278
CN201920743759.7	A_001279
CN201920758047.2	A_001280
CN201920759315.2	A_001281
CN201920763489.6	A_001282
CN201920765612.8	A_001283
CN201920765991.0	A_001284
CN201920766725.X	A_001029
CN201920767389.0	A_001285
CN201920774034.4	A_000457
CN201920776944.6	A_001286
CN201920776944.6	A_000222
CN201920783809.4	A_001026
CN201920784702.1	A_001287
CN201920789280.7	A_001044
CN201920800011.6	A_001288
CN201920806387.8	A_000236
CN201920820204.8	A_001289
CN201920825207.0	A_001290
CN201920826150.6	A_001007
CN201920826649.7	A_001007
CN201920828853.2	A_001007
CN201920832613.X	A_001022
CN201920844468.7	A_000317
CN201920846989.6	A_001026
CN201920854697.7	A_000998
CN201920860195.5	A_001197
CN201920861423.0	A_000304
CN201920868310.3	A_000861
CN201920869601.4	A_001291
CN201920869677.7	A_001292
CN201920881704.2	A_001293
CN201920883711.6	A_000198
CN201920887421.9	A_000731
CN201920887590.2	A_001235
CN201920890506.2	A_001294
CN201920894131.7	A_000546
CN201920903648.8	A_001295
CN201920905709.4	A_001296
CN201920914624.2	A_001297
CN201920917632.2	A_001298
CN201920934321.7	A_000731
CN201920934351.8	A_000731
CN201920935179.8	A_001299
CN201920943723.3	A_001281
CN201920950115.5	A_001300
CN201920954631.5	A_001301
CN201920955441.5	A_001302
CN201920957001.3	A_001303
CN201920957001.3	A_001304
CN201920957001.3	A_001305
CN201920957280.3	A_001306
CN201920958204.4	A_001307
CN201920969847.9	A_000724
CN201920971743.1	A_000469
CN201920974015.6	A_001308
CN201920974341.7	A_000920
CN201920987633.4	A_000228
CN201920990603.9	A_000574
CN201920998693.6	A_001309
CN201921003740.5	A_000313
CN201921012993.9	A_001310
CN201921021945.6	A_001311
CN201921021967.2	A_001311
CN201921022866.7	A_001183
CN201921032309.3	A_001259
CN201921033397.9	A_001312
CN201921033415.3	A_001312
CN201921045129.9	A_001313
CN201921045129.9	A_001314
CN201921046162.3	A_001042
CN201921051576.5	A_001315
CN201921053061.9	A_000273
CN201921064826.9	A_001316
CN201921072760.8	A_001317
CN201921075379.7	A_001045
CN201921076935.2	A_000543
CN201921077843.6	A_001318
CN201921078288.9	A_000860
CN201921081497.9	A_001319
CN201921081778.4	A_001320
CN201921100818.5	A_000191
CN201921109015.6	A_001321
CN201921109436.9	A_001322
CN201921112372.8	A_001323
CN201921112372.8	A_001324
CN201921120184.X	A_001325
CN201921124093.3	A_001118
CN201921126989.5	A_000764
CN201921130008.4	A_000990
CN201921138496.3	A_001326
CN201921149590.9	A_000315
CN201921149590.9	A_001327
CN201921159061.7	A_001055
CN201921164764.9	A_001328
CN201921172365.7	A_000614
CN201921178253.2	A_001326
CN201921178627.0	A_001329
CN201921184163.4	A_001330
CN201921187802.2	A_000832
CN201921188491.1	A_001331
CN201921189206.8	A_000832
CN201921203682.0	A_000252
CN201921204695.X	A_000191
CN201921209416.9	A_001059
CN201921214839.X	A_001332
CN201921227044.2	A_001333
CN201921238912.7	A_001334
CN201921238934.3	A_001334
CN201921242731.1	A_000362
CN201921244614.9	A_001335
CN201921248181.4	A_001336
CN201921251857.5	A_001337
CN201921260308.4	A_001338
CN201921260887.2	A_000128
CN201921260984.1	A_001339
CN201921263927.9	A_001340
CN201921264166.9	A_001341
CN201921269935.4	A_001342
CN201921287983.6	A_001343
CN201921298446.1	A_001344
CN201921299270.1	A_001345
CN201921321173.8	A_000177
CN201921325376.4	A_001346
CN201921338560.2	A_001215
CN201921340469.4	A_000315
CN201921340469.4	A_001347
CN201921354760.7	A_001348
CN201921360542.4	A_001349
CN201921363817.X	A_001077
CN201921364381.6	A_001077
CN201921366649.X	A_001350
CN201921371528.4	A_001063
CN201921376986.7	A_001351
CN201921382086.3	A_001352
CN201921386146.9	A_001353
CN201921425306.6	A_000222
CN201921429224.9	A_001337
CN201921429953.4	A_001354
CN201921431184.1	A_001355
CN201921431879.X	A_001356
CN201921454466.3	A_000953
CN201921454816.6	A_001357
CN201921456081.0	A_000317
CN201921463223.6	A_000902
CN201921463227.4	A_000902
CN201921490337.X	A_001358
CN201921495779.3	A_000953
CN201921496548.4	A_001359
CN201921511730.2	A_000469
CN201921513525.X	A_001360
CN201921514006.5	A_001127
CN201921514479.5	A_000469
CN201921531021.0	A_000991
CN201921531493.6	A_001361
CN201921543366.8	A_001362
CN201921544404.1	A_001363
CN201921544447.X	A_001272
CN201921545393.9	A_001364
CN201921554582.2	A_001365
CN201921563658.8	A_000723
CN201921569478.0	A_001366
CN201921588864.4	A_001365
CN201921589038.1	A_001365
CN201921590584.7	A_001367
CN201921590958.5	A_001368
CN201921591889.X	A_001369
CN201921601056.7	A_001370
CN201921613578.9	A_001371
CN201921614187.9	A_001094
CN201921623464.2	A_000641
CN201921624091.0	A_001372
CN201921624091.0	A_001373
CN201921624325.1	A_000554
CN201921630111.5	A_001374
CN201921641703.7	A_001375
CN201921651257.8	A_001099
CN201921651567.X	A_001099
CN201921658957.X	A_000559
CN201921661067.4	A_001103
CN201921661566.3	A_001376
CN201921666126.7	A_001377
CN201921669015.1	A_001378
CN201921677513.0	A_000414
CN201921679529.5	A_000729
CN201921682707.X	A_001379
CN201921684711.X	A_001380
CN201921687308.2	A_001381
CN201921694684.4	A_001382
CN201921694875.0	A_001383
CN201921703259.7	A_001384
CN201921704806.3	A_001385
CN201921708150.2	A_001386
CN201921709799.6	A_000595
CN201921709799.6	A_000596
CN201921712090.1	A_001106
CN201921714739.3	A_001164
CN201921717992.4	A_001387
CN201921725095.8	A_000389
CN201921725905.X	A_000389
CN201921733175.8	A_001388
CN201921733588.6	A_001388
CN201921733714.8	A_001388
CN201921736214.X	A_000614
CN201921737489.5	A_001389
CN201921742419.9	A_001390
CN201921744327.4	A_001315
CN201921750569.4	A_000543
CN201921751184.X	A_001391
CN201921751282.3	A_001391
CN201921751343.6	A_001392
CN201921751429.9	A_001392
CN201921758467.7	A_000543
CN201921763915.2	A_001393
CN201921764271.9	A_001394
CN201921765875.5	A_001109
CN201921766515.7	A_001395
CN201921773235.9	A_001396
CN201921773442.4	A_001397
CN201921773442.4	A_000384
CN201921773444.3	A_001398
CN201921782745.2	A_001399
CN201921782745.2	A_000384
CN201921791680.8	A_000992
CN201921792944.1	A_001279
CN201921795663.1	A_001400
CN201921797612.2	A_001116
CN201921805434.3	A_000353
CN201921807737.9	A_001366
CN201921812232.1	A_001401
CN201921813104.9	A_001402
CN201921813104.9	A_001403
CN201921817592.0	A_001404
CN201921819164.1	A_001404
CN201921822448.6	A_001405
CN201921823142.2	A_000389
CN201921829559.X	A_001406
CN201921843416.4	A_001123
CN201921851387.6	A_000128
CN201921852742.1	A_001279
CN201921855787.4	A_001407
CN201921856722.1	A_001408
CN201921857681.8	A_001409
CN201921864351.1	A_001410
CN201921867329.2	A_000574
CN201921868841.9	A_000901
CN201921878067.X	A_001411
CN201921879073.7	A_000384
CN201921879073.7	A_001412
CN201921879073.7	A_001413
CN201921881954.2	A_001414
CN201921882215.5	A_001415
CN201921889380.3	A_001416
CN201921889380.3	A_001166
CN201921892502.4	A_000496
CN201921899753.5	A_001417
CN201921906698.8	A_000315
CN201921906698.8	A_001418
CN201921941079.2	A_001419
CN201921952562.0	A_001049
CN201921960211.4	A_001420
CN201921961738.9	A_001421
CN201921961739.3	A_001421
CN201921963871.8	A_000182
CN201921963871.8	A_001422
CN201921967206.6	A_001423
CN201921974901.5	A_001424
CN201921974920.8	A_001424
CN201921976037.2	A_000371
CN201921977348.0	A_000700
CN201921984167.0	A_001425
CN201921991561.7	A_001426
CN201921993102.2	A_001427
CN201921993698.6	A_001132
CN201921993698.6	A_000778
CN201921994204.6	A_001350
CN201921998941.3	A_000315
CN201921998941.3	A_001327
CN201922003097.2	A_001428
CN201922003099.1	A_001428
CN201922003103.4	A_001428
CN201922006672.4	A_001429
CN201922007870.2	A_001430
CN201922015162.3	A_001431
CN201922015187.3	A_001432
CN201922032145.0	A_001433
CN201922032590.7	A_001434
CN201922034704.1	A_001435
CN201922057172.3	A_000574
CN201922057574.3	A_001436
CN201922058806.7	A_001437
CN201922070480.X	A_001438
CN201922081998.3	A_001439
CN201922085315.1	A_001440
CN201922093039.3	A_001441
CN201922094203.2	A_001137
CN201922098576.7	A_001442
CN201922099734.0	A_000635
CN201922099734.0	A_001443
CN201922101192.6	A_000901
CN201922105195.7	A_001444
CN201922112749.6	A_000927
CN201922112752.8	A_000927
CN201922128165.8	A_001445
CN201922129108.1	A_000315
CN201922129108.1	A_001418
CN201922131764.5	A_001446
CN201922142519.4	A_001447
CN201922142582.8	A_001447
CN201922144409.1	A_000252
CN201922148609.4	A_001147
CN201922149963.9	A_001448
CN201922158080.4	A_000314
CN201922159367.9	A_000614
CN201922161995.0	A_001449
CN201922165377.3	A_000557
CN201922165378.8	A_000557
CN201922175040.0	A_000998
CN201922176506.9	A_001388
CN201922185271.X	A_001450
CN201922191768.2	A_001451
CN201922191935.3	A_001452
CN201922194860.4	A_000714
CN201922194860.4	A_000715
CN201922201167.5	A_001453
CN201922202604.5	A_001454
CN201922204152.4	A_001455
CN201922219558.X	A_001456
CN201922221310.7	A_001457
CN201922221876.X	A_001457
CN201922224042.4	A_000729
CN201922224875.0	A_000998
CN201922227806.5	A_001458
CN201922228335.X	A_001162
CN201922230286.3	A_001459
CN201922232046.7	A_001460
CN201922243693.8	A_001461
CN201922245689.5	A_001462
CN201922245903.7	A_001463
CN201922247395.6	A_001464
CN201922254466.5	A_000273
CN201922257411.X	A_001464
CN201922262226.X	A_001465
CN201922264827.4	A_001166
CN201922269200.8	A_000294
CN201922269480.2	A_001466
CN201922269514.8	A_001466
CN201922270018.4	A_001467
CN201922270018.4	A_001468
CN201922270018.4	A_001469
CN201922271800.8	A_001470
CN201922271800.8	A_001471
CN201922273572.8	A_001472
CN201922277822.5	A_001473
CN201922280417.9	A_001474
CN201922297103.X	A_000723
CN201922301416.8	A_000610
CN201922305460.6	A_001475
CN201922312731.0	A_000413
CN201922325271.5	A_000704
CN201922325394.9	A_001465
CN201922326125.4	A_001476
CN201922339205.3	A_000277
CN201922355000.4	A_001477
CN201922357830.0	A_000496
CN201922364196.3	A_001478
CN201922373595.6	A_001479
CN201922376407.5	A_001480
CN201922378607.4	A_001315
CN201922384672.8	A_001481
CN201922395094.8	A_001482
CN201922399035.8	A_000554
CN201922401530.8	A_000610
CN201922403239.4	A_001483
CN201922405383.1	A_001484
CN201922407085.6	A_001485
CN201922409205.6	A_001486
CN201922409393.2	A_000559
CN201922410851.4	A_001362
CN201922410900.4	A_001487
CN201922411236.5	A_001488
CN201922412469.7	A_001489
CN201922435584.6	A_001490
CN201922437247.0	A_000856
CN201922437256.X	A_001491
CN201922439041.1	A_001492
CN201922452485.9	A_001493
CN201922452690.5	A_001494
CN201922453601.9	A_001494
CN201922456765.7	A_001495
CN201922458479.4	A_001496
CN201922462415.1	A_001497
CN201922462530.9	A_001498
CN201922462530.9	A_001179
CN201922462933.3	A_001087
CN201922462933.3	A_001499
CN201922462933.3	A_000384
CN201922462933.3	A_001500
CN201922462933.3	A_001501
CN201922462988.4	A_001502
CN201922464861.6	A_001503
CN201922465544.6	A_001495
CN201922474097.0	A_001184
CN201922474368.2	A_001504
CN201922482852.X	A_001505
CN201922483114.7	A_001506
CN201922488993.2	A_001507
CN201922494539.8	A_001508
CN201922496023.7	A_001509
CN201922496819.2	A_001505
CN201922497017.3	A_001510
CN201980004751.1	A_000906
CN201980005407.4	A_000128
CN201980006606.7	A_000909
CN201980010063.6	A_001511
CN201980010332.9	A_001512
CN201980010501.9	A_001513
CN201980012486.1	A_000128
CN201980014705.X	A_000375
CN201980020301.1	A_000375
CN201980021386.5	A_000376
CN201980023966.8	A_001514
CN201980027897.8	A_000260
CN201980036597.6	A_001515
CN201980038676.0	A_001516
CN201980040132.8	A_001517
CN201980043456.7	A_001518
CN201980045317.8	A_001519
CN201980046192.0	A_000906
CN201980048745.6	A_001520
CN201980052824.4	A_001518
CN201980053506.X	A_001521
CN201980058019.2	A_001522
CN201980068995.6	A_001523
CN201980068995.6	A_001524
CN201980078990.1	A_001525
CN201980079683.5	A_001517
CN201980081520.0	A_001526
CN201980086779.4	A_001527
CN201980087080.X	A_001528
CN201980089123.8	A_001529
CN201980094963.3	A_000128
CN2020070268W	A_000182
CN2020070268W	A_001530
CN2020070268W	A_001531
CN2020070268W	A_001532
CN2020070268W	A_001533
CN2020070268W	A_001534
CN2020087054W	A_001535
CN2020087054W	A_001536
CN2020087056W	A_001535
CN2020087056W	A_001536
CN2020098693W	A_001537
CN2020098693W	A_001538
CN202010004989.9	A_001539
CN202010012830.1	A_001540
CN202010014647.5	A_001362
CN202010015261.6	A_001541
CN202010015722.X	A_001541
CN202010015726.8	A_001541
CN202010017524.7	A_000228
CN202010017524.7	A_000294
CN202010018108.9	A_001542
CN202010018553.5	A_001542
CN202010021373.2	A_001508
CN202010044225.2	A_001543
CN202010049124.4	A_001544
CN202010049675.0	A_000273
CN202010056644.8	A_000998
CN202010059245.7	A_000998
CN202010065649.7	A_001545
CN202010065649.7	A_000184
CN202010065854.3	A_000299
CN202010065854.3	A_001546
CN202010066567.4	A_000514
CN202010070550.6	A_000182
CN202010073207.7	A_000369
CN202010077773.5	A_000636
CN202010079106.0	A_000895
CN202010080347.7	A_001547
CN202010085228.0	A_001548
CN202010085984.3	A_001549
CN202010086839.7	A_000850
CN202010086962.9	A_000850
CN202010088427.7	A_000388
CN202010089373.6	A_000461
CN202010089373.6	A_000304
CN202010093025.6	A_000273
CN202010095946.6	A_001550
CN202010098558.3	A_000317
CN202010100425.5	A_001551
CN202010101085.8	A_000476
CN202010101085.8	A_001552
CN202010103242.9	A_001553
CN202010103242.9	A_001554
CN202010104669.0	A_001005
CN202010113299.7	A_000138
CN202010113326.0	A_000729
CN202010113511.X	A_000138
CN202010116803.9	A_000923
CN202010121450.1	A_001555
CN202010124416.X	A_000377
CN202010141540.7	A_000162
CN202010151971.1	A_001556
CN202010156846.X	A_000994
CN202010157069.0	A_001129
CN2020101583W	A_001557
CN2020101583W	A_001558
CN202010162935.5	A_000310
CN202010163655.6	A_001559
CN202010177670.6	A_000439
CN202010184059.6	A_001560
CN202010184851.1	A_001561
CN202010187670.4	A_001562
CN202010189253.3	A_001563
CN202010189253.3	A_000416
CN202010191870.7	A_001564
CN202010193725.2	A_001565
CN202010194138.5	A_001566
CN202010197870.8	A_000375
CN202010197987.6	A_000326
CN202010201924.3	A_001567
CN202010201924.3	A_001568
CN202010204899.4	A_000304
CN202010206162.6	A_001569
CN202010208324.X	A_000310
CN202010210756.4	A_000182
CN202010217228.1	A_000138
CN202010217919.1	A_001087
CN202010217919.1	A_001570
CN202010217919.1	A_000384
CN202010221281.9	A_001571
CN202010221844.4	A_001572
CN202010222795.6	A_001573
CN202010227557.4	A_001574
CN202010228831.X	A_000784
CN202010230492.9	A_001575
CN202010233653.X	A_001576
CN202010233939.8	A_000750
CN202010236152.7	A_000252
CN202010237467.3	A_000162
CN202010238690.X	A_001577
CN202010239244.0	A_001578
CN202010242262.4	A_000255
CN202010242262.4	A_001579
CN202010246912.2	A_001580
CN202010254438.8	A_000596
CN202010258466.7	A_001581
CN202010258466.7	A_000416
CN202010261225.8	A_001582
CN202010261225.8	A_001583
CN202010278785.4	A_001584
CN202010297008.4	A_000469
CN202010297191.8	A_001585
CN202010299596.5	A_000273
CN202010301318.9	A_001586
CN202010303531.3	A_000681
CN202010309266.X	A_001587
CN202010315724.0	A_001588
CN202010315724.0	A_001589
CN202010319639.1	A_001590
CN202010321857.9	A_001591
CN202010322484.7	A_000439
CN202010326359.3	A_001592
CN202010333695.0	A_001593
CN202010337616.3	A_001591
CN202010341973.7	A_000998
CN202010345005.3	A_001594
CN202010359926.5	A_000234
CN202010361393.4	A_001571
CN202010363939.X	A_001595
CN202010365265.7	A_000182
CN202010370049.1	A_001429
CN202010370673.1	A_001596
CN202010372800.1	A_001597
CN202010380627.X	A_001598
CN202010382282.1	A_001599
CN202010402636.4	A_001600
CN202010402636.4	A_001601
CN202010405391.0	A_001429
CN202010410535.1	A_001602
CN202010410878.8	A_000692
CN202010414576.8	A_001166
CN202010422149.4	A_000313
CN202010422562.0	A_001603
CN202010425654.4	A_000316
CN202010429838.8	A_001604
CN202010433963.6	A_001605
CN202010437382.X	A_001606
CN202010439770.1	A_000377
CN202010440592.4	A_001607
CN202010440677.2	A_001607
CN202010442134.4	A_001608
CN202010444160.0	A_001609
CN202010448550.5	A_001610
CN202010455389.4	A_001071
CN202010455389.4	A_001072
CN202010458542.9	A_000405
CN202010458579.1	A_001611
CN202010464113.2	A_001612
CN202010464775.X	A_001613
CN202010467181.4	A_000884
CN202010484690.8	A_001614
CN202010484690.8	A_000326
CN202010485740.4	A_001615
CN202010488294.2	A_001616
CN202010488440.1	A_001616
CN202010491568.3	A_000304
CN202010491570.0	A_000304
CN202010491690.0	A_000304
CN202010492439.6	A_001578
CN202010497230.9	A_001617
CN202010498364.2	A_001618
CN202010499912.3	A_001619
CN202010503736.6	A_000955
CN202010505408.X	A_000464
CN202010507695.8	A_001620
CN202010508870.5	A_001621
CN202010509311.6	A_001622
CN202010509311.6	A_001623
CN202010509479.7	A_001624
CN202010510954.2	A_001625
CN202010512447.2	A_001626
CN202010516016.3	A_001627
CN202010518122.5	A_001628
CN202010521071.1	A_001003
CN202010525066.8	A_001629
CN202010527065.7	A_001630
CN202010528339.4	A_001631
CN202010537609.8	A_001632
CN202010541144.3	A_001616
CN202010542127.1	A_000316
CN202010547134.0	A_001621
CN202010558375.5	A_001633
CN202010560788.7	A_000315
CN202010560788.7	A_001634
CN202010563154.7	A_000299
CN202010566579.3	A_001616
CN202010567817.2	A_000198
CN202010568048.8	A_001600
CN202010568048.8	A_001601
CN202010570644.X	A_001616
CN202010575789.9	A_001635
CN202010594065.9	A_000164
CN202010596434.8	A_001636
CN202010596653.6	A_001637
CN202010596674.8	A_001637
CN202010606175.2	A_001638
CN202010606175.2	A_001639
CN202010608340.8	A_001640
CN202010623181.9	A_001641
CN202010628101.9	A_001642
CN202010633679.3	A_000709
CN202010634421.5	A_001643
CN202010641362.4	A_001644
CN202010641836.5	A_001645
CN202010644160.5	A_001646
CN202010644739.1	A_000407
CN202010647099.X	A_000884
CN202010649912.7	A_000996
CN202010655359.8	A_000407
CN202010656401.8	A_001600
CN202010656401.8	A_001601
CN202010662887.6	A_001647
CN202010664426.2	A_000333
CN202010684516.8	A_000182
CN202010684516.8	A_001648
CN202010691797.X	A_000641
CN202010691859.7	A_001649
CN202010694358.4	A_000196
CN202010694858.8	A_001650
CN202010697779.2	A_001651
CN202010699856.8	A_001652
CN202010699856.8	A_001653
CN202010700739.9	A_001654
CN202010700739.9	A_001655
CN202010701150.0	A_001656
CN202010701536.1	A_000704
CN202010703882.3	A_001657
CN202010704710.8	A_001658
CN202010707885.4	A_001659
CN202010708166.4	A_001660
CN202010708399.4	A_000735
CN202010709286.6	A_000294
CN202010712588.9	A_000914
CN202010713854.X	A_001661
CN202010720341.1	A_001662
CN202010720515.4	A_001663
CN202010720784.0	A_001664
CN202010721336.2	A_001665
CN202010722821.1	A_000845
CN202010731982.7	A_001666
CN202010732271.1	A_001667
CN202010733586.8	A_000884
CN202010734806.9	A_001668
CN202010737889.7	A_000134
CN202010737894.8	A_000134
CN202010738268.0	A_001669
CN202010739499.3	A_000333
CN202010739927.2	A_000134
CN202010739934.2	A_001670
CN202010750459.9	A_001671
CN202010752140.X	A_001672
CN202010753124.2	A_001673
CN202010757460.4	A_001674
CN202010762821.4	A_000222
CN202010765479.3	A_000182
CN202010767702.8	A_000543
CN202010768427.1	A_001675
CN202010772238.1	A_001000
CN202010774035.6	A_001676
CN202010776957.0	A_001677
CN202010792130.9	A_000182
CN202010794213.1	A_001678
CN202010794213.1	A_001679
CN202010794213.1	A_001680
CN202010798149.4	A_001681
CN202010800040.X	A_001682
CN202010805056.X	A_001683
CN202010813931.9	A_000469
CN202010815864.4	A_001684
CN202010822940.4	A_001657
CN202010823308.1	A_001685
CN202010826140.X	A_001686
CN202010827168.5	A_000333
CN202010827346.4	A_001687
CN202010829878.1	A_000542
CN202010832694.0	A_001688
CN202010832829.3	A_000469
CN202010834218.2	A_001689
CN202010835379.3	A_000990
CN202010838229.8	A_001131
CN202010838515.4	A_001110
CN202010841400.0	A_001690
CN202010843818.5	A_001691
CN202010849741.2	A_001692
CN202010853388.5	A_001693
CN202010856902.0	A_001694
CN202010859974.0	A_000304
CN202010866790.7	A_001695
CN202010870718.1	A_001696
CN202010875915.2	A_001697
CN202010877121.X	A_001698
CN202010877435.X	A_001699
CN202010880845.X	A_001700
CN202010882062.5	A_000377
CN202010884865.4	A_001659
CN202010891535.8	A_001701
CN202010891741.9	A_000222
CN202010894040.0	A_001702
CN202010898880.4	A_001703
CN202010899912.2	A_000543
CN202010899998.9	A_000222
CN202010901203.3	A_001704
CN202010901889.6	A_000511
CN202010907570.4	A_001705
CN202010910070.6	A_000231
CN202010913245.9	A_000458
CN202010914692.6	A_000994
CN202010927931.1	A_000182
CN202010927933.0	A_000182
CN202010928417.X	A_001706
CN202010936004.6	A_001707
CN202010937240.X	A_001708
CN202010939600.X	A_001709
CN202010940251.3	A_000351
CN202010946380.3	A_000609
CN202010946380.3	A_000405
CN202010951356.9	A_001710
CN202010952072.1	A_001711
CN202010952539.2	A_000538
CN202010953185.3	A_001685
CN202010955607.0	A_000543
CN202010955707.3	A_000543
CN202010956492.7	A_000543
CN202010956903.2	A_001712
CN202010962228.4	A_001029
CN202010978999.2	A_001713
CN202010980815.6	A_001714
CN202010981551.6	A_001707
CN2020109821W	A_001688
CN2020109821W	A_001715
CN202010992252.2	A_001716
CN202010998441.0	A_000634
CN202010998906.2	A_000735
CN202010998946.7	A_000377
CN202011001408.2	A_000371
CN202011008036.6	A_001717
CN202011008570.7	A_001718
CN202011019167.4	A_001304
CN202011019167.4	A_001305
CN202011019585.3	A_001719
CN202011025857.0	A_001720
CN202011025871.0	A_001721
CN202011031773.8	A_001722
CN202011037988.0	A_000375
CN202011052397.0	A_001723
CN202011055290.1	A_001604
CN202011055332.1	A_001724
CN202011055332.1	A_000384
CN202011058172.6	A_001671
CN202011058256.X	A_001445
CN202011059838.X	A_000337
CN202011063420.6	A_001725
CN202011070705.2	A_001726
CN202011073742.9	A_001546
CN202011076311.8	A_001727
CN202011078307.5	A_001143
CN202011078592.0	A_001728
CN202011083467.9	A_001729
CN202011085634.3	A_001730
CN202011087915.2	A_001731
CN202011089364.3	A_001726
CN202011092411.X	A_001732
CN202011095254.8	A_001733
CN202011096058.2	A_001734
CN202011098788.6	A_001735
CN202011098990.9	A_001143
CN202011106378.1	A_000196
CN202011107921.X	A_001736
CN202011108637.4	A_001737
CN202011117665.2	A_001738
CN202011117739.2	A_001739
CN202011118313.9	A_001143
CN202011136218.1	A_001636
CN202011141862.8	A_001740
CN202011146479.1	A_001741
CN202011148249.9	A_000223
CN202011148669.7	A_000222
CN202011166478.3	A_000749
CN202011169255.2	A_000182
CN202011173094.4	A_001742
CN202011173132.6	A_001743
CN202011174661.8	A_001744
CN202011181709.8	A_001745
CN202011181709.8	A_000384
CN202011181812.2	A_001746
CN202011192565.6	A_000345
CN202011192725.7	A_000387
CN202011194585.7	A_001747
CN202011196036.3	A_001150
CN202011197153.1	A_000345
CN202011198923.4	A_001748
CN202011199148.4	A_001749
CN202011199961.1	A_000345
CN202011200315.2	A_000345
CN202011202285.9	A_001750
CN202011203235.2	A_000276
CN202011206142.5	A_001751
CN202011208784.9	A_001752
CN202011210223.2	A_001753
CN202011212354.4	A_001323
CN202011212354.4	A_001324
CN202011213115.0	A_000345
CN202011218679.3	A_001445
CN202011219816.5	A_001754
CN202011223949.X	A_000294
CN202011226577.6	A_000893
CN202011226920.7	A_001755
CN202011230454.X	A_001756
CN202011231361.9	A_001757
CN202011231627.X	A_001758
CN202011231907.0	A_001759
CN202011232984.8	A_001725
CN202011233864.X	A_001760
CN202011233932.2	A_001725
CN202011234052.7	A_001761
CN202011235947.2	A_001762
CN202011235954.2	A_000810
CN202011239654.1	A_001149
CN202011241231.3	A_001200
CN202011251464.1	A_000196
CN202011255888.5	A_001763
CN202011258491.1	A_000198
CN202011260532.0	A_001068
CN202011261814.2	A_001764
CN202011262363.4	A_001765
CN202011263466.2	A_001766
CN202011265184.6	A_000384
CN202011265184.6	A_001767
CN202011268088.7	A_001768
CN202011274759.0	A_001399
CN202011274759.0	A_000384
CN202011274784.9	A_001399
CN202011274784.9	A_000384
CN202011274808.0	A_001399
CN202011274808.0	A_000384
CN202011275342.6	A_000461
CN202011275342.6	A_000304
CN202011277474.2	A_001769
CN202011278659.5	A_001770
CN202011279739.2	A_001771
CN202011280213.6	A_000614
CN202011292273.X	A_001324
CN202011293099.0	A_001772
CN202011295706.7	A_000477
CN202011296391.8	A_001773
CN202011296391.8	A_000384
CN202011297716.4	A_001774
CN202011300279.7	A_000509
CN202011302896.0	A_001775
CN202011305920.6	A_001025
CN202011306522.6	A_000469
CN202011306891.5	A_001775
CN202011307643.2	A_000477
CN202011315189.5	A_000998
CN202011316742.7	A_000345
CN202011318316.7	A_001776
CN202011319097.4	A_001776
CN202011320199.8	A_001777
CN202011321481.8	A_001778
CN202011332292.0	A_001671
CN202011334723.7	A_000252
CN202011335789.8	A_001779
CN202011336712.2	A_001132
CN202011336712.2	A_000778
CN202011337407.5	A_001780
CN202011342076.4	A_001725
CN202011342096.1	A_001725
CN202011342132.4	A_001725
CN202011342140.9	A_001725
CN202011342156.X	A_001725
CN202011345209.3	A_001781
CN202011346736.6	A_001725
CN202011346774.1	A_001725
CN202011346881.4	A_001725
CN202011346892.2	A_001725
CN202011347079.7	A_000730
CN202011353624.3	A_001782
CN202011354278.0	A_000893
CN202011361209.2	A_000554
CN202011361462.8	A_000893
CN202011363958.9	A_001783
CN202011363970.X	A_001783
CN202011367236.0	A_000255
CN202011367236.0	A_001579
CN202011368543.0	A_000222
CN202011368543.0	A_001784
CN202011369672.1	A_000196
CN202011373318.6	A_001785
CN202011376132.6	A_000394
CN202011376422.0	A_001786
CN202011380500.4	A_001787
CN202011395116.1	A_001109
CN202011396607.8	A_001788
CN202011401722.X	A_001789
CN202011406708.9	A_001790
CN202011427484.X	A_001791
CN202011428759.1	A_001792
CN202011436572.6	A_001445
CN202011444335.4	A_000553
CN202011446554.6	A_001793
CN202011461817.0	A_001794
CN202011463335.9	A_000345
CN202011465025.0	A_001795
CN202011468370.X	A_000252
CN202011469424.4	A_001796
CN202011480031.3	A_001797
CN202011480419.3	A_000543
CN202011480505.4	A_001798
CN202011480505.4	A_001799
CN202011480583.4	A_001800
CN202011482959.5	A_001801
CN202011483400.4	A_000543
CN202011489235.3	A_001802
CN202011500798.8	A_001803
CN202011501780.X	A_001804
CN202011506884.X	A_000564
CN202011509146.0	A_001136
CN202011509877.5	A_001805
CN202011511499.4	A_001806
CN202011515342.9	A_001136
CN202011516440.4	A_001807
CN202011522090.2	A_000614
CN202011522411.9	A_001808
CN202011528733.4	A_001809
CN202011533132.2	A_001810
CN202011533706.6	A_001811
CN202011534758.5	A_000417
CN202011536709.5	A_001812
CN202011543155.1	A_001813
CN202011543402.8	A_001377
CN202011543782.5	A_001814
CN202011548872.3	A_001815
CN202011549700.8	A_001808
CN202011556065.6	A_000496
CN202011557594.8	A_000144
CN202011557923.9	A_000496
CN202011560460.1	A_001816
CN202011561015.7	A_001817
CN202011567596.5	A_001018
CN202011567713.8	A_000614
CN202011568390.4	A_000735
CN202011572250.4	A_001818
CN202011572803.6	A_001171
CN202011573050.0	A_000345
CN202011575583.2	A_001819
CN202011586643.0	A_001820
CN202011591240.5	A_001821
CN202011597862.9	A_001822
CN202011599521.5	A_000496
CN202011603703.5	A_001774
CN202011609694.0	A_001823
CN202011613530.5	A_000182
CN202011614238.5	A_001183
CN202011620716.3	A_000830
CN202011623000.9	A_001824
CN202011623225.4	A_001136
CN202011624183.6	A_000990
CN202011633428.1	A_001825
CN202011639259.2	A_001826
CN202011641641.7	A_001826
CN202011643439.8	A_000543
CN202011643976.2	A_000496
CN2020120469W	A_000128
CN2020120469W	A_000129
CN2020124377W	A_000514
CN2020124377W	A_001827
CN2020125136W	A_000915
CN2020125136W	A_001828
CN2020130704W	A_001725
CN202020001138.4	A_001829
CN202020004301.2	A_001830
CN202020005360.1	A_001831
CN202020013699.6	A_001539
CN202020014328.X	A_001832
CN202020016008.8	A_001833
CN202020016151.7	A_001834
CN202020021293.2	A_001835
CN202020021979.1	A_001540
CN202020025646.6	A_001836
CN202020027057.1	A_001541
CN202020027064.1	A_001541
CN202020027065.6	A_001541
CN202020027732.0	A_001541
CN202020031487.0	A_000128
CN202020034760.5	A_000349
CN202020035396.4	A_001541
CN202020048751.1	A_001837
CN202020053256.X	A_001621
CN202020061632.X	A_001838
CN202020065933.X	A_001505
CN202020070093.6	A_001505
CN202020071853.5	A_001839
CN202020072307.3	A_001840
CN202020073930.0	A_001841
CN202020076462.2	A_001842
CN202020077110.9	A_001505
CN202020080515.8	A_001843
CN202020080515.8	A_001844
CN202020087664.7	A_001845
CN202020087734.9	A_001845
CN202020091748.8	A_001506
CN202020097160.3	A_001544
CN202020098114.5	A_001508
CN202020101818.3	A_000273
CN202020104796.6	A_001846
CN202020106867.6	A_001847
CN202020106886.9	A_001451
CN202020112509.6	A_001848
CN202020130814.8	A_001849
CN202020138060.0	A_001048
CN202020140137.8	A_001850
CN202020140439.5	A_000767
CN202020148694.4	A_001851
CN202020149076.1	A_001852
CN202020154062.9	A_001853
CN202020157230.X	A_001854
CN202020157394.2	A_000476
CN202020157557.7	A_001855
CN202020159919.6	A_001399
CN202020161279.2	A_000850
CN202020161289.6	A_000850
CN202020161687.8	A_001856
CN202020161702.9	A_001857
CN202020168414.6	A_001070
CN202020169705.7	A_001858
CN202020170817.4	A_001859
CN202020171261.0	A_001860
CN202020176193.7	A_000273
CN202020183033.5	A_000992
CN202020183037.3	A_000992
CN202020183223.7	A_001861
CN202020185732.3	A_001862
CN202020188614.8	A_001863
CN202020189167.8	A_001864
CN202020189196.4	A_001865
CN202020196376.5	A_000681
CN202020201729.6	A_000729
CN202020202210.X	A_001866
CN202020202482.X	A_000729
CN202020206173.X	A_001867
CN202020206173.X	A_001868
CN202020206173.X	A_001869
CN202020206173.X	A_001870
CN202020206173.X	A_001871
CN202020206173.X	A_001872
CN202020209994.9	A_001590
CN202020210541.8	A_001345
CN202020212889.0	A_001873
CN202020219580.4	A_000377
CN202020221855.8	A_000709
CN202020222745.3	A_000709
CN202020227931.6	A_001860
CN202020228353.8	A_001474
CN202020248232.X	A_001874
CN202020250166.X	A_001875
CN202020252780.X	A_001876
CN202020254855.8	A_001877
CN202020256536.0	A_001878
CN202020259520.5	A_001879
CN202020261052.5	A_001880
CN202020262944.7	A_001881
CN202020267251.7	A_001556
CN202020281192.9	A_001882
CN202020295751.1	A_000346
CN202020297420.1	A_000543
CN202020297716.3	A_001464
CN202020299039.9	A_000543
CN202020302470.4	A_001883
CN202020302481.2	A_001884
CN202020304864.3	A_001659
CN202020307583.3	A_001885
CN202020314316.9	A_001886
CN202020315774.4	A_001887
CN202020315774.4	A_001888
CN202020315774.4	A_001889
CN202020320846.4	A_000510
CN202020322323.3	A_001594
CN202020329295.8	A_001890
CN202020329295.8	A_001891
CN202020335525.1	A_001847
CN202020342467.5	A_001892
CN202020343298.7	A_001893
CN202020350908.6	A_001049
CN202020352661.1	A_001894
CN202020355391.X	A_001895
CN202020355840.0	A_000369
CN202020365157.5	A_000667
CN202020368626.9	A_001896
CN202020375470.7	A_000310
CN202020396568.0	A_001581
CN202020396568.0	A_000416
CN202020399984.6	A_001897
CN202020399984.6	A_001898
CN202020401142.X	A_001899
CN202020414941.0	A_001196
CN202020425502.X	A_001574
CN202020427067.4	A_000369
CN202020428773.0	A_000784
CN202020430809.9	A_001718
CN202020436175.8	A_001900
CN202020438073.X	A_001901
CN202020440340.7	A_001598
CN202020461511.4	A_001902
CN202020473300.2	A_001903
CN202020480670.9	A_000998
CN202020481514.4	A_001904
CN202020485026.0	A_001905
CN202020493683.X	A_001906
CN202020505296.3	A_000245
CN202020505822.6	A_001907
CN202020510115.6	A_001908
CN202020517172.7	A_001909
CN202020517172.7	A_001910
CN202020518308.6	A_001911
CN202020526968.9	A_000469
CN202020529165.9	A_001912
CN202020532276.5	A_000380
CN202020535761.8	A_001913
CN202020536025.4	A_001914
CN202020541019.8	A_001821
CN202020564493.2	A_001915
CN202020568956.2	A_001916
CN202020570319.9	A_001917
CN202020574498.3	A_001918
CN202020589554.0	A_001919
CN202020589575.2	A_001919
CN202020590465.8	A_001920
CN202020594948.5	A_001587
CN202020599302.6	A_001921
CN202020604072.8	A_001922
CN202020605299.4	A_000269
CN202020610277.7	A_001923
CN202020610277.7	A_001924
CN202020612959.1	A_000128
CN202020619322.5	A_001925
CN202020639062.8	A_001926
CN202020650347.1	A_001429
CN202020650586.7	A_001927
CN202020658885.5	A_000998
CN202020667522.8	A_000128
CN202020684515.9	A_001928
CN202020685204.4	A_001429
CN202020685927.4	A_001929
CN202020690833.6	A_001930
CN202020690860.3	A_001931
CN202020690926.9	A_001932
CN202020703269.7	A_000182
CN202020717199.0	A_000304
CN202020717199.0	A_001933
CN202020719296.3	A_000730
CN202020722715.9	A_001934
CN202020739147.3	A_001935
CN202020742016.0	A_001936
CN202020742706.6	A_001937
CN202020749093.9	A_001598
CN202020749358.5	A_001938
CN202020750998.8	A_001939
CN202020753746.0	A_001215
CN202020755591.4	A_001940
CN202020758730.9	A_001941
CN202020759867.6	A_001942
CN202020769695.0	A_001943
CN202020770674.0	A_001944
CN202020773699.6	A_001945
CN202020787313.7	A_000764
CN202020827911.2	A_001920
CN202020828081.5	A_001946
CN202020829662.0	A_001946
CN202020832560.4	A_001947
CN202020841379.X	A_001948
CN202020843579.9	A_001949
CN202020845411.1	A_001950
CN202020846104.5	A_001951
CN202020847389.4	A_000631
CN202020850737.3	A_001946
CN202020853550.9	A_001952
CN202020854197.6	A_001953
CN202020855425.1	A_001954
CN202020855583.7	A_001954
CN202020855785.1	A_000326
CN202020855848.3	A_000523
CN202020858002.5	A_001605
CN202020858401.1	A_001955
CN202020873027.2	A_001607
CN202020873326.6	A_001607
CN202020873994.9	A_001607
CN202020874893.3	A_001956
CN202020886151.2	A_001578
CN202020891302.3	A_000704
CN202020891516.0	A_001957
CN202020899865.7	A_001958
CN202020903921.X	A_001959
CN202020906906.0	A_001960
CN202020907537.7	A_001961
CN202020917152.9	A_001323
CN202020917152.9	A_001324
CN202020920403.9	A_000422
CN202020922015.4	A_001962
CN202020924223.8	A_001959
CN202020924318.X	A_001959
CN202020928806.8	A_001963
CN202020943208.8	A_000317
CN202020947587.8	A_001964
CN202020951473.0	A_001965
CN202020951544.7	A_001963
CN202020954928.4	A_001966
CN202020954929.9	A_001967
CN202020962017.6	A_000730
CN202020967037.2	A_001849
CN202020968881.7	A_000641
CN202020968881.7	A_001968
CN202020969874.9	A_001969
CN202020982167.3	A_001970
CN202020986584.5	A_001971
CN202020986902.8	A_001972
CN202021005861.6	A_001973
CN202021007604.6	A_001973
CN202021016998.1	A_001974
CN202021025337.5	A_000764
CN202021028017.5	A_001975
CN202021029371.X	A_001976
CN202021030491.1	A_000494
CN202021033460.1	A_001977
CN202021036467.9	A_000494
CN202021071358.0	A_001978
CN202021079165.X	A_000245
CN202021079581.X	A_001979
CN202021112401.3	A_001980
CN202021117016.8	A_001981
CN202021118628.9	A_001982
CN202021132043.2	A_001983
CN202021140191.9	A_001984
CN202021145805.2	A_000198
CN202021155349.X	A_001985
CN202021172317.0	A_001986
CN202021181641.9	A_001987
CN202021192320.9	A_001988
CN202021198780.2	A_001989
CN202021202765.0	A_001990
CN202021222180.5	A_001637
CN202021223910.3	A_001991
CN202021223910.3	A_001992
CN202021223910.3	A_001993
CN202021226016.1	A_001633
CN202021227298.7	A_001633
CN202021232061.8	A_000194
CN202021237168.1	A_001994
CN202021239158.1	A_000559
CN202021248143.1	A_000128
CN202021251249.7	A_001637
CN202021254090.4	A_000326
CN202021256598.8	A_001995
CN202021268382.3	A_001996
CN202021274868.8	A_000432
CN202021279974.5	A_001997
CN202021281665.1	A_001998
CN202021282344.3	A_001999
CN202021305671.6	A_002000
CN202021320039.9	A_002001
CN202021320039.9	A_000384
CN202021324391.X	A_002002
CN202021330212.3	A_001847
CN202021330868.5	A_000330
CN202021332036.7	A_000865
CN202021338168.0	A_002003
CN202021344702.9	A_002004
CN202021345271.8	A_002005
CN202021345905.X	A_001805
CN202021347892.X	A_002006
CN202021353122.6	A_002007
CN202021354026.3	A_002008
CN202021354055.X	A_002008
CN202021362461.0	A_001847
CN202021364630.4	A_000543
CN202021364671.3	A_002009
CN202021369424.2	A_001625
CN202021372683.0	A_002010
CN202021389332.0	A_002011
CN202021390207.1	A_002012
CN202021390233.4	A_002012
CN202021393958.9	A_002013
CN202021394550.3	A_002011
CN202021405403.1	A_002014
CN202021405403.1	A_002015
CN202021406020.6	A_001651
CN202021408546.8	A_002011
CN202021408596.6	A_002011
CN202021411093.4	A_002016
CN202021427652.0	A_002017
CN202021434596.3	A_000704
CN202021437287.1	A_001048
CN202021444210.7	A_002018
CN202021448670.7	A_000730
CN202021449250.0	A_002019
CN202021453060.6	A_002020
CN202021465551.2	A_002021
CN202021467013.7	A_002022
CN202021471463.3	A_002023
CN202021474203.1	A_002024
CN202021489158.7	A_002025
CN202021496558.0	A_002026
CN202021507988.8	A_002027
CN202021513465.4	A_002028
CN202021514437.4	A_002029
CN202021516518.8	A_000333
CN202021518370.1	A_002030
CN202021519360.X	A_001988
CN202021532310.5	A_002031
CN202021534873.8	A_002032
CN202021534945.9	A_001966
CN202021539496.7	A_002033
CN202021543714.4	A_002034
CN202021548852.1	A_000191
CN202021549541.7	A_002035
CN202021549541.7	A_002036
CN202021556449.3	A_002037
CN202021568797.2	A_002038
CN202021575621.X	A_002039
CN202021576326.6	A_002040
CN202021582855.7	A_001933
CN202021583153.0	A_002041
CN202021583153.0	A_002042
CN202021584490.1	A_002043
CN202021591694.8	A_001000
CN202021592694.X	A_001676
CN202021594298.0	A_001676
CN202021607630.2	A_000543
CN202021616460.4	A_002044
CN202021616478.4	A_002044
CN202021616526.X	A_001820
CN202021617292.0	A_002044
CN202021620808.7	A_002045
CN202021622133.X	A_000710
CN202021624725.5	A_002046
CN202021636575.X	A_001257
CN202021638683.0	A_000128
CN202021645097.9	A_002047
CN202021649434.1	A_002048
CN202021649434.1	A_002049
CN202021650265.3	A_002050
CN202021653640.X	A_002051
CN202021659815.8	A_002052
CN202021666293.4	A_002053
CN202021667419.X	A_002054
CN202021675171.1	A_002055
CN202021678416.6	A_002056
CN202021682232.7	A_002057
CN202021689764.3	A_002058
CN202021706882.0	A_001685
CN202021730004.2	A_002059
CN202021730177.4	A_002059
CN202021730179.3	A_002059
CN202021731060.8	A_001627
CN202021732018.8	A_001060
CN202021742412.X	A_001366
CN202021756056.7	A_002060
CN202021758999.3	A_002061
CN202021761174.7	A_001413
CN202021761473.0	A_001413
CN202021767844.6	A_002062
CN202021767852.0	A_002062
CN202021769008.1	A_002063
CN202021769009.6	A_002063
CN202021777630.7	A_002064
CN202021786967.4	A_000374
CN202021788930.5	A_002061
CN202021798115.7	A_001950
CN202021806572.6	A_000194
CN202021807748.X	A_002065
CN202021809954.4	A_002066
CN202021812025.9	A_002067
CN202021817958.7	A_001820
CN202021817963.8	A_001820
CN202021817964.2	A_001820
CN202021827231.7	A_001700
CN202021831152.3	A_002068
CN202021832378.5	A_002069
CN202021835387.X	A_002070
CN202021836724.7	A_002071
CN202021837662.1	A_002072
CN202021847035.6	A_000232
CN202021849343.2	A_002073
CN202021852276.X	A_002074
CN202021858835.8	A_002075
CN202021859950.7	A_000222
CN202021877799.X	A_002076
CN202021883241.2	A_002077
CN202021885609.9	A_000509
CN202021889766.7	A_002078
CN202021904344.2	A_002079
CN202021913955.3	A_001139
CN202021923473.6	A_002080
CN202021926496.2	A_002081
CN202021926496.2	A_001773
CN202021926496.2	A_001602
CN202021926496.2	A_000384
CN202021930182.X	A_001820
CN202021932615.5	A_001820
CN202021934072.0	A_002082
CN202021934856.3	A_002083
CN202021934856.3	A_002084
CN202021939908.6	A_000353
CN202021943060.4	A_002085
CN202021944694.1	A_002086
CN202021950895.2	A_002087
CN202021957515.8	A_002088
CN202021964629.5	A_002089
CN202021974690.8	A_002090
CN202021981503.9	A_002091
CN202021984919.6	A_000323
CN202021991053.1	A_002092
CN202021994272.5	A_001657
CN202021994306.0	A_000543
CN202021994350.1	A_000543
CN202021995307.7	A_001847
CN202021995826.3	A_000543
CN202021995899.2	A_000543
CN202021996161.8	A_000543
CN202022003879.9	A_002092
CN202022003911.3	A_002092
CN202022009794.1	A_002091
CN202022016734.2	A_002093
CN202022028291.9	A_001820
CN202022028293.8	A_001820
CN202022030804.X	A_002094
CN202022038982.7	A_002095
CN202022041544.6	A_002096
CN202022047636.5	A_002097
CN202022048405.6	A_002098
CN202022056926.6	A_002099
CN202022066463.1	A_000977
CN202022082099.8	A_000634
CN202022087575.5	A_001428
CN202022088594.X	A_002100
CN202022105482.0	A_002101
CN202022113171.9	A_002102
CN202022116610.1	A_002103
CN202022119579.7	A_002104
CN202022122876.7	A_002104
CN202022134370.8	A_002105
CN202022143790.2	A_001234
CN202022145386.9	A_002106
CN202022147048.9	A_001480
CN202022148581.7	A_001229
CN202022149066.0	A_002107
CN202022154700.X	A_001282
CN202022162370.9	A_002108
CN202022170942.8	A_002109
CN202022170942.8	A_002110
CN202022170942.8	A_000384
CN202022174125.X	A_001103
CN202022209352.1	A_002111
CN202022209579.6	A_001885
CN202022217162.4	A_002056
CN202022225091.2	A_002112
CN202022226421.X	A_001726
CN202022227998.2	A_002113
CN202022234212.X	A_002114
CN202022235922.4	A_002115
CN202022253835.1	A_001729
CN202022260455.0	A_000416
CN202022260455.0	A_002116
CN202022262745.9	A_002117
CN202022263374.6	A_001731
CN202022269714.6	A_002118
CN202022276627.3	A_002119
CN202022292126.4	A_001735
CN202022303154.1	A_002120
CN202022310401.0	A_002121
CN202022310401.0	A_002122
CN202022310401.0	A_002123
CN202022310401.0	A_002124
CN202022310401.0	A_002125
CN202022310401.0	A_002126
CN202022313929.3	A_002127
CN202022320035.7	A_002128
CN202022320108.2	A_002128
CN202022335625.7	A_002129
CN202022341334.9	A_002130
CN202022353463.X	A_002131
CN202022353463.X	A_002132
CN202022353463.X	A_002133
CN202022353463.X	A_002134
CN202022360127.8	A_002135
CN202022362433.5	A_002136
CN202022365529.7	A_002137
CN202022365529.7	A_002138
CN202022370615.7	A_002139
CN202022371772.X	A_002140
CN202022376550.7	A_001451
CN202022382673.1	A_002141
CN202022382673.1	A_000384
CN202022400427.4	A_000182
CN202022401642.6	A_002142
CN202022408593.9	A_002143
CN202022414194.3	A_001164
CN202022415392.1	A_002096
CN202022417558.3	A_000749
CN202022418075.5	A_002119
CN202022422450.3	A_001164
CN202022441430.0	A_000543
CN202022447521.5	A_002144
CN202022448141.3	A_000976
CN202022450378.5	A_002145
CN202022450720.1	A_002146
CN202022462167.3	A_001988
CN202022468674.8	A_002147
CN202022471076.6	A_002148
CN202022477147.3	A_002146
CN202022482011.1	A_000976
CN202022482659.9	A_000387
CN202022490240.8	A_002149
CN202022494194.9	A_000614
CN202022494194.9	A_002150
CN202022495767.X	A_001445
CN202022504072.3	A_002151
CN202022507019.9	A_002152
CN202022509786.3	A_002153
CN202022513689.1	A_002154
CN202022542495.4	A_002155
CN202022547006.4	A_000182
CN202022550493.X	A_001725
CN202022551009.5	A_002156
CN202022551765.8	A_001725
CN202022560797.4	A_002157
CN202022579300.3	A_002158
CN202022589479.0	A_002159
CN202022593493.8	A_002160
CN202022597415.5	A_002161
CN202022597731.2	A_001763
CN202022597821.1	A_002162
CN202022602462.4	A_002163
CN202022613937.X	A_002164
CN202022630515.3	A_002165
CN202022634844.5	A_002166
CN202022635915.3	A_000738
CN202022641594.8	A_001769
CN202022643430.9	A_002167
CN202022655263.X	A_002168
CN202022657196.5	A_002169
CN202022657263.3	A_002170
CN202022663574.0	A_002171
CN202022667086.7	A_002172
CN202022669951.1	A_002170
CN202022669951.1	A_002173
CN202022670957.0	A_002174
CN202022675614.3	A_000564
CN202022678142.7	A_002175
CN202022682226.8	A_002176
CN202022691619.5	A_002108
CN202022694138.X	A_001775
CN202022704107.8	A_002177
CN202022709652.6	A_000564
CN202022710677.8	A_001906
CN202022710821.8	A_002178
CN202022725352.7	A_002179
CN202022729412.2	A_002180
CN202022747356.5	A_000417
CN202022750178.1	A_002181
CN202022753986.3	A_002182
CN202022764215.4	A_001503
CN202022767321.8	A_002183
CN202022767322.2	A_002183
CN202022769456.8	A_002184
CN202022775140.X	A_002185
CN202022776679.7	A_002186
CN202022777157.9	A_000569
CN202022778627.3	A_000602
CN202022778659.3	A_000602
CN202022788062.7	A_001725
CN202022789438.6	A_002187
CN202022790806.9	A_002188
CN202022794615.X	A_001783
CN202022802452.5	A_000865
CN202022807908.7	A_002189
CN202022823282.9	A_001785
CN202022823348.4	A_001785
CN202022829310.8	A_001786
CN202022869990.6	A_002190
CN202022874311.4	A_002139
CN202022874803.3	A_002191
CN202022877324.7	A_002192
CN202022880516.3	A_002191
CN202022885109.1	A_002193
CN202022889763.X	A_002194
CN202022891719.2	A_002195
CN202022899645.7	A_002196
CN202022902334.1	A_002197
CN202022922484.9	A_001946
CN202022922485.3	A_001946
CN202022925114.0	A_002198
CN202022928469.5	A_002199
CN202022929233.3	A_002200
CN202022929233.3	A_002201
CN202022963570.4	A_001600
CN202022966926.X	A_002202
CN202022971762.X	A_002203
CN202022980469.X	A_001429
CN202022984002.2	A_000547
CN202022987767.1	A_002204
CN202022989584.3	A_000128
CN202023005759.9	A_000731
CN202023019484.4	A_001723
CN202023019484.4	A_002205
CN202023019484.4	A_002206
CN202023019484.4	A_002207
CN202023023156.1	A_002208
CN202023023628.3	A_002209
CN202023025761.2	A_002210
CN202023026756.3	A_001801
CN202023044410.6	A_000543
CN202023045689.X	A_000543
CN202023048134.0	A_001791
CN202023053841.9	A_002211
CN202023054167.6	A_002212
CN202023060322.5	A_000543
CN202023079492.8	A_000547
CN202023092377.4	A_002213
CN202023098374.1	A_002214
CN202023098374.1	A_002215
CN202023115538.7	A_002186
CN202023122491.7	A_001810
CN202023126640.7	A_002216
CN202023135129.3	A_000564
CN202023135429.1	A_002217
CN202023155904.1	A_002218
CN202023155921.5	A_002218
CN202023156860.4	A_000927
CN202023170328.8	A_002219
CN202023171240.8	A_002220
CN202023175006.2	A_000745
CN202023175349.9	A_000745
CN202023176303.9	A_002221
CN202023188122.8	A_002222
CN202023194766.8	A_002223
CN202023209298.7	A_002224
CN202023209758.6	A_002225
CN202023227314.5	A_001820
CN202023233672.7	A_002226
CN202023239206.X	A_002227
CN202023241256.1	A_000614
CN202023243824.1	A_002228
CN202023244433.1	A_002229
CN202023250211.0	A_001821
CN202023255464.7	A_002230
CN202023257777.6	A_002231
CN202023262263.X	A_002232
CN202023262302.6	A_001136
CN202023269462.3	A_002233
CN202023277446.9	A_002234
CN202023283630.4	A_001183
CN202023285525.4	A_002234
CN202023292725.2	A_002235
CN202023302743.4	A_002139
CN202023306780.2	A_002236
CN202023314864.0	A_002237
CN202023331342.1	A_001865
CN202023332834.2	A_000927
CN202023340043.4	A_002238
CN202080012937.4	A_002239
CN202080015683.1	A_001520
CN202080016421.7	A_000128
CN202080030047.6	A_002240
CN202080030443.9	A_000128
CN202080032641.9	A_002239
CN202080044245.8	A_002241
CN202080049007.6	A_002242
CN202080064747.7	A_002243
CN202080064980.5	A_000375
CN202080081266.7	A_002244
CN202080090546.4	A_001525
CN202080097996.6	A_002245
CN202080106587.8	A_002246
CN202080106594.8	A_001688
CN2021085546W	A_002247
CN2021085546W	A_002248
CN202110000097.6	A_002249
CN202110002059.4	A_001540
CN202110006921.9	A_002250
CN202110008112.1	A_000469
CN202110016050.9	A_002251
CN202110017573.5	A_001429
CN202110020720.4	A_002252
CN202110020999.6	A_000294
CN202110020999.6	A_002253
CN202110026046.0	A_002254
CN202110029865.0	A_002255
CN202110030348.5	A_000182
CN202110036949.7	A_000237
CN202110052134.8	A_000140
CN202110052596.X	A_002256
CN202110053553.3	A_002257
CN202110056062.4	A_002258
CN202110060723.0	A_002259
CN202110065956.X	A_000304
CN202110066170.X	A_002260
CN202110073798.2	A_002261
CN202110073848.7	A_000452
CN202110073848.7	A_002262
CN202110074703.9	A_002263
CN202110080361.1	A_000469
CN202110082770.5	A_002264
CN202110085309.5	A_002265
CN202110085310.8	A_002265
CN202110086822.6	A_002266
CN202110099826.8	A_000304
CN202110109214.2	A_000517
CN202110112374.2	A_002267
CN202110119664.X	A_002268
CN202110124888.X	A_002249
CN202110129672.2	A_002269
CN202110129688.3	A_002269
CN202110130640.4	A_000324
CN202110130642.3	A_002270
CN202110131711.2	A_002271
CN202110147775.1	A_002272
CN202110148790.8	A_002273
CN202110153089.5	A_002274
CN202110165336.3	A_000460
CN202110169992.0	A_001918
CN202110173139.6	A_002275
CN202110173196.4	A_002276
CN202110173196.4	A_002277
CN202110173469.5	A_001595
CN202110178020.8	A_001003
CN202110182346.8	A_002278
CN202110185200.9	A_000469
CN202110189131.9	A_002279
CN202110191838.3	A_001581
CN202110191838.3	A_000416
CN202110193169.3	A_002280
CN202110193679.0	A_000318
CN202110195431.8	A_000816
CN202110198284.X	A_002281
CN202110200461.3	A_002282
CN202110202368.6	A_000211
CN202110210404.3	A_002283
CN2021102131W	A_000692
CN2021102131W	A_002284
CN202110216972.4	A_001433
CN202110219855.3	A_000614
CN202110220147.1	A_000968
CN202110220742.5	A_002285
CN202110228302.4	A_000198
CN202110228821.0	A_001957
CN202110229651.8	A_002286
CN202110229651.8	A_002287
CN202110232478.7	A_002288
CN202110234089.8	A_000439
CN202110238936.8	A_002289
CN202110239170.5	A_000182
CN202110243704.1	A_002290
CN202110247351.2	A_000304
CN202110249190.0	A_000194
CN202110250615.X	A_002291
CN202110257705.1	A_002292
CN202110261015.3	A_001361
CN202110266389.4	A_002293
CN202110268652.3	A_002294
CN202110272784.3	A_002295
CN202110272837.1	A_002296
CN202110273154.8	A_002297
CN202110273154.8	A_002298
CN202110273617.0	A_002299
CN202110275092.4	A_002300
CN202110275092.4	A_002301
CN202110275092.4	A_002302
CN202110278434.8	A_000252
CN202110287356.8	A_000177
CN202110288005.9	A_002303
CN202110290608.2	A_001750
CN202110293203.4	A_000338
CN202110295435.3	A_002304
CN202110295435.3	A_002305
CN202110298391.X	A_000469
CN202110305564.6	A_001190
CN202110319591.9	A_000304
CN202110319701.1	A_001170
CN202110321679.4	A_002306
CN202110321735.4	A_000987
CN202110330290.6	A_002307
CN202110334397.8	A_002308
CN202110343549.0	A_000317
CN202110344935.1	A_000273
CN202110347513.X	A_001026
CN202110348416.2	A_002309
CN202110348416.2	A_002310
CN202110358635.9	A_002311
CN202110358824.6	A_002312
CN202110359516.5	A_000893
CN202110365950.4	A_002313
CN202110371734.0	A_002314
CN202110371946.9	A_002315
CN202110374792.9	A_000614
CN202110375683.9	A_002309
CN202110376621.X	A_002316
CN202110377471.4	A_000517
CN202110382938.4	A_000990
CN202110384538.7	A_002317
CN202110385376.9	A_000998
CN202110385830.0	A_002318
CN202110388972.2	A_002319
CN202110392367.2	A_001307
CN202110395025.6	A_002320
CN202110395340.9	A_002321
CN202110398390.2	A_002322
CN202110400262.7	A_002323
CN202110400262.7	A_000416
CN202110401318.0	A_000998
CN202110402032.4	A_000294
CN202110404973.1	A_002324
CN202110407983.0	A_001049
CN202110412363.6	A_002325
CN202110414814.X	A_000336
CN202110417279.3	A_002326
CN202110423448.4	A_000304
CN202110426837.2	A_000968
CN202110429913.5	A_002327
CN202110431031.2	A_001676
CN202110432531.8	A_001676
CN202110442770.1	A_000228
CN202110444337.1	A_002328
CN202110445519.0	A_001918
CN202110446575.6	A_002329
CN202110448138.8	A_002330
CN202110448368.4	A_002331
CN202110452177.5	A_000338
CN202110453034.6	A_001730
CN202110453562.1	A_002332
CN202110454293.0	A_002333
CN202110454371.7	A_002334
CN202110462729.0	A_000694
CN202110464044.X	A_002335
CN202110464550.9	A_000485
CN202110473516.8	A_002336
CN202110473708.9	A_002337
CN202110475855.X	A_002338
CN202110478147.1	A_000314
CN202110483743.9	A_001307
CN202110490055.5	A_000326
CN202110491809.9	A_000252
CN202110491809.9	A_002339
CN202110491809.9	A_002340
CN202110493770.4	A_000294
CN202110495321.3	A_000182
CN202110495321.3	A_001648
CN202110499002.X	A_000338
CN202110502037.4	A_000294
CN202110509135.0	A_001053
CN202110512861.8	A_002341
CN202110517287.5	A_000574
CN202110519400.3	A_002342
CN202110519654.5	A_000915
CN202110524266.6	A_000326
CN202110529105.6	A_002343
CN202110532708.1	A_002344
CN202110540748.0	A_002091
CN202110542869.9	A_002345
CN202110546625.8	A_002270
CN202110546706.8	A_000947
CN202110549353.7	A_002346
CN202110552825.4	A_002201
CN202110552825.4	A_002347
CN202110554038.3	A_001129
CN202110559985.1	A_002348
CN202110560087.8	A_002349
CN202110568901.0	A_000394
CN202110573686.3	A_001082
CN202110574456.9	A_002350
CN202110576500.X	A_000338
CN202110581103.1	A_002351
CN202110587508.6	A_001129
CN202110590542.9	A_002352
CN202110595543.2	A_000315
CN202110595543.2	A_002353
CN202110596241.7	A_002354
CN202110596559.5	A_002355
CN202110598359.3	A_001616
CN202110600463.1	A_000913
CN202110602184.9	A_001109
CN202110607694.5	A_001807
CN202110607712.X	A_001807
CN202110609065.6	A_000810
CN202110609335.3	A_002356
CN202110612180.9	A_002357
CN202110615505.9	A_002358
CN202110620008.8	A_001639
CN202110627417.0	A_002359
CN202110631806.0	A_002360
CN202110632235.2	A_002360
CN202110639731.0	A_002361
CN202110639731.0	A_000384
CN202110639731.0	A_001177
CN202110639731.0	A_001133
CN202110642730.1	A_002362
CN202110648023.3	A_001026
CN202110650405.X	A_002363
CN202110650832.8	A_002364
CN202110656019.1	A_002365
CN202110668950.1	A_002366
CN202110669570.X	A_002367
CN202110670482.1	A_001026
CN202110679337.X	A_000543
CN202110679940.8	A_001594
CN202110681103.9	A_000198
CN202110682119.1	A_002368
CN202110685973.3	A_001933
CN202110685973.3	A_000304
CN202110698217.4	A_002369
CN202110701022.0	A_002370
CN202110704787.X	A_002371
CN202110713144.1	A_001137
CN202110713144.1	A_001138
CN202110718648.2	A_000730
CN202110719403.1	A_001155
CN202110721874.6	A_000543
CN202110722574.X	A_002199
CN202110722574.X	A_002372
CN202110722574.X	A_002373
CN202110731968.1	A_002374
CN202110745953.0	A_000304
CN202110746204.X	A_002375
CN202110748955.5	A_000476
CN202110749116.5	A_002376
CN202110750922.4	A_002377
CN202110751926.4	A_001636
CN202110753646.7	A_000543
CN202110753954.X	A_000998
CN202110754731.5	A_001826
CN202110759137.5	A_002378
CN202110759305.0	A_001147
CN202110769701.1	A_002379
CN202110769701.1	A_002380
CN202110771881.7	A_002381
CN202110774776.9	A_000338
CN202110783110.X	A_000134
CN202110783368.X	A_000906
CN202110783632.X	A_002382
CN202110784878.9	A_002383
CN202110800173.1	A_002312
CN202110800368.6	A_001015
CN202110800801.6	A_000517
CN202110807007.4	A_002384
CN202110808615.7	A_002385
CN202110814043.3	A_000326
CN202110817495.7	A_001818
CN202110820274.5	A_000351
CN202110821748.8	A_002386
CN202110822054.6	A_000622
CN202110822054.6	A_002387
CN202110823223.8	A_000898
CN202110826899.2	A_002388
CN202110826899.2	A_002389
CN202110833706.6	A_002390
CN202110836607.3	A_001600
CN202110838602.4	A_002391
CN202110838617.0	A_002391
CN202110841442.9	A_002392
CN202110844020.7	A_001053
CN202110844167.6	A_002393
CN202110845302.9	A_001053
CN202110851744.4	A_002394
CN202110851744.4	A_002395
CN202110855616.7	A_001805
CN202110855672.0	A_002396
CN202110855791.6	A_002364
CN202110859382.3	A_002338
CN202110863148.8	A_001613
CN202110864010.X	A_002397
CN202110868886.1	A_002360
CN202110870281.6	A_002398
CN202110870281.6	A_002399
CN202110871995.9	A_000507
CN202110871995.9	A_002400
CN202110871995.9	A_001542
CN202110876263.9	A_000517
CN202110886598.9	A_000222
CN202110886945.8	A_002401
CN202110887354.2	A_002402
CN202110892737.9	A_000182
CN202110894703.3	A_002403
CN202110899042.3	A_000294
CN202110908224.2	A_002404
CN202110913432.1	A_000294
CN202110920955.9	A_002405
CN202110921184.5	A_002406
CN202110923406.7	A_002407
CN202110932355.4	A_002408
CN202110938695.8	A_002408
CN202110939741.6	A_002408
CN202110941017.7	A_002409
CN202110947725.1	A_000564
CN202110951968.2	A_002392
CN202110959120.4	A_002410
CN202110960877.5	A_002411
CN202110967413.7	A_002412
CN202110969279.4	A_002413
CN202110973088.5	A_000294
CN202110975076.6	A_002414
CN202110979329.7	A_002259
CN202110989544.5	A_002415
CN202110998420.3	A_000695
CN202110999395.0	A_002416
CN202111001028.3	A_002417
CN202111002633.2	A_000864
CN202111004412.9	A_001132
CN202111004412.9	A_000778
CN202111006177.9	A_002418
CN202111007461.8	A_000222
CN202111007816.3	A_002418
CN202111010614.4	A_000182
CN202111011420.6	A_002419
CN202111012635.X	A_002408
CN202111014800.5	A_002420
CN202111014811.3	A_002420
CN202111014816.6	A_002420
CN202111019943.5	A_002421
CN202111022024.3	A_002422
CN202111023725.9	A_002422
CN202111024419.7	A_002422
CN202111025506.4	A_000315
CN202111025506.4	A_002423
CN202111026186.4	A_001503
CN202111028093.5	A_002424
CN202111031588.3	A_002419
CN202111043934.X	A_000294
CN202111050089.9	A_002425
CN202111050089.9	A_000636
CN202111050757.8	A_002426
CN202111052535.X	A_001155
CN202111056572.8	A_002427
CN202111059613.9	A_002057
CN202111059629.X	A_002057
CN202111059636.X	A_002428
CN202111063534.5	A_002429
CN202111064040.9	A_000996
CN202111066348.7	A_002428
CN202111070938.7	A_000304
CN202111074431.9	A_002430
CN202111074431.9	A_002431
CN202111075382.0	A_001029
CN202111079319.4	A_001312
CN202111079743.9	A_002432
CN202111081340.8	A_001015
CN202111085478.5	A_002433
CN202111086624.6	A_000182
CN202111086940.3	A_000393
CN202111086972.3	A_000393
CN202111088930.3	A_002345
CN202111095593.0	A_000543
CN202111095756.5	A_000992
CN202111101018.7	A_001143
CN202111103086.7	A_000395
CN202111105215.6	A_000517
CN202111109562.6	A_001765
CN202111122339.5	A_002434
CN202111123155.0	A_002435
CN202111123171.X	A_002435
CN202111124007.0	A_001742
CN202111128660.4	A_001202
CN202111146444.2	A_002436
CN202111154339.3	A_000294
CN202111154339.3	A_002437
CN202111157893.7	A_002438
CN202111158515.0	A_002438
CN202111162233.8	A_000377
CN202111163244.8	A_002439
CN202111163244.8	A_002440
CN202111167302.4	A_002441
CN202111168218.4	A_002442
CN202111170656.4	A_000318
CN202111172973.X	A_002443
CN202111172983.3	A_002443
CN202111176172.0	A_000345
CN202111177058.X	A_000345
CN202111179346.9	A_001155
CN202111181336.9	A_002444
CN202111187749.8	A_000543
CN202111194833.2	A_000517
CN202111195392.8	A_002445
CN202111204817.7	A_002299
CN202111206490.7	A_001369
CN202111208298.1	A_000182
CN202111211597.0	A_002360
CN202111211863.X	A_002446
CN202111211887.5	A_002447
CN202111217857.5	A_000245
CN202111220187.2	A_002141
CN202111220187.2	A_000384
CN202111222121.7	A_001365
CN202111225234.2	A_000135
CN202111231142.5	A_002448
CN202111232505.7	A_001365
CN202111233693.5	A_000177
CN202111234974.2	A_000749
CN202111235385.6	A_000177
CN202111236605.7	A_001616
CN202111236611.2	A_001616
CN202111248029.8	A_002449
CN202111251414.8	A_002360
CN202111251457.6	A_000182
CN202111252578.2	A_001399
CN202111252578.2	A_000384
CN202111256444.8	A_001933
CN202111256444.8	A_000304
CN202111258793.3	A_001794
CN202111260719.5	A_002450
CN202111266641.8	A_002451
CN202111271343.8	A_002452
CN202111271939.8	A_000157
CN202111275496.X	A_000543
CN202111275977.0	A_002451
CN202111279169.1	A_000998
CN202111281278.7	A_002453
CN202111281928.8	A_000517
CN202111283799.6	A_001155
CN202111284487.7	A_002454
CN202111284798.3	A_000157
CN202111285860.0	A_001710
CN202111290135.2	A_002455
CN202111292476.3	A_001433
CN202111293779.7	A_002456
CN202111296552.8	A_001616
CN202111297563.8	A_002247
CN202111299355.1	A_002457
CN202111300583.6	A_001029
CN202111301216.8	A_002458
CN202111301478.4	A_002459
CN202111302818.5	A_002460
CN202111303413.3	A_000730
CN202111307270.3	A_002461
CN202111311622.2	A_000294
CN202111316433.4	A_002462
CN202111316433.4	A_002463
CN202111316433.4	A_002464
CN202111316433.4	A_002465
CN202111318807.6	A_002466
CN202111318807.6	A_002467
CN202111320805.0	A_000294
CN202111335764.2	A_002468
CN202111340614.0	A_000349
CN202111341666.X	A_000543
CN202111350976.8	A_002469
CN202111351314.2	A_000517
CN202111352535.1	A_002470
CN202111352865.0	A_002471
CN202111352871.6	A_001029
CN202111362174.9	A_002472
CN202111364254.8	A_002473
CN202111364274.5	A_002473
CN202111371908.X	A_002474
CN202111374059.3	A_002475
CN202111374469.8	A_001118
CN202111376362.7	A_002476
CN202111376579.8	A_001133
CN202111381946.3	A_000345
CN202111381984.9	A_002477
CN202111382129.X	A_000345
CN202111382343.5	A_000345
CN202111382415.6	A_002478
CN202111387558.6	A_002463
CN202111390370.7	A_000196
CN202111391136.6	A_000345
CN202111391732.4	A_000345
CN202111391750.2	A_000345
CN202111391773.3	A_000345
CN202111394414.3	A_002479
CN202111399611.4	A_000698
CN202111406072.2	A_002480
CN202111411049.2	A_000294
CN202111414410.7	A_002481
CN202111427837.0	A_002365
CN202111432655.2	A_002422
CN202111432878.9	A_000326
CN202111435818.2	A_000128
CN202111445949.9	A_001139
CN202111447345.8	A_002482
CN202111450056.3	A_001136
CN202111451250.3	A_002483
CN202111452372.4	A_002484
CN202111452412.5	A_000245
CN202111459715.X	A_000294
CN202111466555.1	A_000462
CN202111470497.X	A_002485
CN202111470497.X	A_002486
CN202111471643.0	A_002487
CN202111472296.3	A_000547
CN202111473714.0	A_000253
CN202111474375.8	A_000222
CN202111487121.X	A_001616
CN202111487513.6	A_000294
CN202111488666.2	A_002488
CN202111493151.1	A_000564
CN202111493321.6	A_002489
CN202111493534.9	A_001099
CN202111497045.0	A_002490
CN202111499735.X	A_002491
CN202111504123.5	A_002492
CN202111505158.0	A_002493
CN202111506306.0	A_000990
CN202111508168.X	A_002494
CN202111513004.6	A_001296
CN202111513969.5	A_002495
CN202111539353.5	A_001136
CN202111541143.X	A_002496
CN202111553200.6	A_002497
CN202111554366.X	A_001774
CN202111556442.0	A_000388
CN202111557422.5	A_001616
CN202111561316.4	A_002091
CN202111562242.6	A_001616
CN202111562821.0	A_001958
CN202111563427.9	A_000564
CN202111565938.4	A_002498
CN202111565938.4	A_002499
CN202111568669.7	A_002500
CN202111575242.X	A_002501
CN202111578360.6	A_002502
CN202111581037.4	A_001616
CN202111596054.5	A_000182
CN202111610130.3	A_000394
CN202111611015.8	A_000394
CN202111613826.1	A_002436
CN202111615761.4	A_002503
CN202111623707.4	A_002268
CN202111629888.1	A_000614
CN202111630083.9	A_002504
CN202111646683.4	A_000614
CN202111650765.6	A_001725
CN202111662137.X	A_002436
CN202111665462.1	A_000168
CN202111667061.X	A_000971
CN202111667061.X	A_000304
CN202111668334.2	A_000564
CN202111668854.3	A_002505
CN202111670049.4	A_002506
CN202111674744.8	A_000543
CN202111677114.6	A_000162
CN202111677802.2	A_002507
CN2021122810W	A_002508
CN2021122810W	A_002509
CN2021130655W	A_000128
CN2021130655W	A_000129
CN2021142443W	A_002510
CN2021142443W	A_002511
CN202120007349.3	A_001540
CN202120016652.X	A_000394
CN202120019337.2	A_002512
CN202120022006.4	A_002513
CN202120022184.7	A_002514
CN202120035622.3	A_002075
CN202120072101.5	A_000992
CN202120079848.3	A_000469
CN202120092099.8	A_002515
CN202120092292.1	A_002515
CN202120097395.7	A_002516
CN202120099861.5	A_002516
CN202120118494.9	A_000202
CN202120120896.2	A_002517
CN202120137859.2	A_001709
CN202120138680.9	A_001848
CN202120138885.7	A_001441
CN202120139904.8	A_002518
CN202120141748.9	A_002519
CN202120169749.4	A_001162
CN202120169754.5	A_001162
CN202120169755.X	A_001162
CN202120181707.2	A_000764
CN202120189262.2	A_002520
CN202120228259.7	A_002521
CN202120230195.4	A_002522
CN202120230202.0	A_002523
CN202120247968.X	A_002524
CN202120254540.8	A_000128
CN202120266444.5	A_002525
CN202120266452.X	A_002037
CN202120270695.0	A_001484
CN202120278408.0	A_002526
CN202120278936.6	A_002527
CN202120288237.X	A_002179
CN202120295692.2	A_002528
CN202120303219.4	A_002529
CN202120303471.5	A_002530
CN202120305547.8	A_002531
CN202120306059.9	A_002532
CN202120306809.2	A_002533
CN202120310220.X	A_002534
CN202120311230.5	A_002535
CN202120311230.5	A_002536
CN202120311230.5	A_002537
CN202120315836.6	A_002538
CN202120322692.7	A_002539
CN202120329057.1	A_001155
CN202120342024.0	A_000523
CN202120346246.X	A_002540
CN202120348315.0	A_002541
CN202120353456.1	A_002542
CN202120356903.9	A_002543
CN202120360383.9	A_002544
CN202120368182.3	A_002545
CN202120377115.8	A_002546
CN202120377728.1	A_002547
CN202120386094.6	A_000821
CN202120394491.8	A_002548
CN202120398966.0	A_000211
CN202120414659.7	A_000915
CN202120415353.3	A_002549
CN202120427043.3	A_002550
CN202120429091.6	A_002551
CN202120436504.3	A_002552
CN202120439570.6	A_002257
CN202120459654.6	A_002553
CN202120468183.5	A_002554
CN202120468183.5	A_002555
CN202120470574.0	A_002556
CN202120470870.0	A_002295
CN202120481532.7	A_002557
CN202120487482.3	A_002558
CN202120490541.2	A_002559
CN202120491023.2	A_002560
CN202120494481.1	A_000336
CN202120498299.3	A_002561
CN202120506099.8	A_002562
CN202120510215.3	A_001361
CN202120515349.4	A_002563
CN202120521821.5	A_002564
CN202120525017.4	A_002565
CN202120535500.0	A_002566
CN202120535500.0	A_000384
CN202120543368.8	A_002567
CN202120547474.3	A_002568
CN202120549377.8	A_002569
CN202120559015.7	A_002570
CN202120559232.6	A_002571
CN202120576790.3	A_002572
CN202120579104.8	A_000452
CN202120579104.8	A_002262
CN202120587848.4	A_002573
CN202120589684.9	A_002574
CN202120594115.3	A_000631
CN202120598000.1	A_002575
CN202120599249.4	A_001763
CN202120604544.4	A_001417
CN202120604789.7	A_002576
CN202120608236.9	A_002577
CN202120615758.1	A_002572
CN202120617470.8	A_002578
CN202120623688.4	A_002579
CN202120633412.4	A_002580
CN202120635881.X	A_001574
CN202120637848.0	A_002581
CN202120638733.3	A_002582
CN202120646366.1	A_000128
CN202120648691.1	A_000184
CN202120652132.8	A_000139
CN202120656818.4	A_002583
CN202120657690.3	A_002584
CN202120661646.X	A_002469
CN202120675387.6	A_000416
CN202120675387.6	A_002585
CN202120676789.8	A_002586
CN202120680855.9	A_002046
CN202120681009.9	A_001939
CN202120683321.1	A_000998
CN202120688165.8	A_000811
CN202120691254.8	A_002587
CN202120695336.X	A_002588
CN202120696227.X	A_002589
CN202120701506.0	A_000299
CN202120701506.0	A_002590
CN202120719528.X	A_002591
CN202120721019.0	A_002589
CN202120736029.1	A_002592
CN202120738246.4	A_002593
CN202120740264.6	A_001547
CN202120746287.8	A_002594
CN202120755517.7	A_002595
CN202120757378.1	A_002596
CN202120763822.0	A_002091
CN202120777105.3	A_002597
CN202120780006.0	A_002075
CN202120784040.5	A_002072
CN202120788814.1	A_000998
CN202120792421.8	A_002199
CN202120801821.0	A_002598
CN202120809677.5	A_002599
CN202120828462.8	A_001196
CN202120838765.8	A_002600
CN202120852091.7	A_002601
CN202120854086.X	A_002602
CN202120860220.7	A_002603
CN202120860251.2	A_002604
CN202120862441.8	A_000194
CN202120869637.X	A_002605
CN202120875318.X	A_002606
CN202120877329.1	A_000697
CN202120882350.0	A_002607
CN202120882350.0	A_002608
CN202120882732.3	A_002607
CN202120882732.3	A_002608
CN202120890730.9	A_000692
CN202120895558.6	A_002609
CN202120902448.8	A_000799
CN202120902448.8	A_000798
CN202120920077.6	A_002610
CN202120937019.4	A_002611
CN202120938640.2	A_002612
CN202120939424.X	A_002613
CN202120943477.9	A_002614
CN202120943503.8	A_002614
CN202120955249.3	A_002615
CN202120967483.8	A_002610
CN202120967549.3	A_002610
CN202120970775.7	A_000692
CN202120971918.6	A_002616
CN202120971918.6	A_000384
CN202120971918.6	A_002617
CN202120972220.6	A_000446
CN202120973724.X	A_002618
CN202120976351.1	A_002619
CN202120985170.5	A_002620
CN202120995232.0	A_002621
CN202120996468.6	A_002622
CN202121013306.2	A_002623
CN202121017818.6	A_002624
CN202121021222.3	A_000867
CN202121021836.1	A_002625
CN202121023346.5	A_000867
CN202121026290.9	A_002626
CN202121031332.8	A_002627
CN202121031341.7	A_002627
CN202121031344.0	A_002627
CN202121035861.5	A_002343
CN202121036473.9	A_002628
CN202121037982.3	A_001369
CN202121048132.3	A_002629
CN202121059586.0	A_002630
CN202121059901.X	A_002631
CN202121066549.2	A_002201
CN202121066549.2	A_002347
CN202121069347.3	A_001063
CN202121073429.5	A_002632
CN202121074098.7	A_002633
CN202121080173.0	A_000135
CN202121080173.0	A_002634
CN202121096888.5	A_002635
CN202121098477.X	A_002636
CN202121098992.8	A_002637
CN202121102863.1	A_001863
CN202121123194.6	A_002031
CN202121124429.3	A_001540
CN202121124435.9	A_002638
CN202121125404.5	A_002639
CN202121126155.1	A_002640
CN202121165135.5	A_002056
CN202121202751.3	A_002641
CN202121203033.8	A_002642
CN202121206386.3	A_001807
CN202121206938.0	A_000336
CN202121214462.5	A_000202
CN202121233946.4	A_002643
CN202121233946.4	A_002644
CN202121233946.4	A_002645
CN202121247763.8	A_000223
CN202121254731.0	A_001197
CN202121256222.1	A_000543
CN202121268172.9	A_000135
CN202121268172.9	A_002634
CN202121269045.0	A_000988
CN202121271936.X	A_002646
CN202121273265.0	A_002647
CN202121276699.6	A_002648
CN202121297541.7	A_002649
CN202121302603.9	A_002650
CN202121315968.5	A_002651
CN202121315971.7	A_002651
CN202121318362.7	A_002652
CN202121322981.3	A_002653
CN202121339806.5	A_002654
CN202121343346.3	A_002655
CN202121352756.4	A_002656
CN202121354481.8	A_002657
CN202121361945.8	A_001594
CN202121375904.4	A_002658
CN202121383478.9	A_002659
CN202121383635.6	A_002660
CN202121385603.X	A_002661
CN202121390877.8	A_002662
CN202121393246.1	A_002663
CN202121399396.3	A_001616
CN202121421426.6	A_000395
CN202121423071.4	A_002664
CN202121444094.3	A_002561
CN202121445845.3	A_002472
CN202121445893.2	A_002561
CN202121447187.1	A_000730
CN202121449378.1	A_002665
CN202121454421.3	A_002666
CN202121461328.5	A_002667
CN202121468818.8	A_002668
CN202121472238.6	A_002669
CN202121497184.9	A_002670
CN202121501970.1	A_002671
CN202121508089.4	A_002672
CN202121512640.2	A_002673
CN202121517358.3	A_002674
CN202121526394.6	A_002675
CN202121536070.0	A_002676
CN202121542593.6	A_002288
CN202121560425.X	A_002677
CN202121561381.2	A_002671
CN202121563194.8	A_002678
CN202121586171.9	A_002679
CN202121597916.1	A_002680
CN202121599609.7	A_002680
CN202121611046.9	A_001015
CN202121652613.5	A_002681
CN202121655371.5	A_000622
CN202121655371.5	A_000187
CN202121667395.2	A_002682
CN202121677942.5	A_002683
CN202121698331.9	A_002684
CN202121704337.2	A_002596
CN202121722364.2	A_001945
CN202121723944.3	A_002675
CN202121743518.6	A_002685
CN202121744669.3	A_002686
CN202121744669.3	A_002687
CN202121747349.3	A_002686
CN202121762087.8	A_001920
CN202121764914.7	A_001920
CN202121783579.5	A_002688
CN202121785051.1	A_002689
CN202121785546.4	A_000457
CN202121785947.X	A_002690
CN202121799294.0	A_002691
CN202121800480.1	A_002692
CN202121802382.1	A_002693
CN202121804613.2	A_002694
CN202121808223.2	A_002695
CN202121808229.X	A_002695
CN202121828653.0	A_000406
CN202121832438.8	A_002696
CN202121834362.2	A_002697
CN202121840157.7	A_002698
CN202121842076.0	A_002699
CN202121862994.X	A_002700
CN202121868043.3	A_002699
CN202121877468.0	A_002406
CN202121882884.X	A_000898
CN202121884679.7	A_002701
CN202121888276.X	A_001756
CN202121888446.4	A_002702
CN202121896487.8	A_001325
CN202121898159.1	A_002703
CN202121903892.8	A_002704
CN202121921411.6	A_002705
CN202121925860.8	A_002706
CN202121928989.4	A_002707
CN202121933903.7	A_002075
CN202121950548.4	A_002708
CN202121954449.3	A_002709
CN202121996259.8	A_000953
CN202122004584.8	A_002710
CN202122013294.X	A_002711
CN202122017538.1	A_002712
CN202122031016.7	A_001723
CN202122042264.1	A_002713
CN202122045636.6	A_002714
CN202122059374.9	A_002715
CN202122075701.X	A_002716
CN202122078277.4	A_000763
CN202122081560.2	A_000336
CN202122094801.7	A_002701
CN202122101200.4	A_000223
CN202122110405.9	A_002424
CN202122129974.8	A_002717
CN202122141176.7	A_002699
CN202122147889.4	A_002718
CN202122150027.7	A_002719
CN202122150562.2	A_002720
CN202122157075.9	A_002721
CN202122162401.5	A_002722
CN202122164931.3	A_002723
CN202122171896.8	A_002724
CN202122173473.X	A_001877
CN202122192873.5	A_002706
CN202122200472.X	A_002725
CN202122204456.8	A_002726
CN202122225584.0	A_001029
CN202122233554.4	A_002727
CN202122238224.4	A_000496
CN202122242551.7	A_000413
CN202122242555.5	A_000413
CN202122247804.X	A_002728
CN202122248889.3	A_002729
CN202122249235.2	A_002730
CN202122259851.6	A_000596
CN202122264838.X	A_001015
CN202122268029.6	A_000543
CN202122292580.4	A_002731
CN202122292615.4	A_002732
CN202122295283.5	A_002733
CN202122298715.8	A_002734
CN202122298876.7	A_002735
CN202122302933.4	A_001659
CN202122303291.X	A_000953
CN202122310983.7	A_000128
CN202122317372.5	A_002736
CN202122317372.5	A_002737
CN202122320697.9	A_000977
CN202122325806.6	A_002738
CN202122334352.9	A_000380
CN202122343588.9	A_002739
CN202122345699.3	A_002740
CN202122345708.9	A_002741
CN202122348428.3	A_002742
CN202122349642.0	A_002743
CN202122351360.4	A_002742
CN202122354674.X	A_002739
CN202122357486.2	A_002744
CN202122366260.9	A_002745
CN202122370320.4	A_002746
CN202122373527.7	A_002738
CN202122374381.8	A_002747
CN202122387436.9	A_002748
CN202122400996.3	A_002438
CN202122401746.1	A_002749
CN202122406233.X	A_000387
CN202122412328.2	A_002719
CN202122428504.1	A_002750
CN202122428740.3	A_002751
CN202122441191.3	A_002752
CN202122441610.3	A_002753
CN202122442925.X	A_002754
CN202122442942.3	A_002755
CN202122445543.2	A_002756
CN202122446065.7	A_001540
CN202122502393.4	A_002757
CN202122514728.4	A_002758
CN202122515985.X	A_002759
CN202122515985.X	A_002760
CN202122522379.0	A_001044
CN202122528801.3	A_001979
CN202122561032.7	A_000476
CN202122570666.9	A_002761
CN202122592315.8	A_000182
CN202122595054.5	A_002762
CN202122595054.5	A_002763
CN202122595054.5	A_002764
CN202122595054.5	A_002765
CN202122595054.5	A_002766
CN202122597027.1	A_002767
CN202122598707.5	A_002768
CN202122598707.5	A_001568
CN202122626436.X	A_002769
CN202122628243.8	A_002436
CN202122637721.1	A_002770
CN202122641446.0	A_002771
CN202122642259.4	A_002772
CN202122650134.6	A_000374
CN202122651259.0	A_002773
CN202122666669.2	A_002774
CN202122666669.2	A_001197
CN202122677535.0	A_001433
CN202122680527.1	A_002775
CN202122682259.7	A_000891
CN202122726249.9	A_002467
CN202122736637.5	A_002776
CN202122743848.1	A_002777
CN202122744761.6	A_000294
CN202122756040.7	A_002778
CN202122768574.1	A_002779
CN202122781854.6	A_002780
CN202122789839.6	A_001139
CN202122790824.1	A_002781
CN202122797442.1	A_000128
CN202122805884.6	A_000139
CN202122807329.7	A_002782
CN202122815801.1	A_000296
CN202122816459.7	A_000296
CN202122816803.2	A_002783
CN202122816803.2	A_002784
CN202122826980.9	A_000554
CN202122850802.X	A_002785
CN202122854106.6	A_001485
CN202122856042.3	A_002568
CN202122872731.3	A_000196
CN202122875173.6	A_001709
CN202122878149.8	A_000677
CN202122878149.8	A_001044
CN202122878149.8	A_002438
CN202122878149.8	A_002786
CN202122881434.5	A_002472
CN202122899583.4	A_001103
CN202122900584.6	A_002767
CN202122944418.6	A_002787
CN202122952237.8	A_002788
CN202122959076.5	A_002789
CN202122973200.3	A_002790
CN202122979556.8	A_002791
CN202122983178.0	A_001473
CN202122986956.1	A_002788
CN202123003438.X	A_000564
CN202123005610.5	A_002792
CN202123005610.5	A_002793
CN202123005610.5	A_000384
CN202123025514.7	A_001029
CN202123029701.2	A_000528
CN202123037054.X	A_000554
CN202123041672.1	A_000276
CN202123050421.X	A_002794
CN202123073639.7	A_002795
CN202123075470.9	A_000554
CN202123091421.4	A_002796
CN202123098025.4	A_002797
CN202123106983.1	A_000991
CN202123127020.X	A_000543
CN202123127082.0	A_000543
CN202123127084.X	A_000543
CN202123137923.6	A_000543
CN202123138530.7	A_000543
CN202123138592.8	A_000543
CN202123157241.1	A_000538
CN202123166296.9	A_002798
CN202123167887.8	A_002799
CN202123187817.9	A_002800
CN202123195755.6	A_002801
CN202123231866.8	A_002500
CN202123235659.X	A_002802
CN202123254173.0	A_002803
CN202123279124.2	A_002804
CN202123280140.3	A_001417
CN202123280665.7	A_002614
CN202123304034.4	A_002805
CN202123317492.1	A_002806
CN202123319995.2	A_002807
CN202123320049.X	A_002808
CN202123320049.X	A_002809
CN202123320049.X	A_002810
CN202123320049.X	A_002811
CN202123320049.X	A_002812
CN202123320049.X	A_002813
CN202123320049.X	A_002814
CN202123321094.7	A_002815
CN202123340038.8	A_002816
CN202123342791.0	A_002817
CN202123353204.8	A_000614
CN202123355461.5	A_002818
CN202123375580.7	A_000614
CN202123384609.8	A_002819
CN202123388514.3	A_002820
CN202123419173.1	A_002821
CN202123420626.2	A_002506
CN202123431398.9	A_001204
CN202123432367.5	A_002822
CN202123442784.8	A_000884
CN202123448957.7	A_000884
CN202123449088.X	A_000346
CN202123451681.8	A_002823
CN202180032511.X	A_002824
CN202180039649.2	A_002825
CN202180041292.1	A_001525
CN202180068565.1	A_002826
CN202180069591.6	A_002240
CN202180075454.3	A_000128
CN202180076140.5	A_002827
CN202180089141.3	A_002828
CN2022081105W	A_000128
CN2022081105W	A_000129
CN2022082827W	A_000968
CN2022082827W	A_002829
CN202210001228.7	A_002830
CN202210006844.1	A_002831
CN202210007230.5	A_002832
CN202210012677.1	A_000914
CN202210013877.9	A_002833
CN202210015568.5	A_000998
CN202210016661.8	A_002834
CN202210016696.1	A_002835
CN202210026063.9	A_002836
CN202210026815.1	A_000271
CN202210026815.1	A_000241
CN202210026815.1	A_000384
CN202210028367.9	A_001458
CN202210030248.7	A_002756
CN202210035290.8	A_001155
CN202210035969.7	A_002837
CN202210036035.5	A_002838
CN202210036039.3	A_002839
CN202210037542.0	A_002840
CN202210040113.9	A_000294
CN202210040388.2	A_000294
CN202210041988.0	A_002841
CN202210043773.2	A_002842
CN202210053160.7	A_002843
CN202210053885.6	A_002429
CN202210063076.3	A_000294
CN202210063320.6	A_002687
CN202210069040.6	A_001029
CN202210076442.9	A_002844
CN202210076542.1	A_002845
CN202210076542.1	A_002846
CN202210078122.7	A_002847
CN202210079928.8	A_001049
CN202210090560.5	A_002848
CN202210093545.6	A_002508
CN202210098793.X	A_002849
CN202210106879.2	A_000326
CN202210107874.1	A_000182
CN202210124729.4	A_001668
CN202210124729.4	A_002850
CN202210126181.7	A_000782
CN202210127191.2	A_000452
CN202210138153.7	A_000400
CN202210144036.1	A_002851
CN202210146094.8	A_001605
CN202210146597.5	A_002852
CN202210147134.0	A_002853
CN202210148724.5	A_002854
CN202210148726.4	A_002855
CN202210150255.0	A_000322
CN202210153335.1	A_000182
CN202210158839.2	A_002856
CN202210164701.3	A_000135
CN202210166342.5	A_000998
CN202210168659.2	A_002857
CN202210189599.2	A_002858
CN202210193692.0	A_002859
CN202210193692.0	A_002860
CN202210193692.0	A_002861
CN202210220020.4	A_000543
CN202210225098.5	A_002862
CN202210229390.4	A_002863
CN202210230740.9	A_002091
CN202210237858.4	A_001029
CN202210241033.X	A_002292
CN202210242580.X	A_002864
CN202210243373.6	A_001695
CN202210244384.6	A_000304
CN202210249823.2	A_001147
CN202210255277.3	A_001137
CN202210259817.5	A_001574
CN202210263727.3	A_002865
CN202210263727.3	A_002866
CN202210264730.7	A_000294
CN202210267121.7	A_002867
CN202210268132.7	A_002868
CN202210278284.5	A_000315
CN202210281086.4	A_002869
CN202210282278.7	A_002870
CN202210283192.6	A_002871
CN202210284879.1	A_002872
CN202210287194.2	A_000641
CN202210287828.4	A_002873
CN202210299808.9	A_001137
CN202210301289.5	A_001433
CN202210314166.5	A_000317
CN202210317315.3	A_002874
CN202210320389.2	A_000337
CN202210320634.X	A_002875
CN202210324522.1	A_002876
CN202210324762.1	A_000685
CN202210325538.4	A_002877
CN202210325595.2	A_002878
CN202210335114.6	A_002879
CN202210345703.2	A_000375
CN202210348615.8	A_002880
CN202210350381.0	A_002881
CN202210353428.9	A_000697
CN202210354250.X	A_002882
CN202210357418.2	A_002883
CN202210361897.5	A_000245
CN202210362836.0	A_001029
CN202210365765.X	A_002884
CN202210367774.2	A_002885
CN202210371230.3	A_002886
CN202210375091.1	A_000182
CN202210375091.1	A_001648
CN202210375384.X	A_002887
CN202210375954.5	A_002888
CN202210377219.8	A_001029
CN202210381916.0	A_000326
CN202210383754.4	A_002889
CN202210386889.6	A_002269
CN202210387144.1	A_001015
CN202210394108.8	A_002890
CN202210395248.7	A_002891
CN202210399770.2	A_002892
CN202210399770.2	A_002893
CN202210399770.2	A_002894
CN202210401022.3	A_002093
CN202210407597.6	A_002269
CN202210412800.9	A_002448
CN202210414044.3	A_002895
CN202210414497.6	A_001614
CN202210416913.6	A_002896
CN202210420462.3	A_002897
CN202210421437.7	A_001958
CN202210423086.3	A_001546
CN202210424598.1	A_000735
CN202210426259.7	A_002898
CN202210426262.9	A_002899
CN202210428063.1	A_002900
CN202210428063.1	A_000384
CN202210429879.6	A_001029
CN202210430801.6	A_000294
CN202210433306.0	A_001446
CN202210434201.7	A_000276
CN202210439401.1	A_002901
CN202210445021.9	A_001774
CN202210448940.1	A_001844
CN202210448940.1	A_001843
CN202210450516.0	A_000304
CN202210450516.0	A_001933
CN202210453505.8	A_000462
CN202210460817.1	A_002902
CN202210460817.1	A_002903
CN202210462215.X	A_002904
CN202210462960.4	A_002905
CN202210463719.3	A_002906
CN202210463719.3	A_000416
CN202210465140.0	A_002326
CN202210470304.9	A_000326
CN202210473632.4	A_000947
CN202210473632.4	A_002907
CN202210475161.0	A_000947
CN202210475161.0	A_002907
CN202210475172.9	A_000947
CN202210475172.9	A_002907
CN202210483964.0	A_002908
CN202210483989.0	A_002909
CN202210484496.9	A_002910
CN202210485594.4	A_002911
CN202210485594.4	A_002912
CN202210485723.X	A_002913
CN202210494714.7	A_001060
CN202210494735.9	A_001060
CN202210498660.1	A_001958
CN202210499484.3	A_002914
CN202210500212.0	A_001015
CN202210510288.1	A_002700
CN202210512700.3	A_002915
CN202210512995.4	A_001433
CN202210514409.X	A_002347
CN202210514409.X	A_002658
CN202210514409.X	A_002916
CN202210522694.X	A_002917
CN202210523064.4	A_002917
CN202210529158.2	A_002918
CN202210539896.5	A_002919
CN202210540107.X	A_002920
CN202210540571.9	A_000633
CN202210543079.7	A_002921
CN202210544517.1	A_002922
CN202210545415.1	A_000936
CN202210545456.0	A_002923
CN202210545456.0	A_000384
CN202210546790.8	A_002924
CN202210550729.0	A_002925
CN202210551294.1	A_000304
CN202210551516.X	A_002926
CN202210551516.X	A_000384
CN202210552618.3	A_002382
CN202210552618.3	A_000241
CN202210552744.9	A_002927
CN202210560399.3	A_002928
CN202210565855.3	A_000294
CN202210566717.7	A_000890
CN202210567996.9	A_002929
CN202210568207.3	A_002930
CN202210573411.4	A_000304
CN202210574848.X	A_000304
CN202210575300.7	A_000304
CN202210578382.0	A_002931
CN202210584900.X	A_000326
CN202210585062.8	A_000326
CN202210585513.8	A_000315
CN202210585513.8	A_001347
CN202210587644.X	A_000326
CN202210588224.3	A_002932
CN202210590809.9	A_000198
CN202210593199.8	A_002933
CN202210593199.8	A_000304
CN202210593392.1	A_002934
CN202210593926.0	A_002935
CN202210609912.3	A_000161
CN202210609922.7	A_000337
CN202210617037.3	A_000198
CN202210618185.7	A_002936
CN202210632511.X	A_000177
CN202210634861.X	A_002937
CN202210642116.X	A_002938
CN202210650496.1	A_002939
CN202210654536.X	A_002282
CN202210655012.2	A_000416
CN202210655012.2	A_002940
CN202210658759.3	A_002941
CN202210661145.0	A_001369
CN202210669394.4	A_002928
CN202210671222.0	A_002942
CN202210673592.8	A_000182
CN202210676224.9	A_002943
CN202210677391.5	A_000315
CN202210677391.5	A_002423
CN202210678769.3	A_000947
CN202210681639.5	A_002944
CN202210689875.1	A_002917
CN202210690391.9	A_000182
CN202210694958.X	A_002945
CN202210696606.8	A_002946
CN202210698675.2	A_000182
CN202210704046.6	A_001183
CN202210711981.5	A_000182
CN202210712305.X	A_000857
CN202210715101.1	A_002398
CN202210715694.1	A_002947
CN202210719018.1	A_002864
CN202210719084.9	A_000162
CN202210724504.2	A_002948
CN202210732880.6	A_002949
CN202210733674.7	A_000345
CN202210734416.0	A_002950
CN202210734416.0	A_002001
CN202210734416.0	A_000384
CN202210743038.2	A_001155
CN202210744460.X	A_002378
CN202210745053.0	A_002367
CN202210746476.4	A_002951
CN202210752100.4	A_002952
CN202210764840.X	A_001758
CN202210765158.2	A_002953
CN202210772096.8	A_002318
CN202210772246.5	A_000614
CN202210778169.4	A_002954
CN202210779120.0	A_000614
CN202210781673.X	A_002955
CN202210784118.2	A_002956
CN202210785024.7	A_000177
CN202210798864.7	A_002957
CN202210803901.9	A_002958
CN202210804869.6	A_000315
CN202210804869.6	A_001634
CN202210805325.1	A_002959
CN202210808552.X	A_002960
CN202210814998.3	A_001176
CN202210814998.3	A_000384
CN202210817723.5	A_000182
CN202210817724.X	A_000182
CN202210817811.5	A_002961
CN202210819016.X	A_002962
CN202210825662.7	A_001428
CN202210827567.0	A_002963
CN202210829146.1	A_000326
CN202210833528.1	A_002964
CN202210834834.7	A_002965
CN202210838132.6	A_000304
CN202210839208.7	A_002966
CN202210839209.1	A_002966
CN202210839460.8	A_002967
CN202210839493.2	A_002968
CN202210848974.X	A_002969
CN202210849085.5	A_002293
CN202210852062.X	A_002970
CN202210852107.3	A_002970
CN202210853336.7	A_000182
CN202210853764.X	A_002971
CN202210854909.8	A_002972
CN202210854909.8	A_002973
CN202210860293.5	A_002974
CN202210860508.3	A_000326
CN202210866820.3	A_002975
CN202210870493.9	A_000692
CN202210871508.3	A_000294
CN202210871744.5	A_000162
CN202210872126.2	A_000543
CN202210872950.8	A_000318
CN202210874773.7	A_001921
CN202210880221.7	A_002976
CN202210886507.6	A_000245
CN202210887436.1	A_001029
CN202210896188.7	A_002977
CN202210909512.4	A_000764
CN202210915787.9	A_002978
CN202210916574.8	A_002979
CN202210922228.0	A_002980
CN202210923777.X	A_002981
CN202210924458.0	A_002982
CN202210926812.3	A_000337
CN202210934138.3	A_002983
CN202210936021.9	A_000749
CN202210938298.5	A_002984
CN202210940893.2	A_002985
CN202210942793.3	A_002986
CN202210950185.7	A_000384
CN202210950185.7	A_002987
CN202210950185.7	A_002988
CN202210951659.X	A_002989
CN202210951811.4	A_002990
CN202210952210.5	A_002981
CN202210953019.2	A_002091
CN202210958641.2	A_000384
CN202210958641.2	A_002987
CN202210958641.2	A_002988
CN202210959988.9	A_000923
CN202210960167.7	A_000923
CN202210962718.3	A_002991
CN202210966664.8	A_002992
CN202210969411.6	A_002929
CN202210969411.6	A_002993
CN202210976838.9	A_000182
CN202210988339.1	A_001433
CN202210989780.1	A_000182
CN202210990177.5	A_002994
CN202210996015.2	A_002995
CN202210997356.1	A_002996
CN202211002669.5	A_002997
CN202211002669.5	A_002998
CN202211004886.8	A_000162
CN202211005913.3	A_000384
CN202211005913.3	A_002999
CN202211008821.0	A_003000
CN202211010722.6	A_003001
CN202211010992.7	A_003002
CN202211013053.8	A_000947
CN202211016040.6	A_003003
CN202211016051.4	A_003003
CN202211022373.X	A_003004
CN202211031722.4	A_002341
CN202211033129.3	A_003005
CN202211036106.8	A_003006
CN202211040567.2	A_003007
CN202211040567.2	A_003008
CN202211043714.1	A_001581
CN202211043714.1	A_000416
CN202211046250.X	A_002990
CN202211046782.3	A_002341
CN202211047372.0	A_002341
CN202211055042.6	A_003009
CN202211071583.8	A_001170
CN202211071852.0	A_002268
CN202211084386.X	A_001077
CN202211092945.1	A_001979
CN202211093096.1	A_003010
CN202211098012.3	A_000614
CN202211098177.0	A_002448
CN202211101518.5	A_003011
CN202211101905.9	A_001015
CN202211106762.0	A_003012
CN202211114807.9	A_001756
CN202211120395.X	A_003013
CN202211121495.4	A_002983
CN202211123254.3	A_000169
CN202211123473.1	A_000162
CN202211123510.9	A_002984
CN202211124658.4	A_003014
CN202211128656.2	A_003015
CN202211133453.2	A_003016
CN202211138006.6	A_003012
CN202211139958.X	A_002974
CN202211152056.X	A_001765
CN202211152845.3	A_003017
CN202211156349.5	A_003018
CN202211159638.0	A_000318
CN202211160336.5	A_002717
CN202211164255.2	A_003019
CN202211165602.3	A_000494
CN202211168476.7	A_003020
CN202211168731.8	A_003021
CN202211169578.0	A_003022
CN202211169916.0	A_002154
CN202211174910.2	A_003023
CN202211175450.5	A_003024
CN202211178488.8	A_000659
CN202211180364.3	A_003025
CN202211181383.8	A_003026
CN202211184030.3	A_003027
CN202211185228.3	A_003028
CN202211185811.4	A_001747
CN202211186279.8	A_001325
CN202211189363.5	A_003029
CN202211190944.0	A_000377
CN202211191133.2	A_003030
CN202211191499.X	A_003031
CN202211192176.2	A_003030
CN202211192530.1	A_003032
CN202211192874.2	A_002463
CN202211192874.2	A_003033
CN202211194012.3	A_000861
CN202211196412.8	A_003034
CN202211197157.9	A_003035
CN202211201953.5	A_003036
CN202211206505.4	A_002971
CN202211211673.2	A_002341
CN202211212161.8	A_001009
CN2022112122W	A_000324
CN2022112122W	A_003037
CN202211212634.4	A_002673
CN202211218344.0	A_003038
CN202211218602.5	A_003039
CN202211220285.0	A_001099
CN202211226112.X	A_000315
CN202211226112.X	A_002423
CN202211228369.9	A_003040
CN202211231477.1	A_003041
CN202211236105.8	A_003042
CN202211236105.8	A_000384
CN202211236561.2	A_003043
CN202211249362.5	A_000326
CN202211251378.X	A_000554
CN202211252891.0	A_000326
CN202211256632.5	A_002276
CN202211256632.5	A_002277
CN202211259832.6	A_003044
CN202211260611.0	A_001568
CN202211260611.0	A_003045
CN202211260611.0	A_003046
CN202211261304.4	A_003047
CN202211264838.2	A_003048
CN202211267980.2	A_003049
CN202211268133.8	A_001044
CN202211278737.0	A_001714
CN202211279425.1	A_003050
CN202211281219.4	A_000725
CN202211285627.7	A_003051
CN202211285627.7	A_000384
CN202211286685.1	A_003052
CN202211286685.1	A_003053
CN202211295252.2	A_003054
CN202211296482.0	A_000764
CN202211297613.7	A_003055
CN202211299334.4	A_001139
CN202211299510.4	A_000598
CN202211300638.8	A_003056
CN202211302046.X	A_003057
CN202211302506.9	A_000810
CN202211304835.7	A_001637
CN202211310103.9	A_003058
CN202211318589.0	A_003059
CN202211322406.2	A_001345
CN202211323071.6	A_003060
CN202211323170.4	A_000182
CN202211323474.0	A_003029
CN202211328550.7	A_003061
CN202211338036.1	A_003062
CN202211338560.9	A_003063
CN202211339112.0	A_003064
CN202211340235.6	A_002382
CN202211342990.8	A_003065
CN202211344131.2	A_002891
CN202211347956.X	A_000729
CN202211348025.1	A_000729
CN202211354140.X	A_003066
CN202211354541.5	A_002274
CN202211356683.5	A_003067
CN202211356683.5	A_003068
CN202211356683.5	A_003069
CN202211356683.5	A_003070
CN202211357104.9	A_000337
CN202211358458.5	A_001275
CN202211358567.7	A_003071
CN202211361334.2	A_003072
CN202211361590.1	A_000384
CN202211361590.1	A_003073
CN202211366380.1	A_002381
CN202211367205.4	A_003074
CN202211369683.9	A_003075
CN202211370855.4	A_001113
CN202211370906.3	A_000279
CN202211372659.0	A_003076
CN202211373134.9	A_000947
CN202211373142.3	A_003077
CN202211374817.6	A_003078
CN202211375877.X	A_001709
CN202211377807.8	A_003079
CN202211379817.5	A_003080
CN202211381532.5	A_001144
CN202211385884.8	A_003081
CN202211388600.0	A_003082
CN202211393045.0	A_002460
CN202211397525.4	A_000477
CN202211400328.3	A_003083
CN202211400406.X	A_000294
CN202211401210.2	A_000182
CN202211401713.X	A_003084
CN202211403938.9	A_001075
CN202211408223.2	A_002545
CN202211410335.1	A_003085
CN202211410335.1	A_003086
CN202211410779.5	A_001366
CN202211411855.4	A_000517
CN202211412361.8	A_000182
CN202211414948.2	A_003087
CN202211415593.9	A_003088
CN202211416494.2	A_002879
CN202211418098.3	A_003089
CN202211420295.9	A_001794
CN202211424331.9	A_003090
CN202211427314.0	A_003091
CN202211434221.0	A_000810
CN202211434535.0	A_003092
CN202211434788.8	A_003093
CN202211436654.X	A_003094
CN202211438128.7	A_003095
CN202211439025.2	A_000554
CN202211439847.0	A_000345
CN202211440684.8	A_003096
CN202211442423.X	A_000345
CN202211442425.9	A_000345
CN202211444430.3	A_003097
CN202211448222.0	A_002349
CN202211450201.2	A_003098
CN202211450201.2	A_000384
CN202211450410.7	A_003099
CN202211450756.7	A_003100
CN202211451748.4	A_003101
CN202211452100.9	A_000345
CN202211452328.8	A_000345
CN202211454757.9	A_001570
CN202211454921.6	A_002507
CN202211455080.0	A_001570
CN202211459261.0	A_000345
CN202211459261.0	A_001151
CN202211460445.9	A_000345
CN202211463323.5	A_000996
CN202211463730.6	A_000641
CN202211463925.0	A_000177
CN202211466061.8	A_003102
CN202211466061.8	A_003103
CN202211466472.7	A_003102
CN202211466472.7	A_003103
CN202211468840.1	A_002268
CN202211469432.8	A_003104
CN202211470052.6	A_003105
CN202211471925.5	A_000182
CN202211472785.3	A_000345
CN202211474203.5	A_003106
CN202211474203.5	A_003107
CN202211474983.3	A_003108
CN202211476460.2	A_000258
CN202211477102.3	A_003109
CN202211477237.X	A_003110
CN202211480650.1	A_003111
CN202211482452.9	A_003112
CN202211488749.6	A_001026
CN202211494956.2	A_003113
CN202211495509.9	A_000547
CN202211495539.X	A_000547
CN202211496426.1	A_003074
CN202211496830.9	A_003114
CN202211497552.9	A_000993
CN202211497979.9	A_003115
CN202211498981.8	A_003102
CN202211498981.8	A_003103
CN202211500244.7	A_000315
CN202211500244.7	A_003116
CN202211500646.7	A_003117
CN202211500924.9	A_003118
CN202211501304.7	A_000315
CN202211501304.7	A_002353
CN202211501471.1	A_002408
CN202211502811.2	A_003119
CN202211504935.4	A_003120
CN202211504935.4	A_000337
CN202211506343.6	A_003121
CN202211506587.4	A_003122
CN202211507516.6	A_003072
CN202211507919.0	A_003074
CN202211508509.8	A_000294
CN202211515170.4	A_001756
CN202211520212.3	A_000315
CN202211520212.3	A_003123
CN202211521491.5	A_001546
CN202211522259.3	A_003124
CN202211524445.0	A_000596
CN202211525989.9	A_003074
CN202211528726.3	A_003125
CN202211531366.2	A_000345
CN202211531366.2	A_001151
CN202211537741.4	A_001137
CN202211537820.5	A_000231
CN202211539598.2	A_003126
CN202211539632.6	A_003127
CN202211541455.5	A_003128
CN202211545688.2	A_000915
CN202211545964.5	A_003089
CN202211551098.0	A_001637
CN202211551489.2	A_003129
CN202211555735.1	A_003130
CN202211555735.1	A_003131
CN202211555735.1	A_000384
CN202211556238.3	A_003132
CN202211558786.X	A_003133
CN202211559208.8	A_001742
CN202211559727.4	A_000336
CN202211561579.X	A_003134
CN202211561606.3	A_003134
CN202211561963.X	A_003135
CN202211562346.1	A_003083
CN202211567920.2	A_000182
CN202211569808.2	A_003136
CN202211569808.2	A_003137
CN202211578356.4	A_003138
CN202211579775.X	A_003139
CN202211579782.X	A_003140
CN202211580073.3	A_003141
CN202211580073.3	A_003142
CN202211580555.9	A_003143
CN202211580902.8	A_001263
CN202211581075.4	A_003144
CN202211584691.5	A_003139
CN202211585081.7	A_003145
CN202211587377.2	A_001154
CN202211587613.0	A_003146
CN202211587752.3	A_003147
CN202211587752.3	A_002793
CN202211587752.3	A_000384
CN202211588375.5	A_000387
CN202211588523.3	A_000387
CN202211592058.0	A_000735
CN202211592371.4	A_000387
CN202211593000.8	A_001433
CN202211595736.9	A_003148
CN202211597352.0	A_000458
CN202211600430.8	A_001962
CN202211600799.9	A_003084
CN202211601449.4	A_003149
CN202211603588.0	A_003150
CN202211604365.6	A_003151
CN202211610830.7	A_001144
CN202211613265.X	A_003152
CN202211613265.X	A_003153
CN202211617750.4	A_003154
CN202211619197.8	A_003155
CN202211622740.X	A_003156
CN202211626886.1	A_003157
CN202211627407.8	A_003158
CN202211631905.X	A_003159
CN202211634056.3	A_003106
CN202211634056.3	A_003107
CN202211635984.1	A_003160
CN202211636195.X	A_003161
CN202211637601.4	A_003162
CN202211637601.4	A_000162
CN202211642063.8	A_001546
CN202211645155.1	A_002545
CN202211647615.4	A_003163
CN202211648541.6	A_000494
CN202211648792.4	A_000731
CN202211649322.X	A_000337
CN202211650331.0	A_003164
CN202211650764.6	A_003165
CN202211657159.1	A_002830
CN202211657169.5	A_002830
CN202211660332.3	A_001144
CN202211660860.9	A_000729
CN202211663306.6	A_003144
CN202211670842.9	A_002491
CN202211672214.4	A_003166
CN202211672660.5	A_000496
CN202211673260.6	A_003167
CN202211675158.X	A_003168
CN202211675181.9	A_003168
CN202211675231.3	A_003168
CN202211682114.X	A_003169
CN202211683549.6	A_003170
CN202211683873.8	A_003171
CN202211689096.8	A_003172
CN202211693184.5	A_003173
CN202211693966.9	A_003174
CN202211699680.1	A_000294
CN202211702646.5	A_002850
CN202211703150.X	A_003175
CN202211705634.8	A_003176
CN202211708293.X	A_000614
CN202211719744.X	A_003177
CN202211720420.8	A_000506
CN202211721328.3	A_003178
CN202211724358.X	A_001029
CN202211724594.1	A_003179
CN202211726161.X	A_003180
CN202211728255.0	A_003181
CN202211728679.7	A_000614
CN202211729930.1	A_001791
CN202211730480.8	A_000222
CN202211730505.4	A_001137
CN202211732823.4	A_000222
CN202211733308.8	A_003182
CN202211733631.5	A_002343
CN202211734928.3	A_000621
CN202211738535.X	A_003183
CN202211739283.2	A_001136
CN202211742270.0	A_000538
CN202211742435.4	A_003184
CN2022125236W	A_003032
CN2022125236W	A_003185
CN2022127965W	A_003186
CN2022127965W	A_003187
CN2022130645W	A_002904
CN2022130645W	A_003188
CN202220002822.3	A_002830
CN202220025706.3	A_003189
CN202220032073.9	A_001155
CN202220038989.5	A_003190
CN202220042177.8	A_003189
CN202220042217.9	A_003189
CN202220044894.4	A_003191
CN202220046240.5	A_003189
CN202220046633.6	A_003192
CN202220058072.1	A_003193
CN202220074087.7	A_003194
CN202220083617.4	A_003195
CN202220088600.8	A_003196
CN202220119186.2	A_003197
CN202220133683.8	A_003198
CN202220143578.2	A_000304
CN202220146668.7	A_002687
CN202220156909.6	A_001164
CN202220162944.9	A_003199
CN202220169623.1	A_000463
CN202220172595.9	A_003200
CN202220175750.2	A_000837
CN202220177590.5	A_001505
CN202220200727.4	A_000273
CN202220200727.4	A_000477
CN202220206464.8	A_002107
CN202220207977.0	A_003201
CN202220230575.2	A_003202
CN202220232373.1	A_003203
CN202220265043.2	A_002587
CN202220268969.7	A_000783
CN202220273846.2	A_003204
CN202220275516.7	A_001844
CN202220275516.7	A_001843
CN202220275516.7	A_003205
CN202220299978.2	A_003206
CN202220302215.9	A_000783
CN202220302491.5	A_003207
CN202220330459.8	A_003208
CN202220342737.1	A_000990
CN202220349433.8	A_003209
CN202220349433.8	A_003210
CN202220354545.2	A_002318
CN202220361646.2	A_001506
CN202220391432.X	A_003211
CN202220392366.8	A_000432
CN202220392740.4	A_003212
CN202220407785.4	A_000543
CN202220417627.7	A_001147
CN202220423633.3	A_003213
CN202220426506.9	A_000310
CN202220439323.0	A_000222
CN202220452029.3	A_003214
CN202220458454.3	A_003215
CN202220466462.2	A_003216
CN202220473491.1	A_003217
CN202220489938.4	A_000543
CN202220494214.9	A_003218
CN202220500443.7	A_003219
CN202220504796.4	A_003220
CN202220518327.8	A_003221
CN202220544127.X	A_003222
CN202220547598.6	A_001147
CN202220563619.3	A_001433
CN202220577803.3	A_001762
CN202220596129.3	A_003223
CN202220603113.0	A_003224
CN202220611436.4	A_000729
CN202220620380.9	A_003225
CN202220634529.9	A_002448
CN202220634985.3	A_002873
CN202220651201.8	A_000963
CN202220655958.4	A_000856
CN202220663632.6	A_003226
CN202220691065.5	A_003227
CN202220691337.1	A_003228
CN202220713294.2	A_003229
CN202220723479.1	A_001927
CN202220732817.8	A_003230
CN202220743276.9	A_003231
CN202220757021.8	A_001044
CN202220771712.3	A_003232
CN202220771712.3	A_003233
CN202220774935.5	A_002882
CN202220780873.9	A_003234
CN202220788456.9	A_003235
CN202220792414.2	A_000641
CN202220795971.X	A_001029
CN202220796049.2	A_003089
CN202220799626.3	A_000245
CN202220812954.2	A_001429
CN202220815619.8	A_003236
CN202220843678.6	A_003237
CN202220869752.1	A_003238
CN202220888039.1	A_000976
CN202220917872.4	A_001581
CN202220917872.4	A_000416
CN202220932603.5	A_001296
CN202220935747.6	A_003229
CN202220953786.9	A_003239
CN202220955430.9	A_003240
CN202220960626.7	A_002791
CN202220963638.5	A_003230
CN202220966543.9	A_001280
CN202220986804.3	A_001844
CN202220986804.3	A_001843
CN202220988435.1	A_000177
CN202221014891.2	A_000476
CN202221018465.6	A_003241
CN202221036526.1	A_003242
CN202221054865.2	A_002717
CN202221055674.8	A_001325
CN202221057427.1	A_003243
CN202221063856.X	A_002830
CN202221069561.3	A_003244
CN202221073570.X	A_003245
CN202221076535.3	A_000672
CN202221099247.X	A_001750
CN202221111965.4	A_003246
CN202221118155.1	A_000394
CN202221128171.9	A_003247
CN202221150540.4	A_002886
CN202221178458.2	A_001229
CN202221189336.3	A_002075
CN202221192157.5	A_002919
CN202221217757.2	A_003248
CN202221218725.4	A_001257
CN202221227720.8	A_003249
CN202221244407.5	A_002709
CN202221247399.X	A_000641
CN202221247399.X	A_003250
CN202221251913.7	A_002709
CN202221252158.4	A_003251
CN202221252158.4	A_000319
CN202221260230.8	A_002350
CN202221266769.4	A_001807
CN202221268553.1	A_003252
CN202221276381.2	A_003253
CN202221306242.X	A_002830
CN202221314601.6	A_003254
CN202221326828.2	A_003255
CN202221332187.1	A_003256
CN202221332458.3	A_002350
CN202221336133.2	A_002917
CN202221363661.7	A_000231
CN202221367383.2	A_003257
CN202221373995.2	A_003258
CN202221375595.5	A_000849
CN202221391226.5	A_003259
CN202221420761.9	A_003260
CN202221422694.4	A_003261
CN202221425933.1	A_003262
CN202221434226.9	A_003263
CN202221447780.0	A_003228
CN202221451640.0	A_003264
CN202221451649.1	A_003264
CN202221459532.8	A_002282
CN202221473791.6	A_003265
CN202221489624.0	A_003266
CN202221500550.6	A_003267
CN202221506906.7	A_003268
CN202221516532.7	A_003269
CN202221522130.8	A_002917
CN202221540614.5	A_000977
CN202221550228.4	A_000177
CN202221552916.4	A_000297
CN202221553565.9	A_000559
CN202221554731.7	A_003074
CN202221554731.7	A_002503
CN202221567687.3	A_003270
CN202221573411.6	A_003271
CN202221573931.7	A_001118
CN202221576602.8	A_003272
CN202221576602.8	A_003273
CN202221611882.1	A_003274
CN202221625926.6	A_003275
CN202221627209.7	A_000395
CN202221629207.1	A_000476
CN202221636698.2	A_000749
CN202221647041.6	A_001920
CN202221648670.0	A_003276
CN202221656423.5	A_002739
CN202221660406.9	A_003277
CN202221664832.X	A_003023
CN202221665272.X	A_003278
CN202221667678.1	A_001482
CN202221670055.X	A_003279
CN202221683554.2	A_000614
CN202221708889.5	A_002081
CN202221708889.5	A_000218
CN202221709152.5	A_003280
CN202221715398.3	A_003074
CN202221715398.3	A_002503
CN202221726985.2	A_000641
CN202221748218.1	A_003281
CN202221752442.8	A_001775
CN202221779295.3	A_003282
CN202221780383.5	A_003283
CN202221793544.4	A_002962
CN202221795461.9	A_003241
CN202221814990.9	A_003284
CN202221820211.6	A_003285
CN202221830172.8	A_003286
CN202221830768.8	A_001797
CN202221832703.7	A_003287
CN202221845641.3	A_000543
CN202221848654.6	A_000258
CN202221858113.1	A_003288
CN202221859275.7	A_003289
CN202221867322.2	A_003290
CN202221874736.8	A_003017
CN202221881103.X	A_000614
CN202221889064.8	A_000458
CN202221896307.0	A_003291
CN202221909706.6	A_003292
CN202221912781.8	A_000543
CN202221919248.4	A_000749
CN202221934474.X	A_002956
CN202221945422.2	A_002094
CN202221956114.X	A_003293
CN202221968211.0	A_003294
CN202221983148.8	A_003295
CN202221983184.4	A_003296
CN202221993864.4	A_003297
CN202222001633.7	A_003298
CN202222005606.7	A_000681
CN202222010927.6	A_003299
CN202222020245.3	A_002928
CN202222020497.6	A_003300
CN202222031389.9	A_003301
CN202222045533.4	A_002983
CN202222051123.0	A_003302
CN202222051123.0	A_003256
CN202222108262.2	A_003303
CN202222113583.1	A_003304
CN202222126459.9	A_003305
CN202222129262.0	A_000697
CN202222139603.2	A_003306
CN202222143124.8	A_000697
CN202222150455.4	A_000659
CN202222163606.X	A_003307
CN202222165215.1	A_000659
CN202222172056.8	A_003308
CN202222174474.0	A_003309
CN202222178551.X	A_003310
CN202222179604.X	A_001090
CN202222185514.1	A_003311
CN202222191861.5	A_000276
CN202222201414.3	A_003312
CN202222205389.6	A_003313
CN202222222709.9	A_003314
CN202222238331.1	A_003315
CN202222238435.2	A_002928
CN202222249567.5	A_002436
CN202222255060.0	A_003316
CN202222255661.1	A_003317
CN202222258274.3	A_003318
CN202222258274.3	A_001087
CN202222258274.3	A_002793
CN202222258274.3	A_000384
CN202222259697.7	A_003319
CN202222277749.3	A_003320
CN202222282280.2	A_003321
CN202222284469.5	A_000413
CN202222288406.7	A_003313
CN202222289261.2	A_002341
CN202222294649.1	A_003322
CN202222295377.7	A_003323
CN202222312899.3	A_003321
CN202222314473.1	A_003324
CN202222316818.7	A_002474
CN202222317120.7	A_003325
CN202222319066.X	A_003326
CN202222334871.X	A_000763
CN202222342363.6	A_003327
CN202222343773.2	A_000663
CN202222364860.6	A_002803
CN202222369242.0	A_003328
CN202222370499.8	A_003329
CN202222377677.X	A_003330
CN202222378190.3	A_003331
CN202222390591.0	A_000317
CN202222396623.8	A_003332
CN202222396626.1	A_003333
CN202222398299.3	A_002562
CN202222402599.4	A_003334
CN202222404984.2	A_003335
CN202222416879.0	A_002928
CN202222417558.2	A_003336
CN202222418348.5	A_003337
CN202222418469.X	A_003338
CN202222424104.8	A_003339
CN202222425140.6	A_003340
CN202222427254.4	A_003341
CN202222430442.2	A_003342
CN202222431388.3	A_003343
CN202222439019.9	A_000511
CN202222441255.4	A_001962
CN202222441443.7	A_000816
CN202222449351.3	A_002563
CN202222449383.3	A_003344
CN202222452961.9	A_001482
CN202222455068.1	A_000509
CN202222456678.3	A_003345
CN202222467758.9	A_003346
CN202222469420.7	A_003347
CN202222470485.3	A_003321
CN202222481621.9	A_002830
CN202222494134.6	A_003348
CN202222500566.3	A_003341
CN202222502576.0	A_003349
CN202222503636.0	A_000458
CN202222522227.5	A_003350
CN202222523873.3	A_002002
CN202222526371.6	A_003351
CN202222531006.4	A_003352
CN202222534921.9	A_003353
CN202222542424.3	A_003354
CN202222544129.1	A_003355
CN202222547093.2	A_003356
CN202222548422.5	A_003357
CN202222550849.9	A_003358
CN202222552127.7	A_003359
CN202222552745.1	A_003360
CN202222553600.3	A_003361
CN202222554741.7	A_003362
CN202222555138.0	A_003363
CN202222555740.4	A_000179
CN202222560125.2	A_003364
CN202222560125.2	A_003365
CN202222560543.1	A_002830
CN202222564013.4	A_000264
CN202222565322.3	A_003366
CN202222565530.3	A_003367
CN202222578149.0	A_003368
CN202222591790.8	A_000384
CN202222591790.8	A_002783
CN202222591790.8	A_001363
CN202222596069.8	A_003348
CN202222599587.5	A_003369
CN202222601860.3	A_003370
CN202222602860.5	A_003371
CN202222612232.5	A_003346
CN202222613230.8	A_002341
CN202222614216.X	A_003372
CN202222618951.8	A_003373
CN202222618951.8	A_003374
CN202222618951.8	A_003375
CN202222627268.0	A_002421
CN202222630015.9	A_003376
CN202222630048.3	A_003377
CN202222632055.7	A_001197
CN202222632309.5	A_003378
CN202222635254.3	A_002421
CN202222637342.7	A_003379
CN202222645753.0	A_003380
CN202222648346.5	A_003381
CN202222650034.8	A_001657
CN202222653251.2	A_003382
CN202222659086.1	A_003383
CN202222661988.9	A_003381
CN202222675082.2	A_000496
CN202222685756.7	A_003384
CN202222686007.6	A_000496
CN202222691618.X	A_003385
CN202222693765.0	A_003386
CN202222696162.6	A_003386
CN202222698316.5	A_002709
CN202222701767.X	A_003387
CN202222702427.9	A_002756
CN202222705873.5	A_003386
CN202222718580.0	A_003376
CN202222722180.7	A_003388
CN202222725098.X	A_003378
CN202222746428.3	A_002804
CN202222746916.4	A_003389
CN202222759901.1	A_002167
CN202222763054.6	A_003335
CN202222763884.9	A_000422
CN202222769430.2	A_003390
CN202222769972.X	A_001581
CN202222769972.X	A_000416
CN202222771745.0	A_003391
CN202222772338.1	A_003392
CN202222776810.9	A_003393
CN202222777837.X	A_000543
CN202222783301.9	A_003394
CN202222786051.4	A_003395
CN202222790786.4	A_003396
CN202222793670.6	A_001510
CN202222795326.0	A_001510
CN202222801232.X	A_000696
CN202222802906.8	A_003397
CN202222803709.8	A_003398
CN202222804859.0	A_003399
CN202222806055.4	A_003400
CN202222808545.8	A_003400
CN202222817090.6	A_003401
CN202222820597.7	A_001637
CN202222823193.3	A_001361
CN202222827989.6	A_003402
CN202222844993.3	A_003061
CN202222852905.4	A_003403
CN202222856391.X	A_003404
CN202222857721.7	A_003405
CN202222865896.2	A_000603
CN202222865963.0	A_003406
CN202222867728.7	A_000992
CN202222878838.3	A_003407
CN202222882911.4	A_003408
CN202222886674.9	A_003409
CN202222889463.0	A_003410
CN202222890168.7	A_001451
CN202222892652.3	A_003411
CN202222903202.X	A_003412
CN202222904685.5	A_003413
CN202222906570.X	A_003414
CN202222907788.7	A_000953
CN202222910229.1	A_003403
CN202222911176.5	A_000336
CN202222913852.2	A_001311
CN202222918429.1	A_003415
CN202222919289.X	A_003416
CN202222921968.0	A_003417
CN202222927916.4	A_003418
CN202222928678.9	A_003419
CN202222930647.7	A_003419
CN202222930649.6	A_003419
CN202222933145.X	A_003420
CN202222934303.3	A_003421
CN202222936051.8	A_003422
CN202222936853.9	A_000182
CN202222943599.5	A_002840
CN202222943719.1	A_003423
CN202222944260.7	A_003424
CN202222944410.4	A_003425
CN202222946346.3	A_003426
CN202222950925.5	A_003244
CN202222951337.3	A_003427
CN202222952900.9	A_003428
CN202222952900.9	A_003429
CN202222952900.9	A_003430
CN202222960253.6	A_003431
CN202222962284.5	A_003432
CN202222962580.5	A_003433
CN202222964338.1	A_003434
CN202222965465.3	A_003304
CN202222967060.3	A_000264
CN202222971739.X	A_003435
CN202222972588.X	A_003436
CN202222972717.5	A_001713
CN202222974102.6	A_001311
CN202222975256.7	A_003106
CN202222975256.7	A_003107
CN202222979237.1	A_003437
CN202222988768.7	A_001323
CN202222989887.4	A_003270
CN202222994018.0	A_003438
CN202222996947.5	A_000198
CN202223003223.2	A_001826
CN202223012070.8	A_003439
CN202223012940.1	A_003439
CN202223015835.3	A_001366
CN202223016030.0	A_003440
CN202223018651.2	A_003441
CN202223019959.9	A_003442
CN202223022725.X	A_003443
CN202223025279.8	A_003444
CN202223029749.8	A_003445
CN202223033334.8	A_003446
CN202223036967.4	A_000782
CN202223039413.X	A_003447
CN202223041547.5	A_001311
CN202223043359.6	A_003448
CN202223045598.5	A_003449
CN202223045598.5	A_003450
CN202223045598.5	A_003451
CN202223045598.5	A_003452
CN202223046432.5	A_003453
CN202223047464.7	A_003454
CN202223049879.8	A_003455
CN202223049944.7	A_003456
CN202223051849.0	A_003457
CN202223052179.4	A_003049
CN202223058686.9	A_000345
CN202223061106.1	A_003458
CN202223061999.X	A_000782
CN202223062216.X	A_002500
CN202223062821.7	A_002500
CN202223066008.7	A_003459
CN202223070932.2	A_003460
CN202223072141.3	A_003461
CN202223074121.X	A_003462
CN202223080498.6	A_003463
CN202223081181.4	A_003464
CN202223083140.9	A_003465
CN202223083550.3	A_003466
CN202223083870.9	A_003467
CN202223090460.7	A_002928
CN202223093561.X	A_003183
CN202223097811.7	A_003468
CN202223097923.2	A_002711
CN202223098125.1	A_003469
CN202223103947.4	A_003470
CN202223105073.6	A_003471
CN202223106773.7	A_003472
CN202223108222.4	A_001713
CN202223109296.X	A_001713
CN202223118312.1	A_003473
CN202223121184.6	A_003109
CN202223123864.1	A_003474
CN202223124352.7	A_003475
CN202223132704.3	A_001433
CN202223134547.X	A_003476
CN202223141187.6	A_000543
CN202223141721.3	A_003477
CN202223144238.0	A_003478
CN202223153448.6	A_003447
CN202223153612.3	A_003479
CN202223155299.7	A_003480
CN202223155386.2	A_003481
CN202223155495.4	A_003481
CN202223158620.7	A_003482
CN202223158620.7	A_001257
CN202223158620.7	A_003483
CN202223158620.7	A_003484
CN202223158620.7	A_003485
CN202223159135.1	A_003486
CN202223160529.9	A_003487
CN202223160810.2	A_003434
CN202223168184.1	A_003202
CN202223169361.8	A_003488
CN202223169415.0	A_003489
CN202223169415.0	A_000384
CN202223172329.5	A_003490
CN202223176180.8	A_003491
CN202223176861.4	A_003492
CN202223178216.6	A_001994
CN202223178698.5	A_003493
CN202223178954.0	A_003494
CN202223180902.7	A_003495
CN202223181654.8	A_003491
CN202223182463.3	A_003496
CN202223182463.3	A_003497
CN202223183100.1	A_003498
CN202223183445.7	A_003499
CN202223184205.9	A_003500
CN202223184205.9	A_000402
CN202223189902.3	A_002846
CN202223191518.7	A_003501
CN202223191867.9	A_003502
CN202223192342.7	A_001361
CN202223192663.7	A_003503
CN202223194671.5	A_002830
CN202223196199.9	A_003504
CN202223197316.3	A_000177
CN202223198091.3	A_003505
CN202223198788.0	A_000596
CN202223200946.1	A_003506
CN202223201680.2	A_003507
CN202223201953.3	A_001581
CN202223201953.3	A_000416
CN202223206911.9	A_003508
CN202223208547.X	A_003509
CN202223208777.6	A_003510
CN202223213520.X	A_001361
CN202223215571.6	A_003511
CN202223219177.X	A_000231
CN202223220665.2	A_003512
CN202223222144.0	A_001747
CN202223225401.6	A_003513
CN202223233580.8	A_003514
CN202223235226.9	A_002992
CN202223237401.8	A_002768
CN202223237401.8	A_001568
CN202223237401.8	A_000384
CN202223239016.7	A_003515
CN202223241780.8	A_003516
CN202223242813.0	A_003517
CN202223243764.2	A_001409
CN202223243764.2	A_003518
CN202223244551.1	A_003519
CN202223244650.X	A_002251
CN202223254988.3	A_003520
CN202223259288.3	A_003132
CN202223260894.7	A_003521
CN202223260910.2	A_003522
CN202223260918.9	A_003522
CN202223261191.6	A_003075
CN202223262458.3	A_003523
CN202223265780.1	A_003524
CN202223266139.X	A_003525
CN202223267357.5	A_003526
CN202223267874.2	A_003527
CN202223267874.2	A_000384
CN202223269357.9	A_003130
CN202223269357.9	A_003131
CN202223269357.9	A_000384
CN202223269380.8	A_003130
CN202223269380.8	A_003131
CN202223269380.8	A_000384
CN202223270997.1	A_003528
CN202223271145.4	A_003529
CN202223272809.9	A_003256
CN202223275957.6	A_003530
CN202223276698.9	A_001077
CN202223277312.6	A_000389
CN202223277530.X	A_003531
CN202223280038.8	A_003532
CN202223280641.6	A_003533
CN202223281562.7	A_003534
CN202223281562.7	A_003082
CN202223283696.2	A_003498
CN202223283836.6	A_003535
CN202223284602.3	A_003213
CN202223285095.5	A_000564
CN202223285877.9	A_003536
CN202223288624.7	A_003537
CN202223289490.0	A_003538
CN202223289934.0	A_003539
CN202223289934.0	A_003540
CN202223292007.4	A_003541
CN202223293865.0	A_003542
CN202223297259.6	A_001170
CN202223298244.1	A_003543
CN202223300465.8	A_003138
CN202223300727.0	A_003428
CN202223300727.0	A_003544
CN202223302028.X	A_003545
CN202223302242.5	A_003546
CN202223302807.X	A_003511
CN202223303414.0	A_000778
CN202223303414.0	A_003547
CN202223303414.0	A_003267
CN202223303414.0	A_000384
CN202223308883.1	A_003548
CN202223310681.0	A_003549
CN202223316698.7	A_001568
CN202223316698.7	A_002768
CN202223318547.5	A_003550
CN202223323391.X	A_003464
CN202223324132.9	A_003551
CN202223324132.9	A_003552
CN202223324360.6	A_002929
CN202223330177.7	A_001902
CN202223331280.3	A_003202
CN202223335491.4	A_003550
CN202223335540.4	A_000304
CN202223335546.1	A_003553
CN202223339515.3	A_001476
CN202223340480.5	A_003256
CN202223346511.8	A_002510
CN202223346833.2	A_003554
CN202223346915.7	A_000636
CN202223346963.6	A_000636
CN202223346969.3	A_003555
CN202223346975.9	A_003555
CN202223347601.9	A_003556
CN202223347922.9	A_003557
CN202223348242.9	A_003558
CN202223349992.8	A_003559
CN202223350671.X	A_003560
CN202223354565.9	A_003561
CN202223355302.X	A_003562
CN202223356113.4	A_003563
CN202223357909.1	A_003564
CN202223358506.9	A_003522
CN202223358744.X	A_003563
CN202223360046.3	A_003565
CN202223360046.3	A_000384
CN202223360216.8	A_003438
CN202223360307.1	A_001411
CN202223362641.0	A_003566
CN202223363034.6	A_003567
CN202223363406.5	A_003568
CN202223365753.1	A_003569
CN202223367285.1	A_003570
CN202223367364.2	A_003320
CN202223369407.0	A_003531
CN202223373346.5	A_000697
CN202223375020.6	A_001815
CN202223375061.5	A_001774
CN202223375061.5	A_003571
CN202223376006.8	A_003572
CN202223378333.7	A_000970
CN202223378804.4	A_003573
CN202223379548.0	A_003574
CN202223382608.4	A_003575
CN202223382786.7	A_003576
CN202223384510.2	A_003577
CN202223386167.5	A_003578
CN202223386376.X	A_000196
CN202223389122.3	A_003579
CN202223389468.3	A_003580
CN202223389468.3	A_003581
CN202223389468.3	A_003582
CN202223389636.9	A_003583
CN202223392423.1	A_003584
CN202223393579.1	A_003585
CN202223394356.7	A_001361
CN202223397995.9	A_003586
CN202223398846.4	A_003587
CN202223399357.0	A_003588
CN202223399671.9	A_003589
CN202223399732.1	A_001750
CN202223400522.X	A_003159
CN202223401433.7	A_003441
CN202223401498.1	A_003590
CN202223401498.1	A_003591
CN202223402193.2	A_003592
CN202223402197.0	A_003592
CN202223402369.4	A_003593
CN202223402862.6	A_001361
CN202223405995.9	A_002448
CN202223410365.0	A_003594
CN202223414245.8	A_003595
CN202223416255.5	A_003592
CN202223417775.8	A_001090
CN202223420348.5	A_003596
CN202223423005.4	A_000864
CN202223430671.0	A_003597
CN202223430703.7	A_003598
CN202223430869.9	A_001659
CN202223430931.4	A_003599
CN202223432198.X	A_003600
CN202223433407.2	A_003601
CN202223441431.0	A_003602
CN202223442309.5	A_003245
CN202223442371.4	A_000855
CN202223443089.8	A_003603
CN202223443566.0	A_003595
CN202223443833.4	A_003604
CN202223445888.9	A_003605
CN202223447746.6	A_002132
CN202223448267.6	A_003590
CN202223448267.6	A_003591
CN202223448267.6	A_003606
CN202223448498.7	A_003607
CN202223448671.3	A_003608
CN202223448856.4	A_003609
CN202223452665.5	A_000731
CN202223453001.0	A_003610
CN202223456407.4	A_002459
CN202223457955.9	A_003611
CN202223460664.5	A_003612
CN202223466153.4	A_003585
CN202223466155.3	A_003585
CN202223467010.5	A_003613
CN202223479211.7	A_003614
CN202223479648.0	A_003615
CN202223480942.3	A_003616
CN202223484562.7	A_000900
CN202223489314.1	A_003617
CN202223490118.6	A_000177
CN202223490804.3	A_003618
CN202223490804.3	A_003619
CN202223490840.X	A_003620
CN202223494250.4	A_001361
CN202223495028.6	A_003621
CN202223497602.1	A_003622
CN202223500594.1	A_003623
CN202223500967.5	A_003624
CN202223502909.6	A_003625
CN202223503305.3	A_002063
CN202223503965.1	A_003626
CN202223506409.X	A_003627
CN202223507467.4	A_003492
CN202223509753.4	A_003628
CN202223510484.3	A_003629
CN202223515636.9	A_003605
CN202223515759.2	A_001755
CN202223516280.0	A_003501
CN202223517078.X	A_000970
CN202223517164.0	A_003471
CN202223521322.X	A_003630
CN202223521517.4	A_003631
CN202223523500.2	A_003632
CN202223524940.X	A_003633
CN202223526073.3	A_003634
CN202223526613.8	A_002613
CN202223530903.X	A_003635
CN202223530908.2	A_002522
CN202223543893.3	A_003636
CN202223545902.2	A_000912
CN202223546011.9	A_003637
CN202223546383.1	A_003637
CN202223546705.2	A_003623
CN202223549124.4	A_003638
CN202223549511.8	A_003631
CN202223550012.0	A_001029
CN202223553027.2	A_000231
CN202223553415.0	A_003631
CN202223554220.8	A_003639
CN202223554463.1	A_003640
CN202223557106.0	A_003628
CN202223559234.9	A_003641
CN202223563209.8	A_003639
CN202223563220.4	A_003639
CN202223565983.2	A_003642
CN202223567727.7	A_003643
CN202223569586.2	A_003644
CN202223570581.1	A_003644
CN202223574915.2	A_001616
CN202223575565.1	A_000614
CN202223577308.1	A_002069
CN202223577358.X	A_003645
CN202223577408.4	A_001894
CN202223578240.9	A_000543
CN202223580542.X	A_003646
CN202223581219.4	A_003647
CN202223581733.8	A_001745
CN202223582751.8	A_003648
CN202223583189.0	A_003649
CN202223586882.3	A_001745
CN202223593430.8	A_003650
CN202223593603.6	A_000194
CN202223597373.0	A_003631
CN202223597470.X	A_003651
CN202223597924.3	A_003652
CN202223601074.X	A_003653
CN202223603399.1	A_000614
CN202223604341.9	A_003654
CN202223609590.7	A_002545
CN202223610434.2	A_000543
CN202280039499.X	A_002239
CN202280047364.8	A_000128
CN202280076222.4	A_003655
CN202280079474.2	A_003656
CN202280083925.X	A_003657
CN202280087451.6	A_000909
CN2023077086W	A_003658
CN2023077086W	A_003659
CN202310001094.3	A_003660
CN202310005377.5	A_003661
CN202310007702.1	A_000464
CN202310007702.1	A_002507
CN202310010647.1	A_001714
CN202310010734.7	A_000371
CN202310011749.5	A_002472
CN202310017376.2	A_001087
CN202310019423.7	A_003662
CN202310019988.5	A_003663
CN202310020829.7	A_000294
CN202310024469.8	A_003664
CN202310030457.6	A_001190
CN202310030457.6	A_003665
CN202310030457.6	A_003666
CN202310030922.6	A_001053
CN202310031021.9	A_003667
CN202310035371.2	A_002928
CN202310035750.1	A_003668
CN202310036792.7	A_003669
CN202310041720.1	A_003670
CN202310047512.2	A_003671
CN202310047763.0	A_003672
CN202310048629.2	A_003673
CN202310051687.0	A_000641
CN202310052219.5	A_000336
CN202310052874.0	A_003674
CN202310053222.9	A_003065
CN202310054208.0	A_002472
CN202310054264.4	A_003675
CN202310054473.9	A_003676
CN202310054529.0	A_000841
CN202310055677.4	A_000953
CN202310057926.3	A_003677
CN202310057926.3	A_000384
CN202310058151.1	A_003678
CN202310061868.1	A_003629
CN202310066344.1	A_000294
CN202310067640.3	A_001676
CN202310073084.0	A_003679
CN202310076888.6	A_003680
CN202310078285.X	A_003680
CN202310079873.5	A_000476
CN202310079873.5	A_000466
CN202310082072.4	A_000764
CN202310083199.8	A_003681
CN202310083199.8	A_000384
CN202310088327.8	A_000476
CN202310094305.2	A_001616
CN202310095292.0	A_001637
CN202310098688.0	A_000294
CN202310105641.2	A_000966
CN202310106154.8	A_003682
CN202310106350.5	A_003683
CN202310106929.1	A_003684
CN202310107938.2	A_002900
CN202310107938.2	A_000384
CN202310111424.4	A_001373
CN202310111622.0	A_001144
CN202310111970.8	A_000276
CN202310114742.6	A_003685
CN202310116951.4	A_003686
CN202310124048.2	A_003687
CN202310125786.9	A_003688
CN202310125786.9	A_003689
CN202310131206.7	A_001075
CN202310133897.4	A_001485
CN202310135200.7	A_000724
CN202310138684.0	A_002318
CN202310139037.1	A_003690
CN202310139037.1	A_003691
CN202310139037.1	A_003692
CN202310141532.6	A_003693
CN202310142774.7	A_003694
CN202310143332.4	A_001581
CN202310143332.4	A_000416
CN202310143956.6	A_003082
CN202310144136.9	A_003121
CN202310144166.X	A_003695
CN202310144924.8	A_003696
CN202310145275.3	A_002856
CN202310145386.4	A_002403
CN202310148810.0	A_003697
CN202310149781.X	A_003698
CN202310154460.9	A_003699
CN202310155327.5	A_000202
CN202310156833.6	A_003700
CN202310158233.3	A_000731
CN202310158370.7	A_002957
CN202310163164.5	A_002472
CN202310165277.9	A_002639
CN202310166468.7	A_000574
CN202310167239.7	A_003127
CN202310170828.0	A_000198
CN202310172769.0	A_003694
CN202310173552.1	A_003701
CN202310173997.X	A_002850
CN202310174637.1	A_003702
CN202310175048.5	A_003703
CN202310175824.1	A_003704
CN202310179485.4	A_000253
CN202310180713.X	A_002293
CN202310182012.X	A_001144
CN202310185910.0	A_003705
CN202310186867.X	A_001154
CN202310189950.2	A_000318
CN202310193545.8	A_003168
CN202310202125.1	A_003706
CN202310202125.1	A_003707
CN202310204769.4	A_003708
CN202310208476.3	A_002331
CN202310208579.X	A_001127
CN202310211100.8	A_003122
CN202310212621.5	A_003709
CN202310218122.7	A_000294
CN202310218122.7	A_002437
CN202310221976.0	A_000198
CN202310224602.4	A_003710
CN202310228975.9	A_003711
CN202310228975.9	A_003712
CN202310229859.9	A_001756
CN202310232096.3	A_003713
CN202310233062.6	A_003714
CN202310233062.6	A_000416
CN202310238917.4	A_003715
CN202310242765.5	A_000177
CN202310246433.4	A_003716
CN202310247973.4	A_003717
CN202310253069.4	A_003718
CN202310253204.5	A_003719
CN202310253588.0	A_003170
CN202310261564.X	A_003720
CN202310262465.3	A_002274
CN202310263867.5	A_001087
CN202310263867.5	A_003721
CN202310263867.5	A_003722
CN202310265378.3	A_003723
CN202310265378.3	A_003029
CN202310265769.5	A_003723
CN202310265769.5	A_003029
CN202310266063.0	A_000304
CN202310270864.4	A_003442
CN202310270910.0	A_000182
CN202310275505.8	A_000749
CN202310278277.X	A_001141
CN202310278871.9	A_000294
CN202310282264.X	A_000406
CN202310282264.X	A_003724
CN202310282298.9	A_000466
CN202310282790.6	A_000692
CN202310283760.7	A_003725
CN202310288033.X	A_000273
CN202310288336.1	A_000318
CN202310290261.0	A_003726
CN202310296956.X	A_003727
CN202310299918.X	A_003728
CN202310300660.0	A_003676
CN202310301083.7	A_002312
CN202310303202.2	A_003729
CN202310307942.3	A_001770
CN202310309012.1	A_001356
CN202310310472.6	A_003729
CN202310310728.3	A_000309
CN202310312938.6	A_002850
CN202310313268.X	A_000253
CN202310313435.0	A_003730
CN202310313978.2	A_001473
CN202310316542.9	A_003731
CN202310316542.9	A_003579
CN202310318834.6	A_003732
CN202310320073.8	A_001574
CN202310320828.4	A_003733
CN202310323722.X	A_003723
CN202310323722.X	A_003029
CN202310324463.2	A_003734
CN202310324463.2	A_003735
CN202310327198.3	A_003736
CN202310328154.2	A_000749
CN202310332912.8	A_003737
CN202310339180.5	A_003738
CN202310341006.4	A_003739
CN202310344074.6	A_003740
CN202310348567.7	A_003741
CN202310348582.1	A_000162
CN202310349292.9	A_003742
CN202310350603.3	A_000337
CN202310350806.2	A_001369
CN202310351934.9	A_000923
CN202310353135.5	A_003743
CN202310354305.1	A_000641
CN202310355204.6	A_003744
CN202310356847.2	A_002926
CN202310356847.2	A_000384
CN202310358200.3	A_002486
CN202310358200.3	A_000631
CN202310358203.7	A_002486
CN202310358203.7	A_000631
CN202310360826.8	A_003745
CN202310360826.8	A_002382
CN202310370366.7	A_003746
CN202310371628.1	A_003747
CN202310377790.4	A_000128
CN202310379673.1	A_000182
CN202310380740.1	A_003748
CN202310380816.0	A_003749
CN202310381546.5	A_002408
CN202310381907.6	A_003750
CN202310382766.X	A_001089
CN202310382947.2	A_003349
CN202310383506.4	A_001015
CN202310383962.9	A_001015
CN202310384787.5	A_000923
CN202310391297.8	A_000928
CN202310391470.4	A_003751
CN202310393838.0	A_003752
CN202310396720.3	A_000294
CN202310398390.1	A_003753
CN202310400520.0	A_001962
CN202310400617.1	A_002318
CN202310400884.9	A_003754
CN202310401463.8	A_001659
CN202310401529.3	A_003755
CN202310403561.5	A_000198
CN202310404605.6	A_003756
CN202310405235.8	A_003757
CN202310406798.9	A_000336
CN202310407966.6	A_000936
CN202310408306.X	A_003758
CN202310409820.5	A_003759
CN202310411211.3	A_003760
CN202310414102.7	A_003761
CN202310417472.6	A_000864
CN202310418094.3	A_003762
CN202310421276.6	A_003035
CN202310421809.0	A_003763
CN202310421848.0	A_003764
CN202310421848.0	A_003089
CN202310421896.X	A_003144
CN202310427127.0	A_003765
CN202310427254.0	A_000304
CN202310427603.9	A_000692
CN202310429153.7	A_000198
CN202310433461.7	A_003766
CN202310433846.3	A_003767
CN202310434472.7	A_000947
CN202310434472.7	A_000402
CN202310437173.9	A_003768
CN202310437511.9	A_000317
CN202310437527.X	A_000596
CN202310438618.5	A_000242
CN202310438878.2	A_001118
CN202310439135.7	A_001433
CN202310440629.7	A_001118
CN202310440719.6	A_001429
CN202310442601.7	A_002682
CN202310452858.0	A_003769
CN202310452876.9	A_000294
CN202310453879.4	A_000955
CN202310455103.6	A_001574
CN202310455954.0	A_003770
CN202310456287.8	A_003755
CN202310460129.X	A_000458
CN202310460982.1	A_003771
CN202310464560.1	A_003754
CN202310465717.2	A_000692
CN202310465753.9	A_000326
CN202310466291.2	A_003267
CN202310468288.4	A_003772
CN202310469683.4	A_002343
CN202310469932.X	A_003773
CN202310470302.4	A_003774
CN202310471101.6	A_003775
CN202310472668.5	A_003776
CN202310473290.0	A_000345
CN202310474354.9	A_003777
CN202310480130.9	A_002343
CN202310483927.4	A_003778
CN202310484045.X	A_003779
CN202310485069.7	A_001614
CN202310486067.X	A_000735
CN202310486795.0	A_001351
CN202310487572.6	A_003680
CN202310492305.8	A_001049
CN202310492556.6	A_001679
CN202310492893.5	A_003780
CN202310492893.5	A_000337
CN202310493178.3	A_003781
CN202310494984.2	A_000631
CN202310498030.9	A_003782
CN202310499473.X	A_000304
CN202310500173.9	A_003783
CN202310502322.5	A_000978
CN202310502634.6	A_003784
CN202310507916.5	A_003785
CN202310508539.7	A_003786
CN202310508617.3	A_003787
CN202310509644.2	A_000182
CN202310509671.X	A_000517
CN202310512488.5	A_003788
CN202310513712.2	A_003784
CN202310513998.4	A_003789
CN202310514265.2	A_000304
CN202310516966.X	A_003790
CN202310517040.2	A_003791
CN202310523402.9	A_003792
CN202310523751.0	A_003793
CN202310525464.3	A_000992
CN202310528410.2	A_000782
CN202310529141.1	A_003794
CN202310529506.0	A_003795
CN202310529692.8	A_001137
CN202310531293.5	A_003796
CN202310533328.9	A_000863
CN202310534294.5	A_003797
CN202310536720.9	A_003798
CN202310538360.6	A_003799
CN202310541603.1	A_000528
CN202310543465.0	A_001137
CN202310543526.3	A_000514
CN202310545318.7	A_003800
CN202310547673.8	A_003801
CN202310547866.3	A_003802
CN202310550407.0	A_003803
CN202310550782.5	A_001137
CN202310558292.X	A_003804
CN202310559921.0	A_003805
CN202310562486.7	A_000811
CN202310564184.3	A_003806
CN202310566511.9	A_003801
CN202310567002.8	A_000182
CN202310568416.2	A_000476
CN202310569771.1	A_001110
CN202310570358.7	A_003807
CN202310575183.9	A_002807
CN202310579943.3	A_003808
CN202310583883.2	A_003809
CN202310588053.9	A_000469
CN202310590682.5	A_003810
CN202310590930.6	A_003031
CN202310591129.3	A_003809
CN202310597983.0	A_003811
CN202310598368.1	A_003812
CN202310600187.8	A_003813
CN202310600254.6	A_003813
CN202310603203.9	A_001344
CN202310606076.8	A_003814
CN202310606920.7	A_000466
CN202310607428.1	A_003815
CN202310607477.5	A_003816
CN202310609604.5	A_001129
CN202310614051.2	A_003817
CN202310616498.3	A_003818
CN202310618655.4	A_003819
CN202310623481.0	A_003820
CN202310624216.4	A_003821
CN202310624245.0	A_003822
CN202310626175.2	A_003823
CN202310626922.2	A_001517
CN202310628709.5	A_001144
CN202310630761.4	A_000304
CN202310634335.8	A_003824
CN202310635097.2	A_001356
CN202310635315.2	A_003825
CN202310635315.2	A_002873
CN202310636612.9	A_003723
CN202310636612.9	A_003029
CN202310642059.X	A_000318
CN202310644773.2	A_003826
CN202310645745.2	A_003827
CN202310650365.8	A_001344
CN202310650599.2	A_003828
CN202310653010.4	A_003829
CN202310656589.X	A_000223
CN202310658022.6	A_000304
CN202310658849.7	A_003830
CN202310658849.7	A_000384
CN202310660816.6	A_003831
CN202310663509.3	A_000496
CN202310664195.9	A_003832
CN202310669478.2	A_003833
CN202310670646.X	A_003834
CN202310672104.6	A_003835
CN202310672538.6	A_003836
CN202310672569.1	A_000134
CN202310679372.0	A_003837
CN202310680992.6	A_001821
CN202310681180.3	A_001709
CN202310681553.7	A_000304
CN202310689521.1	A_003838
CN202310689655.3	A_003839
CN202310690173.X	A_003840
CN202310692028.5	A_003841
CN202310694502.8	A_003842
CN202310696208.0	A_001451
CN202310696660.7	A_003843
CN202310696662.6	A_003844
CN202310698930.8	A_002421
CN202310698978.9	A_002421
CN202310705548.5	A_003845
CN202310707374.6	A_001180
CN202310723650.8	A_001661
CN202310724283.3	A_000927
CN202310724283.3	A_000336
CN202310724531.4	A_000856
CN202310724542.2	A_003846
CN202310727966.4	A_002856
CN202310737962.4	A_003847
CN202310741431.2	A_000749
CN202310743512.6	A_003827
CN202310744101.9	A_003321
CN202310744771.0	A_000304
CN202310744771.0	A_000179
CN202310744771.0	A_003848
CN202310747015.3	A_003849
CN202310748763.3	A_000692
CN202310748989.3	A_003844
CN202310751455.6	A_003840
CN202310753853.1	A_002831
CN202310753905.5	A_001485
CN202310756992.X	A_003850
CN202310757611.X	A_000276
CN202310757611.X	A_003851
CN202310759152.9	A_001137
CN202310759878.2	A_003852
CN202310761665.3	A_000636
CN2023107631W	A_003853
CN202310766444.5	A_003854
CN202310766444.5	A_003855
CN202310767849.0	A_003856
CN202310768158.2	A_000679
CN202310768878.9	A_003591
CN202310770465.4	A_003804
CN202310772518.6	A_003857
CN202310774194.X	A_003858
CN202310774798.4	A_000162
CN202310774798.4	A_003859
CN202310775579.8	A_003028
CN202310775990.5	A_003860
CN202310777422.9	A_000764
CN202310778761.9	A_000735
CN202310779104.6	A_003780
CN202310779104.6	A_000337
CN202310781048.X	A_003861
CN202310784965.3	A_001137
CN202310786195.6	A_003862
CN202310787690.9	A_000484
CN202310795077.1	A_000196
CN202310800253.6	A_003863
CN202310802108.1	A_003723
CN202310802108.1	A_003029
CN202310802815.0	A_003117
CN202310802815.0	A_003864
CN202310806206.2	A_003865
CN202310806485.2	A_001433
CN202310808980.7	A_003866
CN202310808980.7	A_003867
CN202310810242.6	A_003868
CN202310811177.9	A_003869
CN202310813169.8	A_003870
CN202310816377.3	A_000162
CN202310816377.3	A_003859
CN202310816478.0	A_003813
CN202310816654.0	A_002545
CN202310818748.1	A_000996
CN202310820990.2	A_003871
CN202310822892.2	A_003731
CN202310823762.0	A_003809
CN202310825525.8	A_003798
CN202310825617.6	A_000997
CN202310828076.2	A_003872
CN202310830662.0	A_001068
CN202310831376.6	A_001099
CN202310831376.6	A_000609
CN202310831853.9	A_001099
CN202310831853.9	A_000609
CN202310834608.3	A_001388
CN202310834686.3	A_003873
CN202310836428.9	A_000162
CN202310836428.9	A_003859
CN202310837409.8	A_002865
CN202310837409.8	A_003874
CN202310839570.9	A_003875
CN202310842832.7	A_000304
CN202310842832.7	A_003876
CN202310842842.0	A_000304
CN202310842842.0	A_003876
CN202310843791.3	A_003877
CN202310845292.8	A_000764
CN202310845395.4	A_000359
CN202310846010.6	A_003866
CN202310846010.6	A_003867
CN202310848818.8	A_003878
CN202310848853.X	A_000466
CN202310850156.8	A_003879
CN202310851049.7	A_003871
CN202310854347.1	A_003880
CN202310856082.9	A_000162
CN202310857632.9	A_000162
CN202310857632.9	A_003859
CN202310860053.X	A_003881
CN202310860084.5	A_003882
CN202310860372.0	A_003501
CN202310861537.6	A_003883
CN202310863981.1	A_003884
CN202310863981.1	A_003885
CN202310866379.3	A_003882
CN202310866892.2	A_001937
CN202310867316.X	A_002341
CN202310871290.6	A_000388
CN202310873690.0	A_003886
CN202310877261.0	A_003887
CN202310879128.9	A_000692
CN202310880440.X	A_003888
CN202310885588.2	A_000304
CN202310885685.1	A_003889
CN202310886610.5	A_003890
CN202310887669.6	A_003891
CN202310887669.6	A_003892
CN202310891313.X	A_003893
CN202310891991.6	A_003894
CN202310893084.5	A_003895
CN202310896534.6	A_003896
CN202310897071.5	A_003897
CN202310900587.0	A_003898
CN202310900587.0	A_002414
CN202310901052.5	A_003899
CN202310905734.3	A_003111
CN202310907577.X	A_003900
CN202310908657.7	A_003901
CN202310910210.3	A_003902
CN202310912276.6	A_001351
CN202310913796.9	A_001799
CN202310923809.0	A_003903
CN202310925698.7	A_001173
CN202310927191.5	A_003827
CN202310928775.4	A_002982
CN202310931648.X	A_000346
CN202310933493.3	A_000326
CN202310935309.9	A_003904
CN202310937965.2	A_000318
CN202310937965.2	A_000376
CN202310945817.5	A_003905
CN202310945817.5	A_001179
CN202310947294.8	A_003028
CN202310948340.6	A_003906
CN202310948769.5	A_003907
CN202310948798.1	A_003907
CN202310949018.5	A_002472
CN202310950579.7	A_003908
CN202310951851.3	A_003909
CN202310958200.7	A_003910
CN202310959492.6	A_003911
CN202310965988.4	A_003912
CN202310966324.X	A_003913
CN202310966665.7	A_003866
CN202310966665.7	A_003867
CN202310966942.4	A_003914
CN202310967057.8	A_003907
CN202310970679.6	A_000574
CN202310971999.3	A_003915
CN202310972529.9	A_000337
CN202310978286.X	A_000496
CN202310980152.1	A_003916
CN202310983466.7	A_000245
CN202310984759.7	A_000304
CN202310986231.3	A_003917
CN202310988172.3	A_003111
CN202310990518.3	A_003918
CN202310991766.X	A_003919
CN202310991915.2	A_003920
CN202310991915.2	A_003921
CN202310991976.9	A_003922
CN202310996550.2	A_002756
CN202311001194.2	A_003358
CN202311002240.0	A_002970
CN202311004992.0	A_003923
CN202311005658.7	A_003924
CN202311006150.9	A_001084
CN202311006666.3	A_003925
CN202311009627.9	A_002510
CN202311011302.4	A_001613
CN202311013554.0	A_003926
CN202311016519.4	A_003927
CN202311019259.6	A_001084
CN202311021075.3	A_003928
CN202311022012.X	A_002002
CN202311022641.2	A_003929
CN202311023604.3	A_002553
CN202311026233.4	A_003930
CN202311028916.3	A_001150
CN202311031098.2	A_003931
CN202311031269.1	A_002865
CN202311031269.1	A_003874
CN202311032495.1	A_001173
CN202311033506.8	A_003932
CN202311033651.6	A_003042
CN202311033654.X	A_003042
CN202311039474.2	A_003790
CN202311045846.2	A_000182
CN202311047350.9	A_003933
CN202311047928.0	A_002463
CN202311047928.0	A_003934
CN202311047956.2	A_003935
CN202311050494.X	A_003936
CN202311050494.X	A_003937
CN202311051969.7	A_003003
CN202311053803.9	A_003938
CN202311053970.3	A_003939
CN202311056177.9	A_003940
CN202311057815.9	A_003941
CN202311060766.4	A_000614
CN202311064586.3	A_003942
CN202311065621.3	A_000294
CN202311067554.9	A_003943
CN202311068225.6	A_002957
CN202311071799.9	A_000294
CN202311072381.X	A_003944
CN202311074403.6	A_000314
CN202311074469.5	A_003945
CN202311074469.5	A_003946
CN202311077639.5	A_003321
CN202311082127.8	A_003947
CN202311083358.0	A_000596
CN202311085724.6	A_000304
CN202311086211.7	A_000304
CN202311087179.4	A_001763
CN202311087643.X	A_003938
CN202311088819.3	A_003948
CN202311091055.3	A_000304
CN202311092870.1	A_002999
CN202311094461.5	A_003949
CN202311101045.3	A_001770
CN202311104671.8	A_003573
CN202311108698.4	A_003950
CN202311115589.5	A_003074
CN202311117666.0	A_003951
CN202311119239.6	A_002002
CN202311119863.6	A_003952
CN202311120360.0	A_003953
CN202311123536.8	A_001365
CN202311124922.9	A_000998
CN202311126825.3	A_001296
CN202311128002.4	A_000294
CN202311128036.3	A_000294
CN202311128592.0	A_001296
CN202311130404.8	A_003174
CN202311130725.8	A_003074
CN202311132489.3	A_003089
CN202311135940.7	A_003907
CN202311135983.5	A_003907
CN202311136445.8	A_001161
CN202311138939.X	A_003954
CN202311141161.8	A_003955
CN202311141350.5	A_000979
CN202311142540.9	A_003956
CN202311144743.1	A_001365
CN202311145340.9	A_003957
CN202311145938.8	A_003958
CN202311152752.5	A_003862
CN202311157676.7	A_003959
CN202311157736.5	A_003960
CN202311158366.7	A_003961
CN202311159049.7	A_003962
CN202311159555.6	A_000947
CN202311159555.6	A_002365
CN202311160242.2	A_003963
CN202311161266.X	A_000953
CN202311161878.9	A_003964
CN202311161880.6	A_003964
CN202311162946.3	A_000451
CN202311163872.5	A_000182
CN202311167017.1	A_003965
CN202311169386.4	A_000162
CN202311170253.9	A_003966
CN202311175387.X	A_000377
CN202311176240.2	A_000304
CN202311176673.8	A_003967
CN202311176927.6	A_001433
CN202311176927.6	A_003968
CN202311178197.3	A_000317
CN202311179666.3	A_000724
CN202311182729.0	A_002270
CN202311184490.0	A_000377
CN202311184490.0	A_003969
CN202311185643.3	A_003970
CN202311189335.8	A_003971
CN202311189726.X	A_003972
CN202311190059.7	A_003779
CN202311195909.2	A_003973
CN202311195911.X	A_001137
CN202311198185.7	A_003961
CN202311207585.X	A_003974
CN202311208131.4	A_003975
CN202311208619.7	A_003976
CN202311210591.0	A_003977
CN202311213116.9	A_003978
CN202311216627.6	A_003979
CN202311216627.6	A_003980
CN202311218910.2	A_000764
CN202311219643.0	A_003970
CN202311222671.8	A_001150
CN202311224850.5	A_003981
CN202311227487.2	A_003982
CN202311228088.8	A_003983
CN202311230316.5	A_003984
CN202311232240.X	A_003985
CN202311232240.X	A_002793
CN202311232240.X	A_000384
CN202311233269.X	A_003986
CN202311235285.2	A_001747
CN202311235309.4	A_001015
CN202311237611.3	A_002417
CN202311237611.3	A_003987
CN202311244158.9	A_003988
CN202311245218.9	A_003989
CN202311249031.6	A_000405
CN202311250497.8	A_001139
CN202311250501.0	A_003117
CN202311251059.3	A_000353
CN202311251303.6	A_000641
CN202311252365.9	A_000614
CN202311255435.6	A_003990
CN202311255482.0	A_002856
CN202311255546.7	A_001311
CN202311259613.2	A_000182
CN202311263018.6	A_002002
CN202311266994.7	A_002109
CN202311266994.7	A_003991
CN202311266994.7	A_000384
CN202311267697.4	A_003992
CN202311268046.7	A_003993
CN202311268046.7	A_003884
CN202311268691.9	A_002002
CN202311271120.0	A_003994
CN202311275851.2	A_003995
CN202311280038.4	A_000971
CN202311281142.5	A_000543
CN202311284805.9	A_003996
CN202311285036.4	A_000543
CN202311286748.8	A_000543
CN202311291374.9	A_003997
CN202311291601.8	A_003998
CN202311291601.8	A_003999
CN202311292434.9	A_004000
CN202311292609.6	A_004001
CN202311292917.9	A_004002
CN202311293397.3	A_004003
CN202311294520.3	A_004004
CN202311295688.6	A_004005
CN202311302442.7	A_004006
CN202311302456.9	A_004006
CN202311304103.2	A_004007
CN202311305447.5	A_002856
CN202311310679.X	A_004008
CN202311310679.X	A_000337
CN202311312812.5	A_000196
CN202311317514.5	A_000596
CN202311317758.3	A_004009
CN202311318654.4	A_003907
CN202311318673.7	A_004010
CN202311321195.5	A_000574
CN202311323270.1	A_001433
CN202311328866.0	A_000998
CN202311331111.6	A_000749
CN202311332777.3	A_004011
CN202311333725.8	A_004012
CN202311337726.X	A_001954
CN202311343447.4	A_003991
CN202311343447.4	A_004013
CN202311343493.4	A_002510
CN202311343995.7	A_004014
CN202311344331.2	A_000631
CN202311346679.5	A_004015
CN202311347111.5	A_004016
CN202311347111.5	A_000416
CN202311347284.7	A_000162
CN202311349154.7	A_002109
CN202311349154.7	A_004017
CN202311349154.7	A_004018
CN202311349154.7	A_000384
CN202311349689.4	A_001148
CN202311351011.X	A_001288
CN202311353663.7	A_000317
CN202311356612.X	A_003970
CN202311356704.8	A_003981
CN202311357306.8	A_004016
CN202311357306.8	A_000416
CN202311358971.9	A_004019
CN202311361157.2	A_001288
CN202311361320.5	A_004020
CN202311363037.6	A_004021
CN202311363603.3	A_003801
CN202311364770.X	A_001865
CN202311370519.4	A_001171
CN202311370923.1	A_000304
CN202311376281.6	A_004022
CN202311377523.3	A_001324
CN202311377523.3	A_001323
CN202311378222.2	A_000532
CN202311380533.2	A_004023
CN202311380550.6	A_003907
CN202311380552.5	A_003907
CN202311384080.0	A_004024
CN202311384862.4	A_001921
CN202311384981.X	A_001770
CN202311385143.4	A_000317
CN202311386919.4	A_004025
CN202311388083.1	A_001946
CN202311389599.8	A_003627
CN202311390498.2	A_004026
CN202311391920.6	A_004026
CN202311392363.X	A_003866
CN202311392363.X	A_003867
CN202311393211.1	A_004027
CN202311395523.6	A_003071
CN202311396416.5	A_004028
CN202311397376.6	A_004026
CN202311399092.0	A_004029
CN202311403070.7	A_002992
CN202311404089.3	A_004030
CN202311404089.3	A_004031
CN202311404089.3	A_004032
CN202311404874.9	A_001613
CN202311405195.3	A_004033
CN202311407471.X	A_004034
CN202311410993.5	A_004035
CN202311411961.7	A_004036
CN202311416870.2	A_000294
CN202311418331.2	A_001377
CN202311418643.3	A_004037
CN202311419874.6	A_004038
CN202311421982.7	A_004039
CN202311426398.0	A_003977
CN202311428172.4	A_003135
CN202311428254.9	A_004040
CN202311429005.1	A_000317
CN202311434494.X	A_004041
CN202311443612.3	A_004042
CN202311443612.3	A_004043
CN202311443612.3	A_003884
CN202311445269.6	A_000196
CN202311446690.9	A_000923
CN202311450472.2	A_004044
CN202311450939.3	A_004045
CN202311450983.4	A_000213
CN202311451370.2	A_004046
CN202311452863.8	A_004047
CN202311453772.6	A_004048
CN202311454255.0	A_004049
CN202311454261.6	A_003434
CN202311454385.4	A_004050
CN202311454660.2	A_004051
CN202311456474.2	A_004052
CN202311457386.4	A_000413
CN202311457806.9	A_003723
CN202311457806.9	A_003029
CN202311461997.6	A_004053
CN202311464337.3	A_004054
CN202311464508.2	A_004055
CN202311464517.1	A_004056
CN202311465465.X	A_000884
CN202311465564.8	A_004057
CN202311465821.8	A_004058
CN202311467867.3	A_004059
CN202311468257.5	A_000294
CN202311470096.3	A_004060
CN202311470398.0	A_004061
CN202311471528.2	A_004061
CN202311477295.7	A_004062
CN202311477779.1	A_003255
CN202311483406.5	A_000345
CN202311483493.4	A_000345
CN202311483674.7	A_000345
CN202311483674.7	A_001151
CN202311484903.7	A_004063
CN202311484903.7	A_004064
CN202311485760.1	A_000345
CN202311485760.1	A_001151
CN202311486089.2	A_004065
CN202311487736.1	A_004066
CN202311488411.5	A_000182
CN202311488542.3	A_000756
CN202311488542.3	A_004067
CN202311488799.9	A_003378
CN202311488874.1	A_004068
CN202311491840.8	A_000731
CN202311494148.0	A_004069
CN202311494236.0	A_000731
CN202311496103.7	A_001745
CN202311496103.7	A_000384
CN202311497750.X	A_004070
CN202311497845.1	A_000731
CN202311499908.7	A_004071
CN202311502575.9	A_002553
CN202311503310.0	A_000782
CN202311503504.0	A_004008
CN202311503504.0	A_000337
CN202311503997.8	A_000345
CN202311504251.9	A_002109
CN202311504251.9	A_004017
CN202311504251.9	A_004018
CN202311504251.9	A_000384
CN202311504342.2	A_004072
CN202311504414.3	A_004073
CN202311507097.0	A_000345
CN202311507138.6	A_001503
CN202311507138.6	A_004074
CN202311508031.3	A_000345
CN202311508181.4	A_003714
CN202311508181.4	A_000416
CN202311510565.X	A_000182
CN202311510688.3	A_004075
CN202311513766.5	A_004076
CN202311513766.5	A_002346
CN202311516105.8	A_004077
CN202311519695.X	A_004078
CN202311520117.8	A_000273
CN202311520445.8	A_004079
CN202311521663.3	A_004080
CN202311521663.3	A_002631
CN202311527515.2	A_004081
CN202311528281.3	A_000554
CN202311530084.5	A_004082
CN202311531930.5	A_000369
CN202311533006.0	A_004083
CN202311533895.0	A_004084
CN202311535604.1	A_003927
CN202311536008.5	A_004085
CN202311537192.5	A_001949
CN202311538429.1	A_000222
CN202311545651.4	A_004086
CN202311545793.0	A_004087
CN202311547768.6	A_004088
CN202311547768.6	A_002793
CN202311547768.6	A_000384
CN202311548727.9	A_004089
CN202311549033.7	A_003981
CN202311552560.3	A_000641
CN202311552603.8	A_003680
CN202311552726.1	A_003680
CN202311554828.7	A_001200
CN202311555209.X	A_000384
CN202311555209.X	A_002793
CN202311555209.X	A_003318
CN202311561182.5	A_002292
CN202311563082.6	A_002970
CN202311563999.6	A_002274
CN202311564633.0	A_004090
CN202311564852.9	A_004091
CN202311565627.7	A_004092
CN202311567655.2	A_004093
CN202311567655.2	A_004094
CN202311569571.2	A_004095
CN202311570312.1	A_004055
CN202311570922.1	A_000543
CN202311573022.2	A_003152
CN202311573022.2	A_004096
CN202311576122.0	A_000345
CN202311576799.4	A_000741
CN202311579308.1	A_003074
CN202311579718.6	A_000315
CN202311579718.6	A_001347
CN202311582699.2	A_004097
CN202311583708.X	A_004098
CN202311583877.3	A_000315
CN202311583877.3	A_001347
CN202311584800.8	A_003965
CN202311587863.9	A_004099
CN202311588001.8	A_002154
CN202311589390.6	A_001709
CN202311589627.0	A_000182
CN202311589885.9	A_004100
CN202311591507.4	A_004098
CN202311593078.4	A_004101
CN2023115952W	A_004102
CN2023115952W	A_004103
CN202311595674.6	A_004104
CN202311598966.5	A_004105
CN202311599015.X	A_001133
CN202311604352.3	A_004106
CN202311607512.X	A_004107
CN202311607626.4	A_000371
CN202311608081.9	A_004108
CN202311608690.4	A_004109
CN202311613719.8	A_004110
CN202311620785.8	A_003981
CN202311621414.1	A_003695
CN202311624187.8	A_004111
CN202311624852.3	A_000923
CN202311624975.7	A_003133
CN202311624975.7	A_004112
CN202311625512.2	A_000517
CN202311632776.0	A_004113
CN202311639122.0	A_002957
CN202311641756.X	A_000564
CN202311643664.5	A_001075
CN202311645403.7	A_004040
CN202311648252.0	A_003695
CN202311649319.2	A_003388
CN202311649362.9	A_002082
CN202311649719.3	A_000953
CN202311653901.6	A_000452
CN202311653901.6	A_004114
CN202311655420.9	A_004008
CN202311656551.9	A_001361
CN202311658266.0	A_004115
CN202311659827.9	A_004116
CN202311661123.5	A_004117
CN202311661123.5	A_004118
CN202311661445.X	A_004119
CN202311663832.7	A_001276
CN202311665466.9	A_004120
CN202311665466.9	A_000326
CN202311668874.X	A_003903
CN202311669041.5	A_003122
CN202311669483.X	A_002489
CN202311669723.6	A_004121
CN202311670289.3	A_000337
CN202311675689.3	A_003863
CN202311677405.4	A_004122
CN202311678613.6	A_004123
CN202311679427.4	A_003745
CN202311679427.4	A_004124
CN202311679427.4	A_004125
CN202311679427.4	A_000384
CN202311680287.2	A_004126
CN202311680287.2	A_004127
CN202311681014.X	A_000731
CN202311682034.9	A_000991
CN202311687682.3	A_003927
CN202311687940.8	A_000614
CN202311688412.4	A_004128
CN202311690656.6	A_003348
CN202311691130.X	A_004129
CN202311691360.6	A_004130
CN202311691964.0	A_000198
CN202311694936.4	A_000182
CN202311695125.6	A_001770
CN202311695632.X	A_004131
CN202311704770.X	A_001180
CN202311707379.5	A_004122
CN202311707550.2	A_004132
CN202311708841.3	A_003434
CN202311709844.9	A_001503
CN202311709844.9	A_004133
CN202311710368.2	A_004134
CN202311713363.5	A_000735
CN202311713660.X	A_004135
CN202311714323.2	A_004003
CN202311717495.5	A_000252
CN202311719547.2	A_004136
CN202311719743.X	A_000810
CN202311719935.0	A_002791
CN202311723624.1	A_002347
CN202311723624.1	A_002916
CN202311725569.X	A_003697
CN202311726685.3	A_004106
CN202311727033.1	A_003841
CN202311728145.9	A_004137
CN202311728292.6	A_004138
CN202311733619.9	A_001640
CN202311733741.6	A_004139
CN202311736815.1	A_000387
CN202311740163.9	A_004140
CN202311740174.7	A_004141
CN202311741207.X	A_004142
CN202311742124.2	A_000222
CN202311743584.7	A_000337
CN202311744802.9	A_004143
CN202311746446.4	A_000692
CN202311746466.1	A_001372
CN202311747929.6	A_004144
CN202311748190.0	A_000564
CN202311748642.5	A_004047
CN202311749391.2	A_004145
CN202311751581.8	A_004146
CN202311751581.8	A_004147
CN202311751581.8	A_004148
CN202311754844.0	A_003106
CN202311754844.0	A_003107
CN202311755358.0	A_004149
CN202311756454.7	A_004150
CN202311756491.8	A_004151
CN202311757592.7	A_004152
CN202311757927.5	A_001433
CN202311758700.2	A_000223
CN202311758968.6	A_001372
CN202311760073.6	A_004153
CN202311763052.X	A_004154
CN202311763052.X	A_004155
CN202311767011.8	A_002787
CN202311768104.2	A_002292
CN202311769746.4	A_004135
CN202311771657.3	A_000735
CN202311773565.9	A_004156
CN202311774022.9	A_004157
CN202311774496.3	A_001921
CN202311775860.8	A_004158
CN202311776520.7	A_001171
CN202311782429.6	A_004159
CN202311783974.7	A_004047
CN202311785951.X	A_000614
CN202311786312.5	A_000844
CN202311787664.2	A_000196
CN202311788183.3	A_004160
CN202311790949.1	A_004161
CN202311791268.7	A_000936
CN202311793563.6	A_003184
CN202311796398.X	A_001482
CN202311796866.3	A_000928
CN202311797300.2	A_000326
CN202311797462.6	A_004162
CN202311797727.2	A_004163
CN202311800335.7	A_004164
CN202311803949.0	A_004165
CN202311803949.0	A_000301
CN202311803949.0	A_004166
CN202311803949.0	A_004167
CN202311804767.5	A_004168
CN202311804769.4	A_004168
CN202311805456.0	A_004169
CN202311805975.7	A_001546
CN202311806166.8	A_004170
CN202311806260.3	A_001451
CN202311810891.2	A_003742
CN202311814110.7	A_004171
CN202311815908.3	A_004172
CN202311817318.4	A_001616
CN202311817526.4	A_004173
CN202311819497.5	A_000543
CN202311819669.9	A_004162
CN202311821405.7	A_004174
CN202311824072.3	A_000614
CN202311827297.4	A_004175
CN202311828178.0	A_003029
CN202311828922.7	A_000304
CN202311830080.9	A_002545
CN202311831090.4	A_004176
CN202311831136.2	A_000735
CN202311831855.4	A_004177
CN202311832607.1	A_003478
CN202311832607.1	A_000764
CN202311835815.7	A_004178
CN202311836180.2	A_004179
CN202311836949.0	A_002455
CN202311845170.5	A_002522
CN202311845497.2	A_001735
CN202311845497.2	A_004180
CN202311845497.2	A_004181
CN202311847817.8	A_000614
CN202311847819.7	A_000614
CN202311847823.3	A_000614
CN202311848782.X	A_004182
CN202311848782.X	A_004183
CN202311852487.1	A_004184
CN202311853617.3	A_004185
CN202311854850.3	A_004186
CN202311860553.X	A_000496
CN202311861710.9	A_000387
CN202311861720.2	A_000387
CN202311861754.1	A_000387
CN202311864184.1	A_002455
CN202311865240.3	A_001139
CN202311865460.6	A_004175
CN202311867986.8	A_000273
CN202311872509.0	A_000810
CN202311873060.X	A_004187
CN202311873196.0	A_003346
CN202311874135.6	A_004188
CN2023125553W	A_003853
CN2023142971W	A_004189
CN2023142971W	A_004190
CN2023142981W	A_004189
CN2023142981W	A_004190
CN202320005488.1	A_004191
CN202320008222.2	A_001147
CN202320008292.8	A_004192
CN202320010958.3	A_000464
CN202320010958.3	A_002507
CN202320018486.6	A_000231
CN202320023090.0	A_003546
CN202320025627.7	A_001361
CN202320029911.1	A_002711
CN202320032399.6	A_004193
CN202320034408.5	A_004194
CN202320044310.8	A_004195
CN202320044344.7	A_004196
CN202320045655.5	A_003603
CN202320046526.8	A_004197
CN202320046941.3	A_004198
CN202320050094.8	A_004199
CN202320051705.0	A_001351
CN202320053289.8	A_001735
CN202320053807.6	A_004200
CN202320057642.X	A_004201
CN202320059396.1	A_004202
CN202320059448.5	A_004203
CN202320065035.8	A_004204
CN202320067831.5	A_000177
CN202320067899.3	A_004205
CN202320067899.3	A_004206
CN202320069541.4	A_004207
CN202320071281.4	A_004208
CN202320072173.9	A_004209
CN202320072723.7	A_004210
CN202320073535.6	A_004211
CN202320078695.X	A_003784
CN202320078940.7	A_004212
CN202320085786.6	A_000304
CN202320088001.0	A_003222
CN202320089477.6	A_004213
CN202320100048.4	A_002403
CN202320100110.X	A_003603
CN202320100173.5	A_004214
CN202320100368.X	A_004215
CN202320100436.2	A_002756
CN202320102609.4	A_001735
CN202320102842.2	A_000439
CN202320106659.X	A_000223
CN202320107055.7	A_001723
CN202320107251.4	A_002760
CN202320107251.4	A_002759
CN202320107593.6	A_004216
CN202320108590.4	A_004217
CN202320110379.6	A_004047
CN202320110777.8	A_004218
CN202320111252.6	A_004218
CN202320111731.8	A_004219
CN202320114416.0	A_004220
CN202320115187.4	A_004221
CN202320116816.5	A_004222
CN202320118476.X	A_004223
CN202320119064.8	A_004224
CN202320119306.3	A_001139
CN202320120324.3	A_004225
CN202320122396.1	A_000636
CN202320123140.2	A_004226
CN202320125879.7	A_002174
CN202320126732.X	A_004227
CN202320126764.X	A_003810
CN202320131376.0	A_004228
CN202320134846.9	A_004229
CN202320135129.8	A_004230
CN202320140431.2	A_004231
CN202320141999.6	A_001735
CN202320142742.2	A_004232
CN202320143534.4	A_004233
CN202320144002.2	A_004216
CN202320145461.2	A_004234
CN202320147185.3	A_004235
CN202320156127.7	A_004047
CN202320156256.6	A_004236
CN202320157527.X	A_004237
CN202320165503.9	A_004238
CN202320166387.2	A_004239
CN202320168122.6	A_002808
CN202320170156.9	A_001637
CN202320172176.X	A_004240
CN202320172421.7	A_004240
CN202320172564.8	A_003680
CN202320173693.9	A_004241
CN202320176139.6	A_004242
CN202320178301.8	A_003338
CN202320180237.7	A_000208
CN202320189052.2	A_004243
CN202320190382.3	A_001029
CN202320190879.5	A_004244
CN202320192381.2	A_004245
CN202320194374.6	A_004246
CN202320195766.4	A_004247
CN202320198199.8	A_001770
CN202320199513.4	A_004248
CN202320200614.9	A_004249
CN202320206042.5	A_004250
CN202320206042.5	A_003131
CN202320207245.6	A_004251
CN202320208271.0	A_004252
CN202320208424.1	A_004253
CN202320211631.2	A_004254
CN202320211631.2	A_004255
CN202320211682.5	A_004256
CN202320212268.6	A_004257
CN202320212331.6	A_004258
CN202320212491.0	A_004257
CN202320220222.9	A_004259
CN202320221616.6	A_003355
CN202320223639.0	A_004257
CN202320224495.0	A_003162
CN202320224495.0	A_000162
CN202320225196.9	A_004260
CN202320225821.X	A_001361
CN202320226067.1	A_004261
CN202320227057.X	A_003509
CN202320228908.2	A_004214
CN202320231911.X	A_004262
CN202320232343.5	A_004263
CN202320232749.3	A_004264
CN202320236145.6	A_000304
CN202320237062.9	A_002282
CN202320237390.9	A_004265
CN202320241140.2	A_004215
CN202320244581.8	A_004266
CN202320245135.9	A_004267
CN202320247606.X	A_004268
CN202320247984.8	A_004269
CN202320251599.0	A_003652
CN202320251981.1	A_004270
CN202320256665.3	A_004271
CN202320256865.9	A_004271
CN202320257068.2	A_004271
CN202320257774.7	A_002082
CN202320258589.X	A_004272
CN202320261149.X	A_002082
CN202320264779.2	A_000837
CN202320268661.7	A_003680
CN202320268698.X	A_003694
CN202320269685.4	A_000857
CN202320270629.2	A_000177
CN202320271364.8	A_004273
CN202320271711.7	A_004274
CN202320272932.6	A_002403
CN202320274847.3	A_001147
CN202320275105.2	A_000731
CN202320277845.X	A_001542
CN202320279134.6	A_001103
CN202320279476.8	A_004275
CN202320287895.6	A_002830
CN202320288954.1	A_004276
CN202320290491.2	A_004214
CN202320290602.X	A_004271
CN202320290726.8	A_003900
CN202320291834.7	A_004271
CN202320297519.5	A_004277
CN202320298199.5	A_004278
CN202320300358.0	A_003071
CN202320300953.4	A_004279
CN202320300960.4	A_004280
CN202320309602.X	A_003346
CN202320310336.2	A_003735
CN202320313074.5	A_004281
CN202320314722.9	A_004282
CN202320316029.5	A_004283
CN202320320891.3	A_004284
CN202320327330.6	A_003909
CN202320330289.8	A_003694
CN202320333263.9	A_003346
CN202320337415.2	A_001101
CN202320339571.2	A_004285
CN202320349746.8	A_004286
CN202320350330.8	A_001362
CN202320356347.4	A_000291
CN202320362807.4	A_001754
CN202320363811.2	A_003748
CN202320364127.6	A_001944
CN202320364708.X	A_004287
CN202320364912.1	A_002500
CN202320364954.5	A_002500
CN202320365007.8	A_002613
CN202320365419.1	A_000810
CN202320369828.9	A_004288
CN202320372287.5	A_004289
CN202320372742.1	A_004290
CN202320375415.1	A_004275
CN202320379662.9	A_004291
CN202320379685.X	A_004291
CN202320380590.X	A_004292
CN202320388732.7	A_002735
CN202320389619.0	A_004293
CN202320390177.1	A_001574
CN202320395638.4	A_004294
CN202320397162.8	A_003783
CN202320397170.2	A_000182
CN202320398350.2	A_004295
CN202320401539.2	A_000798
CN202320401539.2	A_000799
CN202320406571.X	A_004296
CN202320408797.3	A_004297
CN202320411261.7	A_004298
CN202320414617.2	A_004299
CN202320418289.3	A_004300
CN202320418579.8	A_001237
CN202320419050.8	A_004301
CN202320420637.0	A_004302
CN202320426197.X	A_004299
CN202320426812.7	A_004261
CN202320431442.6	A_004303
CN202320431596.5	A_004304
CN202320431601.2	A_004304
CN202320433156.3	A_004305
CN202320436871.2	A_000319
CN202320436871.2	A_004306
CN202320437735.5	A_003784
CN202320438646.2	A_004307
CN202320438860.8	A_002012
CN202320441185.4	A_003711
CN202320445245.X	A_004308
CN202320446490.2	A_004309
CN202320446490.2	A_004310
CN202320449430.6	A_004311
CN202320449430.6	A_004312
CN202320457157.1	A_003714
CN202320457157.1	A_000416
CN202320457818.0	A_004313
CN202320459548.7	A_004314
CN202320459824.X	A_000259
CN202320459840.9	A_000259
CN202320464825.3	A_001806
CN202320468724.3	A_004315
CN202320472428.0	A_004261
CN202320475703.4	A_004316
CN202320480776.2	A_004317
CN202320481677.6	A_004318
CN202320484813.7	A_004319
CN202320484821.1	A_004320
CN202320486148.5	A_002805
CN202320486778.2	A_003662
CN202320487236.7	A_003413
CN202320488421.8	A_000208
CN202320491875.0	A_004317
CN202320495960.4	A_004321
CN202320496502.2	A_004322
CN202320497147.0	A_004323
CN202320497908.2	A_004324
CN202320498532.7	A_000458
CN202320500964.7	A_002805
CN202320500966.6	A_002805
CN202320501542.1	A_004325
CN202320501709.4	A_004326
CN202320506179.2	A_004327
CN202320510257.6	A_004328
CN202320511797.6	A_004329
CN202320516596.5	A_004330
CN202320518019.X	A_000641
CN202320520393.3	A_004331
CN202320520425.X	A_001361
CN202320524828.1	A_004332
CN202320526193.9	A_004333
CN202320526801.6	A_004334
CN202320526810.5	A_004334
CN202320527306.7	A_004335
CN202320529247.7	A_002805
CN202320532728.3	A_004336
CN202320533327.X	A_004219
CN202320534520.5	A_004337
CN202320537582.1	A_004338
CN202320538526.X	A_000596
CN202320539256.4	A_001440
CN202320542285.6	A_003297
CN202320545032.4	A_003990
CN202320546405.X	A_000139
CN202320548823.2	A_004339
CN202320550949.3	A_004340
CN202320551917.5	A_001087
CN202320551917.5	A_003721
CN202320551917.5	A_003722
CN202320553097.3	A_001202
CN202320555237.0	A_004341
CN202320555413.0	A_004342
CN202320557345.1	A_004343
CN202320557542.3	A_004344
CN202320559165.7	A_004345
CN202320561896.5	A_003646
CN202320562916.0	A_004346
CN202320566742.5	A_004340
CN202320568628.6	A_001296
CN202320571788.6	A_004347
CN202320572088.9	A_004348
CN202320574263.8	A_002400
CN202320576818.2	A_002927
CN202320576922.1	A_003346
CN202320576950.3	A_003346
CN202320576966.4	A_002550
CN202320577489.3	A_004349
CN202320581284.2	A_000641
CN202320582841.2	A_004350
CN202320586688.0	A_001637
CN202320594266.8	A_003660
CN202320596781.X	A_003346
CN202320596790.9	A_003346
CN202320599523.7	A_004351
CN202320604211.0	A_004352
CN202320605456.5	A_000514
CN202320608205.2	A_003648
CN202320609770.0	A_004353
CN202320609778.7	A_004353
CN202320613417.X	A_004221
CN202320613421.6	A_004354
CN202320613629.8	A_004355
CN202320615642.7	A_004356
CN202320616405.2	A_004357
CN202320618239.X	A_004358
CN202320620551.2	A_000731
CN202320621271.3	A_004359
CN202320624083.6	A_004360
CN202320625336.1	A_004361
CN202320625799.8	A_001856
CN202320627404.8	A_004362
CN202320629474.7	A_004291
CN202320631787.6	A_004049
CN202320632639.6	A_004363
CN202320632980.1	A_000309
CN202320636855.8	A_000856
CN202320637302.4	A_004349
CN202320637345.2	A_004364
CN202320638800.0	A_001473
CN202320640386.7	A_004068
CN202320641198.6	A_004365
CN202320642017.1	A_004366
CN202320642018.6	A_003790
CN202320642450.5	A_002879
CN202320643340.0	A_000731
CN202320644059.9	A_004367
CN202320644227.4	A_000641
CN202320646085.5	A_002226
CN202320654701.1	A_004368
CN202320658637.4	A_001132
CN202320659496.8	A_004369
CN202320661648.8	A_004359
CN202320662447.X	A_004341
CN202320663526.2	A_003089
CN202320665829.8	A_004370
CN202320667699.1	A_000749
CN202320671647.1	A_004350
CN202320674839.8	A_004371
CN202320681395.0	A_004372
CN202320681570.6	A_004373
CN202320685100.7	A_001807
CN202320685210.3	A_004374
CN202320689277.4	A_004375
CN202320690202.8	A_004376
CN202320695205.0	A_004377
CN202320698082.6	A_004378
CN202320699834.0	A_004379
CN202320701711.6	A_004380
CN202320705246.3	A_004381
CN202320705246.3	A_004382
CN202320705682.0	A_004345
CN202320707509.4	A_004383
CN202320715018.4	A_004384
CN202320724407.3	A_003262
CN202320724573.3	A_004367
CN202320727284.9	A_004219
CN202320730544.8	A_004385
CN202320731828.9	A_004386
CN202320733541.X	A_004387
CN202320735783.2	A_004388
CN202320736478.5	A_004389
CN202320737622.7	A_000139
CN202320739191.8	A_004390
CN202320739634.3	A_003598
CN202320739636.2	A_004339
CN202320750370.1	A_004391
CN202320751454.7	A_004392
CN202320751855.2	A_004393
CN202320762264.5	A_004394
CN202320762568.1	A_004389
CN202320762920.1	A_002362
CN202320763042.5	A_004385
CN202320764407.6	A_003525
CN202320764612.2	A_004378
CN202320766964.1	A_004329
CN202320767630.6	A_004290
CN202320768650.5	A_004395
CN202320768666.6	A_004395
CN202320772319.0	A_004396
CN202320773755.X	A_004397
CN202320775384.9	A_004236
CN202320775749.8	A_002992
CN202320781350.0	A_002046
CN202320781408.1	A_004398
CN202320782810.1	A_004399
CN202320788766.5	A_004400
CN202320791214.X	A_003750
CN202320791906.4	A_000177
CN202320792247.6	A_004401
CN202320794749.2	A_004402
CN202320796390.2	A_004403
CN202320797749.8	A_000293
CN202320799920.9	A_004404
CN202320805627.9	A_004405
CN202320806364.3	A_000223
CN202320807854.5	A_004406
CN202320807856.4	A_004407
CN202320807856.4	A_004408
CN202320807856.4	A_004409
CN202320809456.7	A_004410
CN202320809456.7	A_004411
CN202320812753.7	A_004342
CN202320814663.1	A_004412
CN202320817845.4	A_004413
CN202320818566.X	A_004414
CN202320820483.4	A_003790
CN202320824731.2	A_004415
CN202320827574.0	A_004416
CN202320831034.X	A_000231
CN202320832444.6	A_004322
CN202320832986.3	A_000389
CN202320836289.5	A_004417
CN202320841824.6	A_004418
CN202320841979.X	A_004419
CN202320843279.4	A_004420
CN202320843894.5	A_001504
CN202320846756.2	A_001433
CN202320849103.X	A_004421
CN202320851793.2	A_003696
CN202320852200.4	A_004422
CN202320853434.0	A_004423
CN202320856127.8	A_003518
CN202320861073.4	A_004424
CN202320862296.2	A_004425
CN202320862496.8	A_004426
CN202320863128.5	A_004427
CN202320864294.7	A_003598
CN202320864543.2	A_000139
CN202320867030.7	A_004428
CN202320867423.8	A_004429
CN202320869466.X	A_002455
CN202320872481.X	A_004430
CN202320872481.X	A_004431
CN202320872481.X	A_004432
CN202320872481.X	A_004433
CN202320874674.9	A_000864
CN202320874838.8	A_004434
CN202320875493.8	A_000574
CN202320881491.X	A_003791
CN202320881774.4	A_004435
CN202320881800.3	A_004436
CN202320885544.5	A_004437
CN202320888467.9	A_003216
CN202320889031.1	A_000458
CN202320889518.X	A_004438
CN202320910290.8	A_003525
CN202320911786.7	A_004439
CN202320912125.6	A_004440
CN202320912657.X	A_004441
CN202320914238.X	A_004442
CN202320916856.8	A_004443
CN202320919171.9	A_002109
CN202320919171.9	A_004444
CN202320919171.9	A_000384
CN202320922895.9	A_004445
CN202320923147.2	A_000992
CN202320927599.8	A_004446
CN202320927827.1	A_004447
CN202320928011.0	A_004448
CN202320928406.0	A_004449
CN202320929095.X	A_000231
CN202320929308.9	A_004450
CN202320929308.9	A_004451
CN202320929923.X	A_003168
CN202320930075.4	A_004452
CN202320934526.1	A_004453
CN202320936437.0	A_004454
CN202320939755.2	A_002699
CN202320941688.8	A_004455
CN202320944840.8	A_004456
CN202320945746.4	A_004322
CN202320946560.0	A_001458
CN202320948288.X	A_001388
CN202320950405.6	A_004341
CN202320950436.1	A_004457
CN202320951465.X	A_004458
CN202320951631.6	A_004459
CN202320953834.9	A_000350
CN202320955165.9	A_004460
CN202320956949.3	A_000259
CN202320959414.1	A_002585
CN202320959414.1	A_000416
CN202320964299.7	A_004461
CN202320975103.4	A_004462
CN202320975103.4	A_001099
CN202320980852.6	A_002699
CN202320985807.X	A_004463
CN202320987094.0	A_004464
CN202320987619.0	A_004465
CN202320987892.3	A_002187
CN202320989200.9	A_004466
CN202320989564.7	A_004467
CN202320992512.5	A_002154
CN202320994736.X	A_004378
CN202320998619.0	A_003427
CN202321000200.8	A_000992
CN202321000976.X	A_003773
CN202321002558.4	A_004468
CN202321002562.0	A_004469
CN202321002562.0	A_004470
CN202321007731.X	A_004471
CN202321008033.1	A_003784
CN202321009220.1	A_003349
CN202321009220.1	A_004472
CN202321017130.7	A_002913
CN202321017784.X	A_004473
CN202321018915.6	A_003773
CN202321020911.1	A_004474
CN202321021071.0	A_002167
CN202321023040.9	A_003680
CN202321024655.3	A_003680
CN202321026250.3	A_004475
CN202321028734.1	A_001642
CN202321029106.5	A_001147
CN202321031563.8	A_003794
CN202321032416.2	A_000788
CN202321033057.2	A_004476
CN202321033178.7	A_004476
CN202321034275.8	A_001838
CN202321034870.1	A_004221
CN202321036639.6	A_004477
CN202321037143.0	A_004478
CN202321040018.5	A_001581
CN202321040018.5	A_000416
CN202321044633.3	A_004479
CN202321044635.2	A_001838
CN202321045392.4	A_000384
CN202321045392.4	A_001568
CN202321045392.4	A_002768
CN202321046978.2	A_004480
CN202321047891.7	A_004349
CN202321048222.1	A_004481
CN202321051082.3	A_004322
CN202321053877.8	A_004482
CN202321058003.1	A_004483
CN202321058012.0	A_004484
CN202321058014.X	A_004483
CN202321058270.9	A_004485
CN202321058410.2	A_004485
CN202321058552.9	A_004485
CN202321058813.7	A_004486
CN202321058821.1	A_004487
CN202321058821.1	A_004488
CN202321058870.5	A_004487
CN202321058870.5	A_004488
CN202321061411.2	A_004489
CN202321062908.6	A_004490
CN202321063069.X	A_004491
CN202321063252.X	A_004492
CN202321065569.7	A_000659
CN202321068618.2	A_004493
CN202321068739.7	A_004494
CN202321071031.7	A_004495
CN202321076680.6	A_003318
CN202321076680.6	A_004496
CN202321082750.9	A_000588
CN202321083156.1	A_004497
CN202321084807.9	A_004498
CN202321088410.7	A_004499
CN202321088943.5	A_001884
CN202321098293.2	A_004233
CN202321099430.4	A_003031
CN202321099446.5	A_004500
CN202321100194.3	A_003089
CN202321101290.X	A_004501
CN202321101859.2	A_004502
CN202321104981.5	A_000695
CN202321107601.3	A_004503
CN202321108296.X	A_004504
CN202321110537.4	A_004505
CN202321113484.1	A_004404
CN202321115444.0	A_004506
CN202321117990.8	A_004370
CN202321118111.3	A_004507
CN202321122049.5	A_003476
CN202321128098.X	A_004486
CN202321128275.4	A_004508
CN202321128975.3	A_004509
CN202321130138.4	A_004510
CN202321130477.2	A_000589
CN202321130953.0	A_001510
CN202321131887.9	A_004511
CN202321132433.3	A_004512
CN202321134651.0	A_004503
CN202321140888.X	A_004507
CN202321143273.2	A_000458
CN202321146326.6	A_004513
CN202321150635.0	A_004193
CN202321151380.X	A_004514
CN202321151972.1	A_003852
CN202321153055.7	A_004515
CN202321155255.6	A_003696
CN202321158244.3	A_004516
CN202321159005.X	A_004517
CN202321161113.0	A_004518
CN202321162426.8	A_002516
CN202321164927.X	A_003927
CN202321165924.8	A_004519
CN202321166522.X	A_002223
CN202321169784.1	A_004324
CN202321169866.6	A_004520
CN202321171886.7	A_004521
CN202321171932.3	A_004522
CN202321174765.8	A_004523
CN202321177935.8	A_003441
CN202321178434.1	A_004524
CN202321187835.3	A_004462
CN202321187835.3	A_001099
CN202321190560.9	A_004525
CN202321190560.9	A_004526
CN202321190560.9	A_004527
CN202321194931.0	A_000589
CN202321195850.2	A_004528
CN202321196080.3	A_001229
CN202321200440.2	A_004383
CN202321202505.7	A_004522
CN202321203403.7	A_004529
CN202321203630.X	A_004530
CN202321205959.X	A_000317
CN202321210820.4	A_004531
CN202321211219.7	A_004531
CN202321212071.9	A_003321
CN202321217240.8	A_004521
CN202321221066.4	A_004532
CN202321227003.X	A_004533
CN202321235488.7	A_004534
CN202321238500.X	A_004535
CN202321239057.8	A_004536
CN202321243979.6	A_004537
CN202321245177.9	A_004233
CN202321247618.9	A_004538
CN202321248079.0	A_004539
CN202321251649.1	A_004540
CN202321256733.2	A_004541
CN202321256751.0	A_004542
CN202321258545.3	A_004543
CN202321258545.3	A_004544
CN202321261658.9	A_004545
CN202321261658.9	A_004546
CN202321264385.3	A_002223
CN202321268402.0	A_004547
CN202321269177.2	A_003631
CN202321269629.7	A_000139
CN202321271100.9	A_004548
CN202321271115.5	A_004548
CN202321271534.9	A_003391
CN202321275726.7	A_004549
CN202321277890.1	A_004550
CN202321281132.7	A_004551
CN202321281732.3	A_003577
CN202321284692.8	A_004552
CN202321284706.6	A_004553
CN202321286381.5	A_004554
CN202321286500.7	A_002717
CN202321289500.2	A_004555
CN202321289622.1	A_004555
CN202321290103.7	A_004556
CN202321297267.2	A_003225
CN202321297999.1	A_004532
CN202321302258.8	A_004557
CN202321302768.5	A_002604
CN202321304987.7	A_003225
CN202321305124.1	A_003714
CN202321305124.1	A_000416
CN202321306081.9	A_004541
CN202321306992.1	A_003557
CN202321307325.5	A_004558
CN202321309439.3	A_004559
CN202321309706.7	A_004223
CN202321312341.3	A_002369
CN202321315953.8	A_001065
CN202321315953.8	A_001066
CN202321317978.1	A_004520
CN202321321229.6	A_004560
CN202321324434.8	A_001229
CN202321326826.8	A_004543
CN202321326826.8	A_004544
CN202321332792.3	A_002421
CN202321333846.8	A_004395
CN202321333877.3	A_004395
CN202321334766.4	A_004561
CN202321335707.9	A_004562
CN202321339014.7	A_004563
CN202321340952.9	A_000374
CN202321341502.1	A_004564
CN202321341600.5	A_004564
CN202321343851.7	A_004565
CN202321344327.1	A_004566
CN202321347103.6	A_004567
CN202321348327.9	A_000329
CN202321351148.0	A_000374
CN202321354705.4	A_004454
CN202321356159.8	A_004233
CN202321356295.7	A_003244
CN202321359610.1	A_004568
CN202321361591.6	A_004322
CN202321363085.0	A_003858
CN202321363420.7	A_003824
CN202321365029.0	A_004500
CN202321365030.3	A_004500
CN202321366151.X	A_002784
CN202321367903.4	A_004569
CN202321368529.X	A_000304
CN202321368819.4	A_004570
CN202321369805.4	A_004571
CN202321370789.0	A_004572
CN202321372945.7	A_004573
CN202321374840.5	A_004574
CN202321375868.0	A_004541
CN202321376009.3	A_004541
CN202321376127.4	A_004541
CN202321376448.4	A_004542
CN202321377659.X	A_001767
CN202321384264.2	A_004575
CN202321386530.5	A_004576
CN202321387175.3	A_004577
CN202321392641.7	A_004578
CN202321394365.8	A_004579
CN202321394366.2	A_004579
CN202321394387.4	A_004579
CN202321395226.7	A_003870
CN202321396550.0	A_004580
CN202321398488.9	A_004581
CN202321403502.X	A_000749
CN202321403663.9	A_000749
CN202321407598.7	A_003870
CN202321409422.5	A_004582
CN202321409780.6	A_003550
CN202321414492.X	A_004583
CN202321415654.1	A_002068
CN202321416712.2	A_004584
CN202321416846.4	A_004551
CN202321417479.X	A_004585
CN202321417803.8	A_004586
CN202321418233.4	A_004587
CN202321419376.7	A_004564
CN202321425083.X	A_003441
CN202321428877.1	A_004588
CN202321429598.7	A_004589
CN202321431508.8	A_004590
CN202321432149.8	A_004591
CN202321432819.6	A_004478
CN202321433650.6	A_001187
CN202321433922.2	A_001762
CN202321433922.2	A_004592
CN202321441556.5	A_004593
CN202321443220.2	A_003427
CN202321443356.3	A_003951
CN202321444635.1	A_004594
CN202321445732.2	A_004595
CN202321449412.4	A_004572
CN202321450570.1	A_000782
CN202321450792.3	A_004434
CN202321451181.0	A_004596
CN202321454259.4	A_003034
CN202321455847.X	A_004597
CN202321457094.6	A_003279
CN202321457111.6	A_001510
CN202321458316.6	A_004598
CN202321458425.8	A_004599
CN202321460875.0	A_003939
CN202321462613.8	A_003858
CN202321465189.2	A_000729
CN202321465892.3	A_004600
CN202321466176.7	A_000875
CN202321466619.2	A_004557
CN202321468839.9	A_002804
CN202321469054.3	A_004601
CN202321469054.3	A_004602
CN202321469316.6	A_004603
CN202321474904.9	A_004604
CN202321476740.3	A_000452
CN202321479950.8	A_004605
CN202321481450.8	A_004606
CN202321482322.5	A_000259
CN202321482354.5	A_000259
CN202321482390.1	A_000259
CN202321482452.9	A_004607
CN202321482569.7	A_003939
CN202321485907.2	A_004608
CN202321487793.5	A_000319
CN202321487793.5	A_004306
CN202321488981.X	A_004609
CN202321493343.7	A_000731
CN202321496070.1	A_004553
CN202321502237.0	A_004610
CN202321503741.2	A_001229
CN202321503958.3	A_004611
CN202321504353.6	A_002421
CN202321504425.7	A_002421
CN202321505149.6	A_004610
CN202321506458.5	A_004231
CN202321507129.2	A_004612
CN202321507852.0	A_004613
CN202321509057.5	A_001270
CN202321509134.7	A_004614
CN202321509872.1	A_004604
CN202321510541.X	A_001613
CN202321511304.5	A_004594
CN202321512954.1	A_004507
CN202321514001.9	A_004615
CN202321514037.7	A_004615
CN202321514936.7	A_001476
CN202321518909.7	A_002715
CN202321518964.6	A_003845
CN202321522580.1	A_004616
CN202321523365.3	A_003053
CN202321523649.2	A_003257
CN202321523652.4	A_003257
CN202321523656.2	A_003257
CN202321523658.1	A_003257
CN202321524042.6	A_004617
CN202321525492.7	A_003172
CN202321526022.2	A_003349
CN202321526263.7	A_004618
CN202321526893.4	A_000788
CN202321530012.6	A_004322
CN202321531177.5	A_001914
CN202321531248.1	A_001914
CN202321534697.1	A_004619
CN202321535993.3	A_004620
CN202321536037.7	A_004442
CN202321536237.2	A_004621
CN202321541044.6	A_004622
CN202321544810.4	A_004623
CN202321544810.4	A_004624
CN202321547420.2	A_002516
CN202321548245.9	A_004625
CN202321550931.X	A_000645
CN202321551186.0	A_000749
CN202321551421.4	A_000182
CN202321553490.9	A_001668
CN202321553627.0	A_004626
CN202321554051.X	A_004627
CN202321554795.1	A_003607
CN202321555327.6	A_004628
CN202321555499.3	A_004629
CN202321557363.6	A_004630
CN202321557470.9	A_004374
CN202321559431.2	A_002154
CN202321561035.3	A_004631
CN202321563111.4	A_004302
CN202321563111.4	A_004632
CN202321565770.1	A_004633
CN202321566041.8	A_002448
CN202321566742.1	A_004467
CN202321568688.4	A_003162
CN202321568688.4	A_000162
CN202321575447.2	A_000350
CN202321577617.0	A_004634
CN202321579205.0	A_004635
CN202321582561.8	A_004636
CN202321583683.9	A_002197
CN202321586033.X	A_002515
CN202321586682.X	A_004637
CN202321590587.7	A_003089
CN202321592758.X	A_004638
CN202321594958.9	A_004639
CN202321594958.9	A_000936
CN202321594958.9	A_004640
CN202321596125.6	A_004641
CN202321598134.9	A_003592
CN202321598484.5	A_004642
CN202321598553.2	A_000304
CN202321600886.4	A_001187
CN202321601724.2	A_004643
CN202321603025.1	A_000788
CN202321605207.2	A_004644
CN202321605288.6	A_000313
CN202321605351.6	A_004645
CN202321606077.4	A_004008
CN202321606077.4	A_000337
CN202321608220.3	A_000788
CN202321608963.0	A_004646
CN202321610364.2	A_004647
CN202321610531.3	A_004648
CN202321614735.4	A_004649
CN202321618523.3	A_004173
CN202321622270.7	A_004321
CN202321624888.7	A_004650
CN202321628204.0	A_004321
CN202321631063.8	A_004651
CN202321631517.1	A_003113
CN202321632045.1	A_004652
CN202321638451.9	A_004653
CN202321644265.6	A_004654
CN202321645513.9	A_004655
CN202321647435.6	A_004548
CN202321648911.6	A_004656
CN202321650197.4	A_004657
CN202321654328.6	A_000511
CN202321658138.1	A_004658
CN202321658145.1	A_004659
CN202321661503.4	A_000709
CN202321661737.9	A_004627
CN202321665310.6	A_004660
CN202321666358.9	A_003860
CN202321669860.5	A_004661
CN202321671177.5	A_001103
CN202321671512.1	A_004662
CN202321673201.9	A_004341
CN202321674678.9	A_004633
CN202321674701.4	A_004663
CN202321676131.2	A_004664
CN202321676175.5	A_001794
CN202321676182.5	A_003411
CN202321680161.0	A_004665
CN202321681079.X	A_004666
CN202321681304.X	A_004667
CN202321685816.3	A_004666
CN202321685948.6	A_004668
CN202321689508.8	A_004669
CN202321692080.2	A_004670
CN202321694384.2	A_002154
CN202321695599.6	A_004671
CN202321696706.7	A_004434
CN202321697124.0	A_003603
CN202321697906.4	A_004672
CN202321699041.5	A_004673
CN202321699206.9	A_004674
CN202321699341.3	A_002879
CN202321700767.6	A_000196
CN202321701067.9	A_003362
CN202321702951.4	A_001807
CN202321710194.5	A_001026
CN202321711057.3	A_004675
CN202321712858.1	A_004676
CN202321715836.0	A_000782
CN202321718339.6	A_004677
CN202321718927.X	A_004578
CN202321719775.5	A_004678
CN202321724555.1	A_004542
CN202321726683.X	A_002014
CN202321729107.0	A_002154
CN202321730427.8	A_004454
CN202321732156.X	A_004679
CN202321732406.X	A_004680
CN202321732406.X	A_004681
CN202321732406.X	A_004682
CN202321732406.X	A_004683
CN202321737999.9	A_004684
CN202321738218.8	A_004685
CN202321739330.3	A_004512
CN202321745057.5	A_004686
CN202321745227.X	A_000313
CN202321751342.8	A_004687
CN202321751442.0	A_004688
CN202321751982.9	A_004689
CN202321753798.8	A_004690
CN202321755309.2	A_004686
CN202321755701.7	A_003714
CN202321755701.7	A_000416
CN202321758127.0	A_001361
CN202321758581.6	A_004691
CN202321758641.4	A_003660
CN202321762483.X	A_002879
CN202321764137.5	A_004692
CN202321764662.7	A_004693
CN202321764696.6	A_004693
CN202321769337.X	A_003369
CN202321769840.5	A_004694
CN202321770844.5	A_004695
CN202321771122.1	A_004696
CN202321776850.1	A_004697
CN202321778352.0	A_004698
CN202321778485.8	A_001099
CN202321778485.8	A_000609
CN202321779273.1	A_004699
CN202321779463.3	A_004700
CN202321779468.6	A_001099
CN202321779468.6	A_000609
CN202321779480.7	A_004701
CN202321779502.X	A_001333
CN202321781068.9	A_004702
CN202321783002.3	A_004692
CN202321783225.X	A_000389
CN202321784860.X	A_004703
CN202321784860.X	A_004704
CN202321784860.X	A_004705
CN202321785968.0	A_002082
CN202321786632.6	A_004706
CN202321786632.6	A_004707
CN202321787953.8	A_004708
CN202321789334.2	A_004709
CN202321791499.3	A_004710
CN202321792497.6	A_004711
CN202321797532.3	A_004628
CN202321800623.8	A_002068
CN202321802979.5	A_004572
CN202321803082.4	A_000313
CN202321803993.7	A_004175
CN202321804593.8	A_004712
CN202321806895.9	A_000436
CN202321809180.9	A_004467
CN202321809198.9	A_003279
CN202321812564.6	A_002394
CN202321813610.4	A_004713
CN202321813866.5	A_004714
CN202321814164.9	A_004715
CN202321816663.1	A_004716
CN202321817805.6	A_002917
CN202321819720.1	A_004717
CN202321822930.6	A_004718
CN202321826635.8	A_004719
CN202321827265.X	A_004720
CN202321829506.4	A_004721
CN202321831844.1	A_004722
CN202321833643.5	A_000723
CN202321834088.8	A_004723
CN202321834774.5	A_004724
CN202321839026.6	A_004725
CN202321841892.9	A_004726
CN202321843108.8	A_003882
CN202321843127.0	A_003882
CN202321843815.7	A_003346
CN202321846854.2	A_004727
CN202321847980.X	A_004728
CN202321848802.9	A_001821
CN202321848802.9	A_004729
CN202321852364.3	A_004532
CN202321853052.4	A_004730
CN202321854878.2	A_004731
CN202321857176.X	A_004732
CN202321857506.5	A_001937
CN202321857679.7	A_001937
CN202321857870.1	A_003441
CN202321859857.X	A_004733
CN202321860542.7	A_004734
CN202321860626.0	A_004341
CN202321872734.X	A_001077
CN202321872923.7	A_002185
CN202321875475.6	A_004735
CN202321879518.8	A_004736
CN202321880057.6	A_004586
CN202321880937.3	A_004468
CN202321880949.6	A_004737
CN202321881690.7	A_003183
CN202321883964.6	A_004738
CN202321886249.8	A_004739
CN202321887218.4	A_004740
CN202321887727.7	A_004741
CN202321890078.6	A_004742
CN202321890224.5	A_004743
CN202321890226.4	A_004743
CN202321890243.8	A_004743
CN202321890322.9	A_004744
CN202321892111.9	A_004559
CN202321894031.7	A_004635
CN202321898855.1	A_004745
CN202321900486.5	A_003890
CN202321902240.1	A_004746
CN202321903522.3	A_004747
CN202321903522.3	A_004748
CN202321904160.X	A_004669
CN202321906253.6	A_004749
CN202321907466.0	A_004750
CN202321908144.8	A_000682
CN202321908240.2	A_004751
CN202321908444.6	A_004752
CN202321912117.8	A_004055
CN202321914639.1	A_004739
CN202321918382.7	A_004753
CN202321919167.9	A_004754
CN202321921050.4	A_004749
CN202321921348.5	A_004755
CN202321921917.6	A_004756
CN202321924081.5	A_004757
CN202321925889.5	A_004758
CN202321932300.4	A_004759
CN202321932414.9	A_004760
CN202321934333.2	A_004761
CN202321934541.2	A_004761
CN202321935951.9	A_004762
CN202321936365.6	A_004763
CN202321936890.8	A_003858
CN202321937321.5	A_004764
CN202321938481.1	A_004765
CN202321940894.3	A_002725
CN202321944900.2	A_000596
CN202321944900.2	A_004766
CN202321947233.3	A_004730
CN202321949967.5	A_002517
CN202321952012.5	A_004006
CN202321952012.5	A_001799
CN202321952012.5	A_004767
CN202321952638.6	A_000496
CN202321952744.4	A_000496
CN202321953241.9	A_004579
CN202321960954.8	A_004768
CN202321961532.2	A_004769
CN202321963215.4	A_004770
CN202321963592.8	A_004770
CN202321963753.3	A_004771
CN202321965608.9	A_001324
CN202321965608.9	A_004772
CN202321967310.1	A_000231
CN202321967310.1	A_004773
CN202321969104.4	A_004774
CN202321972336.5	A_004775
CN202321980167.X	A_004776
CN202321984274.X	A_004777
CN202321984876.5	A_004667
CN202321984966.4	A_002234
CN202321985663.4	A_004778
CN202321985846.6	A_004769
CN202321988999.6	A_003810
CN202321991225.9	A_004779
CN202321991829.3	A_000406
CN202321995848.3	A_001908
CN202321996353.2	A_004780
CN202321997153.9	A_004781
CN202321998928.4	A_000574
CN202322002375.9	A_004782
CN202322005976.5	A_004783
CN202322006209.6	A_004784
CN202322011632.5	A_004785
CN202322012533.9	A_002001
CN202322014620.8	A_004786
CN202322015047.2	A_004787
CN202322018620.5	A_004788
CN202322019895.0	A_000810
CN202322021418.8	A_004789
CN202322021894.X	A_004790
CN202322021988.7	A_004791
CN202322021990.4	A_004791
CN202322024866.3	A_004792
CN202322028317.3	A_001451
CN202322028809.2	A_004793
CN202322029370.5	A_002472
CN202322031662.2	A_001845
CN202322032411.6	A_004651
CN202322032745.3	A_004763
CN202322036933.3	A_004794
CN202322039366.7	A_001707
CN202322039387.9	A_001707
CN202322039392.X	A_001707
CN202322039904.2	A_004795
CN202322044650.3	A_004796
CN202322044681.9	A_004797
CN202322046857.4	A_001723
CN202322050430.1	A_004798
CN202322053647.8	A_004799
CN202322053891.4	A_004800
CN202322055793.4	A_001467
CN202322057022.9	A_004801
CN202322057274.1	A_004677
CN202322058833.0	A_004802
CN202322060016.9	A_001292
CN202322060320.3	A_004583
CN202322060363.1	A_000992
CN202322062723.1	A_004803
CN202322064415.2	A_004804
CN202322070681.6	A_000590
CN202322073998.5	A_004805
CN202322074113.3	A_002692
CN202322074863.0	A_000203
CN202322076430.9	A_004806
CN202322076654.X	A_004807
CN202322076855.X	A_001170
CN202322077959.2	A_004808
CN202322082756.2	A_004778
CN202322083299.9	A_001170
CN202322084108.0	A_004809
CN202322084588.0	A_002711
CN202322084591.2	A_002711
CN202322085486.0	A_004635
CN202322086428.X	A_004810
CN202322087106.7	A_004811
CN202322091421.7	A_004812
CN202322094117.8	A_004813
CN202322097779.0	A_001510
CN202322101861.6	A_003304
CN202322102575.1	A_004814
CN202322103123.5	A_000994
CN202322104089.3	A_004677
CN202322107956.9	A_004815
CN202322110521.X	A_004816
CN202322111952.8	A_003341
CN202322112687.5	A_000636
CN202322113144.5	A_001084
CN202322113912.7	A_004817
CN202322114015.8	A_004175
CN202322114023.2	A_004175
CN202322114075.X	A_004818
CN202322114638.5	A_003201
CN202322115666.9	A_004819
CN202322117643.1	A_002970
CN202322119253.8	A_004820
CN202322119253.8	A_000241
CN202322119253.8	A_004750
CN202322120507.8	A_004821
CN202322122385.6	A_004822
CN202322123235.7	A_004823
CN202322125504.3	A_001361
CN202322127555.X	A_004552
CN202322129753.X	A_000764
CN202322133386.0	A_004824
CN202322134388.1	A_003318
CN202322138830.8	A_004825
CN202322142517.1	A_002560
CN202322144837.0	A_004826
CN202322145927.1	A_000231
CN202322145927.1	A_004773
CN202322149138.5	A_000559
CN202322149173.7	A_004827
CN202322149980.9	A_004828
CN202322155951.3	A_004829
CN202322156351.9	A_004830
CN202322156469.1	A_004831
CN202322157145.X	A_004832
CN202322157166.1	A_000359
CN202322158890.6	A_004833
CN202322160283.3	A_004834
CN202322161325.5	A_000744
CN202322162008.5	A_004811
CN202322162072.3	A_004811
CN202322163099.4	A_004835
CN202322164090.5	A_004836
CN202322170071.3	A_004837
CN202322173428.3	A_004838
CN202322175226.2	A_004839
CN202322178003.1	A_001084
CN202322178288.9	A_001472
CN202322181610.3	A_003720
CN202322181853.7	A_004840
CN202322181952.5	A_003720
CN202322183463.3	A_004841
CN202322186481.7	A_004842
CN202322187429.3	A_004843
CN202322197077.X	A_004844
CN202322202280.1	A_003931
CN202322202289.2	A_003931
CN202322202907.3	A_000237
CN202322206255.0	A_004845
CN202322206563.3	A_004846
CN202322206572.2	A_004846
CN202322208457.9	A_004769
CN202322209774.2	A_004847
CN202322210196.4	A_004848
CN202322210273.6	A_004849
CN202322211084.0	A_004850
CN202322215196.3	A_003934
CN202322215196.3	A_002463
CN202322216696.9	A_004851
CN202322217411.3	A_002452
CN202322220113.X	A_000783
CN202322220323.9	A_002927
CN202322220429.9	A_004852
CN202322221693.4	A_002452
CN202322223163.3	A_004817
CN202322228373.1	A_004853
CN202322228542.1	A_001735
CN202322229367.8	A_004854
CN202322230139.2	A_004855
CN202322230160.2	A_001202
CN202322233039.5	A_000709
CN202322233221.0	A_004692
CN202322237597.9	A_003934
CN202322237597.9	A_002463
CN202322238973.6	A_004856
CN202322238973.6	A_004857
CN202322240658.7	A_004513
CN202322243582.3	A_004858
CN202322244961.4	A_004859
CN202322251249.7	A_004860
CN202322251954.7	A_004807
CN202322253333.2	A_004861
CN202322255928.1	A_004862
CN202322256709.5	A_004863
CN202322256709.5	A_004864
CN202322256842.0	A_004865
CN202322256845.4	A_004865
CN202322257200.2	A_004865
CN202322257429.6	A_004865
CN202322258235.8	A_004866
CN202322258432.X	A_004867
CN202322259893.9	A_004868
CN202322260019.7	A_004869
CN202322260616.X	A_004870
CN202322261887.7	A_001735
CN202322265395.5	A_000731
CN202322269783.0	A_004871
CN202322271747.8	A_004872
CN202322272020.1	A_004873
CN202322274667.8	A_004743
CN202322277812.8	A_004817
CN202322281153.5	A_001365
CN202322290699.7	A_004822
CN202322292554.0	A_004763
CN202322292556.X	A_004763
CN202322297602.5	A_001323
CN202322297602.5	A_001324
CN202322299006.0	A_004874
CN202322300755.0	A_002711
CN202322301050.0	A_004875
CN202322301665.3	A_004853
CN202322301682.7	A_004853
CN202322301729.X	A_004876
CN202322302537.0	A_004877
CN202322302537.0	A_004878
CN202322305175.0	A_004879
CN202322306945.3	A_001691
CN202322307242.2	A_001362
CN202322307334.0	A_004880
CN202322307334.0	A_004881
CN202322308246.2	A_004882
CN202322309250.0	A_000505
CN202322310795.3	A_004883
CN202322316458.5	A_004884
CN202322320694.4	A_004837
CN202322323769.4	A_004885
CN202322324216.0	A_001735
CN202322324546.X	A_001092
CN202322325746.7	A_004886
CN202322325746.7	A_004887
CN202322325746.7	A_001369
CN202322325746.7	A_004888
CN202322328234.6	A_002209
CN202322329035.7	A_004780
CN202322333012.3	A_002378
CN202322334162.6	A_004889
CN202322334995.2	A_000971
CN202322340589.7	A_003111
CN202322340609.0	A_004890
CN202322340763.8	A_004891
CN202322342406.5	A_001472
CN202322342892.0	A_004892
CN202322342903.5	A_004893
CN202322343432.X	A_004894
CN202322345372.5	A_004895
CN202322349933.9	A_004896
CN202322349996.4	A_004850
CN202322351674.3	A_004897
CN202322352590.1	A_000959
CN202322354037.1	A_004898
CN202322354064.9	A_004898
CN202322357501.2	A_003981
CN202322360325.8	A_004899
CN202322361452.X	A_004786
CN202322363261.7	A_004900
CN202322365184.9	A_004685
CN202322365261.0	A_004901
CN202322365264.4	A_004902
CN202322369061.2	A_004903
CN202322369311.2	A_001723
CN202322370291.0	A_004904
CN202322371485.2	A_004905
CN202322372396.X	A_003177
CN202322376790.0	A_004906
CN202322378045.X	A_004907
CN202322382543.1	A_001170
CN202322385471.6	A_004908
CN202322385636.X	A_004909
CN202322385705.7	A_004910
CN202322385714.6	A_004910
CN202322386096.7	A_004817
CN202322390606.8	A_001767
CN202322390924.4	A_004911
CN202322391970.6	A_003378
CN202322393424.6	A_004912
CN202322396142.1	A_004901
CN202322397374.9	A_002932
CN202322397925.1	A_004913
CN202322397925.1	A_001860
CN202322400207.5	A_002496
CN202322403197.0	A_000271
CN202322403197.0	A_004914
CN202322403582.5	A_004915
CN202322404019.X	A_004916
CN202322405262.3	A_001362
CN202322406193.8	A_004196
CN202322406626.X	A_004917
CN202322407176.6	A_004918
CN202322410196.9	A_004919
CN202322411715.3	A_004908
CN202322412891.9	A_004920
CN202322413069.4	A_002743
CN202322413989.6	A_001075
CN202322414189.6	A_004853
CN202322414629.8	A_004921
CN202322418013.8	A_004909
CN202322419556.1	A_004922
CN202322419557.6	A_003190
CN202322421076.9	A_004923
CN202322429556.X	A_000138
CN202322434864.1	A_004924
CN202322435111.2	A_004925
CN202322435111.2	A_004926
CN202322435344.2	A_004927
CN202322437610.5	A_004928
CN202322437917.5	A_002112
CN202322439856.6	A_002216
CN202322441369.3	A_004829
CN202322442124.2	A_001767
CN202322444507.3	A_004580
CN202322447693.6	A_003960
CN202322450158.6	A_004929
CN202322450598.1	A_004930
CN202322450748.9	A_004931
CN202322451124.9	A_001633
CN202322451744.2	A_003960
CN202322452981.0	A_004932
CN202322454111.7	A_004933
CN202322456930.5	A_004934
CN202322457383.2	A_004935
CN202322461137.4	A_004936
CN202322462170.9	A_004937
CN202322462638.4	A_004938
CN202322464142.0	A_004939
CN202322466513.9	A_004940
CN202322468155.5	A_004941
CN202322468155.5	A_004942
CN202322469550.5	A_004943
CN202322469550.5	A_004887
CN202322469550.5	A_001369
CN202322469550.5	A_004888
CN202322470650.X	A_004944
CN202322470869.X	A_004945
CN202322471260.4	A_002282
CN202322471482.6	A_004946
CN202322471769.9	A_004947
CN202322472182.X	A_004948
CN202322472182.X	A_004949
CN202322472182.X	A_004950
CN202322472254.0	A_004948
CN202322472254.0	A_004949
CN202322472254.0	A_004950
CN202322472928.7	A_004951
CN202322473778.1	A_003840
CN202322475527.7	A_000472
CN202322476696.2	A_004952
CN202322479501.X	A_002711
CN202322480662.0	A_004919
CN202322480676.2	A_004919
CN202322480810.9	A_004953
CN202322483315.3	A_004954
CN202322486034.3	A_003981
CN202322488567.5	A_004955
CN202322489639.8	A_002496
CN202322490452.X	A_004908
CN202322491241.8	A_004956
CN202322491241.8	A_004957
CN202322491241.8	A_004958
CN202322491506.4	A_004918
CN202322491857.5	A_004959
CN202322492820.4	A_004960
CN202322496313.8	A_004961
CN202322498276.4	A_004837
CN202322499120.8	A_002996
CN202322500615.8	A_000682
CN202322501810.2	A_003348
CN202322501884.6	A_004962
CN202322504357.0	A_001971
CN202322504473.2	A_003990
CN202322505005.7	A_001590
CN202322505931.4	A_004963
CN202322509629.6	A_004964
CN202322514956.0	A_004965
CN202322517970.6	A_004966
CN202322518187.1	A_004967
CN202322518488.4	A_004968
CN202322519568.1	A_004909
CN202322522929.8	A_004969
CN202322524325.7	A_000692
CN202322527856.1	A_004970
CN202322528631.8	A_003028
CN202322529819.4	A_004971
CN202322531585.7	A_004972
CN202322531586.1	A_004972
CN202322532174.X	A_003840
CN202322534785.8	A_003397
CN202322537495.9	A_001139
CN202322541426.5	A_004935
CN202322544409.7	A_004924
CN202322549457.5	A_004973
CN202322549716.4	A_004974
CN202322550300.4	A_004975
CN202322551450.7	A_004976
CN202322554205.1	A_004962
CN202322554346.3	A_004977
CN202322558268.4	A_003121
CN202322559758.6	A_004978
CN202322561020.3	A_001808
CN202322561137.1	A_000971
CN202322562237.6	A_004979
CN202322562843.8	A_004980
CN202322573274.7	A_004981
CN202322577384.0	A_004982
CN202322577391.0	A_004983
CN202322578865.3	A_004984
CN202322583393.0	A_004985
CN202322591421.3	A_004986
CN202322593982.7	A_004987
CN202322593984.6	A_004987
CN202322594371.4	A_004988
CN202322594999.4	A_004989
CN202322595004.6	A_004990
CN202322595014.X	A_004991
CN202322596979.0	A_004992
CN202322599005.8	A_004438
CN202322600876.7	A_004993
CN202322602683.5	A_004994
CN202322604842.5	A_004995
CN202322605304.8	A_001971
CN202322608776.9	A_004996
CN202322609665.X	A_003532
CN202322611711.X	A_003516
CN202322616349.5	A_003346
CN202322620587.3	A_001103
CN202322621462.2	A_004963
CN202322622350.9	A_003348
CN202322623483.8	A_004997
CN202322626381.1	A_004927
CN202322626500.3	A_004998
CN202322628907.X	A_004999
CN202322629182.6	A_005000
CN202322630841.8	A_004786
CN202322631212.7	A_005001
CN202322631810.4	A_005002
CN202322635293.8	A_005003
CN202322635559.9	A_005004
CN202322636739.9	A_005005
CN202322638072.6	A_003840
CN202322648732.9	A_004930
CN202322654098.X	A_004456
CN202322655564.6	A_002455
CN202322655589.6	A_005006
CN202322658432.9	A_004006
CN202322658432.9	A_003816
CN202322658432.9	A_005007
CN202322658604.2	A_003809
CN202322661998.7	A_003556
CN202322664090.1	A_005008
CN202322664163.7	A_005009
CN202322671356.5	A_001506
CN202322674064.7	A_000543
CN202322674757.6	A_005010
CN202322676326.3	A_001735
CN202322677331.6	A_000543
CN202322685600.3	A_000971
CN202322688299.1	A_002455
CN202322688921.9	A_000682
CN202322691186.7	A_004930
CN202322692136.0	A_004236
CN202322693360.1	A_005011
CN202322693360.1	A_000304
CN202322693849.9	A_002421
CN202322694050.1	A_005012
CN202322695634.0	A_005013
CN202322696268.0	A_004019
CN202322702288.4	A_000912
CN202322710136.9	A_004321
CN202322713404.2	A_000810
CN202322720629.0	A_005014
CN202322720629.0	A_005015
CN202322723264.7	A_003162
CN202322723264.7	A_000162
CN202322724992.X	A_005016
CN202322726367.9	A_001472
CN202322727420.7	A_005017
CN202322727590.5	A_005018
CN202322729014.4	A_005019
CN202322731216.2	A_005020
CN202322731216.2	A_001179
CN202322731355.5	A_005021
CN202322732138.8	A_005022
CN202322732251.6	A_005020
CN202322732251.6	A_001179
CN202322732350.4	A_001365
CN202322734626.2	A_005023
CN202322735044.6	A_005024
CN202322736179.4	A_005025
CN202322739850.0	A_000198
CN202322742556.5	A_005026
CN202322744067.3	A_000783
CN202322748300.5	A_005027
CN202322750804.0	A_005028
CN202322751997.1	A_005029
CN202322752509.9	A_003648
CN202322754599.5	A_005030
CN202322756972.0	A_005031
CN202322757466.3	A_001197
CN202322757467.8	A_001197
CN202322761571.4	A_005032
CN202322763224.5	A_005033
CN202322764142.2	A_005034
CN202322764901.5	A_005035
CN202322766241.4	A_004012
CN202322766358.2	A_002415
CN202322770995.7	A_005036
CN202322773200.8	A_000709
CN202322777853.3	A_005037
CN202322779432.4	A_004548
CN202322782532.2	A_005038
CN202322787025.8	A_005039
CN202322789196.4	A_005040
CN202322789945.3	A_005041
CN202322793163.7	A_004703
CN202322793480.9	A_005042
CN202322797868.6	A_005043
CN202322799044.2	A_000959
CN202322799172.7	A_003676
CN202322799331.3	A_005008
CN202322803407.5	A_005044
CN202322804074.8	A_005045
CN202322805166.8	A_005046
CN202322805166.8	A_003923
CN202322805166.8	A_005047
CN202322809303.5	A_004016
CN202322809303.5	A_000416
CN202322810407.8	A_000496
CN202322810832.7	A_001065
CN202322810832.7	A_001066
CN202322814446.5	A_005048
CN202322815533.2	A_005049
CN202322819848.4	A_005028
CN202322821050.3	A_001361
CN202322821347.X	A_004866
CN202322821488.1	A_004454
CN202322824099.4	A_005050
CN202322824296.6	A_005051
CN202322824360.0	A_005052
CN202322824365.3	A_005053
CN202322824368.7	A_005053
CN202322824418.1	A_005054
CN202322825113.2	A_001361
CN202322825256.3	A_005036
CN202322826301.7	A_005055
CN202322826305.5	A_005055
CN202322829792.0	A_001312
CN202322830346.1	A_000304
CN202322830546.7	A_000682
CN202322831871.5	A_005056
CN202322832001.X	A_004150
CN202322832010.9	A_003100
CN202322832533.3	A_005057
CN202322834507.4	A_005058
CN202322834832.0	A_005059
CN202322836267.1	A_000336
CN202322838496.7	A_005060
CN202322839927.1	A_000532
CN202322840160.4	A_005061
CN202322842359.0	A_005062
CN202322842670.5	A_005063
CN202322845442.3	A_005064
CN202322848686.7	A_005065
CN202322848859.5	A_001155
CN202322850471.9	A_005066
CN202322850471.9	A_005067
CN202322852966.5	A_005068
CN202322853353.3	A_005069
CN202322853863.0	A_005070
CN202322853863.0	A_005071
CN202322856426.4	A_004055
CN202322857878.4	A_005072
CN202322860441.6	A_000896
CN202322861876.2	A_005073
CN202322862105.5	A_004874
CN202322865187.9	A_004821
CN202322867736.6	A_003554
CN202322867873.X	A_005074
CN202322867974.7	A_003410
CN202322869190.8	A_005075
CN202322870510.1	A_005076
CN202322870515.4	A_005077
CN202322871416.8	A_004930
CN202322871771.5	A_000596
CN202322875318.1	A_000641
CN202322875318.1	A_005078
CN202322875318.1	A_005079
CN202322875799.6	A_004590
CN202322875819.X	A_004590
CN202322878649.0	A_005080
CN202322879624.2	A_004499
CN202322879689.7	A_004026
CN202322880050.0	A_001141
CN202322880175.3	A_005081
CN202322881076.7	A_002316
CN202322882510.3	A_004029
CN202322882629.0	A_005082
CN202322883816.0	A_000833
CN202322884538.0	A_005083
CN202322884618.6	A_005084
CN202322884800.1	A_005083
CN202322886835.9	A_001039
CN202322886835.9	A_005085
CN202322886917.3	A_001510
CN202322888226.7	A_005086
CN202322889251.7	A_004668
CN202322890664.7	A_002783
CN202322893258.6	A_005087
CN202322894252.0	A_005088
CN202322894357.6	A_005089
CN202322894828.3	A_000783
CN202322895286.1	A_002341
CN202322896479.9	A_005090
CN202322900345.X	A_005091
CN202322902655.5	A_005092
CN202322905078.5	A_005093
CN202322909232.6	A_005094
CN202322909733.4	A_004689
CN202322910953.9	A_002819
CN202322912365.9	A_000326
CN202322916528.0	A_003809
CN202322916810.9	A_005095
CN202322917619.6	A_000681
CN202322918987.2	A_003378
CN202322919169.4	A_005096
CN202322919187.2	A_005097
CN202322919351.X	A_001311
CN202322921238.5	A_005098
CN202322925237.8	A_005099
CN202322926051.4	A_003977
CN202322927709.3	A_000532
CN202322932005.5	A_005100
CN202322933862.7	A_002807
CN202322934891.5	A_000222
CN202322935444.1	A_005101
CN202322936323.9	A_003349
CN202322938299.2	A_005102
CN202322942168.1	A_005103
CN202322944906.6	A_004019
CN202322946812.2	A_005104
CN202322949374.5	A_000641
CN202322950961.6	A_005105
CN202322951951.4	A_000959
CN202322954675.7	A_005106
CN202322955489.5	A_000991
CN202322955917.4	A_004213
CN202322955917.4	A_005107
CN202322958223.6	A_004236
CN202322960384.9	A_005108
CN202322960438.1	A_005108
CN202322960687.0	A_000782
CN202322960914.X	A_004895
CN202322961100.8	A_005109
CN202322963185.3	A_005110
CN202322964200.6	A_005111
CN202322965628.2	A_001962
CN202322966265.4	A_005098
CN202322966340.7	A_005112
CN202322968986.9	A_000959
CN202322971024.9	A_005113
CN202322973602.2	A_005114
CN202322973602.2	A_005115
CN202322975411.X	A_000682
CN202322977381.6	A_005089
CN202322979137.3	A_005028
CN202322979554.8	A_005116
CN202322979641.3	A_005028
CN202322980880.0	A_005117
CN202322981466.1	A_005118
CN202322982528.0	A_005119
CN202322983279.7	A_005120
CN202322983566.8	A_004061
CN202322983595.4	A_004061
CN202322985356.2	A_005121
CN202322985356.2	A_005122
CN202322985448.0	A_005123
CN202322985820.8	A_005124
CN202322988224.5	A_001921
CN202322989683.5	A_005125
CN202322989875.6	A_000543
CN202322992006.9	A_005126
CN202322992012.4	A_005126
CN202322992689.8	A_000543
CN202322992887.4	A_000543
CN202322992893.X	A_000543
CN202322993309.2	A_002992
CN202322996309.8	A_001508
CN202322996516.3	A_005127
CN202322996791.5	A_001508
CN202322997600.7	A_005128
CN202322998264.8	A_005129
CN202323002571.2	A_004324
CN202323004585.8	A_005130
CN202323006565.4	A_002865
CN202323006565.4	A_005131
CN202323009041.0	A_005132
CN202323009907.8	A_002316
CN202323010173.5	A_005072
CN202323011341.2	A_004454
CN202323011822.3	A_005133
CN202323012232.2	A_005134
CN202323012753.8	A_005135
CN202323014242.X	A_005136
CN202323014447.8	A_004946
CN202323017665.7	A_005137
CN202323018037.0	A_000915
CN202323019515.X	A_005138
CN202323021482.2	A_001118
CN202323021578.9	A_001118
CN202323021781.6	A_005139
CN202323022974.3	A_005058
CN202323023091.4	A_005140
CN202323023148.0	A_005140
CN202323023276.5	A_005141
CN202323025199.7	A_000353
CN202323025826.7	A_001774
CN202323028478.9	A_005142
CN202323028718.5	A_001971
CN202323029900.2	A_005143
CN202323029907.4	A_005144
CN202323030713.6	A_005135
CN202323030926.9	A_002956
CN202323031490.5	A_002006
CN202323032244.1	A_004769
CN202323033951.2	A_005145
CN202323034687.4	A_002729
CN202323034844.1	A_004644
CN202323038002.3	A_003147
CN202323038002.3	A_002793
CN202323038611.9	A_004525
CN202323038995.4	A_005146
CN202323039230.2	A_002472
CN202323040130.1	A_002510
CN202323041927.3	A_005147
CN202323043632.X	A_005148
CN202323043936.6	A_000564
CN202323044876.X	A_005149
CN202323048446.5	A_005150
CN202323054038.0	A_003279
CN202323055049.0	A_000336
CN202323055065.X	A_000336
CN202323055388.9	A_005151
CN202323055857.7	A_001441
CN202323058565.9	A_005152
CN202323065109.7	A_005153
CN202323066871.7	A_005154
CN202323067787.7	A_000336
CN202323068793.4	A_005028
CN202323068842.4	A_005155
CN202323074379.4	A_000576
CN202323078365.X	A_004930
CN202323079054.5	A_001315
CN202323080214.8	A_004079
CN202323081045.X	A_000959
CN202323084159.X	A_005109
CN202323085186.9	A_005156
CN202323085229.3	A_004896
CN202323085344.0	A_000384
CN202323085344.0	A_002793
CN202323085344.0	A_003318
CN202323088256.6	A_001472
CN202323088627.0	A_005157
CN202323089769.9	A_005158
CN202323092091.X	A_000393
CN202323093617.6	A_005159
CN202323093876.9	A_005160
CN202323094529.8	A_000554
CN202323098479.0	A_005161
CN202323098479.0	A_003255
CN202323099047.1	A_005144
CN202323104805.4	A_000992
CN202323105753.2	A_005000
CN202323109594.3	A_001949
CN202323111824.X	A_000222
CN202323112411.3	A_005162
CN202323114865.4	A_005163
CN202323114865.4	A_005164
CN202323114865.4	A_000384
CN202323117640.4	A_004686
CN202323121854.9	A_005165
CN202323122117.0	A_000564
CN202323123835.X	A_005166
CN202323124748.6	A_005135
CN202323125946.4	A_005167
CN202323127653.X	A_005168
CN202323128265.3	A_003346
CN202323130895.4	A_005169
CN202323131660.7	A_003680
CN202323131917.9	A_005170
CN202323132990.8	A_005171
CN202323135807.X	A_003680
CN202323137172.7	A_004350
CN202323137423.1	A_005172
CN202323138929.4	A_005173
CN202323143471.1	A_005102
CN202323143790.2	A_005174
CN202323147075.6	A_005008
CN202323147324.1	A_004559
CN202323148481.4	A_005175
CN202323150743.0	A_005172
CN202323154075.9	A_005176
CN202323154126.8	A_000810
CN202323154934.4	A_005177
CN202323162107.X	A_003697
CN202323163523.1	A_004095
CN202323166918.7	A_005178
CN202323167242.3	A_005179
CN202323170681.X	A_000749
CN202323170792.0	A_005180
CN202323170792.0	A_005181
CN202323172282.7	A_002970
CN202323174302.4	A_005182
CN202323178569.0	A_004469
CN202323178986.5	A_005183
CN202323179870.3	A_004829
CN202323180812.2	A_001039
CN202323181138.X	A_005184
CN202323181138.X	A_000248
CN202323182286.3	A_005135
CN202323182606.5	A_001361
CN202323184865.1	A_005185
CN202323187699.0	A_005186
CN202323188945.4	A_005187
CN202323190914.2	A_005188
CN202323191135.4	A_005189
CN202323195509.X	A_005190
CN202323195509.X	A_002729
CN202323198600.7	A_005191
CN202323198687.8	A_005192
CN202323198854.9	A_000297
CN202323199870.X	A_003561
CN202323201171.4	A_005193
CN202323204225.2	A_005194
CN202323205834.X	A_005195
CN202323207163.0	A_005196
CN202323208660.2	A_005197
CN202323209090.9	A_004507
CN202323209519.4	A_005198
CN202323211756.4	A_005199
CN202323214756.X	A_000213
CN202323215833.3	A_005200
CN202323216224.X	A_001508
CN202323216227.3	A_001508
CN202323216230.5	A_001508
CN202323216233.9	A_001508
CN202323216813.8	A_003411
CN202323219180.6	A_005201
CN202323219569.0	A_005202
CN202323219569.0	A_005203
CN202323219569.0	A_005204
CN202323220523.0	A_001077
CN202323223121.6	A_004916
CN202323223904.4	A_005205
CN202323223904.4	A_005206
CN202323228119.8	A_000692
CN202323229359.X	A_005207
CN202323229915.3	A_005208
CN202323230741.2	A_005209
CN202323231148.X	A_002455
CN202323231661.9	A_005210
CN202323231670.8	A_005210
CN202323233636.4	A_002074
CN202323235429.2	A_000389
CN202323236200.0	A_005211
CN202323238501.7	A_000174
CN202323239561.0	A_005212
CN202323241744.6	A_005213
CN202323242123.X	A_005196
CN202323242824.3	A_003416
CN202323244846.3	A_003417
CN202323245717.6	A_005214
CN202323246849.0	A_005141
CN202323250045.8	A_005008
CN202323250382.7	A_005207
CN202323255644.9	A_005215
CN202323255825.1	A_005216
CN202323255825.1	A_005217
CN202323257513.4	A_002577
CN202323257621.1	A_002343
CN202323258161.4	A_005218
CN202323258174.1	A_005219
CN202323258715.0	A_000297
CN202323261853.4	A_005220
CN202323262109.6	A_005008
CN202323267771.0	A_005221
CN202323267993.2	A_005222
CN202323270183.2	A_005179
CN202323272150.1	A_005223
CN202323275274.5	A_003481
CN202323275743.3	A_005224
CN202323275966.X	A_005225
CN202323275966.X	A_005226
CN202323276220.0	A_004299
CN202323276277.0	A_005227
CN202323276928.6	A_005228
CN202323279072.8	A_005229
CN202323279075.1	A_005229
CN202323279855.6	A_005230
CN202323280061.1	A_004350
CN202323280854.3	A_005231
CN202323281056.2	A_005232
CN202323283588.X	A_005233
CN202323283777.7	A_005234
CN202323285085.6	A_000943
CN202323285679.7	A_004895
CN202323285873.5	A_000576
CN202323288120.X	A_005235
CN202323290406.1	A_005236
CN202323293541.1	A_005209
CN202323296516.9	A_003417
CN202323298884.7	A_005237
CN202323303132.5	A_005238
CN202323303616.X	A_000304
CN202323307356.3	A_005239
CN202323311457.8	A_000297
CN202323313423.2	A_005240
CN202323313662.8	A_005241
CN202323313849.8	A_005242
CN202323315749.9	A_005243
CN202323315829.4	A_005244
CN202323315832.6	A_005244
CN202323317919.7	A_000319
CN202323317919.7	A_004306
CN202323318815.8	A_005245
CN202323320516.8	A_005246
CN202323322216.3	A_005247
CN202323325611.7	A_005084
CN202323326308.9	A_004992
CN202323328100.0	A_005248
CN202323328100.0	A_003571
CN202323328296.3	A_005249
CN202323328447.5	A_005249
CN202323328853.1	A_005250
CN202323330964.6	A_005251
CN202323331077.0	A_005252
CN202323331077.0	A_005253
CN202323331557.7	A_003348
CN202323332629.X	A_005254
CN202323334789.8	A_000864
CN202323336364.0	A_000313
CN202323338185.0	A_004503
CN202323339319.0	A_005255
CN202323340778.0	A_003863
CN202323341608.4	A_005256
CN202323343808.3	A_004624
CN202323348000.4	A_005257
CN202323348571.8	A_005258
CN202323349215.8	A_004154
CN202323349329.2	A_003411
CN202323349792.7	A_005259
CN202323355990.4	A_004557
CN202323359099.8	A_004388
CN202323362448.1	A_002176
CN202323363220.4	A_000731
CN202323363442.6	A_005260
CN202323364680.9	A_005261
CN202323365755.5	A_005262
CN202323365755.5	A_005263
CN202323366434.7	A_005264
CN202323367414.1	A_005265
CN202323371129.7	A_004170
CN202323373907.6	A_005266
CN202323375116.7	A_005267
CN202323376265.5	A_005268
CN202323377410.1	A_005269
CN202323377424.3	A_005270
CN202323377521.2	A_005035
CN202323379549.X	A_003348
CN202323380323.1	A_004394
CN202323383592.3	A_005271
CN202323385853.5	A_005272
CN202323387342.7	A_002223
CN202323388514.2	A_004456
CN202323388514.2	A_005273
CN202323391002.1	A_001180
CN202323393576.2	A_002011
CN202323397129.4	A_003053
CN202323398489.6	A_005274
CN202323401152.6	A_005275
CN202323402043.6	A_000971
CN202323407168.8	A_004769
CN202323407869.1	A_005276
CN202323408222.0	A_005277
CN202323409358.3	A_005278
CN202323411400.5	A_000139
CN202323414119.7	A_005279
CN202323421401.8	A_005280
CN202323421422.X	A_000297
CN202323421969.X	A_005281
CN202323423555.0	A_001366
CN202323424036.6	A_005280
CN202323426002.0	A_005282
CN202323426097.6	A_005283
CN202323427372.6	A_005284
CN202323427498.3	A_005285
CN202323428102.7	A_005286
CN202323428412.9	A_005287
CN202323430984.0	A_000458
CN202323431776.2	A_005288
CN202323434770.0	A_005289
CN202323435389.6	A_004940
CN202323436809.2	A_005290
CN202323437116.5	A_005291
CN202323441415.6	A_005292
CN202323441592.4	A_000559
CN202323443105.8	A_005293
CN202323443408.X	A_005120
CN202323445531.5	A_004065
CN202323446962.3	A_003416
CN202323449594.8	A_005294
CN202323451092.9	A_000222
CN202323451667.7	A_003216
CN202323452370.2	A_005295
CN202323454587.7	A_003492
CN202323454634.8	A_003651
CN202323454666.8	A_003651
CN202323455618.0	A_005089
CN202323457946.4	A_005296
CN202323459686.4	A_005297
CN202323459686.4	A_005298
CN202323460578.9	A_001155
CN202323466400.5	A_005000
CN202323467618.2	A_004019
CN202323468020.5	A_002221
CN202323470065.6	A_004559
CN202323470891.0	A_005299
CN202323471385.3	A_005300
CN202323472014.7	A_004132
CN202323472334.2	A_005241
CN202323476275.6	A_005301
CN202323476379.7	A_005243
CN202323476685.0	A_005251
CN202323478349.X	A_005302
CN202323478349.X	A_005303
CN202323478792.7	A_005304
CN202323479540.6	A_005305
CN202323479821.1	A_002952
CN202323483224.6	A_002455
CN202323485226.9	A_005306
CN202323485311.5	A_005307
CN202323485658.X	A_005308
CN202323485914.5	A_005309
CN202323485979.X	A_005240
CN202323487096.2	A_005310
CN202323487212.0	A_005311
CN202323492102.3	A_005312
CN202323492382.8	A_005313
CN202323493802.4	A_000313
CN202323493898.4	A_000559
CN202323494731.X	A_005314
CN202323500419.7	A_005135
CN202323500728.4	A_002075
CN202323501861.1	A_004692
CN202323502267.4	A_005315
CN202323507510.1	A_003053
CN202323507667.4	A_000971
CN202323508372.9	A_004751
CN202323508386.0	A_005316
CN202323510906.1	A_005316
CN202323515768.6	A_005179
CN202323520439.0	A_005317
CN202323520530.2	A_004417
CN202323520952.X	A_005316
CN202323522921.8	A_000915
CN202323524909.0	A_005318
CN202323527142.7	A_005265
CN202323529601.5	A_005319
CN202323530888.3	A_005320
CN202323533590.8	A_005321
CN202323539435.7	A_002136
CN202323539788.7	A_000139
CN202323543579.X	A_001482
CN202323543881.5	A_005322
CN202323544964.6	A_000231
CN202323549944.8	A_005139
CN202323550772.6	A_005135
CN202323550949.2	A_005323
CN202323551861.2	A_005324
CN202323553412.1	A_005325
CN202323555662.9	A_005326
CN202323559191.9	A_005327
CN202323559559.1	A_005328
CN202323559833.5	A_004350
CN202323562251.2	A_005329
CN202323562509.9	A_005330
CN202323563423.8	A_005223
CN202323569201.7	A_005331
CN202323572050.0	A_005332
CN202323572174.9	A_005333
CN202323572305.3	A_005334
CN202323573328.6	A_000198
CN202323573499.9	A_004374
CN202323574227.0	A_005335
CN202323575216.4	A_005336
CN202323576922.0	A_001377
CN202323578803.9	A_000856
CN202323579720.1	A_005037
CN202323580168.8	A_005337
CN202323583340.5	A_005338
CN202323584517.3	A_005339
CN202323584800.6	A_005340
CN202323584800.6	A_005341
CN202323584800.6	A_003035
CN202323584800.6	A_005342
CN202323584800.6	A_003471
CN202323584800.6	A_005343
CN202323587023.0	A_003229
CN202323587520.0	A_000711
CN202323588251.X	A_004618
CN202323588892.5	A_002143
CN202323591720.3	A_005199
CN202323591725.6	A_005199
CN202323592540.7	A_005344
CN202323594950.5	A_003419
CN202323599866.2	A_005345
CN202323600321.9	A_001296
CN202323600706.5	A_005346
CN202323600966.2	A_005347
CN202323601918.5	A_005348
CN202323605346.8	A_005349
CN202323607488.8	A_005350
CN202323607816.4	A_003348
CN202323609418.6	A_005351
CN202323609634.0	A_004175
CN202323609922.6	A_003348
CN202323610125.X	A_005351
CN202323610359.4	A_005352
CN202323610748.7	A_000971
CN202323611478.1	A_001345
CN202323611493.6	A_002038
CN202323612113.0	A_004718
CN202323615124.4	A_004417
CN202323617160.4	A_005353
CN202323618044.4	A_004334
CN202323620300.3	A_000864
CN202323620425.6	A_005354
CN202323620451.9	A_004751
CN202323623754.6	A_003730
CN202323626474.0	A_005355
CN202323628008.6	A_005356
CN202323628008.6	A_005357
CN202323628008.6	A_001986
CN202323628083.2	A_000695
CN202323630427.3	A_005358
CN202323632393.1	A_005359
CN202323633676.8	A_005360
CN202323633679.1	A_005360
CN202323634354.5	A_004350
CN202323635098.1	A_005361
CN202323635670.4	A_001433
CN202323636435.9	A_005362
CN202323636471.5	A_005362
CN202323637856.3	A_004557
CN202323638619.9	A_003586
CN202323639696.6	A_005363
CN202323639860.3	A_005364
CN202323640896.3	A_001672
CN202323641980.7	A_000452
CN202323643798.5	A_005115
CN202323644512.5	A_001041
CN202323646604.7	A_005365
CN202323650996.4	A_005366
CN202323651258.1	A_005367
CN202323652405.7	A_005368
CN202323653770.X	A_000496
CN202323654627.2	A_005369
CN202323655393.3	A_005370
CN202323656859.1	A_005371
CN202323658151.X	A_000731
CN202323658204.8	A_005372
CN202323658204.8	A_005373
CN202323659994.1	A_005374
CN202323660358.0	A_005374
CN202323660532.1	A_005189
CN202323661806.9	A_000614
CN202323662000.1	A_002455
CN202323662119.9	A_003419
CN202323662488.8	A_005375
CN202323662764.0	A_005374
CN202323663508.3	A_000753
CN202323664091.2	A_001429
CN202323664091.2	A_005376
CN202323665111.8	A_004175
CN202323666433.4	A_003863
CN202323669161.3	A_005377
CN202323669526.2	A_002472
CN202380017988.X	A_005378
CN202380057221.X	A_005379
CN202380067782.8	A_005380
CN202380086445.3	A_002242
CN202410671985.4	A_000177
CN202410952505.1	A_000177
CN202411251007.0	A_000543
CN202411819521.X	A_005381
CN202510107916.5	A_000586
CN202511198469.5	A_005382
CN202511577527.5	A_001581
CN202511577527.5	A_000416
CO2021005802A	A_005383
CZ2020266A	A_005384
CZ2020374A	A_005385
CZ202037724U	A_005385
CZ202037724U	A_005386
CZ202063A	A_005387
DE102018002782A	A_005388
DE102018103298A	A_005389
DE102018114110A	A_005389
DE102018116152A	A_005390
DE102018116160A	A_005390
DE102018116163A	A_005390
DE102018123348A	A_005391
DE102018123470A	A_005390
DE102018127024A	A_005392
DE102018202914A	A_005393
DE102019001240A	A_005394
DE102019005141A	A_005395
DE102019005141A	A_005396
DE102019005141A	A_005397
DE102019006947A	A_005398
DE102019106197A	A_005399
DE102019109127A	A_005400
DE102019109127A	A_005401
DE102019118032A	A_005402
DE102019125460A	A_005403
DE102019202976A	A_005404
DE102019204954A	A_005404
DE102019211026A	A_005405
DE102020000043A	A_005406
DE102020118674A	A_005390
DE102020118677A	A_005390
DE102020121817A	A_005407
DE102020125095A	A_005408
DE102020125799A	A_005409
DE102020134597A	A_005410
DE102020200056A	A_005404
DE102020208315A	A_005411
DE102021001701A	A_005412
DE102021004279A	A_005413
DE102021005597A	A_005414
DE102021102253A	A_005415
DE102021107635A	A_000126
DE102021109957A	A_005416
DE102021130335A	A_005417
DE102021131961A	A_005418
DE102022001962A	A_005419
DE102022103088A	A_005420
DE102022204761A	A_005421
DE102023000843A	A_005422
DE102023002453A	A_005423
DE102023113683A	A_005424
DE102023117591A	A_005389
DE102023133519A	A_005425
DE112018005498T	A_005426
DE112020003675T	A_005427
DE112020004308T	A_005428
DE112022008019A5	A_005429
DE112023001786T	A_005430
DE2020100980W	A_005431
DE2020100980W	A_005432
DE202018000429U	A_005433
DE202019000682U	A_005434
DE202021100166U	A_005435
DE202021105654U	A_005436
DE202022104950U	A_005437
DE202022104950U	A_005438
DE202022105328U	A_005439
DE202023104631U	A_005440
DE202023106320U	A_005441
DE202023106320U	A_005442
DE202023106320U	A_005443
DE202023106320U	A_005444
DE202023106320U	A_005445
DE202023106320U	A_005446
DE202023106320U	A_005447
DE202023106320U	A_005448
DE202023106320U	A_005449
DE202023106320U	A_005450
DE202023106321U	A_005451
DE202023106321U	A_005452
DE202023106321U	A_005453
DE202023106534U	A_005454
DE502018005364.8	A_005455
DE602018002517.0	A_005456
DE602018003114.6	A_000004
DE602018041437.1	A_000006
DE602018042729.5	A_005457
DE602018045076.9	A_000007
DE602018046482.4	A_005458
DE602019000450.8	A_000112
DE602019004153.5	A_005459
DE602019020441.8	A_005460
DE602019029979.6	A_005461
DE602020000506.4	A_005460
DE602020001421.7	A_000112
DE602020006734.5	A_005462
DE602021002558.0	A_005460
DE602022000315.6	A_005460
DK21740772T	A_005463
EA202000255	A_005464
EA202290738	A_005465
EA202391251	A_005466
EP18155205A	A_000005
EP18155552A	A_000003
EP18155999A	A_005467
EP18162877A	A_005468
EP18166751A	A_005469
EP18167659A	A_000002
EP18173037A	A_000009
EP18173740A	A_000112
EP18173870A	A_005468
EP18176879A	A_000023
EP18177592A	A_005470
EP18179967A	A_000005
EP18180949A	A_000005
EP18181815A	A_000003
EP18183431A	A_000005
EP18183756A	A_000005
EP18184087A	A_005468
EP18185273A	A_005471
EP18185550A	A_000005
EP18189190A	A_000037
EP18191265A	A_000112
EP18192189A	A_000037
EP18192369A	A_005468
EP18194074A	A_000023
EP18194354A	A_000003
EP18195578A	A_000003
EP18195581A	A_000005
EP18197887A	A_005472
EP18201222A	A_000037
EP18206715A	A_000037
EP18207980A	A_005473
EP18214190A	A_000023
EP18275270A	A_000088
EP18306482A	A_000077
EP18400003A	A_000066
EP18400021A	A_000066
EP18400021A	A_000112
EP18725735A	A_005474
EP18731726A	A_005475
EP18749314A	A_005476
EP18753039A	A_000492
EP18779954A	A_005477
EP18780514A	A_005478
EP18780514A	A_005479
EP18795958A	A_005480
EP18803515A	A_005481
EP18804627A	A_000008
EP18818609A	A_005482
EP18818667A	A_005483
EP18824698A	A_005484
EP18836611A	A_005485
EP18837014A	A_000050
EP18840420A	A_000050
EP18884046A	A_005486
EP18888306A	A_000041
EP18939786A	A_005487
EP19161620A	A_005468
EP19162684A	A_005469
EP19165608A	A_000037
EP19165837A	A_005488
EP19169586A	A_005415
EP19169586A	A_005489
EP19177635A	A_005472
EP19188376A	A_005490
EP19188475A	A_000005
EP19189980A	A_005472
EP19191025A	A_005491
EP19191889A	A_005415
EP19192515A	A_000122
EP19194778A	A_000086
EP19195107A	A_005492
EP19201991A	A_000005
EP19204450A	A_000005
EP19204623A	A_005493
EP19206535A	A_005494
EP19206686A	A_005467
EP19208294A	A_005415
EP19208968A	A_005486
EP19208975A	A_000086
EP19216308A	A_000120
EP19219379A	A_000037
EP19220202A	A_000122
EP19382750A	A_005495
EP19400001A	A_000066
EP19714745A	A_005496
EP19714745A	A_005497
EP19776955A	A_005498
EP19794790A	A_005499
EP19807676A	A_005500
EP19812924A	A_005501
EP19812924A	A_005502
EP19832770A	A_005503
EP19845605A	A_005504
EP19859481A	A_005505
EP19863258A	A_005506
EP19863258A	A_005507
EP19863258A	A_005508
EP19872222A	A_005509
EP19879843A	A_005510
EP19888497A	A_005511
EP19905518A	A_000492
EP19911733A	A_005512
EP19919693A	A_005513
EP19919693A	A_005514
EP20150133A	A_000005
EP20152332A	A_000005
EP20154409A	A_000037
EP20155277A	A_000112
EP20155743A	A_005469
EP20166276A	A_000037
EP20167040A	A_000112
EP20171762A	A_000037
EP20172320A	A_005515
EP20172614A	A_000037
EP20174490A	A_000009
EP20175920A	A_000009
EP20178831A	A_000009
EP2018067570W	A_005516
EP2018073277W	A_005517
EP2019052378W	A_005518
EP2019052378W	A_005519
EP2019072283W	A_005520
EP2019075948W	A_005521
EP2019075948W	A_005522
EP2019075948W	A_005523
EP2019080802W	A_005524
EP20191478A	A_005525
EP20194783A	A_005526
EP20196754A	A_005527
EP20196759A	A_005527
EP2020075186W	A_005528
EP20201247A	A_005472
EP20205486A	A_005529
EP20208735A	A_000120
EP2021051960W	A_005530
EP2021081211W	A_005531
EP20212918A	A_005532
EP20214405A	A_000054
EP2022075837W	A_005533
EP2023056135W	A_005534
EP2023056135W	A_005535
EP2023056638W	A_005536
EP2023056638W	A_005537
EP2023057683W	A_005538
EP2023074795W	A_005539
EP20275012A	A_000048
EP20382250A	A_005540
EP20704503A	A_005541
EP20731923A	A_005542
EP20736479A	A_005543
EP20740398A	A_005544
EP20744091A	A_005545
EP20752744A	A_005546
EP20762911A	A_005547
EP20763136A	A_005548
EP20778333A	A_005549
EP20789987A	A_005550
EP20790713A	A_005551
EP20808666A	A_005552
EP20815870A	A_000113
EP20820980A	A_005553
EP20863533A	A_000050
EP20874046A	A_005554
EP20886384A	A_005555
EP20889709A	A_005556
EP20902759A	A_005557
EP20904497A	A_000050
EP20906335A	A_005484
EP20910803A	A_005507
EP20943012A	A_005558
EP21151648A	A_000037
EP21156416A	A_000005
EP21158188A	A_005559
EP21161132A	A_005469
EP21161584A	A_000120
EP21164734A	A_000005
EP21166024A	A_005560
EP21171342A	A_005493
EP21173793A	A_000005
EP21178883A	A_000037
EP21182478A	A_005392
EP21182478A	A_005561
EP21184377A	A_005469
EP21186540A	A_005562
EP21187594A	A_005563
EP21190958A	A_005564
EP21192529A	A_005565
EP21193420A	A_000112
EP21194342A	A_005566
EP21194342A	A_005567
EP21195313A	A_000050
EP21202766A	A_000009
EP21203139A	A_000005
EP21206243A	A_000112
EP21207940A	A_000005
EP21208043A	A_005493
EP21208561A	A_005532
EP21210288A	A_005568
EP21211353A	A_005469
EP21215011A	A_005569
EP21215011A	A_005570
EP21215014A	A_005569
EP21215014A	A_005570
EP21216380A	A_000009
EP21275111A	A_000048
EP21708738A	A_000048
EP21720904A	A_005503
EP21726862A	A_005571
EP21726864A	A_005571
EP21730315A	A_005572
EP21736682A	A_005573
EP21744972A	A_005574
EP21797126A	A_005575
EP21809638A	A_005576
EP21810253A	A_005577
EP21813001A	A_000028
EP21813001A	A_005578
EP21823191A	A_005579
EP21826537A	A_005552
EP21827602A	A_005580
EP21845178A	A_005581
EP21845178A	A_005582
EP21851687A	A_005504
EP21859292A	A_005583
EP21879138A	A_000492
EP21883505A	A_005584
EP21887460A	A_000041
EP21906182A	A_005507
EP21906183A	A_005507
EP21919749A	A_005507
EP21964244A	A_005585
EP22151188A	A_005469
EP22158107A	A_005467
EP22158744A	A_005563
EP22158744A	A_005586
EP22159063A	A_005472
EP22159632A	A_000112
EP22160429A	A_000037
EP22164856A	A_000009
EP22167301A	A_005565
EP22167996A	A_005587
EP22168219A	A_000120
EP22174684A	A_005415
EP22174684A	A_005489
EP22174844A	A_005482
EP22177120A	A_005588
EP22178002A	A_000112
EP22178031A	A_005589
EP22178562A	A_005472
EP22184776A	A_005559
EP22193318A	A_005590
EP22198876A	A_005392
EP22198876A	A_005591
EP22199966A	A_005392
EP22202015A	A_005592
EP22205290A	A_000037
EP22206922A	A_005593
EP22206999A	A_000122
EP22207366A	A_000007
EP22208494A	A_000086
EP22275058A	A_000048
EP22275097A	A_000048
EP22275110A	A_000048
EP22275129A	A_000048
EP22400002A	A_000066
EP22400002A	A_000112
EP22702106A	A_005594
EP22705057A	A_005595
EP22706627A	A_000113
EP22706627A	A_005596
EP22710487A	A_005597
EP22719390A	A_005598
EP22735524A	A_005599
EP22755240A	A_005600
EP22758559A	A_005601
EP22770102A	A_005602
EP22772706A	A_005603
EP22779625A	A_005604
EP22780770A	A_005605
EP22781953A	A_005548
EP22786895A	A_005606
EP22820657A	A_000100
EP22823310A	A_005607
EP22833817A	A_005608
EP22870506A	A_000057
EP22873735A	A_005609
EP22877299A	A_005610
EP22880836A	A_005556
EP22889784A	A_005556
EP22893770A	A_005611
EP22901030A	A_005612
EP22908756A	A_000050
EP22917014A	A_005613
EP22922120A	A_005556
EP22937876A	A_000129
EP22970024A	A_005614
EP22970033A	A_005614
EP22970043A	A_005614
EP23150903A	A_000086
EP23151033A	A_005493
EP23152105A	A_005493
EP23152827A	A_005563
EP23154042A	A_005615
EP23154667A	A_005469
EP23154928A	A_005472
EP23157637A	A_005616
EP23159743A	A_005617
EP23163778A	A_005618
EP23164860A	A_005619
EP23166064A	A_005620
EP23169064A	A_005621
EP23170897A	A_000037
EP23173254A	A_000112
EP23188877A	A_000054
EP23192061A	A_005430
EP23195600A	A_005622
EP23197103A	A_000112
EP23197103A	A_005623
EP23199025A	A_000048
EP23199792A	A_005618
EP23201242A	A_005563
EP23203848A	A_005624
EP23205755A	A_005559
EP23207897A	A_005625
EP23207897A	A_005626
EP23209029A	A_005625
EP23209029A	A_005626
EP23212352A	A_005421
EP23214210A	A_005627
EP23220636A	A_005628
EP23275170A	A_000048
EP23703590A	A_005601
EP23731422A	A_005585
EP23755990A	A_005629
EP23788949A	A_005630
EP23788949A	A_005631
EP23800687A	A_005632
EP23811793A	A_005633
EP23815802A	A_005556
EP23821723A	A_005599
EP23830895A	A_005556
EP23840428A	A_000050
EP23840442A	A_000050
EP23853286A	A_005634
EP23854655A	A_005635
EP23866025A	A_005636
EP23877066A	A_005612
EP23886624A	A_000050
EP23890990A	A_005637
EP23894285A	A_005556
EP23899011A	A_005638
EP23909403A	A_005639
EP23913787A	A_000050
EP24151080A	A_005640
EP24163761A	A_000005
EP24188514A	A_005559
EP24213941A	A_000122
EP25182183A	A_005632
EP25182826A	A_005632
EP25215951A	A_000037
ES18152595T	A_000067
ES18215602T	A_005471
ES18730713T	A_005641
ES18774102T	A_005642
ES18794684T	A_000007
ES18885393T	A_005643
ES18927894T	A_000007
ES19201628T	A_005644
ES19219059T	A_005645
ES19382591T	A_005646
ES19839409T	A_005645
ES19894838T	A_005647
ES20175282T	A_005648
ES201830778U	A_005649
ES2019070017W	A_005650
ES20192330T	A_005651
ES202030528A	A_005652
ES202030680A	A_005653
ES202030680A	A_005654
ES202030680A	A_005655
ES202030680A	A_005656
ES202030680A	A_005657
ES202130075U	A_005658
ES202131093A	A_005659
ES202200049A	A_005660
ES202230657U	A_005661
ES202230999A	A_005662
ES202230999A	A_005663
ES202230999A	A_005664
ES2023070796W	A_005665
ES2023070796W	A_005666
ES202331145U	A_005667
ES202331490U	A_005668
ES202331789U	A_005669
ES202331791U	A_005669
ES20382250T	A_005670
ES20382943T	A_005670
ES20705101T	A_000048
ES20731921T	A_005671
ES20731922T	A_005671
ES21166275T	A_005672
ES21190116T	A_000007
ES21702427T	A_005673
ES21723897T	A_000048
ES21835825T	A_005674
ES22195058T	A_000007
ES22196541T	A_000007
ES22709690T	A_005675
FI20215590A	A_005676
FI2023050480W	A_005677
FR1853109A	A_005678
FR1854272A	A_005679
FR1857941A	A_005428
FR1873108A	A_005680
FR1904283A	A_005681
FR1904460A	A_005599
FR1907237A	A_005402
FR1907242A	A_005402
FR1908927A	A_005428
FR1913571A	A_005682
FR2003944A	A_005683
FR2005642A	A_005681
FR2007139A	A_005681
FR2021051040W	A_005684
FR2101253A	A_000112
FR2103064A	A_000112
FR2103338A	A_000112
FR2107477A	A_005685
FR2108524A	A_005402
FR2110317A	A_005681
FR2110317A	A_005686
FR2110322A	A_005681
FR2110322A	A_005686
FR2206064A	A_005681
FR2206967A	A_005681
FR2207666A	A_005680
FR2207741A	A_005599
FR2207742A	A_005599
FR2209933A	A_005428
FR2210710A	A_005428
FR2300301A	A_005428
FR2300535A	A_005687
FR2301227A	A_005688
FR2302209A	A_005428
FR2302743A	A_005689
FR2303810A	A_005680
FR2304139A	A_000112
FR2306193A	A_005680
FR2306585A	A_005680
FR2306787A	A_005681
FR2307870A	A_000112
FR2309215A	A_005687
FR2311651A	A_000112
FR2313215A	A_005690
FR2313286A	A_005599
FR2313361A	A_000112
GB201809309A	A_005691
GB201809309A	A_005692
GB201809534A	A_005693
GB201811603A	A_000048
GB201815554A	A_005694
GB201903783A	A_005695
GB2019052824W	A_005696
GB201908235A	A_005693
GB201909478A	A_005402
GB201909483A	A_005402
GB201913906A	A_005590
GB201915896A	A_005472
GB201915952A	A_005693
GB2020000044W	A_005697
GB202000979A	A_000048
GB202006611A	A_005698
GB202006781A	A_000048
GB202011399A	A_000048
GB202017000A	A_005693
GB202101080A	A_005473
GB202102863A	A_005699
GB202104218A	A_005693
GB202105791A	A_005693
GB202107035A	A_005700
GB202113781A	A_005701
GB202113961A	A_005473
GB202118786A	A_005702
GB202203125A	A_005703
GB202205102A	A_005704
GB202206618A	A_005705
GB202206748A	A_000048
GB202206951A	A_005706
GB202210008A	A_005707
GB202210425A	A_000048
GB202211163A	A_005708
GB202211163A	A_005709
GB202211998A	A_005710
GB202218288A	A_005711
GB202218297A	A_005701
GB202300599A	A_005712
GB202302945A	A_005693
GB2023052023W	A_000048
GB202306274A	A_005693
GB202307540A	A_005713
GB202307554A	A_005713
GB202307860A	A_005693
GB202311081A	A_005714
GB202313807A	A_000048
GB202318400A	A_005703
GB202319962A	A_005715
GB202320035A	A_005716
GB202320083A	A_005717
GR20190100367A	A_005718
GR20190100367A	A_005719
GR20230200132U	A_005720
HRP20190296A	A_005721
HRP20221010A	A_005722
HRP20221010A	A_005723
HRP20221010A	A_005724
HRP20221010A	A_005725
IB2018053299W	A_005726
IB2019054910W	A_005727
IB2019054910W	A_005728
IB2019061091W	A_005729
IB2019061091W	A_005730
IB2019061091W	A_005731
IB2020050520W	A_005732
IB2021054112W	A_005733
IB2022060900W	A_005734
IB2022060900W	A_005735
IB2023057351W	A_005736
IB2023061980W	A_005737
IB2023061980W	A_005738
IB2023061984W	A_005739
IB2023061984W	A_005738
IDP00202105750	A_005740
IDP00202213229	A_005741
IDS00201801193	A_005742
IL2019051378W	A_005743
IL2020050036W	A_005482
IL2021051076W	A_005744
IL2023050411W	A_005745
IL25970118A	A_005746
IL25970118A	A_005747
IL26025918A	A_000024
IL26692219A	A_000024
IL26836419A	A_005748
IL27434920A	A_005748
IL27462320A	A_005749
IL27462320A	A_005750
IL27512420A	A_005751
IL27512420A	A_005752
IL27551320A	A_005753
IL27551320A	A_005754
IL27647520A	A_005507
IL27681820A	A_005507
IL27681820A	A_005755
IL27808320A	A_005756
IL27861720A	A_005757
IL27861720A	A_005758
IL27903820A	A_000028
IL28041221A	A_005759
IL28400321A	A_005743
IL28400321A	A_005760
IL28400321A	A_005761
IL28400321A	A_005762
IL28400321A	A_005763
IL28400321A	A_005764
IL28626721A	A_005765
IL28626721A	A_005766
IL28626721A	A_005767
IL28626721A	A_005768
IL28626721A	A_005769
IL28644521A	A_005770
IL28789221A	A_005771
IL28968322A	A_005772
IL28968322A	A_005773
IL29052622A	A_005774
IL29199322A	A_005775
IL29881922A	A_005765
IL29881922A	A_005776
IL30017423A	A_005777
IL30017423A	A_005778
IL30181423A	A_005779
IL30256123A	A_005780
IL30256123A	A_005781
IL30256223A	A_005780
IL30256223A	A_005781
IL30336123A	A_005782
IL30976823A	A_005783
IL30976823A	A_005784
IL30976823A	A_005785
IL30976823A	A_005786
IL30976823A	A_005787
IL30976823A	A_005788
IL30976823A	A_005789
IL30976823A	A_005790
IL30976823A	A_005791
IN201811038510	A_005792
IN201817005407	A_005793
IN201817020483	A_000023
IN201817020752	A_005794
IN201817031888	A_005795
IN201817044264	A_005796
IN201821010428	A_005797
IN201821047908	A_005798
IN201821047908	A_005799
IN201821047908	A_005800
IN201821047908	A_005801
IN201821047908	A_005802
IN201821047908	A_005803
IN201821047908	A_005804
IN201841025162	A_005467
IN201841037640	A_005805
IN201841039311	A_005806
IN201841039311	A_005807
IN201847022362	A_005808
IN201847038994	A_005809
IN201911032838	A_005810
IN201911036837	A_005811
IN201917008875	A_005476
IN201917025480	A_005812
IN201917025642	A_000113
IN201917034126	A_005475
IN201917046738	A_005507
IN201917054556	A_000020
IN201921030531	A_005813
IN201921036523	A_005814
IN201921038503	A_005815
IN201941043518	A_005816
IN201941044563	A_005817
IN201941046023	A_005818
IN201941046271	A_005819
IN201941046271	A_005820
IN201941047695	A_005821
IN201947013370	A_005809
IN201947017181	A_005681
IN201947017181	A_005599
IN2020050510W	A_005822
IN202011031750	A_005823
IN202011043508	A_005824
IN202011050248	A_000045
IN202011057062	A_005825
IN202011057129	A_005826
IN202017012069	A_000096
IN202021015395	A_005827
IN202022052007	A_005828
IN202031041280	A_005829
IN202031041280	A_005830
IN202031041280	A_005831
IN202031041280	A_005832
IN202031041280	A_005833
IN202031041280	A_005834
IN202031041280	A_005835
IN202037015654	A_005836
IN202041030536	A_005837
IN202041030536	A_005838
IN202041030536	A_005839
IN202041030536	A_005840
IN202041030536	A_005841
IN202041030536	A_005842
IN202041030536	A_005843
IN202041034184	A_005844
IN202041042208	A_005845
IN202041042208	A_005846
IN202041042208	A_005847
IN202041042208	A_005848
IN202047000117	A_000019
IN202047017511	A_005849
IN202047017511	A_005850
IN202111004368	A_005851
IN202111030733	A_005852
IN202111034227	A_005853
IN202111056926	A_005854
IN202117002280	A_005855
IN202117033026	A_005856
IN202121011949	A_005494
IN202127049949	A_005857
IN202131061649	A_005858
IN202141000445	A_005859
IN202141000445	A_005860
IN202141000445	A_005861
IN202141000445	A_005862
IN202141000445	A_005863
IN202141000445	A_005864
IN202141000445	A_005865
IN202141000445	A_005866
IN202141019416	A_005867
IN202141022968	A_005868
IN202141054895	A_005869
IN202141059519	A_005870
IN202211022222	A_005871
IN202211022222	A_005872
IN202211022222	A_005873
IN202211022222	A_005874
IN202211022222	A_005875
IN202211029299	A_005876
IN202211036528	A_005877
IN202211040517	A_005878
IN202211055146	A_005879
IN202211055837	A_005878
IN202211064713	A_005880
IN202211066104	A_000045
IN202217065699	A_000029
IN202217069722	A_005881
IN202221022818	A_005882
IN202227057287	A_000057
IN202241004504	A_005883
IN202241004504	A_005884
IN202241005004	A_005885
IN202241006974	A_005886
IN202241006974	A_005887
IN202241006974	A_005888
IN202241006974	A_005889
IN202241006974	A_005890
IN202241006974	A_005891
IN202241006974	A_005892
IN202241006974	A_005893
IN202241006974	A_005894
IN202241006974	A_005895
IN202241007844	A_005896
IN202241007844	A_005897
IN202241026853	A_005898
IN202241043483	A_005899
IN202241058868	A_005900
IN202241060941	A_005901
IN202241060941	A_005902
IN202241060941	A_005903
IN202241060941	A_005904
IN202241060941	A_005905
IN202241060941	A_005906
IN202241060941	A_005907
IN202241063004	A_005908
IN202241063004	A_005909
IN202241063004	A_005910
IN202241074341A	A_005911
IN202241076152	A_005912
IN202241076152	A_005913
IN202241076152	A_005914
IN202241076152	A_005915
IN202241076152	A_005916
IN202241076152	A_005917
IN2023050679W	A_005918
IN202311017590	A_005919
IN202311032482	A_005920
IN202311043562	A_005921
IN202311043562	A_005922
IN202311043562	A_005923
IN202311043562	A_005924
IN202311043562	A_005925
IN202311043562	A_005926
IN202311043562	A_005927
IN202311043562	A_005928
IN202311049266A	A_005929
IN202311049266A	A_005930
IN202311051985A	A_005931
IN202311051985A	A_005932
IN202311053278	A_005933
IN202311053278	A_005934
IN202311055479	A_005935
IN202311059987	A_005936
IN202311059987	A_005937
IN202311062438	A_005938
IN202311062438	A_005939
IN202311062438	A_005940
IN202311062438	A_005941
IN202311062438	A_005942
IN202311062438	A_005943
IN202311062438	A_005944
IN202311062438	A_005945
IN202311064450	A_005946
IN202311065271	A_005947
IN202311065575	A_005948
IN202311067359	A_005949
IN202311067359	A_005950
IN202311067359	A_005951
IN202311067359	A_005952
IN202311073833A	A_005953
IN202311075200	A_000045
IN202311086072A	A_005953
IN202311086892	A_000045
IN202311087083A	A_005954
IN202311087083A	A_005955
IN202311087083A	A_005956
IN202311087083A	A_005957
IN202311087083A	A_005958
IN202311087083A	A_005959
IN202311087083A	A_005960
IN202311087083A	A_005961
IN202311087083A	A_005962
IN202311087595A	A_005954
IN202311087595A	A_005963
IN202311087595A	A_005964
IN202311087595A	A_005965
IN202311087595A	A_005966
IN202311087595A	A_005967
IN202311087595A	A_005968
IN202311087595A	A_005969
IN202311087595A	A_005970
IN202311087595A	A_005971
IN202311089557	A_000045
IN202317014107	A_005583
IN202317027188	A_000041
IN202317031102	A_005780
IN202317039345	A_005972
IN202317046234	A_005973
IN202317051197	A_000099
IN202321024845	A_005974
IN202321024845	A_005975
IN202321030552	A_005976
IN202321054218A	A_005977
IN202321054220A	A_005977
IN202321054234A	A_005977
IN202321054248A	A_005977
IN202321054250A	A_005977
IN202321086140A	A_005977
IN202321088921	A_005978
IN202321088921	A_005979
IN202321088921	A_005980
IN202321088921	A_005981
IN202331026010	A_005982
IN202331026010	A_005983
IN202331026010	A_005984
IN202331041366	A_005985
IN202331058274	A_005986
IN202331064117	A_005987
IN202331071171	A_005988
IN202331072456A	A_005989
IN202331072456A	A_005988
IN202341001044	A_005990
IN202341021465	A_005991
IN202341024550	A_005991
IN202341025199	A_005991
IN202341028408	A_005992
IN202341032837	A_005993
IN202341035956	A_005994
IN202341035956	A_005995
IN202341036261	A_005996
IN202341037132	A_005997
IN202341037132	A_005998
IN202341039446	A_005999
IN202341041463	A_006000
IN202341041463	A_006001
IN202341041463	A_006002
IN202341041463	A_006003
IN202341041463	A_006004
IN202341041463	A_006005
IN202341041463	A_006006
IN202341041463	A_006007
IN202341041463	A_006008
IN202341042444	A_006009
IN202341042444	A_006010
IN202341042444	A_006011
IN202341042444	A_006012
IN202341042444	A_006013
IN202341042444	A_006014
IN202341042444	A_006015
IN202341049876	A_006016
IN202341049876	A_006017
IN202341049876	A_006018
IN202341049876	A_006019
IN202341052696	A_006020
IN202341053478A	A_006021
IN202341058142A	A_006022
IN202341058142A	A_006023
IN202341058142A	A_006024
IN202341058142A	A_006025
IN202341058142A	A_006026
IN202341058142A	A_006027
IN202341058142A	A_006028
IN202341058142A	A_006029
IN202341058142A	A_006030
IN202341058142A	A_006031
IN202341060888	A_006020
IN202341062072	A_006032
IN202341062974	A_006033
IN202341062974	A_006034
IN202341066778	A_006035
IN202341068159	A_006036
IN202341069089	A_006037
IN202341069371	A_006038
IN202341074405A	A_006039
IN202341074405A	A_006040
IN202341074405A	A_006041
IN202341074405A	A_006042
IN202341074405A	A_006043
IN202341074405A	A_006044
IN202341074405A	A_006045
IN202341074405A	A_006046
IN202341074405A	A_006047
IN202341077801	A_006048
IN202341080320	A_006049
IN202341082094	A_006050
IN202341084045	A_006051
IN202341084955	A_006052
IN202341087174	A_006053
IN202341089955	A_006054
IT202300017061A	A_005544
JP2018006310A	A_006055
JP2018006758A	A_006056
JP2018008789A	A_006057
JP2018008789A	A_006058
JP2018024586A	A_006059
JP2018024586A	A_000037
JP2018026340A	A_006060
JP2018026340A	A_006061
JP2018033089W	A_005507
JP2018033089W	A_006062
JP2018040513A	A_006063
JP2018040513A	A_006064
JP2018040513A	A_006065
JP2018040513A	A_006066
JP2018049222A	A_000037
JP2018049222A	A_006059
JP2018073555A	A_006067
JP2018074862A	A_006068
JP2018074862A	A_006069
JP2018076040A	A_006070
JP2018076040A	A_006071
JP2018079101A	A_006072
JP2018079101A	A_006073
JP2018082872A	A_006074
JP2018082872A	A_000054
JP2018089753A	A_006075
JP2018089753A	A_006076
JP2018089753A	A_006077
JP2018089753A	A_006078
JP2018097633A	A_006079
JP2018097633A	A_006080
JP2018099893A	A_006081
JP2018099893A	A_006082
JP2018102067A	A_006071
JP2018102067A	A_006070
JP2018119579A	A_006059
JP2018119579A	A_000037
JP2018120798A	A_006083
JP2018120798A	A_006084
JP2018134728A	A_000024
JP2018134728A	A_006085
JP2018137921A	A_006086
JP2018138671A	A_006087
JP2018138671A	A_006088
JP2018138917A	A_006089
JP2018138917A	A_005506
JP2018141322A	A_006090
JP2018142076A	A_006091
JP2018142076A	A_006092
JP2018156388A	A_006093
JP2018165941A	A_006094
JP2018165941A	A_006095
JP2018166273A	A_006096
JP2018166273A	A_006097
JP2018170115A	A_006098
JP2018170115A	A_006099
JP2018189992A	A_006100
JP2018189992A	A_006101
JP2018190531A	A_006102
JP2018190531A	A_006103
JP2018190532A	A_006104
JP2018190532A	A_006105
JP2018190532A	A_006106
JP2018190532A	A_006107
JP2018190532A	A_006108
JP2018190532A	A_006109
JP2018193833A	A_006110
JP2018193833A	A_006111
JP2018205707A	A_000129
JP2018205707A	A_006112
JP2018206806A	A_006113
JP2018207217A	A_006059
JP2018207217A	A_000037
JP2018214791A	A_006114
JP2018214791A	A_005618
JP2018218820A	A_006059
JP2018218820A	A_000037
JP2018224050A	A_006115
JP2018224050A	A_006116
JP2018238001A	A_006062
JP2018555793A	A_000571
JP2018555793A	A_006117
JP2018555793A	A_006118
JP2018555793A	A_006119
JP2018564699A	A_006120
JP2018564699A	A_006121
JP2019000011A	A_006122
JP2019003388A	A_006092
JP2019003853U	A_006123
JP2019009394A	A_006092
JP2019011885A	A_006092
JP2019014204A	A_006092
JP2019018610A	A_006124
JP2019018610A	A_006125
JP2019024346A	A_006126
JP2019027862W	A_006127
JP2019030974W	A_006128
JP2019032289A	A_006091
JP2019034315W	A_006129
JP2019034315W	A_006130
JP2019035367A	A_006131
JP2019035367A	A_006132
JP2019037313A	A_006133
JP2019037313A	A_006134
JP2019038456A	A_006135
JP2019038456A	A_006136
JP2019043371A	A_006127
JP2019050078W	A_006137
JP2019050370W	A_006138
JP2019050370W	A_006139
JP2019067778A	A_006082
JP2019067778A	A_006081
JP2019069028A	A_006140
JP2019073124A	A_006079
JP2019073124A	A_006080
JP2019078532A	A_006141
JP2019078532A	A_006142
JP2019081670A	A_005563
JP2019081670A	A_006143
JP2019082761A	A_006089
JP2019082761A	A_005506
JP2019082773A	A_006089
JP2019082773A	A_005506
JP2019087678A	A_006144
JP2019087678A	A_006145
JP2019104027A	A_006146
JP2019104027A	A_006147
JP2019105083A	A_006092
JP2019105083A	A_006091
JP2019106717A	A_006148
JP2019106717A	A_006149
JP2019113179A	A_006089
JP2019113179A	A_005506
JP2019114246A	A_006150
JP2019121906A	A_006151
JP2019131390A	A_006152
JP2019131390A	A_006153
JP2019137475A	A_006154
JP2019137475A	A_006155
JP2019137475A	A_006156
JP2019137475A	A_006157
JP2019149458A	A_006158
JP2019149458A	A_006159
JP2019155214A	A_006160
JP2019155955A	A_000037
JP2019156338A	A_006161
JP2019156466A	A_006160
JP2019156630A	A_006162
JP2019159454A	A_006163
JP2019159454A	A_006164
JP2019161356A	A_006055
JP2019161356A	A_006127
JP2019164132A	A_006069
JP2019164132A	A_006068
JP2019166523A	A_006165
JP2019169095A	A_006166
JP2019169095A	A_006167
JP2019170384A	A_006168
JP2019172695A	A_006059
JP2019172695A	A_000037
JP2019174231A	A_006158
JP2019174231A	A_006159
JP2019179140A	A_006114
JP2019179785A	A_006139
JP2019179785A	A_006138
JP2019179790A	A_006169
JP2019179790A	A_006170
JP2019184743A	A_006079
JP2019185518A	A_006171
JP2019185518A	A_006172
JP2019190515A	A_006173
JP2019190515A	A_006174
JP2019199526A	A_006175
JP2019199526A	A_006176
JP2019201192A	A_000029
JP2019215244A	A_006069
JP2019215244A	A_006068
JP2019231113A	A_000054
JP2019231113A	A_006074
JP2019507880A	A_006177
JP2019507880A	A_006178
JP2019536047A	A_006085
JP2019536047A	A_000024
JP2019541470A	A_006069
JP2019541470A	A_006068
JP2019541920A	A_006084
JP2019541920A	A_006083
JP2019548347A	A_006179
JP2019548347A	A_006180
JP2019551196A	A_006084
JP2019551196A	A_006083
JP2019570162A	A_006139
JP2019570162A	A_006138
JP2019570164A	A_006139
JP2019570164A	A_006138
JP2020000094A	A_006067
JP2020000866W	A_006083
JP2020000866W	A_006084
JP2020000867W	A_006083
JP2020000867W	A_006084
JP2020001216A	A_006080
JP2020002459W	A_006083
JP2020002459W	A_006084
JP2020003286W	A_005506
JP2020005181W	A_006138
JP2020005181W	A_006139
JP2020010791W	A_006083
JP2020010791W	A_006084
JP2020011894W	A_005618
JP2020011894W	A_006114
JP2020015683W	A_006138
JP2020015683W	A_006139
JP2020018077W	A_006068
JP2020018077W	A_006069
JP2020018335W	A_006181
JP2020018335W	A_006182
JP2020018605A	A_005577
JP2020018605A	A_006183
JP2020018646W	A_006184
JP2020018646W	A_006167
JP2020022737W	A_006185
JP2020022737W	A_006151
JP2020024520W	A_006186
JP2020025316A	A_006187
JP2020025516W	A_006188
JP2020025516W	A_006111
JP2020031339W	A_005506
JP2020031691W	A_005612
JP2020032149A	A_005618
JP2020036457A	A_006189
JP2020036457A	A_006190
JP2020040933A	A_006191
JP2020040933A	A_006192
JP2020041714A	A_005506
JP2020041714A	A_006089
JP2020044617W	A_006193
JP2020044617W	A_006194
JP2020048204W	A_006195
JP2020049113W	A_005496
JP2020049113W	A_006196
JP2020062087A	A_006191
JP2020062087A	A_006192
JP2020066399A	A_006197
JP2020066399A	A_006130
JP2020082772A	A_006127
JP2020082772A	A_006055
JP2020093439A	A_006062
JP2020093439A	A_005507
JP2020095991A	A_006198
JP2020095991A	A_006199
JP2020097298A	A_006062
JP2020097298A	A_005507
JP2020110786A	A_006200
JP2020110786A	A_006201
JP2020110786A	A_005612
JP2020110786A	A_006160
JP2020119712A	A_006202
JP2020119712A	A_006203
JP2020128965A	A_006199
JP2020128965A	A_006198
JP2020130495A	A_006127
JP2020130495A	A_006055
JP2020132302A	A_006204
JP2020132302A	A_006205
JP2020133892A	A_006206
JP2020138275A	A_006207
JP2020138773A	A_006206
JP2020147357A	A_006208
JP2020147357A	A_005500
JP2020147763A	A_006209
JP2020147763A	A_006210
JP2020161809A	A_006175
JP2020161809A	A_006176
JP2020163636A	A_006211
JP2020163636A	A_006212
JP2020169973A	A_006196
JP2020169973A	A_005496
JP2020171328A	A_006068
JP2020171328A	A_006069
JP2020171398A	A_006157
JP2020174280A	A_006213
JP2020175338A	A_006168
JP2020185181A	A_006170
JP2020185181A	A_006169
JP2020189570A	A_006111
JP2020189570A	A_006110
JP2020203789A	A_006214
JP2020203789A	A_000017
JP2020208527A	A_006055
JP2020208527A	A_006127
JP2020212820A	A_006114
JP2020212820A	A_005618
JP2020216368A	A_006215
JP2020503579A	A_006139
JP2020503579A	A_006138
JP2020503581A	A_006139
JP2020503581A	A_006138
JP2020510251A	A_006216
JP2020510251A	A_006217
JP2020511413A	A_006218
JP2020532383A	A_006139
JP2020532383A	A_006138
JP2020532851A	A_006219
JP2020537541A	A_006220
JP2020547432A	A_006161
JP2020559010A	A_006069
JP2020559010A	A_006068
JP2020559139A	A_006139
JP2020559139A	A_006138
JP2020563047A	A_006139
JP2020563047A	A_006138
JP2020563518A	A_006221
JP2020563518A	A_006222
JP2020568142A	A_006139
JP2020568142A	A_006138
JP2021000813W	A_006217
JP2021000813W	A_006216
JP2021000814W	A_006217
JP2021000814W	A_006216
JP2021002826A	A_006069
JP2021002826A	A_006068
JP2021002827A	A_006069
JP2021002827A	A_006068
JP2021004182W	A_005506
JP2021004187W	A_005506
JP2021009088A	A_006069
JP2021009088A	A_006068
JP2021012367W	A_005507
JP2021012367W	A_006062
JP2021012814A	A_006059
JP2021012814A	A_000037
JP2021013151W	A_005506
JP2021013151W	A_006089
JP2021015756W	A_006223
JP2021015756W	A_006169
JP2021015968W	A_006181
JP2021015968W	A_006182
JP2021018509A	A_006224
JP2021018509A	A_006225
JP2021019701W	A_006226
JP2021019701W	A_006227
JP2021020354W	A_005496
JP2021020354W	A_006196
JP2021023774A	A_006124
JP2021023774A	A_006125
JP2021026198A	A_006079
JP2021026397W	A_006223
JP2021026397W	A_006169
JP2021026895A	A_006228
JP2021029444A	A_006229
JP2021029444A	A_006230
JP2021030118W	A_005526
JP2021030118W	A_006231
JP2021030862W	A_006068
JP2021030862W	A_006069
JP2021033465W	A_006232
JP2021037295W	A_005604
JP2021037595W	A_006233
JP2021038413W	A_006234
JP2021038413W	A_006235
JP2021040375W	A_006234
JP2021040375W	A_006235
JP2021042990A	A_006229
JP2021044189A	A_006236
JP2021044189A	A_006237
JP2021044189A	A_006238
JP2021044189A	A_006239
JP2021044189A	A_006240
JP2021044189A	A_006241
JP2021045500W	A_006129
JP2021045500W	A_006130
JP2021046046W	A_006242
JP2021046046W	A_006243
JP2021048700W	A_005506
JP2021048700W	A_006089
JP2021050897A	A_006114
JP2021050897A	A_005618
JP2021064683A	A_006059
JP2021064683A	A_000037
JP2021065276A	A_006244
JP2021065276A	A_006245
JP2021065814A	A_006160
JP2021065814A	A_005612
JP2021074382A	A_006157
JP2021074382A	A_006156
JP2021076662A	A_006157
JP2021076662A	A_006156
JP2021094521A	A_006110
JP2021094521A	A_006111
JP2021095469A	A_006246
JP2021098513A	A_006069
JP2021098513A	A_006068
JP2021100201A	A_006247
JP2021100201A	A_006248
JP2021102119A	A_006069
JP2021102119A	A_006068
JP2021109807A	A_006249
JP2021109807A	A_006250
JP2021117288A	A_006216
JP2021117288A	A_006251
JP2021117288A	A_006217
JP2021117288A	A_006252
JP2021121018A	A_006253
JP2021122082A	A_006254
JP2021140909A	A_006255
JP2021140909A	A_006256
JP2021145356A	A_006257
JP2021145356A	A_006258
JP2021147818A	A_006259
JP2021147818A	A_006260
JP2021159084A	A_006086
JP2021159297A	A_006261
JP2021160395A	A_006206
JP2021162037A	A_006262
JP2021162037A	A_006263
JP2021165219A	A_006264
JP2021165219A	A_006206
JP2021166587A	A_006261
JP2021171977A	A_006265
JP2021171977A	A_006266
JP2021171977A	A_006267
JP2021171977A	A_006268
JP2021179509A	A_006269
JP2021179509A	A_006270
JP2021201908A	A_006271
JP2021201908A	A_006272
JP2021202401A	A_006273
JP2021202401A	A_006274
JP2021202402A	A_006274
JP2021202402A	A_006273
JP2021207198A	A_005618
JP2021207198A	A_006114
JP2021208996A	A_006160
JP2021208996A	A_005612
JP2021209949A	A_006275
JP2021210684A	A_006276
JP2021210684A	A_006277
JP2021211054A	A_005618
JP2021211054A	A_006114
JP2021500113A	A_006278
JP2021500318A	A_006279
JP2021501939A	A_006280
JP2021501939A	A_006281
JP2021510916A	A_006282
JP2021510916A	A_005749
JP2021526707A	A_006283
JP2021536443A	A_006284
JP2021536443A	A_006285
JP2021536443A	A_006286
JP2021536443A	A_006287
JP2021538771A	A_006288
JP2021544685A	A_006289
JP2021544685A	A_006290
JP2021561273A	A_006169
JP2021561273A	A_006170
JP2021561274A	A_006169
JP2021561274A	A_006170
JP2021562703A	A_006291
JP2021562703A	A_006292
JP2021564125A	A_000559
JP2021575625A	A_006293
JP2021575625A	A_006294
JP2021576009A	A_006295
JP2022000544W	A_006296
JP2022000713A	A_006297
JP2022000713A	A_006298
JP2022003888U	A_006299
JP2022003888U	A_006300
JP2022004046W	A_005496
JP2022004046W	A_006196
JP2022006053A	A_005612
JP2022006053A	A_006160
JP2022010928W	A_005496
JP2022010928W	A_006196
JP2022015243A	A_006301
JP2022017407W	A_005628
JP2022017407W	A_006302
JP2022018265W	A_005614
JP2022018265W	A_006303
JP2022019116A	A_006304
JP2022019116A	A_006305
JP2022019411A	A_006306
JP2022019411A	A_006307
JP2022019738A	A_006308
JP2022022131A	A_005487
JP2022022131A	A_006215
JP2022022319W	A_005628
JP2022022319W	A_006302
JP2022023282A	A_006309
JP2022025759W	A_006083
JP2022025759W	A_006084
JP2022026352W	A_006217
JP2022026352W	A_006216
JP2022027517A	A_006310
JP2022027517A	A_006311
JP2022029317A	A_006312
JP2022029317A	A_006313
JP2022032517A	A_006197
JP2022032517A	A_006130
JP2022047763W	A_006314
JP2022047763W	A_006315
JP2022048159W	A_005614
JP2022048159W	A_006303
JP2022048160W	A_005614
JP2022048160W	A_006303
JP2022048164W	A_005614
JP2022048164W	A_006303
JP2022048188W	A_005614
JP2022048188W	A_006303
JP2022048188W	A_006316
JP2022048188W	A_006317
JP2022048190W	A_005614
JP2022048190W	A_006303
JP2022048190W	A_006316
JP2022048190W	A_006317
JP2022050942A	A_006114
JP2022050942A	A_005618
JP2022050947A	A_006114
JP2022050947A	A_005618
JP2022063045A	A_006318
JP2022063045A	A_006319
JP2022063046A	A_006318
JP2022063046A	A_006319
JP2022064946A	A_006071
JP2022064946A	A_006070
JP2022069658A	A_006271
JP2022072948A	A_006310
JP2022072948A	A_006311
JP2022076069A	A_006271
JP2022081982A	A_006320
JP2022081982A	A_006321
JP2022098241A	A_006137
JP2022098241A	A_006322
JP2022109508A	A_006323
JP2022109508A	A_006324
JP2022115733A	A_006317
JP2022115733A	A_006316
JP2022120658A	A_006069
JP2022120658A	A_006068
JP2022120697A	A_005612
JP2022120697A	A_006160
JP2022129209A	A_006325
JP2022129209A	A_006326
JP2022132875A	A_006327
JP2022132875A	A_006231
JP2022134865A	A_006057
JP2022134865A	A_006058
JP2022139604A	A_005618
JP2022139604A	A_006114
JP2022143525A	A_006114
JP2022143525A	A_005618
JP2022143793A	A_006215
JP2022147839A	A_006328
JP2022147839A	A_006329
JP2022164373A	A_006100
JP2022166703A	A_006083
JP2022166703A	A_006084
JP2022170719A	A_006075
JP2022177441A	A_005612
JP2022179155A	A_006315
JP2022179155A	A_006330
JP2022179155A	A_006309
JP2022179155A	A_006331
JP2022190586A	A_005612
JP2022199038A	A_005628
JP2022199038A	A_006302
JP2022202536A	A_006332
JP2022204462A	A_006206
JP2022204462A	A_006264
JP2022206847A	A_006206
JP2022206847A	A_006264
JP2022509785A	A_006235
JP2022509785A	A_006128
JP2022510232A	A_006235
JP2022510232A	A_006128
JP2022510336A	A_006139
JP2022510336A	A_006138
JP2022514955A	A_006169
JP2022514955A	A_006170
JP2022514957A	A_006169
JP2022514957A	A_006170
JP2022518148A	A_006182
JP2022518148A	A_006195
JP2022519047A	A_006333
JP2022519047A	A_006334
JP2022522452A	A_006139
JP2022522452A	A_006138
JP2022529020A	A_006215
JP2022532048A	A_006335
JP2022542560A	A_006159
JP2022565730A	A_006336
JP2022569401A	A_006069
JP2022569401A	A_006068
JP2022570524A	A_006337
JP2022572870A	A_006069
JP2022572870A	A_006068
JP2023000163U	A_006338
JP2023000163U	A_006339
JP2023000183W	A_006340
JP2023000183W	A_006311
JP2023000616A	A_006341
JP2023000616A	A_006126
JP2023000634U	A_006342
JP2023001502U	A_006342
JP2023001502U	A_006343
JP2023002819U	A_006344
JP2023002819U	A_006345
JP2023003307U	A_006346
JP2023003307U	A_006347
JP2023006132W	A_006348
JP2023006132W	A_006349
JP2023007722A	A_006350
JP2023007722A	A_006351
JP2023009672W	A_006234
JP2023009672W	A_006235
JP2023012321A	A_006352
JP2023012321A	A_006353
JP2023013926A	A_006354
JP2023013926A	A_006355
JP2023014023A	A_006356
JP2023014023A	A_006235
JP2023014023A	A_006144
JP2023014023A	A_006145
JP2023016232A	A_006206
JP2023016232A	A_006264
JP2023026419A	A_006357
JP2023029082W	A_005496
JP2023029082W	A_006196
JP2023032286W	A_006358
JP2023032286W	A_006359
JP2023032286W	A_006360
JP2023032286W	A_006361
JP2023034391A	A_005618
JP2023034391A	A_006114
JP2023034735A	A_006362
JP2023034735A	A_006363
JP2023034987A	A_006364
JP2023034987A	A_006365
JP2023034987A	A_006366
JP2023034987A	A_006367
JP2023035455A	A_006368
JP2023035455A	A_006369
JP2023040392A	A_006170
JP2023040392A	A_006169
JP2023042699A	A_006370
JP2023042699A	A_006213
JP2023042699A	A_006371
JP2023042699A	A_006372
JP2023042699A	A_006373
JP2023042699A	A_006374
JP2023044506W	A_006223
JP2023044506W	A_006169
JP2023046357W	A_005614
JP2023046357W	A_006303
JP2023046416A	A_006375
JP2023046416A	A_006376
JP2023046962W	A_005614
JP2023046962W	A_006303
JP2023052541A	A_005618
JP2023052541A	A_006114
JP2023052801A	A_000067
JP2023052801A	A_006059
JP2023054538A	A_006110
JP2023054538A	A_006111
JP2023054552A	A_006110
JP2023054552A	A_006111
JP2023054895A	A_005500
JP2023054895A	A_006208
JP2023055297A	A_005618
JP2023055297A	A_006114
JP2023061194A	A_006377
JP2023061194A	A_000057
JP2023062805A	A_006378
JP2023066284A	A_006379
JP2023066284A	A_006216
JP2023067542A	A_006380
JP2023067542A	A_006381
JP2023068026A	A_006287
JP2023068026A	A_006285
JP2023076185A	A_006382
JP2023076185A	A_005552
JP2023076481A	A_006383
JP2023076481A	A_002623
JP2023078069A	A_006384
JP2023078069A	A_006385
JP2023078069A	A_006191
JP2023078069A	A_006192
JP2023082614A	A_006386
JP2023082614A	A_006387
JP2023082614A	A_006388
JP2023082614A	A_006389
JP2023082614A	A_006390
JP2023082614A	A_006391
JP2023085003A	A_006392
JP2023085003A	A_006393
JP2023087034A	A_006356
JP2023087034A	A_006235
JP2023087034A	A_006394
JP2023087034A	A_006395
JP2023087706A	A_006396
JP2023087706A	A_006397
JP2023087706A	A_006398
JP2023087706A	A_006399
JP2023095911A	A_006400
JP2023095911A	A_006401
JP2023096678A	A_006402
JP2023096678A	A_006403
JP2023106175A	A_006404
JP2023106175A	A_006303
JP2023115605A	A_006405
JP2023115605A	A_006406
JP2023115626A	A_006169
JP2023115626A	A_006170
JP2023116566A	A_006407
JP2023116566A	A_006408
JP2023117354A	A_006091
JP2023117354A	A_006092
JP2023119085A	A_006409
JP2023119341A	A_006410
JP2023119341A	A_006411
JP2023124131A	A_006412
JP2023124131A	A_006413
JP2023140721A	A_006079
JP2023140721A	A_006080
JP2023142700A	A_006414
JP2023142700A	A_006415
JP2023144158A	A_006110
JP2023144158A	A_006111
JP2023145286A	A_006416
JP2023145286A	A_006417
JP2023149089A	A_006156
JP2023149089A	A_006157
JP2023149641A	A_006418
JP2023149641A	A_006419
JP2023149641A	A_006420
JP2023149641A	A_006421
JP2023150138A	A_006422
JP2023150138A	A_006423
JP2023153976A	A_006424
JP2023153976A	A_006425
JP2023153979A	A_006426
JP2023153979A	A_006427
JP2023156014A	A_006428
JP2023158159A	A_006429
JP2023164195A	A_006430
JP2023164195A	A_006431
JP2023173963A	A_006432
JP2023173963A	A_006433
JP2023175099A	A_006434
JP2023175099A	A_006435
JP2023175099A	A_006436
JP2023175099A	A_006437
JP2023175099A	A_006438
JP2023175099A	A_006439
JP2023176541A	A_006182
JP2023176541A	A_006195
JP2023181107A	A_006079
JP2023181523A	A_006440
JP2023181523A	A_006441
JP2023193878A	A_006110
JP2023193878A	A_006111
JP2023194197A	A_006442
JP2023194249A	A_006443
JP2023194249A	A_006444
JP2023196492A	A_006445
JP2023205626A	A_006446
JP2023205626A	A_006447
JP2023207913A	A_006156
JP2023207913A	A_006157
JP2023211651A	A_006320
JP2023211651A	A_006448
JP2023211654A	A_006320
JP2023211654A	A_006448
JP2023211655A	A_006320
JP2023211655A	A_006448
JP2023212230A	A_006169
JP2023212230A	A_006170
JP2023214740A	A_006124
JP2023214740A	A_006125
JP2023215823A	A_006206
JP2023215823A	A_006264
JP2023216971A	A_006449
JP2023216971A	A_006450
JP2023216971A	A_006451
JP2023216971A	A_006452
JP2023217815A	A_006453
JP2023217815A	A_006177
JP2023220388A	A_006208
JP2023220388A	A_005500
JP2023509388A	A_006454
JP2023539541A	A_006069
JP2023539541A	A_006068
JP2023548151A	A_006428
JP2023550176A	A_006455
JP2023554105A	A_006235
JP2023554105A	A_006128
JP2023557176A	A_006455
JP2023559966A	A_006456
JP2023565759A	A_006169
JP2023565759A	A_006170
JP2023573692A	A_006457
JP2023573692A	A_006458
JP2024500824A	A_006459
JP2024511029A	A_006460
JP2024511029A	A_006233
JP2024512783A	A_006460
JP2024512783A	A_006233
JP2024515806A	A_006303
JP2024515806A	A_006404
JP2024529312A	A_006455
JP2024534060A	A_006461
JP2024572033A	A_006462
JP2024577435A	A_006463
JP2025501879A	A_006464
JP2025507098A	A_006465
JP2025515602A	A_006288
JP2025518282A	A_006466
JP2025518282A	A_000048
JP2025519865A	A_006467
JP2025519865A	A_005632
KR20180002325U	A_006468
KR20180002325U	A_006469
KR20180003239A	A_006470
KR20180004956A	A_006471
KR20180007342A	A_006472
KR20180007366A	A_006473
KR20180007498A	A_006474
KR20180007498A	A_006475
KR20180008562A	A_006476
KR20180008562A	A_006477
KR20180009292A	A_006478
KR20180009721A	A_006479
KR20180009721A	A_000037
KR20180010041A	A_006480
KR20180010041A	A_005588
KR20180012522A	A_006481
KR20180012522A	A_006482
KR20180016638A	A_006483
KR20180016638A	A_006484
KR20180017548A	A_006485
KR20180017947A	A_006485
KR20180017947A	A_006486
KR20180022165A	A_006487
KR20180027302A	A_006488
KR20180027302A	A_006489
KR20180027914A	A_006490
KR20180029040A	A_006488
KR20180029040A	A_006489
KR20180035110A	A_006491
KR20180035110A	A_006492
KR20180035110A	A_006493
KR20180037930A	A_006494
KR20180037930A	A_006495
KR20180038907A	A_006496
KR20180038907A	A_006497
KR20180042246A	A_006498
KR20180042246A	A_006499
KR20180044387A	A_006500
KR20180044387A	A_006501
KR20180045157A	A_000066
KR20180046760A	A_006502
KR20180046760A	A_006503
KR20180049549A	A_006504
KR20180049549A	A_006505
KR20180057360A	A_006506
KR20180057360A	A_006507
KR20180060240A	A_006508
KR20180061102A	A_006509
KR20180061102A	A_006510
KR20180061102A	A_006511
KR20180061102A	A_006512
KR20180066602A	A_006513
KR20180066602A	A_006514
KR20180066608A	A_006513
KR20180066608A	A_006514
KR2018007079W	A_006515
KR2018007079W	A_006516
KR20180072543A	A_006517
KR20180072543A	A_006518
KR20180074058A	A_006519
KR20180074058A	A_006520
KR20180074058A	A_006521
KR20180076890A	A_006522
KR20180082024A	A_006488
KR20180082024A	A_006489
KR20180082510A	A_006523
KR20180082510A	A_006524
KR20180086017A	A_006480
KR20180087417A	A_006525
KR20180087417A	A_006526
KR20180087417A	A_006527
KR20180087417A	A_006528
KR20180087428A	A_006523
KR20180087428A	A_006524
KR20180091700A	A_006529
KR20180093942A	A_006488
KR20180093942A	A_006489
KR20180096007A	A_006530
KR20180096007A	A_006531
KR20180103294A	A_006532
KR20180105647A	A_006488
KR20180105647A	A_006489
KR20180107260A	A_006533
KR20180107260A	A_006534
KR20180112164A	A_006535
KR20180112164A	A_006536
KR20180112792A	A_006537
KR2018011414W	A_006538
KR20180115356A	A_006539
KR20180115356A	A_006540
KR20180116943A	A_006541
KR20180116943A	A_006542
KR20180116943A	A_006543
KR20180116943A	A_006544
KR20180120408A	A_006545
KR20180120408A	A_006546
KR20180121734A	A_006547
KR20180124279A	A_006548
KR20180124381A	A_006549
KR20180136316A	A_006480
KR20180136811A	A_006480
KR20180137447A	A_006550
KR20180138237A	A_006551
KR20180138237A	A_006552
KR20180138293A	A_006480
KR20180138293A	A_005588
KR20180139910A	A_006553
KR20180139910A	A_006554
KR20180143180A	A_006555
KR20180143180A	A_006556
KR20180145749A	A_006557
KR20180145749A	A_006558
KR20180145750A	A_006557
KR20180146201A	A_006559
KR20180147472A	A_006560
KR20180147472A	A_006561
KR20180150778A	A_006562
KR20180150852A	A_006563
KR20180150852A	A_006564
KR20180152453A	A_006565
KR20180154481A	A_006566
KR20180154481A	A_006567
KR20180156156A	A_006568
KR20180156156A	A_006569
KR20180156156A	A_006570
KR20180157161A	A_006571
KR20180159036A	A_006480
KR20180159036A	A_005588
KR20180161263A	A_006572
KR20180161263A	A_006573
KR20180162995A	A_006571
KR20180163419A	A_006574
KR20180163419A	A_006575
KR20180166326A	A_006576
KR20180166326A	A_006577
KR20180166655A	A_006578
KR20180166655A	A_006579
KR20180166656A	A_006578
KR20180166656A	A_006580
KR20180171202A	A_006550
KR20180171202A	A_006581
KR20180173881A	A_006582
KR20180173881A	A_006583
KR20190005249A	A_006584
KR20190005249A	A_006585
KR20190008100A	A_006574
KR20190008100A	A_006575
KR20190011692A	A_006586
KR20190012558A	A_006587
KR20190012558A	A_006588
KR20190013446A	A_006589
KR20190013446A	A_006590
KR20190015509A	A_006591
KR20190015509A	A_006592
KR20190015828A	A_006593
KR20190021653A	A_006594
KR20190021653A	A_006595
KR20190023379A	A_006596
KR20190023379A	A_006597
KR20190023835A	A_006530
KR20190025269A	A_006596
KR20190025269A	A_006598
KR20190026513A	A_006599
KR20190028756A	A_006600
KR20190028756A	A_006601
KR20190029798A	A_006586
KR20190029798A	A_006602
KR20190030902A	A_006603
KR20190030902A	A_006604
KR20190031359A	A_006605
KR20190031359A	A_006606
KR20190033516A	A_006607
KR20190033516A	A_006608
KR20190037179A	A_006609
KR20190037463A	A_006610
KR20190037463A	A_006611
KR20190039389A	A_006612
KR20190039389A	A_006613
KR20190040498A	A_006614
KR20190040498A	A_006615
KR20190041459A	A_006480
KR20190041932A	A_006616
KR20190041932A	A_006617
KR20190041932A	A_006618
KR20190041932A	A_006619
KR20190041932A	A_006620
KR20190041932A	A_006621
KR20190041932A	A_006622
KR20190041932A	A_006623
KR20190042829A	A_006624
KR20190042829A	A_006625
KR20190042829A	A_006626
KR20190042829A	A_006627
KR20190043442A	A_006628
KR20190043442A	A_006629
KR20190049499A	A_006630
KR20190049499A	A_006631
KR20190050355A	A_006632
KR20190050355A	A_006500
KR20190050355A	A_006633
KR20190050355A	A_006501
KR20190050362A	A_006500
KR20190050362A	A_006501
KR20190050362A	A_006632
KR20190050362A	A_006633
KR20190053182A	A_006634
KR20190053182A	A_006635
KR20190055604A	A_006636
KR20190055604A	A_006637
KR20190056229A	A_006594
KR20190056229A	A_006595
KR20190063612A	A_006638
KR20190063612A	A_006639
KR20190063612A	A_006640
KR20190063612A	A_006641
KR20190064090A	A_006642
KR20190065002A	A_006643
KR20190065282A	A_006644
KR20190065282A	A_006645
KR20190068459A	A_006646
KR20190068459A	A_006647
KR20190071394A	A_006648
KR20190071394A	A_006649
KR20190072315A	A_006480
KR20190073334A	A_006650
KR20190073334A	A_006651
KR20190077337A	A_006652
KR20190077337A	A_006653
KR20190077381A	A_006654
KR20190078203A	A_006550
KR20190078203A	A_006655
KR20190081287A	A_006656
KR20190081287A	A_006657
KR20190082017A	A_006658
KR20190082017A	A_006659
KR20190084226A	A_006660
KR20190086210A	A_006661
KR20190086210A	A_006662
KR20190088641A	A_006663
KR20190095964A	A_006664
KR20190095964A	A_006665
KR20190096658A	A_006666
KR20190096658A	A_006667
KR20190097329A	A_006668
KR20190097329A	A_006669
KR20190097555A	A_006670
KR20190097838A	A_006671
KR20190097838A	A_006672
KR20190097838A	A_006673
KR20190097838A	A_006674
KR20190097838A	A_006675
KR20190097838A	A_006676
KR20190097838A	A_006677
KR20190097838A	A_006678
KR20190097838A	A_006679
KR20190097838A	A_006680
KR20190097838A	A_006681
KR20190097838A	A_006682
KR20190097838A	A_006683
KR20190097838A	A_006684
KR20190098299A	A_006571
KR20190098299A	A_006685
KR20190098599A	A_006686
KR20190098599A	A_006687
KR20190099267A	A_006688
KR20190099267A	A_006689
KR20190099744A	A_006690
KR20190099744A	A_006691
KR20190099744A	A_006692
KR20190099744A	A_006693
KR20190100569A	A_006694
KR20190100569A	A_006695
KR20190101944A	A_006696
KR20190101944A	A_006697
KR20190102533A	A_006694
KR20190102533A	A_006695
KR20190107530A	A_006523
KR20190107530A	A_006524
KR20190109156A	A_006698
KR20190112508A	A_006699
KR20190112898A	A_006700
KR20190112910A	A_006700
KR20190112910A	A_006701
KR20190115975A	A_006702
KR20190115975A	A_006703
KR20190120200A	A_006704
KR20190122292A	A_006702
KR20190122292A	A_006703
KR20190122446A	A_006624
KR20190122446A	A_006625
KR20190122446A	A_006626
KR20190122446A	A_006627
KR20190123424A	A_006705
KR20190128744A	A_006706
KR20190128744A	A_006707
KR20190130638A	A_006708
KR20190130949A	A_006709
KR20190130949A	A_006710
KR2019013374W	A_006711
KR2019013385W	A_006712
KR2019013385W	A_006713
KR20190133904A	A_006714
KR20190135485A	A_006715
KR20190135485A	A_006716
KR20190135962A	A_006717
KR20190136203A	A_006559
KR20190136203A	A_006718
KR20190137754A	A_006719
KR20190137754A	A_006720
KR20190139118A	A_006721
KR20190139279A	A_006663
KR20190139279A	A_006722
KR20190142422A	A_006723
KR20190145052A	A_006545
KR2019014817W	A_006724
KR20190148451A	A_006530
KR20190148451A	A_006531
KR20190149384A	A_006725
KR20190149384A	A_006726
KR20190153217A	A_006696
KR20190153336A	A_006694
KR20190153336A	A_006695
KR20190154239A	A_006727
KR20190154239A	A_006728
KR20190154446A	A_006480
KR20190154446A	A_005588
KR20190154795A	A_006550
KR20190154795A	A_006581
KR2019015983W	A_006729
KR2019015983W	A_006730
KR20190160306A	A_006488
KR20190160306A	A_006489
KR20190163307A	A_006731
KR20190163753A	A_006480
KR20190165397A	A_006732
KR20190165630A	A_006733
KR20190165630A	A_006734
KR20190165835A	A_006735
KR20190165849A	A_006736
KR20190167403A	A_006737
KR20190167403A	A_006738
KR20190168210A	A_006739
KR20190168210A	A_006740
KR20190171460A	A_006741
KR20190171460A	A_006742
KR20190173239A	A_006694
KR20190173239A	A_006695
KR20190173692A	A_006743
KR20190174486A	A_006744
KR20190177888A	A_006644
KR20190177888A	A_006745
KR20190177893A	A_006644
KR20190179491A	A_006746
KR20190179856A	A_006747
KR20190179856A	A_006748
KR20190179856A	A_006749
KR20190179856A	A_006750
KR2019095005W	A_006751
KR20197035323A	A_006752
KR20197035323A	A_006753
KR20200000659U	A_006560
KR20200000659U	A_006561
KR20200001300A	A_006754
KR20200001300A	A_006755
KR20200004191U	A_006756
KR20200004191U	A_006757
KR20200006625A	A_006663
KR20200007043A	A_006758
KR20200007269A	A_006759
KR20200007269A	A_006267
KR20200007269A	A_006760
KR20200007269A	A_006268
KR20200009644A	A_006761
KR20200010946A	A_006762
KR20200012934A	A_006525
KR20200012934A	A_006527
KR20200012934A	A_006526
KR20200012934A	A_006528
KR20200013382A	A_006763
KR20200013382A	A_006764
KR20200013383A	A_006763
KR20200013383A	A_006764
KR20200013783A	A_006765
KR20200013783A	A_006766
KR20200014126A	A_006767
KR20200014126A	A_006768
KR20200014126A	A_006769
KR20200014126A	A_006770
KR20200014126A	A_006771
KR20200014126A	A_006772
KR20200014550A	A_006773
KR20200014550A	A_006774
KR20200015018A	A_006656
KR20200015018A	A_006775
KR20200015650A	A_006776
KR20200015756A	A_006777
KR20200022160A	A_006778
KR20200022170A	A_006779
KR20200022170A	A_006780
KR20200025387A	A_006596
KR20200025387A	A_006598
KR20200026405A	A_006781
KR20200026405A	A_006782
KR2020002905W	A_006783
KR20200029174A	A_006550
KR20200029902A	A_006784
KR20200030691A	A_006785
KR20200030691A	A_006786
KR20200030692A	A_006785
KR20200030692A	A_006786
KR20200032071A	A_006787
KR20200032071A	A_006788
KR20200032279A	A_006789
KR20200032279A	A_006790
KR20200035931A	A_006791
KR20200037964A	A_006792
KR20200037964A	A_006793
KR20200042188A	A_006794
KR20200042188A	A_006795
KR20200042372A	A_006796
KR20200043100A	A_006797
KR20200043100A	A_006798
KR20200047377A	A_006799
KR20200047377A	A_006800
KR20200052148A	A_006525
KR20200052148A	A_006527
KR20200052148A	A_006526
KR20200052148A	A_006528
KR20200052219A	A_006634
KR20200052219A	A_006635
KR20200053649A	A_006801
KR20200053649A	A_006802
KR20200054155A	A_006803
KR20200055533A	A_006804
KR20200055533A	A_006805
KR20200057137A	A_006806
KR20200057137A	A_006807
KR20200057137A	A_006808
KR20200057137A	A_006809
KR20200057137A	A_006810
KR20200058242A	A_006811
KR20200058242A	A_006812
KR20200059754A	A_006813
KR20200059754A	A_006814
KR20200064126A	A_006815
KR20200064126A	A_006816
KR20200064394A	A_006817
KR20200064394A	A_006818
KR20200066212A	A_006596
KR20200066212A	A_006819
KR20200066212A	A_006597
KR20200066212A	A_006820
KR20200066216A	A_006821
KR20200066216A	A_006822
KR20200067089A	A_006823
KR20200067089A	A_006824
KR20200070061A	A_006480
KR20200070061A	A_005588
KR20200077700A	A_006825
KR20200077700A	A_006826
KR20200077922A	A_006827
KR20200079499A	A_006828
KR20200079499A	A_006829
KR20200079499A	A_006830
KR20200079499A	A_006831
KR20200080926A	A_006480
KR20200080926A	A_005588
KR20200081931A	A_006832
KR20200081931A	A_006833
KR20200085625A	A_006550
KR20200085625A	A_006655
KR20200086713A	A_006834
KR20200086713A	A_006835
KR20200087403A	A_006494
KR20200087403A	A_006495
KR20200091020A	A_006600
KR20200091020A	A_006601
KR20200091774A	A_006663
KR20200098904A	A_006836
KR20200098904A	A_006837
KR20200100717A	A_006480
KR20200100717A	A_005588
KR20200103891A	A_006838
KR20200103891A	A_006839
KR20200114528A	A_006550
KR20200114528A	A_006655
KR20200118231A	A_006840
KR20200118231A	A_006841
KR20200122408A	A_006842
KR20200122408A	A_006843
KR20200125669A	A_006840
KR20200125669A	A_006841
KR20200126482A	A_006844
KR20200126482A	A_006845
KR20200126482A	A_006846
KR20200126482A	A_006847
KR20200126482A	A_006848
KR20200126482A	A_006849
KR20200128536A	A_006850
KR20200128536A	A_006851
KR20200129276A	A_006749
KR20200129276A	A_006484
KR20200131569A	A_006852
KR20200134298A	A_006563
KR20200134298A	A_006564
KR20200135302A	A_006853
KR20200135302A	A_006854
KR20200137497A	A_006855
KR20200137497A	A_006856
KR20200138298A	A_006857
KR20200138298A	A_006858
KR20200139400A	A_006859
KR20200139400A	A_000066
KR20200141237A	A_006661
KR20200142204A	A_006759
KR20200142204A	A_005625
KR20200142204A	A_006760
KR20200142204A	A_005626
KR20200142557A	A_006860
KR20200143955A	A_006861
KR20200147756A	A_006862
KR20200147756A	A_006863
KR20200147756A	A_006864
KR20200147756A	A_006865
KR20200149622A	A_006866
KR20200151536A	A_006759
KR20200151536A	A_005625
KR20200151536A	A_006760
KR20200151536A	A_005626
KR20200156935A	A_006480
KR20200156935A	A_005588
KR20200158943A	A_006867
KR20200158943A	A_006868
KR20200159145A	A_006526
KR20200159145A	A_006528
KR20200159531A	A_006869
KR20200159531A	A_006870
KR20200161966A	A_006871
KR20200161966A	A_006872
KR20200163237A	A_006873
KR20200163549A	A_006874
KR20200164262A	A_006875
KR20200168742A	A_006876
KR20200168742A	A_006877
KR20200170358A	A_006878
KR20200170362A	A_006878
KR20200170855A	A_006759
KR20200170855A	A_005625
KR20200170855A	A_006760
KR20200170855A	A_005626
KR2020017130W	A_006879
KR20200174546A	A_006797
KR20200177359A	A_006880
KR20200179191A	A_006881
KR20200179385A	A_006882
KR2020018249W	A_006883
KR20200182734A	A_006884
KR20200182734A	A_006885
KR20200185625A	A_006732
KR20200186307A	A_006759
KR20200186307A	A_005625
KR20200186307A	A_006760
KR20200186307A	A_005626
KR20200188982A	A_006560
KR20200188982A	A_006561
KR20207001777A	A_006886
KR20207001777A	A_006195
KR20207003561A	A_006887
KR20207003561A	A_005688
KR20207016312A	A_006888
KR20207023562A	A_006889
KR20207023562A	A_006890
KR20207037230A	A_006891
KR20207037230A	A_005673
KR20210002552A	A_006892
KR20210002552A	A_006893
KR20210002995U	A_006857
KR20210003697U	A_006756
KR20210008435A	A_006827
KR20210008435A	A_006894
KR20210008435A	A_006895
KR20210008435A	A_006896
KR20210008435A	A_006897
KR20210008435A	A_006898
KR20210008435A	A_006899
KR20210008435A	A_006900
KR20210010138A	A_006901
KR20210012823A	A_006902
KR20210012823A	A_006903
KR20210014344A	A_006904
KR20210014344A	A_006905
KR20210015612A	A_006906
KR20210015612A	A_006907
KR20210015612A	A_006908
KR20210015612A	A_006909
KR20210016388A	A_006550
KR20210016388A	A_006581
KR20210016388A	A_006910
KR20210016388A	A_006911
KR20210020815A	A_006596
KR20210020815A	A_006912
KR20210020815A	A_006597
KR20210023747A	A_006913
KR20210023747A	A_006914
KR20210027181A	A_006915
KR20210027181A	A_006916
KR20210028863A	A_006859
KR20210028863A	A_000066
KR20210032345A	A_006917
KR20210032345A	A_006918
KR20210033261A	A_006919
KR20210033261A	A_006920
KR20210033294A	A_006919
KR20210033294A	A_006920
KR20210036827A	A_006648
KR20210036827A	A_006649
KR20210037914A	A_006921
KR20210037914A	A_006922
KR20210039898A	A_006819
KR20210039898A	A_006820
KR20210042479A	A_006923
KR20210042479A	A_006924
KR20210043028A	A_006925
KR20210043825A	A_006834
KR20210043825A	A_006835
KR20210044037A	A_006926
KR20210044037A	A_006927
KR20210045890A	A_006754
KR20210045890A	A_006755
KR20210047560A	A_006928
KR20210047973A	A_006929
KR20210047973A	A_006930
KR20210049222A	A_006765
KR20210049222A	A_006766
KR20210051446A	A_006759
KR20210051446A	A_005625
KR20210051446A	A_006760
KR20210051446A	A_005626
KR20210055400A	A_006931
KR20210055400A	A_006932
KR20210056764A	A_006933
KR20210056764A	A_006934
KR20210058075A	A_006550
KR20210058075A	A_006655
KR20210058075A	A_006935
KR20210058075A	A_006936
KR20210058290A	A_006586
KR20210058290A	A_006937
KR20210058317A	A_006749
KR20210058317A	A_006484
KR20210062927A	A_006834
KR20210062927A	A_006835
KR20210063772A	A_006938
KR20210063772A	A_006939
KR20210065167A	A_006784
KR20210067163A	A_006480
KR20210067163A	A_005588
KR20210070163A	A_006825
KR20210070163A	A_006826
KR20210071708A	A_006940
KR20210071708A	A_006941
KR20210072463A	A_006942
KR20210072463A	A_006826
KR20210072897A	A_006943
KR20210074073A	A_006827
KR20210074073A	A_006894
KR20210077244A	A_006759
KR20210077244A	A_005625
KR20210077244A	A_006760
KR20210077244A	A_005626
KR20210079427A	A_006944
KR20210079427A	A_006879
KR20210082329A	A_006480
KR20210082329A	A_006945
KR20210082470A	A_006946
KR20210082470A	A_006947
KR20210085613A	A_006948
KR20210085613A	A_006949
KR20210085715A	A_006926
KR20210085715A	A_006927
KR20210092284A	A_006950
KR20210092284A	A_006951
KR20210095169A	A_006952
KR20210095169A	A_006953
KR20210097617A	A_006954
KR20210098127A	A_006955
KR20210098127A	A_006956
KR20210098127A	A_006957
KR20210098127A	A_006958
KR20210099478A	A_006959
KR20210099478A	A_006960
KR20210110978A	A_006961
KR20210110978A	A_006962
KR20210111025A	A_006825
KR20210111025A	A_006826
KR20210112667A	A_006535
KR20210112667A	A_006536
KR20210113875A	A_006963
KR20210113875A	A_006964
KR20210114527A	A_006965
KR20210114527A	A_006966
KR20210114545A	A_006965
KR20210114545A	A_006966
KR20210116253A	A_006759
KR20210116253A	A_006267
KR20210116253A	A_006760
KR20210116253A	A_006268
KR20210121113A	A_006967
KR20210121113A	A_006968
KR20210122135A	A_006969
KR20210122135A	A_006970
KR20210130034A	A_006971
KR20210130034A	A_006972
KR20210131642A	A_006739
KR20210131642A	A_006740
KR20210132989A	A_006973
KR20210132989A	A_006974
KR20210133430A	A_006975
KR20210133430A	A_006976
KR20210135828A	A_006977
KR20210135828A	A_006978
KR20210135828A	A_006979
KR20210135828A	A_006980
KR20210138552A	A_006981
KR20210138552A	A_006982
KR20210142931A	A_006873
KR20210142931A	A_006983
KR20210143906A	A_006984
KR20210143906A	A_006985
KR20210147865A	A_006759
KR20210147865A	A_005625
KR20210147865A	A_006760
KR20210147865A	A_005626
KR20210147866A	A_006759
KR20210147866A	A_005625
KR20210147866A	A_006760
KR20210147866A	A_005626
KR20210148764A	A_006480
KR20210148764A	A_005588
KR20210149364A	A_006480
KR20210149364A	A_005588
KR20210151662A	A_006986
KR20210151662A	A_006987
KR20210152469A	A_006988
KR20210155030A	A_006989
KR20210155831A	A_006545
KR20210155831A	A_006990
KR20210155838A	A_006545
KR20210156928A	A_006480
KR20210157532A	A_006991
KR20210157532A	A_006992
KR20210158784A	A_006993
KR20210158784A	A_006738
KR20210160406A	A_006952
KR20210160406A	A_006953
KR20210163473A	A_006994
KR20210163473A	A_006995
KR20210163473A	A_006996
KR20210165036A	A_006997
KR20210165036A	A_006998
KR20210165280A	A_006999
KR20210165280A	A_007000
KR20210169238A	A_007001
KR20210169238A	A_007002
KR20210170094A	A_006547
KR20210170094A	A_007003
KR20210171794A	A_007004
KR20210171794A	A_007005
KR2021017268W	A_007006
KR20210173734A	A_007007
KR20210173770A	A_006784
KR20210173770A	A_007008
KR20210174610A	A_007009
KR20210174610A	A_007010
KR20210174658A	A_007011
KR20210174658A	A_007012
KR20210174856A	A_007013
KR20210174856A	A_007014
KR20210175829A	A_006825
KR20210175829A	A_006826
KR20210179990A	A_007015
KR20210179990A	A_007016
KR20210179990A	A_007017
KR20210179990A	A_007018
KR20210180715A	A_006491
KR20210180715A	A_006493
KR20210181825A	A_007019
KR20210183283A	A_007020
KR20210183283A	A_007021
KR20210183771A	A_007022
KR20210183771A	A_007023
KR20210185112A	A_007024
KR20210185112A	A_007025
KR20210185112A	A_007026
KR20210185112A	A_007027
KR20210186197A	A_006761
KR20210186197A	A_007028
KR20210186198A	A_007029
KR20210186198A	A_007030
KR20210187632A	A_006761
KR20210187632A	A_007028
KR20210187632A	A_007031
KR20210187632A	A_007032
KR20210188262A	A_007033
KR20210188262A	A_007034
KR20210189122A	A_007035
KR20210189122A	A_006417
KR20210189124A	A_007036
KR20210189124A	A_006417
KR2021018959W	A_007037
KR2021018959W	A_007008
KR20210190900A	A_007038
KR20210190900A	A_007039
KR20210191436A	A_006892
KR20210191436A	A_007040
KR20210191436A	A_006893
KR20210191436A	A_007041
KR20210191943A	A_007042
KR20210191943A	A_007043
KR20210193381A	A_007044
KR20210193381A	A_007045
KR20210193389A	A_007044
KR20210193389A	A_007045
KR20210193392A	A_007044
KR20210193392A	A_007045
KR20210193719A	A_007046
KR20210193719A	A_007047
KR20210194222A	A_006955
KR20210194222A	A_006956
KR20210194222A	A_006957
KR20210194222A	A_006958
KR20210194657A	A_006759
KR20210194657A	A_005625
KR20210194657A	A_006760
KR20210194657A	A_005626
KR20217005911A	A_007048
KR20217005911A	A_005645
KR20217010264A	A_007049
KR20217010264A	A_007050
KR20217014881A	A_007048
KR20217014881A	A_005645
KR20217030237A	A_007051
KR20220000579U	A_006881
KR20220000579U	A_007052
KR20220000759A	A_006834
KR20220000759A	A_006835
KR20220001876A	A_006827
KR20220001876A	A_006894
KR20220008567A	A_006634
KR20220008679A	A_006834
KR20220008679A	A_006835
KR20220011911A	A_006628
KR20220011911A	A_006629
KR20220012106A	A_006765
KR20220012106A	A_006766
KR20220012276A	A_006880
KR20220012803A	A_007053
KR20220012803A	A_007054
KR20220013646A	A_006871
KR20220013646A	A_006872
KR20220013875A	A_007055
KR20220013875A	A_007056
KR20220014954A	A_007057
KR20220014954A	A_007058
KR20220018013A	A_007059
KR20220018595A	A_007060
KR20220018595A	A_007061
KR20220018916A	A_007011
KR20220018916A	A_007012
KR20220018930A	A_007011
KR20220018930A	A_007012
KR20220021878A	A_007062
KR20220021878A	A_007063
KR20220027342A	A_007064
KR20220027342A	A_007065
KR20220027342A	A_007066
KR20220027342A	A_007067
KR20220029726A	A_007068
KR20220029726A	A_007069
KR20220033824A	A_007070
KR20220033824A	A_007071
KR20220034902A	A_007072
KR20220034902A	A_007073
KR20220036534A	A_007074
KR20220036534A	A_007075
KR20220040082A	A_007019
KR20220040082A	A_007076
KR20220047616A	A_007077
KR20220048933A	A_007078
KR20220048933A	A_007079
KR20220051188A	A_007080
KR20220053543A	A_007081
KR20220053543A	A_007082
KR20220055900A	A_006609
KR20220055900A	A_000112
KR20220059273A	A_007083
KR20220059900A	A_007084
KR20220059900A	A_007085
KR20220062401A	A_007086
KR20220062401A	A_007087
KR20220070954A	A_006749
KR20220070954A	A_006484
KR20220071185A	A_007088
KR20220071185A	A_007089
KR20220094437A	A_007090
KR20220094437A	A_007091
KR20220097237A	A_007092
KR20220097237A	A_007093
KR20220099198A	A_006530
KR20220099198A	A_006531
KR20220109954A	A_006765
KR20220109954A	A_006766
KR20220111112A	A_007094
KR20220111112A	A_007095
KR20220117293A	A_007096
KR20220117293A	A_007097
KR20220117311A	A_007096
KR20220117311A	A_007097
KR20220118181A	A_007098
KR20220119588A	A_006480
KR20220119588A	A_005588
KR20220119930A	A_007099
KR20220119930A	A_007100
KR20220120014A	A_007101
KR20220120014A	A_007102
KR20220121481A	A_006942
KR20220121481A	A_006826
KR20220122502A	A_006942
KR20220122502A	A_006826
KR20220122503A	A_006942
KR20220122503A	A_006826
KR20220122859A	A_006648
KR20220122859A	A_006649
KR20220124917A	A_007103
KR20220124917A	A_007104
KR20220127719A	A_007105
KR20220127719A	A_007106
KR20220130031A	A_006634
KR20220134552A	A_007107
KR20220140192A	A_007108
KR20220140192A	A_007109
KR20220140192A	A_007110
KR20220140192A	A_007111
KR20220140192A	A_007112
KR20220140192A	A_007113
KR20220140289A	A_007114
KR20220140289A	A_007115
KR20220140606A	A_007116
KR20220140606A	A_007117
KR20220144417A	A_006754
KR20220144417A	A_006755
KR20220148620A	A_006942
KR20220148620A	A_006826
KR20220149715A	A_007118
KR20220149715A	A_006614
KR20220149715A	A_006937
KR20220149715A	A_006615
KR20220150014A	A_007119
KR20220150014A	A_007120
KR20220151874A	A_007081
KR20220151874A	A_007082
KR20220152124A	A_007121
KR20220152124A	A_007122
KR20220155026A	A_007123
KR20220155026A	A_007124
KR20220155872A	A_007125
KR20220155872A	A_007126
KR20220156324A	A_006815
KR20220156324A	A_006547
KR20220156324A	A_006816
KR20220156324A	A_007003
KR20220157429A	A_007127
KR20220157429A	A_007118
KR20220157429A	A_007128
KR20220157429A	A_006937
KR20220159919A	A_006547
KR20220159919A	A_007003
KR20220160139A	A_007129
KR20220160139A	A_007130
KR20220161863A	A_007131
KR20220161863A	A_007132
KR20220161889A	A_007131
KR20220161889A	A_007132
KR20220161937A	A_007133
KR20220161937A	A_007134
KR20220161961A	A_006535
KR20220161961A	A_006536
KR20220162979A	A_006700
KR20220164143A	A_007135
KR20220164143A	A_007136
KR20220164822A	A_006759
KR20220164822A	A_005625
KR20220164822A	A_006760
KR20220164822A	A_005626
KR20220165338A	A_006779
KR20220165338A	A_006780
KR20220165413A	A_007114
KR20220165413A	A_007115
KR20220165452A	A_007114
KR20220165452A	A_007115
KR20220165724A	A_007137
KR20220165724A	A_007138
KR20220165724A	A_007139
KR20220165724A	A_007140
KR20220166296A	A_007141
KR20220166296A	A_007142
KR20220168178A	A_007143
KR20220168178A	A_007144
KR20220168508A	A_007035
KR20220168508A	A_006417
KR20220169071A	A_006759
KR20220169071A	A_005625
KR20220169071A	A_006760
KR20220169071A	A_005626
KR20220175294A	A_007103
KR20220175294A	A_007104
KR20220175747A	A_007145
KR20220175747A	A_007146
KR20220176378A	A_007147
KR20220176378A	A_007073
KR20220176620A	A_007148
KR20220176620A	A_007149
KR20220178193A	A_006526
KR20220178193A	A_006528
KR20220178213A	A_007150
KR20220178213A	A_007151
KR20220180408A	A_007152
KR20220180408A	A_007153
KR20220180991A	A_007154
KR20220180991A	A_007155
KR20220182282A	A_006739
KR20220182282A	A_006740
KR20220183151A	A_007156
KR20220183151A	A_007157
KR20220184642A	A_006739
KR20220184642A	A_006740
KR20220185243A	A_007158
KR20220185243A	A_007159
KR20220185384A	A_006644
KR20220185384A	A_006645
KR20220185431A	A_007160
KR20220185431A	A_007161
KR20220185962A	A_007162
KR20220185962A	A_007163
KR20220186197A	A_006799
KR20220186197A	A_007164
KR20220187592A	A_007165
KR20220187592A	A_007166
KR20220187821A	A_007160
KR20220187821A	A_007161
KR20220188410A	A_007160
KR20220188410A	A_007167
KR20220189455A	A_007168
KR20220189455A	A_007169
KR20220190315A	A_006480
KR20220190315A	A_005588
KR20227009138A	A_007170
KR20227009138A	A_005507
KR20227041215A	A_007171
KR20227041215A	A_007172
KR20230000356U	A_007057
KR20230000356U	A_007058
KR20230003202A	A_007114
KR20230003202A	A_007115
KR20230004201A	A_007081
KR20230004201A	A_007082
KR20230004748A	A_006666
KR20230004748A	A_006667
KR20230005124A	A_007173
KR20230005124A	A_007174
KR20230005726A	A_006485
KR20230005726A	A_006486
KR20230008821A	A_007081
KR20230008821A	A_007082
KR20230009311A	A_007175
KR20230009311A	A_007176
KR20230009311A	A_007177
KR20230009311A	A_007178
KR20230009425A	A_007179
KR20230009425A	A_007180
KR20230009426A	A_007179
KR20230009426A	A_007180
KR20230009840A	A_007181
KR20230009840A	A_007182
KR20230009840A	A_007183
KR20230009840A	A_007184
KR20230009840A	A_007185
KR20230009840A	A_007186
KR20230010318A	A_007187
KR20230010318A	A_007188
KR20230010706A	A_006869
KR20230010706A	A_006870
KR20230010912A	A_006550
KR20230010912A	A_006655
KR20230014542A	A_007189
KR20230014542A	A_007190
KR20230017531A	A_007191
KR20230017531A	A_007192
KR20230017531A	A_007193
KR20230017646A	A_007194
KR20230017646A	A_007195
KR20230023405A	A_007196
KR20230025191A	A_007197
KR20230027518A	A_007198
KR20230027518A	A_007199
KR20230028220A	A_007129
KR20230028220A	A_007130
KR20230030585A	A_007200
KR20230030585A	A_007201
KR20230032070A	A_006761
KR20230032070A	A_007028
KR20230032270A	A_007202
KR20230032270A	A_007203
KR20230033728A	A_007204
KR20230033728A	A_007205
KR20230038857A	A_006603
KR20230038857A	A_007206
KR20230040181A	A_006867
KR20230040181A	A_006868
KR20230040470A	A_006935
KR20230040470A	A_006936
KR20230042275A	A_007207
KR20230042275A	A_007208
KR20230043253A	A_007209
KR20230043253A	A_007210
KR20230046543A	A_007211
KR20230046543A	A_007212
KR20230046543A	A_007213
KR20230046543A	A_007214
KR20230047393A	A_006526
KR20230047393A	A_006525
KR20230047393A	A_006528
KR20230047393A	A_006527
KR20230049686A	A_007215
KR20230049686A	A_007216
KR20230049769A	A_007217
KR20230049769A	A_007218
KR20230050162A	A_006759
KR20230050162A	A_006267
KR20230050162A	A_006760
KR20230050162A	A_006268
KR20230051178A	A_007219
KR20230053089A	A_006661
KR20230053089A	A_006662
KR20230055015A	A_006969
KR20230055015A	A_006970
KR20230055273A	A_007220
KR20230055273A	A_007221
KR20230059065A	A_007114
KR20230059065A	A_007115
KR20230059234A	A_007222
KR20230059234A	A_007223
KR20230060028A	A_007224
KR20230060028A	A_007225
KR20230060220A	A_007044
KR20230060220A	A_007045
KR20230060223A	A_007044
KR20230060223A	A_007045
KR20230060229A	A_007044
KR20230060229A	A_007045
KR20230060288A	A_007185
KR20230060288A	A_007186
KR20230061893A	A_007118
KR20230061893A	A_006937
KR20230062615A	A_007226
KR20230062615A	A_007227
KR20230066833A	A_006586
KR20230066833A	A_007228
KR20230067487A	A_007229
KR20230067487A	A_007230
KR20230067487A	A_007231
KR20230067487A	A_007232
KR20230070918A	A_007233
KR20230070918A	A_007234
KR20230070918A	A_007235
KR20230070918A	A_007236
KR20230070918A	A_007237
KR20230070918A	A_007238
KR20230071100A	A_006634
KR20230071100A	A_006635
KR20230071951A	A_007239
KR20230071951A	A_007240
KR20230073645A	A_007185
KR20230073645A	A_007186
KR20230075094A	A_007241
KR20230075094A	A_007242
KR20230075094A	A_007243
KR20230075094A	A_007244
KR20230076201A	A_007245
KR20230076201A	A_007246
KR20230077067A	A_006535
KR20230077067A	A_006536
KR20230080070A	A_007247
KR20230080070A	A_007248
KR20230081804A	A_007147
KR20230081804A	A_007073
KR20230081804A	A_007118
KR20230081804A	A_006937
KR20230084610A	A_007249
KR20230084610A	A_007250
KR20230088188A	A_007251
KR20230088188A	A_007252
KR2023008834W	A_007253
KR2023008834W	A_007254
KR20230088580A	A_007255
KR20230088580A	A_007256
KR20230089338A	A_006634
KR20230089338A	A_006635
KR20230089398A	A_007257
KR20230089398A	A_007258
KR20230091692A	A_006806
KR20230091692A	A_006809
KR20230097157A	A_006591
KR20230097157A	A_007259
KR20230098377A	A_007158
KR20230098377A	A_007159
KR20230100100A	A_006557
KR20230100100A	A_006558
KR20230100748A	A_007260
KR20230100748A	A_007261
KR20230103282A	A_006550
KR20230103282A	A_006910
KR20230103282A	A_006634
KR20230103282A	A_006655
KR20230103282A	A_007262
KR20230103282A	A_006635
KR20230105390A	A_006550
KR20230105390A	A_006581
KR20230105531A	A_007263
KR20230105531A	A_007264
KR20230107727A	A_007245
KR20230107827A	A_006571
KR20230107827A	A_006685
KR20230108075A	A_007265
KR20230108075A	A_007266
KR20230108075A	A_007267
KR20230108075A	A_007268
KR20230108722A	A_006867
KR20230108722A	A_006868
KR20230113269A	A_006539
KR20230113269A	A_006540
KR20230113270A	A_006539
KR20230113270A	A_006540
KR20230116101A	A_007269
KR20230116101A	A_007270
KR20230116200A	A_007249
KR20230116200A	A_007250
KR20230120063A	A_007271
KR20230120063A	A_007272
KR20230120903A	A_006480
KR20230120903A	A_006945
KR20230123932A	A_006535
KR20230123932A	A_006536
KR20230126154A	A_007273
KR20230126154A	A_007274
KR20230126199A	A_006719
KR20230126199A	A_006720
KR20230130646A	A_007275
KR20230130646A	A_007276
KR20230131121A	A_007277
KR20230131121A	A_007278
KR20230131121A	A_007279
KR20230131121A	A_007280
KR20230131218A	A_007281
KR20230131218A	A_007282
KR20230131861A	A_006759
KR20230131861A	A_006267
KR20230131861A	A_006760
KR20230131861A	A_006268
KR20230133088A	A_007070
KR20230133088A	A_007283
KR20230133117A	A_007070
KR20230133117A	A_007071
KR20230134774A	A_007284
KR20230134774A	A_007285
KR2023013546W	A_007168
KR2023013546W	A_007169
KR20230135863A	A_006603
KR20230135863A	A_007206
KR20230136459A	A_007286
KR20230136459A	A_007287
KR20230136489A	A_007288
KR20230136489A	A_007289
KR20230137485A	A_007290
KR20230137485A	A_007291
KR20230137485A	A_007292
KR20230137485A	A_007293
KR20230137908A	A_007294
KR20230137908A	A_007295
KR2023013972W	A_007296
KR2023013972W	A_007297
KR20230141276A	A_007237
KR20230141276A	A_007238
KR20230141297A	A_007237
KR20230141297A	A_007238
KR20230142629A	A_007168
KR20230142629A	A_007169
KR20230142860A	A_007298
KR20230142860A	A_007299
KR20230142860A	A_007300
KR20230142860A	A_007301
KR20230147982A	A_006942
KR20230147982A	A_006826
KR20230148422A	A_007302
KR20230148422A	A_007303
KR20230148638A	A_007304
KR20230148638A	A_007305
KR20230148754A	A_007105
KR20230148754A	A_007306
KR20230149532A	A_007307
KR20230149532A	A_007308
KR20230150128A	A_006480
KR20230150128A	A_006945
KR20230151038A	A_006525
KR20230151038A	A_006527
KR20230151038A	A_006526
KR20230151038A	A_006528
KR20230152218A	A_007309
KR20230152218A	A_007310
KR20230152414A	A_006933
KR20230152414A	A_006934
KR20230152570A	A_007311
KR20230152570A	A_007312
KR20230154461A	A_006473
KR20230154461A	A_006751
KR20230158301A	A_007313
KR20230158301A	A_007314
KR20230159350A	A_006779
KR20230159350A	A_006780
KR20230159839A	A_007315
KR20230159839A	A_007316
KR20230162852A	A_007317
KR20230162852A	A_007318
KR20230162852A	A_007118
KR20230162852A	A_007319
KR20230163177A	A_007320
KR20230163177A	A_007321
KR20230163872A	A_006739
KR20230163872A	A_006740
KR20230163875A	A_006739
KR20230163875A	A_006740
KR20230164609A	A_006759
KR20230164609A	A_006267
KR20230164609A	A_006760
KR20230164609A	A_006268
KR20230164654A	A_007322
KR20230164654A	A_007323
KR20230164766A	A_007324
KR20230164766A	A_007325
KR20230164779A	A_007326
KR20230164779A	A_007327
KR20230164951A	A_006739
KR20230164951A	A_006740
KR20230164952A	A_006739
KR20230164952A	A_006740
KR20230165594A	A_007328
KR20230165594A	A_007329
KR20230165661A	A_007330
KR20230165661A	A_007331
KR20230165741A	A_006969
KR20230165741A	A_007332
KR20230167634A	A_006480
KR20230167634A	A_006945
KR20230167963A	A_006867
KR20230167963A	A_006868
KR20230167964A	A_006759
KR20230167964A	A_006267
KR20230167964A	A_006760
KR20230167964A	A_006268
KR20230168189A	A_007333
KR20230168189A	A_007334
KR20230168384A	A_007135
KR20230168384A	A_007335
KR20230168901A	A_006480
KR20230168901A	A_006945
KR20230168901A	A_006723
KR20230168901A	A_007336
KR20230168979A	A_007337
KR20230168979A	A_007338
KR20230170074A	A_007339
KR20230170074A	A_007340
KR20230171730A	A_006628
KR20230171730A	A_006629
KR20230174147A	A_007025
KR20230174147A	A_007341
KR20230174559A	A_006759
KR20230174559A	A_006267
KR20230174559A	A_006760
KR20230174559A	A_006268
KR20230174849A	A_006550
KR20230174849A	A_006655
KR20230174850A	A_006550
KR20230174850A	A_006581
KR20230176114A	A_007342
KR20230176114A	A_007343
KR20230177785A	A_007344
KR20230177785A	A_007345
KR20230178159A	A_007346
KR20230178159A	A_007347
KR20230178159A	A_007348
KR20230179833A	A_007349
KR20230179833A	A_007350
KR20230180834A	A_006779
KR20230180834A	A_006780
KR20230181308A	A_006739
KR20230181308A	A_006740
KR20230181951A	A_007351
KR20230181951A	A_007352
KR20230184113A	A_007353
KR20230184113A	A_007354
KR20230189218A	A_006739
KR20230189218A	A_006740
KR20230194627A	A_007355
KR20230194627A	A_007356
KR20230195932A	A_007357
KR20230195932A	A_007358
KR20230196303A	A_007359
KR20230196303A	A_007360
KR20230197130A	A_006959
KR20230197130A	A_006960
KR20230197854A	A_007211
KR20230197854A	A_007212
KR20230198008A	A_007361
KR20230198008A	A_007362
KR20237009571A	A_007363
KR20237009571A	A_007364
KR20237033587A	A_007365
KR20237033587A	A_007366
KR20237034152A	A_007048
KR20237034152A	A_005645
KR20247037884A	A_007367
KR20247037884A	A_005687
KR20257016226A	A_007368
KR20257016226A	A_007369
KR20257018072A	A_007370
KR20257018072A	A_005632
KR20257024802A	A_007370
KR20257024802A	A_005632
LU500397A	A_007371
LU501307A	A_007372
LU501307A	A_007373
LU501425A	A_007374
LU503146A	A_007375
LU503647A	A_007371
LU503870A	A_007376
LU505425A	A_007377
LU505425A	A_007378
LU505704A	A_007379
LV2023050017W	A_007380
MA51456A	A_007381
MX2018010784A	A_007382
MX2020000074	A_007383
MX2020000074	A_007384
MX2024001880A	A_007385
MY2021050102W	A_007386
MY2021050102W	A_007387
NL2029839A	A_000067
NL2034174A	A_007388
NL2036428A	A_007389
NO20180465A	A_007390
NO2022050160W	A_007391
NZ2020050031W	A_007392
NZ2020050031W	A_007393
NZ2020050031W	A_007394
NZ2020050031W	A_007395
NZ2020050031W	A_007396
NZ2020050031W	A_007397
PL13138023U	A_007398
PL13138023U	A_007399
PL42489218A	A_007400
PL42565818A	A_007401
PL42572118A	A_007402
PL42572118A	A_007403
PL44113822A	A_007404
PL44113822A	A_007405
PL44284422A	A_007406
PL44284422A	A_007407
PL44435423A	A_007408
PL44445023A	A_007409
PL44445023A	A_007410
PL44547423A	A_007411
PL44547423A	A_007412
PL44567323A	A_007413
PL44567323A	A_007414
PT2022050002W	A_007415
PT2022050002W	A_007416
PT2022050002W	A_007417
PT2022050002W	A_007418
RO201800513A	A_007419
RO201800573A	A_007420
RO201800738A	A_007419
RO201800738A	A_007421
RO201800847A	A_007419
RO202000700A	A_007419
RO202100761A	A_007419
RO202200116A	A_007419
RO202200116A	A_007422
RO202200369A	A_007419
RO202200458A	A_007419
RO202300258A	A_007419
RO202300258A	A_007421
RO202300305A	A_007423
RO202300305A	A_007424
RS2020000015W	A_007425
RU2018050095W	A_007426
RU2018050095W	A_007427
RU2018100241U	A_007428
RU2018101814U	A_007429
RU2018103049U	A_007430
RU2018103049U	A_007431
RU2018103049U	A_007432
RU2018104072U	A_007433
RU2018109347A	A_007434
RU2018109348U	A_007435
RU2018109799A	A_007436
RU2018115029A	A_007437
RU2018115927U	A_007438
RU2018116224A	A_007439
RU2018116742U	A_007440
RU2018119117A	A_007441
RU2018125388A	A_007442
RU2018128135A	A_007439
RU2018137026A	A_007443
RU2018137730A	A_007444
RU2018138779A	A_007445
RU2018138780A	A_007445
RU2018138959A	A_007434
RU2018139422A	A_007446
RU2018140767A	A_007447
RU2018141745A	A_007448
RU2018143018A	A_007449
RU2019101922A	A_007450
RU2019102284U	A_007451
RU2019108205U	A_007452
RU2019111324A	A_007453
RU2019112208A	A_007454
RU2019112653A	A_007455
RU2019114879A	A_007443
RU2019120193A	A_007456
RU2019120200A	A_007456
RU2019120932U	A_007457
RU2019122166U	A_007458
RU2019124763A	A_007459
RU2019126959U	A_007460
RU2019127371A	A_007461
RU2019132542A	A_007462
RU2019132542A	A_007463
RU2020000673W	A_007464
RU2020115297A	A_007465
RU2020115740A	A_007466
RU2020115924A	A_007467
RU2020116679U	A_007468
RU2020122483A	A_007469
RU2020122707A	A_007470
RU2020125540A	A_007471
RU2020127702A	A_007472
RU2020128999U	A_007473
RU2020129170A	A_007474
RU2020129372A	A_007475
RU2020129374A	A_007476
RU2020136087A	A_007477
RU2020136514A	A_007478
RU2020138553A	A_007479
RU2020138553A	A_007480
RU2020138553A	A_007481
RU2020140527A	A_007470
RU2020141531A	A_007482
RU2020144297A	A_007483
RU2021100061A	A_007484
RU2021101810A	A_007485
RU2021102221A	A_007486
RU2021103600A	A_007487
RU2021104956U	A_007488
RU2021108480A	A_007489
RU2021109023A	A_007490
RU2021114472A	A_007456
RU2021116647A	A_007491
RU2021122244A	A_007492
RU2021123569U	A_007493
RU2021124166U	A_007494
RU2021132395A	A_007495
RU2021132508A	A_007496
RU2021132886U	A_007497
RU2021134723A	A_007498
RU2021134723A	A_007499
RU2021135019U	A_007500
RU2021138649A	A_007461
RU2021139435U	A_007501
RU2022101373U	A_007502
RU2022101498A	A_007503
RU2022101912A	A_007504
RU2022103655A	A_007505
RU2022104260A	A_007456
RU2022106898U	A_007506
RU2022108648U	A_007507
RU2022109117A	A_007508
RU2022109160A	A_007509
RU2022111790A	A_007510
RU2022113262A	A_007511
RU2022113442A	A_007512
RU2022115885U	A_007513
RU2022121559A	A_007492
RU2022124492A	A_007514
RU2022125009A	A_007456
RU2022125745A	A_007515
RU2022128095A	A_007492
RU2022128997A	A_007446
RU2022130198A	A_007491
RU2022131894A	A_007516
RU2022132407U	A_007517
RU2022132513U	A_007518
RU2022132892A	A_007519
RU2022133293A	A_007520
RU2022134489U	A_007521
RU2022135296A	A_007522
RU2022135485A	A_007523
RU2023101790A	A_007524
RU2023102286A	A_007519
RU2023102342A	A_007525
RU2023102699A	A_007526
RU2023103168A	A_007527
RU2023103837A	A_007528
RU2023104919A	A_007516
RU2023104919A	A_007529
RU2023104919A	A_007530
RU2023104919A	A_007531
RU2023104919A	A_007532
RU2023104919A	A_007533
RU2023104919A	A_007534
RU2023105744A	A_007535
RU2023106041A	A_007536
RU2023108109A	A_007537
RU2023110102A	A_005427
RU2023110764A	A_007536
RU2023111361U	A_007538
RU2023111679A	A_005427
RU2023111969A	A_007536
RU2023112068A	A_007539
RU2023112116A	A_007540
RU2023112662U	A_007541
RU2023113348A	A_007509
RU2023114669A	A_007542
RU2023115540A	A_007543
RU2023115837A	A_007544
RU2023117330A	A_007509
RU2023117655A	A_007456
RU2023117909A	A_007545
RU2023118440A	A_007546
RU2023119049U	A_007547
RU2023119190A	A_007548
RU2023119586A	A_007549
RU2023119588A	A_007550
RU2023121837U	A_007551
RU2023122444U	A_007552
RU2023122444U	A_007553
RU2023124756A	A_007554
RU2023125320A	A_007509
RU2023125333A	A_007555
RU2023125509A	A_007556
RU2023125562A	A_007557
RU2023128253A	A_007558
RU2023128253A	A_007559
RU2023128253A	A_007560
RU2023129879U	A_007561
RU2023130532A	A_007562
RU2023130569A	A_007434
RU2023130571A	A_007434
RU2023131231A	A_007563
RU2023131424U	A_007564
RU2023131691A	A_007456
RU2023131692U	A_007462
RU2023131847A	A_007563
RU2023132202A	A_007565
RU2023132202A	A_007566
RU2023133834A	A_007567
RU2023133900A	A_007568
RU2023134638A	A_007569
RU2023134828A	A_007570
RU2023135201A	A_007571
RU2023135488A	A_007572
SG10201913003W	A_007573
SG10202002962P	A_000037
SG11202000294QA	A_007574
SG11202004871V	A_000050
SG11202109281Y	A_005551
SG11202200438X	A_000050
SG11202250070E	A_005500
SG11202250073G	A_005500
SG11202253012N	A_005741
SG11202303094Q	A_000050
SG11202305668V	A_005632
SG11202306067S	A_007575
SG11202306431R	A_007576
SG11202400047R	A_007577
SG11202403959R	A_007578
SG2021050146W	A_007579
SK1052023U	A_007580
SK500102020U	A_007581
SK500272019A	A_007581
SK500412022U	A_007582
SK501072018U	A_007581
SK912023A	A_007583
TH2020000037W	A_007584
TR201801456A	A_007585
TR201809810A	A_007586
TR201815985A	A_007587
TR201816489A	A_007588
TR201908890A	A_007589
TR201908890A	A_007590
TR202008920A	A_007591
TR202008920A	A_007592
TR202009725A	A_007593
TR202009725A	A_007594
TR202021171A	A_007595
TR202021171A	A_007596
TR2021015785U	A_007597
TR2021015785U	A_007598
TR2021/013007	A_007599
TR2021/013012	A_007600
TR2021/015189	A_007601
TR2021/015298	A_007602
TR2021/018065	A_007603
TR2022003767U	A_007604
TR2022003767U	A_007605
TR2022003767U	A_007606
TR2022003767U	A_007607
TR2022003767U	A_007608
TR2022003767U	A_007609
TR2022005619A	A_007610
TR2022005619A	A_007611
TR2022006096U	A_007612
TR2022006096U	A_007613
TR2022006096U	A_007614
TR2022006096U	A_007615
TR2022006096U	A_007616
TR2022006096U	A_007617
TR2022015079A	A_007618
TR2022015079A	A_007619
TR2022015079A	A_007620
TR2022015079A	A_007621
TR2022050641W	A_007622
TR2022050975W	A_007623
TR2022/001028	A_007624
TR2022/001216	A_007625
TR2022/007308	A_007626
TR2022/007308	A_007627
TR2022/012408	A_007628
TR2022/016677	A_007629
TR2022/018623	A_007602
TR2023016588A	A_007630
TR2023/005127	A_007631
TR2023/013111	A_007632
TW107118870A	A_007633
TW107118870A	A_000306
TW107145092A	A_000546
TW107204805U	A_007634
TW107207882U	A_007635
TW107217802U	A_000921
TW108116065A	A_007636
TW108119575A	A_007637
TW108123801A	A_007638
TW108207613U	A_000546
TW108210623U	A_007639
TW108210973U	A_007640
TW108210974U	A_007640
TW108212069U	A_007641
TW109138934A	A_007642
TW109209490U	A_007643
TW110121254A	A_007644
TW111142040A	A_007645
TW111145441A	A_002334
TW111202503U	A_007646
TW111210007U	A_007647
TW112100908A	A_007648
TW112115349A	A_007649
TW112122797A	A_007645
TW112129204A	A_007650
TW112130805A	A_007651
TW112134651A	A_007652
TW112143283A	A_007653
TW112148014A	A_007654
TW112214192U	A_007655
TW112214193U	A_007655
UA2022000003W	A_007656
UAU201811422U	A_007657
UAU201900490U	A_007658
US2018016631W	A_000023
US2018017171W	A_000023
US2018018802W	A_007659
US2018019423W	A_005572
US2018025458W	A_007660
US2018037162W	A_007661
US2018037905W	A_007662
US2018038330W	A_007663
US2018047159W	A_007664
US2018053084W	A_007665
US2018055439W	A_005577
US2018057069W	A_007664
US2018058568W	A_007666
US201815862143A	A_007667
US201815862314A	A_007668
US201815862314A	A_007669
US201815862314A	A_007670
US201815863973A	A_000021
US201815864883A	A_000037
US201815867622A	A_005577
US201815870153A	A_005503
US201815870216A	A_007671
US201815873051A	A_007672
US201815875616A	A_007673
US201815879591A	A_005809
US201815880216A	A_000005
US201815880216A	A_007674
US201815880622A	A_000054
US201815883781A	A_007675
US201815883781A	A_007676
US201815886606A	A_007677
US201815889865A	A_007678
US201815890939A	A_007679
US201815893628A	A_000003
US201815896894A	A_007680
US201815898208A	A_000020
US201815898208A	A_007681
US201815899919A	A_007682
US201815902684A	A_007683
US201815906935A	A_007684
US201815911993A	A_007685
US201815914911A	A_005532
US201815916821A	A_006181
US201815916875A	A_006181
US201815918416A	A_007686
US201815922800A	A_007661
US201815924253A	A_005500
US201815925460A	A_007687
US201815925460A	A_007688
US201815926046A	A_007689
US201815926841A	A_007690
US201815927228A	A_007691
US201815927777A	A_005468
US201815936784A	A_007692
US201815945003A	A_000009
US201815947145A	A_007693
US201815949136A	A_007694
US201815949633A	A_000005
US201815949791A	A_007695
US201815949791A	A_007696
US201815952369A	A_000037
US201815953126A	A_000037
US201815953421A	A_007697
US201815954482A	A_005577
US201815955007A	A_007698
US201815956282A	A_000005
US201815959547A	A_007699
US201815961838A	A_000037
US201815964997A	A_000129
US201815966163A	A_007700
US201815968534A	A_007701
US201815972087A	A_007702
US201815972129A	A_007703
US201815972389A	A_007704
US201815972448A	A_000005
US201815980795A	A_000066
US201815981623A	A_000037
US201815982034A	A_005469
US201815984215A	A_007705
US201815985996A	A_007706
US201815990781A	A_007707
US201815994185A	A_007660
US201815994487A	A_007708
US201815994593A	A_005809
US201815996325A	A_007709
US201816001925A	A_000005
US201816005374A	A_007710
US201816006552A	A_005494
US201816007666A	A_000005
US201816008410A	A_007711
US201816016797A	A_007712
US201816019587A	A_006087
US201816019587A	A_006088
US201816020189A	A_005614
US201816021611A	A_005587
US201816022711A	A_007713
US201816025244A	A_005467
US201816025563A	A_007714
US201816027310A	A_007715
US201816030352A	A_000054
US201816031771A	A_000005
US201816034017A	A_005468
US201816035134A	A_007716
US201816035134A	A_007717
US201816035409A	A_000005
US201816036760A	A_007718
US201816037214A	A_005704
US201816039203A	A_007719
US201816041656A	A_007720
US201816042352A	A_000129
US201816044622A	A_000037
US201816046436A	A_007721
US201816046543A	A_007722
US201816046543A	A_007723
US201816046543A	A_007724
US201816047503A	A_000005
US201816049158A	A_000037
US201816049768A	A_007725
US201816051157A	A_007726
US201816052021A	A_007727
US201816052938A	A_007728
US201816054937A	A_007729
US201816055508A	A_005809
US201816056610A	A_000003
US201816059321A	A_000005
US201816059321A	A_005494
US201816059397A	A_007730
US201816103976A	A_006402
US201816105215A	A_000003
US201816105935A	A_007731
US201816107060A	A_007732
US201816107641A	A_005469
US201816108704A	A_005618
US201816109495A	A_007733
US201816111038A	A_000129
US201816111352A	A_000086
US201816111999A	A_007734
US201816112163A	A_007735
US201816113547A	A_000005
US201816114876A	A_005577
US201816116414A	A_006185
US201816117924A	A_000003
US201816118354A	A_005577
US201816118915A	A_006185
US201816120676A	A_000005
US201816121093A	A_007736
US201816121093A	A_007737
US201816123960A	A_007665
US201816129286A	A_000009
US201816131622A	A_000003
US201816132921A	A_007682
US201816135998A	A_007738
US201816135998A	A_007739
US201816135998A	A_007740
US201816141095A	A_005577
US201816141518A	A_005577
US201816142452A	A_007665
US201816142452A	A_007741
US201816143720A	A_000005
US201816144021A	A_007742
US201816154173A	A_000005
US201816154188A	A_000005
US201816154207A	A_000005
US201816154282A	A_000005
US201816154326A	A_000005
US201816155210A	A_007743
US201816159348A	A_007744
US201816159348A	A_007745
US201816160121A	A_000005
US201816160471A	A_000037
US201816161921A	A_007746
US201816161921A	A_007747
US201816162350A	A_000050
US201816163176A	A_007748
US201816164639A	A_007749
US201816167291A	A_007750
US201816169545A	A_007751
US201816174190A	A_007733
US201816174228A	A_000050
US201816174354A	A_007752
US201816178793A	A_007753
US201816179602A	A_007754
US201816179830A	A_000037
US201816180004A	A_007755
US201816180256A	A_007756
US201816180256A	A_007757
US201816180570A	A_007673
US201816180570A	A_007758
US201816181513A	A_005473
US201816181641A	A_000003
US201816182558A	A_007759
US201816183991A	A_007682
US201816188553A	A_000005
US201816190711A	A_007760
US201816190740A	A_007761
US201816190740A	A_007760
US201816191448A	A_007762
US201816193101A	A_005577
US201816193902A	A_000129
US201816196247A	A_000005
US201816196960A	A_007732
US201816199293A	A_007763
US201816199293A	A_007764
US201816205575A	A_007765
US201816205741A	A_007766
US201816208048A	A_000005
US201816208930A	A_005469
US201816209365A	A_007767
US201816209526A	A_000037
US201816214765A	A_000005
US201816215759A	A_007768
US201816217663A	A_007769
US201816220323A	A_007770
US201816223011A	A_007771
US201816223061A	A_005500
US201816223440A	A_007772
US201816229555A	A_000129
US201816231425A	A_000037
US201816233146A	A_007773
US201816471607A	A_007774
US201816473698A	A_007775
US201816484428A	A_005599
US201816492851A	A_006138
US201816499092A	A_007776
US201816607721A	A_007777
US201816611305A	A_007778
US201816617404A	A_007779
US201816619672A	A_007780
US201816624607A	A_007781
US201816627699A	A_007782
US201816629347A	A_006083
US201816629706A	A_006703
US201816643848A	A_000006
US201816644679A	A_006083
US201816644980A	A_007783
US201816753791A	A_007784
US201816754070A	A_007785
US201816761383A	A_006083
US201816762375A	A_007786
US201816765487A	A_007787
US201816765487A	A_007788
US201816765591A	A_005486
US201816769604A	A_005486
US201816771473A	A_007789
US201816966225A	A_007733
US201817040601A	A_007790
US201817045037A	A_006217
US201817259727A	A_007791
US201817282298A	A_006068
US2019014934W	A_007792
US2019015607W	A_005809
US2019015818W	A_005809
US2019019282W	A_007793
US2019020646W	A_007794
US2019037717W	A_007795
US2019045774W	A_007796
US2019047682W	A_007797
US2019048492W	A_007675
US2019063764W	A_007798
US201916239026A	A_000129
US201916243749A	A_007733
US201916247552A	A_007799
US201916247745A	A_000005
US201916247993A	A_005563
US201916248386A	A_000129
US201916251562A	A_000005
US201916251562A	A_007674
US201916252203A	A_005469
US201916252322A	A_007800
US201916256043A	A_000005
US201916258034A	A_005500
US201916266405A	A_007801
US201916272972A	A_007802
US201916273136A	A_007803
US201916273254A	A_007804
US201916273278A	A_007805
US201916274974A	A_005469
US201916275284A	A_007806
US201916276425A	A_005552
US201916277504A	A_000005
US201916277504A	A_007674
US201916280021A	A_007807
US201916280410A	A_007808
US201916280476A	A_000050
US201916283358A	A_000129
US201916285810A	A_005809
US201916286219A	A_007809
US201916289847A	A_006223
US201916290704A	A_000005
US201916293890A	A_000005
US201916297109A	A_005563
US201916352507A	A_005632
US201916358023A	A_005809
US201916358815A	A_005469
US201916361513A	A_005469
US201916365214A	A_005469
US201916366295A	A_005809
US201916367564A	A_007810
US201916367783A	A_007811
US201916367871A	A_007811
US201916371375A	A_000005
US201916376742A	A_007812
US201916379603A	A_005554
US201916379603A	A_007813
US201916379603A	A_007814
US201916381825A	A_000054
US201916383161A	A_000005
US201916385246A	A_000129
US201916386476A	A_007735
US201916388806A	A_000037
US201916390934A	A_005809
US201916393077A	A_000492
US201916396177A	A_000037
US201916396795A	A_007815
US201916399015A	A_000005
US201916400929A	A_005467
US201916401332A	A_000005
US201916401332A	A_007674
US201916401854A	A_000129
US201916403531A	A_007816
US201916403691A	A_007817
US201916403691A	A_007818
US201916403691A	A_007819
US201916403726A	A_007801
US201916404180A	A_007820
US201916408057A	A_000003
US201916408406A	A_000037
US201916409307A	A_000086
US201916409605A	A_000005
US201916410843A	A_005468
US201916411946A	A_007821
US201916413572A	A_000005
US201916414128A	A_007822
US201916416508A	A_000005
US201916416508A	A_000003
US201916419628A	A_000129
US201916420006A	A_007733
US201916431375A	A_000005
US201916432201A	A_007823
US201916433157A	A_007824
US201916433338A	A_000054
US201916435294A	A_007825
US201916436307A	A_007826
US201916436579A	A_007827
US201916436580A	A_007828
US201916437658A	A_005577
US201916437800A	A_000037
US201916438032A	A_000129
US201916438297A	A_005572
US201916439487A	A_000005
US201916444785A	A_005563
US201916450222A	A_007829
US201916453191A	A_000129
US201916454361A	A_007830
US201916458144A	A_007831
US201916460752A	A_007832
US201916488834A	A_006695
US201916508034A	A_007833
US201916509155A	A_000037
US201916509707A	A_007834
US201916510713A	A_007835
US201916513537A	A_007836
US201916514479A	A_005469
US201916514702A	A_000037
US201916515122A	A_000037
US201916515220A	A_007682
US201916516088A	A_000005
US201916516765A	A_007837
US201916516788A	A_000005
US201916517517A	A_007838
US201916517632A	A_007839
US201916518080A	A_000023
US201916523486A	A_007840
US201916525271A	A_005577
US201916528893A	A_007841
US201916530112A	A_007822
US201916531120A	A_007842
US201916539706A	A_000054
US201916544117A	A_000005
US201916544680A	A_007682
US201916545422A	A_005494
US201916545457A	A_007843
US201916546631A	A_007822
US201916547989A	A_007844
US201916548118A	A_000037
US201916549870A	A_007845
US201916555626A	A_007846
US201916558129A	A_007847
US201916559176A	A_007848
US201916560487A	A_000129
US201916561644A	A_007733
US201916562764A	A_000054
US201916563908A	A_005494
US201916568280A	A_007849
US201916574200A	A_007850
US201916575050A	A_006695
US201916582002A	A_000112
US201916584240A	A_000005
US201916584240A	A_007674
US201916584978A	A_007790
US201916586274A	A_007851
US201916587863A	A_007852
US201916588650A	A_007733
US201916589201A	A_000005
US201916590023A	A_007853
US201916590038A	A_007854
US201916599103A	A_007752
US201916653386A	A_007855
US201916654366A	A_000009
US201916655196A	A_007856
US201916658726A	A_007857
US201916660113A	A_007858
US201916660245A	A_007858
US201916660552A	A_005618
US201916660576A	A_005618
US201916665701A	A_000492
US201916666347A	A_000005
US201916668125A	A_006223
US201916670582A	A_007859
US201916679121A	A_000005
US201916679121A	A_007674
US201916679172A	A_005494
US201916680357A	A_005548
US201916681859A	A_007860
US201916686615A	A_007861
US201916688003A	A_007802
US201916693041A	A_007822
US201916694705A	A_005477
US201916694705A	A_007862
US201916694705A	A_007863
US201916694705A	A_007864
US201916694705A	A_007865
US201916694705A	A_007866
US201916694705A	A_007867
US201916694705A	A_007868
US201916694705A	A_007869
US201916694705A	A_007870
US201916694705A	A_007871
US201916694705A	A_007872
US201916694705A	A_007873
US201916694705A	A_007874
US201916694705A	A_007875
US201916694705A	A_007876
US201916694705A	A_007877
US201916694705A	A_007878
US201916694705A	A_007879
US201916694705A	A_007880
US201916694705A	A_007881
US201916694705A	A_007882
US201916694705A	A_007883
US201916694705A	A_007884
US201916694705A	A_007885
US201916694705A	A_007886
US201916694705A	A_007887
US201916694705A	A_007888
US201916694705A	A_007889
US201916694705A	A_007890
US201916694705A	A_007891
US201916694705A	A_007892
US201916694705A	A_007893
US201916694705A	A_007894
US201916694705A	A_007895
US201916694705A	A_007896
US201916694705A	A_007897
US201916694705A	A_007898
US201916694705A	A_007899
US201916694705A	A_007900
US201916694705A	A_007901
US201916694705A	A_007902
US201916694705A	A_007903
US201916694705A	A_007904
US201916694705A	A_007905
US201916694705A	A_007906
US201916694705A	A_007907
US201916694705A	A_007908
US201916694705A	A_007909
US201916694705A	A_007910
US201916694705A	A_007911
US201916694705A	A_007912
US201916694705A	A_007913
US201916694705A	A_007914
US201916694705A	A_007915
US201916694705A	A_007916
US201916694705A	A_007917
US201916694705A	A_007918
US201916694705A	A_007919
US201916694705A	A_007920
US201916694705A	A_007921
US201916694705A	A_007922
US201916694705A	A_007923
US201916694705A	A_007924
US201916694705A	A_007925
US201916694705A	A_007926
US201916694705A	A_007927
US201916694705A	A_007928
US201916694705A	A_007929
US201916694705A	A_007930
US201916694705A	A_007931
US201916694705A	A_007932
US201916694705A	A_007933
US201916694705A	A_007934
US201916694705A	A_007935
US201916694705A	A_007936
US201916694705A	A_007937
US201916694705A	A_007938
US201916694705A	A_007939
US201916694705A	A_007940
US201916694705A	A_007941
US201916694705A	A_007942
US201916694705A	A_007943
US201916694705A	A_007944
US201916694705A	A_007945
US201916694705A	A_007946
US201916694705A	A_007947
US201916694705A	A_007948
US201916694705A	A_007949
US201916694705A	A_007950
US201916696537A	A_007951
US201916697929A	A_005430
US201916704531A	A_000129
US201916707992A	A_000009
US201916708058A	A_007952
US201916708058A	A_007953
US201916708058A	A_000009
US201916708266A	A_007954
US201916709219A	A_007955
US201916709219A	A_007956
US201916716264A	A_007747
US201916716264A	A_007746
US201916716620A	A_005486
US201916719970A	A_007957
US201916725452A	A_000129
US201916726049A	A_006531
US201916727110A	A_000492
US201916730038A	A_000129
US201916730121A	A_007958
US201916765674A	A_007820
US201916955216A	A_006083
US201916975270A	A_007329
US201916976755A	A_007959
US201916981298A	A_005633
US201916982213A	A_006127
US201917048294A	A_007960
US201917051895A	A_007961
US201917052292A	A_007962
US201917052850A	A_007962
US201917250044A	A_007963
US201917252502A	A_007775
US201917255113A	A_000048
US201917255192A	A_007964
US201917260255A	A_007965
US201917265676A	A_007966
US201917267120A	A_007967
US201917268386A	A_007968
US201917270945A	A_005487
US201917278067A	A_007969
US201917280165A	A_000006
US201917284776A	A_007970
US201917294422A	A_007971
US201917296479A	A_007972
US201917299033A	A_006138
US201917311717A	A_005487
US201917426138A	A_005514
US201917431612A	A_007973
US201917624480A	A_007974
US201917631718A	A_006223
US201917788710A	A_007782
US2020025255W	A_005572
US2020025303W	A_005572
US2020027642W	A_007975
US2020047703W	A_007976
US2020048136W	A_007977
US2020048136W	A_007978
US2020070860W	A_007795
US202015930281A	A_007979
US202016733244A	A_000005
US202016733244A	A_007674
US202016736755A	A_007980
US202016738623A	A_000054
US202016738709A	A_007981
US202016741726A	A_007982
US202016743203A	A_000005
US202016744065A	A_007815
US202016745443A	A_001530
US202016747199A	A_000054
US202016752828A	A_005636
US202016774337A	A_000129
US202016775039A	A_007854
US202016775415A	A_007983
US202016775531A	A_000005
US202016775652A	A_007984
US202016776460A	A_007985
US202016776788A	A_007986
US202016777084A	A_000005
US202016777084A	A_007674
US202016777595A	A_007987
US202016782131A	A_000115
US202016784906A	A_000037
US202016787659A	A_000037
US202016790676A	A_000005
US202016791414A	A_007706
US202016791605A	A_007988
US202016792874A	A_005577
US202016792997A	A_000005
US202016794407A	A_007989
US202016794412A	A_007990
US202016798298A	A_007991
US202016799180A	A_006695
US202016801892A	A_000129
US202016813232A	A_007992
US202016815118A	A_007841
US202016815832A	A_007993
US202016815832A	A_007994
US202016815942A	A_007995
US202016817427A	A_005477
US202016820231A	A_000037
US202016820691A	A_007996
US202016824986A	A_007997
US202016825911A	A_007998
US202016830119A	A_007999
US202016830138A	A_008000
US202016830993A	A_007998
US202016832785A	A_000009
US202016834423A	A_000129
US202016836251A	A_008001
US202016837902A	A_008002
US202016838518A	A_000129
US202016839434A	A_007996
US202016845319A	A_005681
US202016845319A	A_005599
US202016847581A	A_007996
US202016848020A	A_008003
US202016852505A	A_008004
US202016855826A	A_000129
US202016855928A	A_000037
US202016856684A	A_000037
US202016857954A	A_008005
US202016859229A	A_008006
US202016860363A	A_007750
US202016861773A	A_008007
US202016861860A	A_008008
US202016864540A	A_000492
US202016864593A	A_000129
US202016864710A	A_005467
US202016864854A	A_005481
US202016866834A	A_000005
US202016869099A	A_000050
US202016872323A	A_008009
US202016874769A	A_008010
US202016875653A	A_000129
US202016875761A	A_005554
US202016875761A	A_007813
US202016875761A	A_007814
US202016877041A	A_000129
US202016877365A	A_000005
US202016878403A	A_005577
US202016880152A	A_000037
US202016880345A	A_008011
US202016886878A	A_007999
US202016888288A	A_007986
US202016888472A	A_008012
US202016889458A	A_000005
US202016890857A	A_008013
US202016891932A	A_005577
US202016892277A	A_008014
US202016893029A	A_000005
US202016894224A	A_000005
US202016894224A	A_007674
US202016894321A	A_000005
US202016895361A	A_008015
US202016898148A	A_000129
US202016900407A	A_005467
US202016902336A	A_008011
US202016903557A	A_006593
US202016903557A	A_006790
US202016903580A	A_000112
US202016907067A	A_000005
US202016913195A	A_008016
US202016915300A	A_000129
US202016916076A	A_008017
US202016916732A	A_000005
US202016916732A	A_007674
US202016917668A	A_008018
US202016921806A	A_008019
US202016921815A	A_008019
US202016922686A	A_000005
US202016924225A	A_008020
US202016924812A	A_008021
US202016925425A	A_008022
US202016928371A	A_007682
US202016929025A	A_008023
US202016931251A	A_000129
US202016937180A	A_000129
US202016938915A	A_008024
US202016941240A	A_005577
US202016941246A	A_005469
US202016942933A	A_007706
US202016944177A	A_006184
US202016948140A	A_005548
US202016949414A	A_005552
US202016949655A	A_008025
US202016949919A	A_008026
US202016949919A	A_008027
US202016950023A	A_008028
US202016950044A	A_000112
US202016950094A	A_007955
US202016950094A	A_007956
US202016950441A	A_008029
US202016953479A	A_008030
US202016953572A	A_008031
US202016953752A	A_008032
US202016983703A	A_008033
US202016988373A	A_008034
US202016990780A	A_005469
US202016994618A	A_008035
US202016996315A	A_008036
US202016998524A	A_007790
US202016999454A	A_008037
US202017001391A	A_005554
US202017001391A	A_007813
US202017001391A	A_007814
US202017003012A	A_000121
US202017005194A	A_000005
US202017007297A	A_008038
US202017008952A	A_008039
US202017015068A	A_008040
US202017015558A	A_008016
US202017026394A	A_000005
US202017026530A	A_008041
US202017027594A	A_006402
US202017035380A	A_000129
US202017036848A	A_008042
US202017037035A	A_008043
US202017061009A	A_008044
US202017061603A	A_008045
US202017065563A	A_008046
US202017067725A	A_005494
US202017067759A	A_008047
US202017069246A	A_000129
US202017069816A	A_000005
US202017069816A	A_007674
US202017070037A	A_008048
US202017070460A	A_005467
US202017071756A	A_008049
US202017071880A	A_005500
US202017074113A	A_006402
US202017074833A	A_008050
US202017077766A	A_008051
US202017079085A	A_007996
US202017079389A	A_005592
US202017082651A	A_005638
US202017083092A	A_005500
US202017084679A	A_007682
US202017084991A	A_005577
US202017087204A	A_008052
US202017088459A	A_005500
US202017089048A	A_000005
US202017094960A	A_005585
US202017107247A	A_007795
US202017108592A	A_000005
US202017108682A	A_000005
US202017109485A	A_000066
US202017111297A	A_008053
US202017114780A	A_007795
US202017116557A	A_000129
US202017116778A	A_000005
US202017119113A	A_007853
US202017119703A	A_000005
US202017121120A	A_008054
US202017121649A	A_008055
US202017129517A	A_007813
US202017129517A	A_007814
US202017129656A	A_005486
US202017130911A	A_005585
US202017132737A	A_005469
US202017133610A	A_000050
US202017134139A	A_005704
US202017135095A	A_008056
US202017135232A	A_000005
US202017137594A	A_005548
US202017292583A	A_008057
US202017310587A	A_008058
US202017310650A	A_008059
US202017421393A	A_008060
US202017423305A	A_008061
US202017431943A	A_008062
US202017432242A	A_006138
US202017433406A	A_006083
US202017433876A	A_008063
US202017437126A	A_008064
US202017438942A	A_005496
US202017593785A	A_008065
US202017595729A	A_008066
US202017596966A	A_007730
US202017598851A	A_008067
US202017603227A	A_005681
US202017603227A	A_005599
US202017605634A	A_005532
US202017618520A	A_008068
US202017626302A	A_000048
US202017626513A	A_008069
US202017632426A	A_005496
US202017632767A	A_008070
US202017633182A	A_008071
US202017633182A	A_008072
US202017633376A	A_008073
US202017634494A	A_008074
US202017634854A	A_008058
US202017635122A	A_008073
US202017635854A	A_005496
US202017637252A	A_008075
US202017638033A	A_000048
US202017753965A	A_008076
US202017754505A	A_008075
US202017756225A	A_008077
US202017765309A	A_005681
US202017767930A	A_008078
US202017769939A	A_005599
US202017785857A	A_008079
US202017786194A	A_000029
US202017787409A	A_008080
US202017787409A	A_008081
US202017918483A	A_007383
US202018000057A	A_006068
US202018017579A	A_008082
US202018028754A	A_006234
US202018029095A	A_006234
US2021019637W	A_008083
US2021028483W	A_008084
US2021028483W	A_008085
US2021060364W	A_005503
US202117140428A	A_008086
US202117140428A	A_008087
US202117140903A	A_008088
US202117141051A	A_007705
US202117146249A	A_008089
US202117146352A	A_008090
US202117148273A	A_000005
US202117149355A	A_000050
US202117151813A	A_008091
US202117153538A	A_008092
US202117153538A	A_008093
US202117154925A	A_000005
US202117156943A	A_008094
US202117158833A	A_008095
US202117158833A	A_007419
US202117159156A	A_008096
US202117159808A	A_000113
US202117162596A	A_007962
US202117164827A	A_008097
US202117165068A	A_000005
US202117165484A	A_008098
US202117166016A	A_007795
US202117166537A	A_005625
US202117166537A	A_008099
US202117166884A	A_008100
US202117167923A	A_008101
US202117170419A	A_008102
US202117171089A	A_000086
US202117171383A	A_008103
US202117171544A	A_005572
US202117172232A	A_000112
US202117175200A	A_008104
US202117175200A	A_008105
US202117176410A	A_005497
US202117176410A	A_005496
US202117179826A	A_005548
US202117182111A	A_008106
US202117183212A	A_005585
US202117183695A	A_000005
US202117184010A	A_008107
US202117184115A	A_005602
US202117186484A	A_000005
US202117188456A	A_005472
US202117189237A	A_000129
US202117190051A	A_008108
US202117191075A	A_000005
US202117191203A	A_008042
US202117191376A	A_007700
US202117192833A	A_008109
US202117192833A	A_008110
US202117194569A	A_008111
US202117196643A	A_000005
US202117197212A	A_000005
US202117197212A	A_007674
US202117197427A	A_005548
US202117199216A	A_000005
US202117200837A	A_000112
US202117201585A	A_006294
US202117202519A	A_005489
US202117204960A	A_007971
US202117207662A	A_008112
US202117208565A	A_008113
US202117208766A	A_008114
US202117212146A	A_005603
US202117212160A	A_005572
US202117212615A	A_000129
US202117213263A	A_005506
US202117213263A	A_005507
US202117213482A	A_008115
US202117220042A	A_007801
US202117220137A	A_008116
US202117220137A	A_008117
US202117220137A	A_008118
US202117220137A	A_008119
US202117222539A	A_005548
US202117223887A	A_005494
US202117225781A	A_008120
US202117227844A	A_000005
US202117229146A	A_000112
US202117229831A	A_000005
US202117229831A	A_000003
US202117230019A	A_007755
US202117230145A	A_008121
US202117232485A	A_008122
US202117232611A	A_008123
US202117233431A	A_000129
US202117234381A	A_007836
US202117236423A	A_000129
US202117238894A	A_005486
US202117240983A	A_008124
US202117241326A	A_008125
US202117241549A	A_005578
US202117241732A	A_000028
US202117244328A	A_005563
US202117245010A	A_000005
US202117246541A	A_005575
US202117246541A	A_007771
US202117246969A	A_008011
US202117303642A	A_000005
US202117304083A	A_008126
US202117305469A	A_008127
US202117313196A	A_005503
US202117313410A	A_008128
US202117314680A	A_005552
US202117316027A	A_000005
US202117316945A	A_005625
US202117316945A	A_005626
US202117317657A	A_000005
US202117319629A	A_000005
US202117320357A	A_000037
US202117322527A	A_000129
US202117326655A	A_005469
US202117331372A	A_008129
US202117331372A	A_008130
US202117331997A	A_008131
US202117336434A	A_008132
US202117337697A	A_005597
US202117340811A	A_005632
US202117340837A	A_000005
US202117341492A	A_000005
US202117341492A	A_007674
US202117343384A	A_007813
US202117343384A	A_007814
US202117346191A	A_000129
US202117348453A	A_008133
US202117348851A	A_005548
US202117351037A	A_005577
US202117352526A	A_005469
US202117352930A	A_008134
US202117354737A	A_000054
US202117354739A	A_008135
US202117355049A	A_008136
US202117356017A	A_008137
US202117357438A	A_000115
US202117361463A	A_005548
US202117366694A	A_008138
US202117366694A	A_008139
US202117366834A	A_000005
US202117367752A	A_007801
US202117369004A	A_008140
US202117373097A	A_005585
US202117373842A	A_005548
US202117383667A	A_005548
US202117385931A	A_005390
US202117394603A	A_008141
US202117396733A	A_000007
US202117396741A	A_000007
US202117401097A	A_008142
US202117401381A	A_008143
US202117403071A	A_008144
US202117403613A	A_008145
US202117403706A	A_008146
US202117404809A	A_005548
US202117404960A	A_008147
US202117406204A	A_005548
US202117406978A	A_005548
US202117407379A	A_000037
US202117407518A	A_005548
US202117408859A	A_008148
US202117408869A	A_008149
US202117409781A	A_008052
US202117445367A	A_008150
US202117445367A	A_008053
US202117449916A	A_000005
US202117451427A	A_008151
US202117451895A	A_008084
US202117453194A	A_008152
US202117455383A	A_007979
US202117458936A	A_008153
US202117460667A	A_008154
US202117461012A	A_008001
US202117469024A	A_005796
US202117474381A	A_005548
US202117475055A	A_005469
US202117477934A	A_005548
US202117478870A	A_008155
US202117485633A	A_008156
US202117488946A	A_005587
US202117490942A	A_008157
US202117491740A	A_008158
US202117493636A	A_005599
US202117493636A	A_008159
US202117494867A	A_008160
US202117494867A	A_008161
US202117494878A	A_005390
US202117497909A	A_008162
US202117498070A	A_005489
US202117498473A	A_000005
US202117498473A	A_007674
US202117502428A	A_008163
US202117502428A	A_008164
US202117503233A	A_005565
US202117506289A	A_005625
US202117506289A	A_005626
US202117507576A	A_008054
US202117508638A	A_005484
US202117508638A	A_006314
US202117509048A	A_000005
US202117509048A	A_007674
US202117511509A	A_008106
US202117511724A	A_000005
US202117511724A	A_005494
US202117513626A	A_000037
US202117515299A	A_008165
US202117515425A	A_005548
US202117515436A	A_005548
US202117515508A	A_005548
US202117517858A	A_000112
US202117519743A	A_008015
US202117520021A	A_008166
US202117520424A	A_008167
US202117520459A	A_008071
US202117520569A	A_008168
US202117521719A	A_008169
US202117523274A	A_005548
US202117524932A	A_005585
US202117528814A	A_000037
US202117533929A	A_008170
US202117537546A	A_005618
US202117538536A	A_000005
US202117538536A	A_007674
US202117540539A	A_000005
US202117541944A	A_000050
US202117544535A	A_007733
US202117545158A	A_000005
US202117546486A	A_008171
US202117546486A	A_008172
US202117549076A	A_005486
US202117550320A	A_000020
US202117554371A	A_000050
US202117555440A	A_008173
US202117558307A	A_008174
US202117558307A	A_007747
US202117558307A	A_008175
US202117559123A	A_000054
US202117559517A	A_008176
US202117559670A	A_005585
US202117559670A	A_008177
US202117561195A	A_000005
US202117561765A	A_008178
US202117563448A	A_005548
US202117563583A	A_008034
US202117563919A	A_008179
US202117566719A	A_008180
US202117603199A	A_008181
US202117619937A	A_008182
US202117644755A	A_008183
US202117763553A	A_008184
US202117763553A	A_006730
US202117774746A	A_008185
US202117786273A	A_008186
US202117786417A	A_008187
US202117913784A	A_005632
US202117919493A	A_008188
US202117919493A	A_008189
US202117920264A	A_005632
US202117920310A	A_000029
US202117999405A	A_008190
US202118000291A	A_005496
US202118001880A	A_008191
US202118001983A	A_005697
US202118004454A	A_007577
US202118007579A	A_008192
US202118007624A	A_008193
US202118008650A	A_008194
US202118009094A	A_008195
US202118011748A	A_005617
US202118012376A	A_008196
US202118012556A	A_008197
US202118012556A	A_008198
US202118022497A	A_008199
US202118024402A	A_008200
US202118026776A	A_008201
US202118034742A	A_000056
US202118034745A	A_008202
US202118034892A	A_000056
US202118039325A	A_008073
US202118039459A	A_008203
US202118039618A	A_007836
US202118250358A	A_008204
US202118252494A	A_008205
US202118252494A	A_008206
US202118258515A	A_008207
US202118267396A	A_008208
US202118269179A	A_005613
US202118285883A	A_008209
US202118558800A	A_005538
US2022014978W	A_007976
US2022026188W	A_008194
US2022031504W	A_008210
US2022041980W	A_008211
US2022049448W	A_008167
US2022053855W	A_008212
US202217569996A	A_000005
US202217569996A	A_007674
US202217570834A	A_005469
US202217571449A	A_008213
US202217577268A	A_006402
US202217577608A	A_000492
US202217577712A	A_000037
US202217581274A	A_008214
US202217585735A	A_008215
US202217585886A	A_000129
US202217586268A	A_008216
US202217588203A	A_008217
US202217588203A	A_008218
US202217588237A	A_008219
US202217589434A	A_000129
US202217589546A	A_008220
US202217590805A	A_008221
US202217646808A	A_005469
US202217647525A	A_008126
US202217648258A	A_000129
US202217648744A	A_008222
US202217648744A	A_008223
US202217648744A	A_008224
US202217649258A	A_008225
US202217650609A	A_008226
US202217650989A	A_000005
US202217651809A	A_000129
US202217652357A	A_008227
US202217652360A	A_008227
US202217652705A	A_008228
US202217656109A	A_005467
US202217656482A	A_005472
US202217657538A	A_000050
US202217658230A	A_005469
US202217659299A	A_005469
US202217660257A	A_000492
US202217660905A	A_007821
US202217660905A	A_007758
US202217663838A	A_008227
US202217664629A	A_000129
US202217665811A	A_005585
US202217667648A	A_008229
US202217669603A	A_005493
US202217671201A	A_008230
US202217671309A	A_000037
US202217673842A	A_008231
US202217678170A	A_005556
US202217679878A	A_008232
US202217679878A	A_008233
US202217680252A	A_000037
US202217682095A	A_000005
US202217682349A	A_000009
US202217683339A	A_008234
US202217686864A	A_008235
US202217688361A	A_005548
US202217689596A	A_000054
US202217693303A	A_008236
US202217695273A	A_008237
US202217696523A	A_005625
US202217696523A	A_005626
US202217699432A	A_007996
US202217702407A	A_005563
US202217703062A	A_005493
US202217703112A	A_008238
US202217705310A	A_008239
US202217707334A	A_000009
US202217708207A	A_007822
US202217712671A	A_008240
US202217713196A	A_008071
US202217714096A	A_000005
US202217716138A	A_008241
US202217716589A	A_008242
US202217717845A	A_008243
US202217717845A	A_000069
US202217720320A	A_008244
US202217721890A	A_000005
US202217721890A	A_007674
US202217727057A	A_008245
US202217727364A	A_000050
US202217727508A	A_008246
US202217728117A	A_005625
US202217728117A	A_005626
US202217728137A	A_007998
US202217729201A	A_008247
US202217730257A	A_008248
US202217730304A	A_005587
US202217731622A	A_008163
US202217732589A	A_005563
US202217732589A	A_005532
US202217732729A	A_005548
US202217732938A	A_008249
US202217733085A	A_005585
US202217733487A	A_005548
US202217733896A	A_001828
US202217734023A	A_005548
US202217736341A	A_005548
US202217736357A	A_005548
US202217740004A	A_007735
US202217740765A	A_005563
US202217743268A	A_005636
US202217743791A	A_008250
US202217744040A	A_008251
US202217744155A	A_008252
US202217744959A	A_005548
US202217746783A	A_005741
US202217750015A	A_008253
US202217750015A	A_008254
US202217750015A	A_008255
US202217751347A	A_008256
US202217752020A	A_005548
US202217811343A	A_000037
US202217812368A	A_005795
US202217812949A	A_000492
US202217814915A	A_000037
US202217815828A	A_008048
US202217819628A	A_000007
US202217819692A	A_008257
US202217821075A	A_008258
US202217821980A	A_005503
US202217822481A	A_008259
US202217822481A	A_007801
US202217824190A	A_007826
US202217824252A	A_005585
US202217824277A	A_005548
US202217824472A	A_005548
US202217825278A	A_000005
US202217825371A	A_005548
US202217827162A	A_005548
US202217828760A	A_007718
US202217829191A	A_000005
US202217829822A	A_008260
US202217832318A	A_008261
US202217836645A	A_008262
US202217839366A	A_008263
US202217840132A	A_008263
US202217842035A	A_008264
US202217845221A	A_007751
US202217845473A	A_005587
US202217845590A	A_000009
US202217849972A	A_007829
US202217850574A	A_008265
US202217852229A	A_005548
US202217852262A	A_005548
US202217852309A	A_005548
US202217854999A	A_000492
US202217857459A	A_000129
US202217857918A	A_000037
US202217860473A	A_008266
US202217860745A	A_000054
US202217868940A	A_008267
US202217868973A	A_008163
US202217869685A	A_005496
US202217869841A	A_000005
US202217872296A	A_005481
US202217875579A	A_008268
US202217876636A	A_008269
US202217876636A	A_008270
US202217877248A	A_005469
US202217879936A	A_008271
US202217880168A	A_006402
US202217880247A	A_005548
US202217884311A	A_005548
US202217884359A	A_005548
US202217885082A	A_000037
US202217885523A	A_008272
US202217887697A	A_005576
US202217889316A	A_008273
US202217889495A	A_005548
US202217890603A	A_005548
US202217890887A	A_005585
US202217891013A	A_000037
US202217891658A	A_005585
US202217891658A	A_008177
US202217892247A	A_005548
US202217893540A	A_008016
US202217896451A	A_005583
US202217899979A	A_006649
US202217901200A	A_000005
US202217902261A	A_008274
US202217902483A	A_000005
US202217903125A	A_008275
US202217918703A	A_000029
US202217936155A	A_000037
US202217936476A	A_007682
US202217940015A	A_008276
US202217942670A	A_005494
US202217942678A	A_008277
US202217945749A	A_008278
US202217945919A	A_000129
US202217945949A	A_008279
US202217946783A	A_000066
US202217946783A	A_008280
US202217946783A	A_008281
US202217949994A	A_007661
US202217950117A	A_008244
US202217950409A	A_000084
US202217953057A	A_008282
US202217953148A	A_008283
US202217956090A	A_008284
US202217957750A	A_000050
US202217961317A	A_008285
US202217963271A	A_008286
US202217963271A	A_008287
US202217965622A	A_000050
US202217966251A	A_005548
US202217967759A	A_008203
US202217970218A	A_005563
US202217970881A	A_000037
US202217971455A	A_008288
US202217973485A	A_005552
US202217973660A	A_008289
US202217974164A	A_000050
US202217974824A	A_000054
US202217976442A	A_008290
US202217977462A	A_000129
US202217978644A	A_008291
US202217979641A	A_008292
US202217980513A	A_008292
US202217981807A	A_005636
US202217983111A	A_008016
US202217983218A	A_000054
US202217984991A	A_005625
US202217984991A	A_005626
US202217986507A	A_005624
US202217989908A	A_000005
US202217991338A	A_005588
US202217992103A	A_008293
US202217992103A	A_008294
US202217994982A	A_005585
US202218036507A	A_006188
US202218036809A	A_006188
US202218037686A	A_006188
US202218041813A	A_005751
US202218045194A	A_000022
US202218047895A	A_008292
US202218048876A	A_000037
US202218052581A	A_008295
US202218052628A	A_007752
US202218053210A	A_005430
US202218056121A	A_008296
US202218058262A	A_005639
US202218058637A	A_008297
US202218059100A	A_000017
US202218061042A	A_008298
US202218067734A	A_005618
US202218069326A	A_000005
US202218069397A	A_008299
US202218070404A	A_008300
US202218072112A	A_005548
US202218073926A	A_008301
US202218080411A	A_008302
US202218084332A	A_007682
US202218085562A	A_008303
US202218086259A	A_000050
US202218086939A	A_008304
US202218086979A	A_008304
US202218087153A	A_008305
US202218087319A	A_005587
US202218089175A	A_008306
US202218247971A	A_008307
US202218257610A	A_001530
US202218263437A	A_008308
US202218270255A	A_008309
US202218286716A	A_008310
US202218292114A	A_005563
US202218547661A	A_005563
US202218552351A	A_008311
US202218554626A	A_007963
US202218555151A	A_008312
US202218556454A	A_008313
US202218557117A	A_000019
US202218563497A	A_008314
US202218565536A	A_008315
US202218566023A	A_008316
US202218567114A	A_005595
US202218570228A	A_008317
US202218571249A	A_008318
US202218575517A	A_008319
US202218681875A	A_008320
US202218685300A	A_008321
US202218685552A	A_008322
US202218689364A	A_008323
US202218692078A	A_008324
US202218692651A	A_008325
US202218700147A	A_008326
US202218703557A	A_005633
US202218714005A	A_008327
US202218715973A	A_000029
US202218719487A	A_008328
US202218719859A	A_008329
US202218720283A	A_008330
US202218839745A	A_008331
US202218861484A	A_005538
US202218867719A	A_006234
US202218868225A	A_006234
US202218994022A	A_008332
US2023013606W	A_008333
US2023016125W	A_005548
US2023017098W	A_005548
US2023021089W	A_008334
US2023026101W	A_008335
US2023032609W	A_008336
US2023032726W	A_007364
US2023036046W	A_008337
US2023062526W	A_008338
US2023066261W	A_008339
US2023070380W	A_008340
US2023070534W	A_008341
US2023073536W	A_008342
US2023073536W	A_008343
US2023074476W	A_008344
US2023074572W	A_007660
US2023075373W	A_000057
US2023075799W	A_005632
US2023076846W	A_007730
US2023079842W	A_008345
US2023084234W	A_008346
US202318093547A	A_008347
US202318094012A	A_005548
US202318095807A	A_005548
US202318096473A	A_005563
US202318097072A	A_005548
US202318098889A	A_008348
US202318101509A	A_005421
US202318105551A	A_005636
US202318106279A	A_008274
US202318107880A	A_000005
US202318110319A	A_008349
US202318110651A	A_007576
US202318110651A	A_008212
US202318112832A	A_000005
US202318113075A	A_008350
US202318113259A	A_008158
US202318114272A	A_005552
US202318114297A	A_005618
US202318116175A	A_005548
US202318119392A	A_008163
US202318120217A	A_008034
US202318120243A	A_008351
US202318120257A	A_005548
US202318123405A	A_008352
US202318124629A	A_008353
US202318127333A	A_005563
US202318129366A	A_005548
US202318129483A	A_005548
US202318129584A	A_000009
US202318130565A	A_008029
US202318130745A	A_008354
US202318130827A	A_005554
US202318131569A	A_008355
US202318132659A	A_005548
US202318137605A	A_005390
US202318138643A	A_005500
US202318138897A	A_005625
US202318138897A	A_005626
US202318139437A	A_005548
US202318139743A	A_005548
US202318140122A	A_008356
US202318140347A	A_000009
US202318142773A	A_005585
US202318143923A	A_005548
US202318144726A	A_007998
US202318153395A	A_007995
US202318153395A	A_005467
US202318155953A	A_005469
US202318159506A	A_007821
US202318160062A	A_008357
US202318160093A	A_007798
US202318160932A	A_008358
US202318161087A	A_005639
US202318161567A	A_000037
US202318165640A	A_008359
US202318165847A	A_008360
US202318165847A	A_008361
US202318165907A	A_005639
US202318166079A	A_000037
US202318166129A	A_007733
US202318167956A	A_008362
US202318167956A	A_008363
US202318168836A	A_008274
US202318170145A	A_008011
US202318171514A	A_000037
US202318173099A	A_008364
US202318173099A	A_008365
US202318173125A	A_005552
US202318174500A	A_008150
US202318174821A	A_005469
US202318175851A	A_008274
US202318178657A	A_008263
US202318186221A	A_008366
US202318186393A	A_008367
US202318186410A	A_008368
US202318186435A	A_008367
US202318186758A	A_005592
US202318188132A	A_000005
US202318190148A	A_005618
US202318195785A	A_005625
US202318195785A	A_005626
US202318196740A	A_000009
US202318198910A	A_008369
US202318198910A	A_008370
US202318200192A	A_005548
US202318202350A	A_008371
US202318203742A	A_005548
US202318203857A	A_005548
US202318206057A	A_000050
US202318206444A	A_005548
US202318206541A	A_008372
US202318208772A	A_008348
US202318209459A	A_000492
US202318210159A	A_008373
US202318210159A	A_008374
US202318210159A	A_008375
US202318210159A	A_008376
US202318210159A	A_008377
US202318210159A	A_008378
US202318210289A	A_008163
US202318211130A	A_000009
US202318211958A	A_008379
US202318212032A	A_000005
US202318212803A	A_000009
US202318212823A	A_000009
US202318213226A	A_000050
US202318214440A	A_008163
US202318218646A	A_007730
US202318220232A	A_008380
US202318220720A	A_008016
US202318221375A	A_008381
US202318222221A	A_008382
US202318222754A	A_008383
US202318223383A	A_000037
US202318224084A	A_008384
US202318226364A	A_005624
US202318227685A	A_008351
US202318229493A	A_005624
US202318231014A	A_005624
US202318234480A	A_007718
US202318240829A	A_005552
US202318240914A	A_005548
US202318242746A	A_008163
US202318242862A	A_008163
US202318242930A	A_000050
US202318243207A	A_008163
US202318243276A	A_008163
US202318243957A	A_008385
US202318244152A	A_000057
US202318244980A	A_008385
US202318295215A	A_008386
US202318296565A	A_005577
US202318298885A	A_007727
US202318299439A	A_008048
US202318301066A	A_000037
US202318301429A	A_000057
US202318303498A	A_008387
US202318305285A	A_005496
US202318306108A	A_008016
US202318307266A	A_008388
US202318307343A	A_000005
US202318309835A	A_000007
US202318310679A	A_005469
US202318310971A	A_008389
US202318313497A	A_008390
US202318313503A	A_008390
US202318314601A	A_000037
US202318314653A	A_000037
US202318314721A	A_000037
US202318314961A	A_008391
US202318319836A	A_005493
US202318323238A	A_005577
US202318323389A	A_000037
US202318324042A	A_008084
US202318324567A	A_008392
US202318324702A	A_005632
US202318330776A	A_008392
US202318333513A	A_008393
US202318334494A	A_000009
US202318334507A	A_000009
US202318335045A	A_008394
US202318336989A	A_000037
US202318336993A	A_000037
US202318337121A	A_007682
US202318338274A	A_000037
US202318341216A	A_000129
US202318344753A	A_008395
US202318345413A	A_000118
US202318348023A	A_008396
US202318348100A	A_008397
US202318348100A	A_008398
US202318348239A	A_008399
US202318349214A	A_000037
US202318349831A	A_008324
US202318349871A	A_008400
US202318354994A	A_008401
US202318356332A	A_005585
US202318358266A	A_008402
US202318362203A	A_008403
US202318370413A	A_008404
US202318371207A	A_000009
US202318371787A	A_005548
US202318372067A	A_008405
US202318374553A	A_000129
US202318375977A	A_008406
US202318376859A	A_008407
US202318381994A	A_005554
US202318383981A	A_008323
US202318385184A	A_005548
US202318385334A	A_008408
US202318392981A	A_007996
US202318394135A	A_008221
US202318395107A	A_000129
US202318396512A	A_008409
US202318397343A	A_005585
US202318398841A	A_008270
US202318401450A	A_005632
US202318449145A	A_000005
US202318453088A	A_005469
US202318454788A	A_008410
US202318458902A	A_008411
US202318462210A	A_007821
US202318463137A	A_008054
US202318463167A	A_008299
US202318463826A	A_005585
US202318465375A	A_008412
US202318465403A	A_008413
US202318465874A	A_008414
US202318467555A	A_005503
US202318470824A	A_000129
US202318472933A	A_000005
US202318475831A	A_008415
US202318475831A	A_008416
US202318477729A	A_008298
US202318479879A	A_008417
US202318479928A	A_005633
US202318481887A	A_005421
US202318481887A	A_007821
US202318483345A	A_008418
US202318484394A	A_008419
US202318486615A	A_008420
US202318488128A	A_008420
US202318489724A	A_000037
US202318489947A	A_005496
US202318491076A	A_005421
US202318491076A	A_005472
US202318493394A	A_008421
US202318494458A	A_000037
US202318494650A	A_008422
US202318495679A	A_008337
US202318497848A	A_008146
US202318499075A	A_005632
US202318499594A	A_007661
US202318500037A	A_005585
US202318500037A	A_008423
US202318500037A	A_008424
US202318500352A	A_008412
US202318500908A	A_008425
US202318504553A	A_008426
US202318504553A	A_008395
US202318505652A	A_008427
US202318507891A	A_008278
US202318507998A	A_005503
US202318510592A	A_008428
US202318512424A	A_007987
US202318513252A	A_008429
US202318514524A	A_000009
US202318516135A	A_005548
US202318517784A	A_008430
US202318517784A	A_008431
US202318518752A	A_000028
US202318520014A	A_005585
US202318521204A	A_000037
US202318525493A	A_008025
US202318526067A	A_008005
US202318526072A	A_008432
US202318527105A	A_008433
US202318528229A	A_008401
US202318535340A	A_008434
US202318535750A	A_008435
US202318536453A	A_000037
US202318538179A	A_008401
US202318538300A	A_008274
US202318544981A	A_005487
US202318555915A	A_008436
US202318577525A	A_007577
US202318724159A	A_008437
US202318728330A	A_008438
US202318836473A	A_008439
US202318837502A	A_005751
US202318840833A	A_008203
US202318841383A	A_008440
US202318841383A	A_008441
US202318841793A	A_008442
US202318842192A	A_008443
US202318843089A	A_005599
US202318843955A	A_008444
US202318844078A	A_005633
US202318847100A	A_008324
US202318849351A	A_008445
US202318851532A	A_005681
US202318851930A	A_005428
US202318851981A	A_008446
US202318860063A	A_000030
US202318860258A	A_008447
US202318861775A	A_008448
US202318862468A	A_005548
US202318862968A	A_008190
US202318863038A	A_008449
US202318863733A	A_008450
US202318864508A	A_000028
US202318866902A	A_000006
US202318872192A	A_008324
US202318874308A	A_008451
US202318881509A	A_005553
US202318992415A	A_007577
US202318998617A	A_005599
US202319104565A	A_008452
US202319141304A	A_005613
VN1201800618	A_008453
VN1201906027	A_007383
AU2024050079W	A_015157
AU2024050453W	A_015158
AU2024050897W	A_015159
AU2024200376A	A_000028
AU2024202580A	A_015160
AU2024204276A	A_005478
AU2024204276A	A_005479
AU2024204689A	A_015161
AU2024289496A	A_005674
AU2024313016A	A_015162
AU2024376397A	A_015163
AU2024384975A	A_015164
AU2025202280A1	A_000028
AU2025204461A1	A_015165
AU2025226829A1	A_005552
BE202405666A	A_015166
BE202505103A	A_015167
BG618424U	A_000063
BG618424U	A_000064
BG618424U	A_015168
BG618424U	A_015169
BG618424U	A_015170
BR202024007260U	A_015125
BR2024050407W	A_000090
BR2024050407W	A_000092
CA3261043A	A_015171
CA3272094A	A_015172
CA3272737A	A_013570
CA3277452	A_000112
CA3277452	A_000066
CH5332024A	A_015173
CH7372024A	A_015174
CN202311369088.X	A_001288
CN2024072903W	A_003882
CN2024072903W	A_015175
CN2024090490W	A_001029
CN2024090490W	A_012443
CN2024098341W	A_004025
CN2024098341W	A_015176
CN202410002464.X	A_015177
CN202410002580.1	A_000234
CN202410004594.7	A_000337
CN202410006309.5	A_001546
CN202410007482.7	A_015178
CN202410015471.3	A_001770
CN202410019423.1	A_008786
CN202410019423.1	A_000947
CN202410019423.1	A_002563
CN202410019767.2	A_015179
CN202410022899.0	A_000351
CN202410024729.6	A_015180
CN202410025830.3	A_015181
CN202410026002.1	A_000196
CN202410026142.9	A_015182
CN202410026228.1	A_001774
CN202410026395.6	A_004025
CN202410027981.2	A_000990
CN202410027985.0	A_015183
CN202410027985.0	A_015184
CN202410029016.9	A_002108
CN202410032309.2	A_004153
CN202410034223.3	A_001806
CN202410035430.0	A_015185
CN202410037577.3	A_004107
CN202410040357.6	A_015186
CN202410041202.4	A_005207
CN202410042652.5	A_003772
CN202410044316.4	A_015187
CN202410050466.6	A_000928
CN202410050814.X	A_000998
CN202410053927.5	A_005240
CN202410057343.5	A_014024
CN202410059076.5	A_013763
CN202410060281.3	A_015188
CN202410060698.X	A_002892
CN202410063625.6	A_000507
CN202410066077.2	A_002942
CN2024100727W	A_001485
CN2024100727W	A_015189
CN202410073042.1	A_015190
CN202410074244.8	A_015191
CN202410079441.9	A_014786
CN202410080736.8	A_000971
CN202410080765.4	A_015192
CN202410080899.6	A_000377
CN202410082842.X	A_000326
CN202410084084.5	A_001971
CN202410089641.2	A_000971
CN202410089695.9	A_015193
CN202410090601.X	A_003866
CN202410090601.X	A_003867
CN202410090806.8	A_000971
CN202410091431.7	A_015194
CN202410094126.3	A_000336
CN202410094972.5	A_001113
CN202410097082.X	A_000997
CN202410097513.2	A_000771
CN202410100235.1	A_015195
CN202410100235.1	A_015196
CN202410104238.2	A_001455
CN202410104861.8	A_001455
CN202410106514.9	A_001617
CN202410108416.9	A_015197
CN202410108533.5	A_001180
CN202410108621.5	A_002418
CN202410109605.8	A_000234
CN202410112262.0	A_011709
CN202410115898.0	A_002970
CN202410115960.6	A_004005
CN202410117034.2	A_015198
CN202410120772.2	A_011709
CN202410121004.9	A_015199
CN202410121574.8	A_000326
CN202410122279.4	A_011709
CN202410123286.6	A_001958
CN202410123718.3	A_002394
CN202410125181.4	A_001139
CN202410127356.5	A_014604
CN202410129674.5	A_015200
CN202410132225.6	A_003981
CN202410132780.9	A_015201
CN202410133321.2	A_003677
CN202410133321.2	A_000384
CN202410133532.6	A_014927
CN202410133532.6	A_000294
CN202410133979.3	A_012345
CN202410136922.9	A_000517
CN202410139074.7	A_002270
CN202410139175.4	A_015202
CN202410139175.4	A_015203
CN202410141381.9	A_003711
CN202410144730.2	A_015204
CN202410149169.7	A_015205
CN202410152564.0	A_003927
CN202410153035.2	A_015206
CN202410154900.5	A_015207
CN202410156076.7	A_000351
CN202410156410.9	A_004025
CN202410163956.7	A_015208
CN202410170857.1	A_015209
CN202410178832.6	A_015210
CN202410179401.1	A_001049
CN202410179955.1	A_001297
CN202410180420.6	A_003897
CN202410181116.3	A_015211
CN202410181504.1	A_015207
CN202410182422.9	A_015212
CN202410184409.7	A_000304
CN202410184591.6	A_015213
CN202410185133.4	A_003680
CN202410185211.0	A_015214
CN202410186739.X	A_002957
CN202410189547.4	A_010674
CN202410189875.4	A_015195
CN202410189875.4	A_015215
CN202410190181.2	A_005270
CN202410190301.9	A_015216
CN202410191712.X	A_002154
CN202410193486.9	A_004620
CN202410193956.1	A_015217
CN202410194534.6	A_013014
CN202410196021.9	A_003852
CN202410197840.5	A_015218
CN202410197840.5	A_001568
CN202410200432.0	A_001433
CN202410200724.4	A_000294
CN202410201069.4	A_015219
CN202410202428.8	A_001954
CN202410203736.2	A_000517
CN202410206192.5	A_000369
CN202410208072.9	A_000182
CN202410210277.0	A_003162
CN202410210277.0	A_000162
CN202410210296.3	A_003162
CN202410210296.3	A_000162
CN202410210744.X	A_004149
CN202410210913.X	A_014515
CN202410212317.5	A_003760
CN202410212779.7	A_002201
CN202410214358.8	A_015220
CN202410216928.7	A_015221
CN202410218640.3	A_000294
CN202410220205.4	A_001027
CN202410220205.4	A_015222
CN202410220205.4	A_005267
CN202410220476.X	A_003436
CN202410222376.0	A_000574
CN202410224151.9	A_015223
CN202410224792.4	A_015224
CN202410224843.3	A_010693
CN202410233891.9	A_015225
CN202410233991.1	A_015226
CN202410234446.4	A_015227
CN202410234508.1	A_003915
CN202410236701.9	A_011275
CN202410238351.X	A_000336
CN202410239908.1	A_015228
CN202410239908.1	A_015229
CN202410244946.6	A_011534
CN202410246518.7	A_015230
CN202410247413.3	A_001420
CN202410247413.3	A_001412
CN202410251200.8	A_003489
CN202410251200.8	A_000384
CN202410255149.8	A_003915
CN202410260141.0	A_002486
CN202410260141.0	A_001770
CN202410260141.0	A_000153
CN202410263629.9	A_015231
CN202410264295.7	A_001614
CN202410264295.7	A_000326
CN202410264295.7	A_000523
CN202410267699.1	A_015232
CN202410272964.5	A_003820
CN202410274212.2	A_003353
CN202410277390.0	A_004559
CN202410277391.5	A_004559
CN202410278841.2	A_001004
CN202410279310.5	A_015233
CN202410280657.1	A_012100
CN202410284504.4	A_015234
CN202410286699.6	A_015232
CN202410288722.5	A_001633
CN202410292516.1	A_015235
CN202410295005.5	A_000252
CN202410297294.2	A_015236
CN202410298029.6	A_000304
CN202410299930.5	A_015237
CN202410300253.4	A_000304
CN202410302334.8	A_001770
CN202410305220.9	A_000139
CN202410305220.9	A_015238
CN202410308817.9	A_000554
CN202410309248.X	A_015239
CN202410313044.3	A_004610
CN202410313412.4	A_015240
CN202410319454.9	A_010121
CN202410323348.8	A_015241
CN202410326448.6	A_015242
CN202410329110.6	A_015243
CN202410331781.6	A_000304
CN202410332532.9	A_000223
CN202410344006.4	A_004050
CN202410345948.4	A_015244
CN202410345948.4	A_015245
CN202410346069.3	A_000749
CN202410347368.9	A_015246
CN202410349277.9	A_001429
CN202410349277.9	A_008797
CN202410352183.7	A_011723
CN202410354135.1	A_014652
CN202410354564.9	A_002913
CN202410357439.3	A_005145
CN202410357934.4	A_000971
CN202410358259.7	A_015247
CN202410358259.7	A_014578
CN202410358259.7	A_001087
CN202410358259.7	A_015248
CN202410358259.7	A_015249
CN202410359327.1	A_015250
CN202410360239.3	A_003102
CN202410360239.3	A_003103
CN202410360637.5	A_015251
CN202410364166.5	A_015252
CN202410364166.5	A_015253
CN202410368090.3	A_011534
CN202410368362.X	A_015254
CN202410369224.3	A_012825
CN202410371467.0	A_012825
CN202410372196.0	A_008672
CN202410376973.9	A_015255
CN202410376973.9	A_001420
CN202410379474.5	A_015256
CN202410381556.3	A_001821
CN202410384129.0	A_010287
CN202410384483.3	A_015257
CN202410384668.4	A_015258
CN202410385696.8	A_003083
CN202410388646.5	A_005293
CN202410389244.7	A_000317
CN202410391367.4	A_015259
CN202410393338.1	A_015260
CN202410395326.2	A_000913
CN202410397381.5	A_015261
CN202410397567.0	A_001616
CN202410398498.5	A_001190
CN202410400529.6	A_002974
CN202410405799.6	A_001433
CN202410407202.1	A_002268
CN202410407406.5	A_015262
CN202410407683.6	A_015263
CN202410408069.1	A_000294
CN202410410249.3	A_001946
CN202410412477.4	A_004910
CN202410413111.9	A_000371
CN202410415304.8	A_015264
CN202410416292.0	A_015265
CN202410416630.0	A_000485
CN202410417947.6	A_002360
CN202410417956.5	A_002360
CN202410418763.1	A_000694
CN202410419107.3	A_015266
CN202410419107.3	A_015267
CN202410420575.2	A_015268
CN202410422091.1	A_004153
CN202410423190.1	A_015269
CN202410423946.2	A_005323
CN202410424835.3	A_000333
CN202410425305.0	A_015270
CN202410426212.X	A_002154
CN202410426213.4	A_002154
CN202410426580.4	A_000182
CN202410426580.4	A_001648
CN202410429680.2	A_001137
CN202410433101.1	A_015271
CN202410433101.1	A_015255
CN202410433894.7	A_015272
CN202410433922.5	A_015273
CN202410435815.6	A_002507
CN202410435822.6	A_002507
CN202410437065.6	A_015274
CN202410438276.1	A_001954
CN202410438913.5	A_015275
CN202410439217.6	A_015276
CN202410439823.8	A_015277
CN202410445523.0	A_015278
CN202410446742.0	A_000609
CN202410446742.0	A_000198
CN202410446742.0	A_002268
CN202410447564.3	A_015279
CN202410447790.1	A_011749
CN202410452687.6	A_000388
CN202410456167.2	A_001921
CN202410457030.9	A_015280
CN202410457030.9	A_015281
CN202410457205.6	A_004097
CN202410457386.2	A_000198
CN202410457524.7	A_000326
CN202410457774.0	A_000326
CN202410459319.4	A_001723
CN202410459331.5	A_015282
CN202410463692.7	A_002898
CN202410465523.7	A_015283
CN202410468024.3	A_015284
CN202410468759.6	A_001806
CN202410471364.1	A_001954
CN202410478004.4	A_001991
CN202410482970.3	A_000679
CN202410484559.X	A_015285
CN202410487227.7	A_000317
CN202410490518.1	A_001616
CN202410493600.X	A_015286
CN202410493654.6	A_015287
CN202410493675.8	A_015287
CN202410494778.6	A_009013
CN202410500828.7	A_003977
CN202410501674.3	A_015288
CN202410502064.5	A_001451
CN202410504617.0	A_015289
CN202410505466.0	A_001082
CN202410506250.6	A_004273
CN202410510865.6	A_003677
CN202410510865.6	A_000384
CN202410511443.0	A_015290
CN202410511590.8	A_004344
CN202410512154.2	A_000294
CN202410512154.2	A_002437
CN202410513382.1	A_000514
CN202410513382.1	A_008462
CN202410514612.6	A_000162
CN202410514612.6	A_003162
CN202410514612.6	A_015291
CN202410516046.2	A_015292
CN202410517592.8	A_004140
CN202410521623.7	A_000692
CN202410522351.2	A_002154
CN202410526385.9	A_002378
CN202410529904.7	A_000692
CN202410531052.5	A_003871
CN202410531758.1	A_002418
CN202410532185.4	A_000947
CN202410537026.3	A_015293
CN202410540825.6	A_001109
CN202410540832.6	A_001109
CN202410547046.9	A_015294
CN202410548010.2	A_015295
CN202410550186.1	A_015296
CN202410550186.1	A_015297
CN202410550919.1	A_000278
CN202410552508.6	A_001658
CN202410558812.1	A_000709
CN202410561222.4	A_000371
CN202410563618.2	A_015298
CN202410563694.3	A_015299
CN202410563695.8	A_015299
CN202410566459.1	A_000182
CN202410566459.1	A_003804
CN202410567389.1	A_015300
CN202410571352.6	A_005290
CN202410572356.6	A_015301
CN202410572356.6	A_015302
CN202410572356.6	A_015303
CN202410576064.X	A_003186
CN202410582244.9	A_000692
CN202410586933.7	A_005222
CN202410591853.0	A_000294
CN202410591853.0	A_002459
CN202410592240.9	A_015304
CN202410593723.0	A_015255
CN202410593723.0	A_015305
CN202410597210.7	A_015306
CN202410600353.9	A_004892
CN202410601717.5	A_015307
CN202410602446.5	A_015308
CN202410602446.5	A_013765
CN202410602561.2	A_003155
CN202410603912.1	A_015309
CN202410609482.4	A_002507
CN202410609484.3	A_002507
CN202410612070.6	A_015310
CN202410612403.5	A_000294
CN202410612847.9	A_003780
CN202410612847.9	A_000337
CN202410618333.4	A_005161
CN202410619046.5	A_000763
CN202410621443.6	A_015311
CN202410621443.6	A_004721
CN202410621942.5	A_015311
CN202410621942.5	A_004721
CN202410622943.1	A_015312
CN202410623915.1	A_013698
CN202410624354.7	A_000936
CN202410627145.8	A_000641
CN202410628456.6	A_015313
CN202410633629.3	A_015314
CN202410642751.7	A_015315
CN202410642851.X	A_015316
CN202410642853.9	A_015316
CN202410642947.6	A_015317
CN202410643020.4	A_015318
CN202410646181.9	A_002970
CN202410649896.X	A_002992
CN202410649901.7	A_002992
CN202410651802.2	A_001015
CN202410654287.3	A_002455
CN202410656232.6	A_012168
CN202410657487.4	A_000384
CN202410657487.4	A_011513
CN202410657487.4	A_015319
CN202410657487.4	A_015320
CN202410659203.5	A_004721
CN202410659214.3	A_015321
CN202410660552.9	A_013763
CN202410660552.9	A_015322
CN202410664138.5	A_005119
CN202410664985.1	A_015323
CN202410666317.2	A_015324
CN202410666352.4	A_015325
CN202410666771.8	A_014649
CN202410666771.8	A_014650
CN202410666772.2	A_014650
CN202410670780.4	A_015326
CN202410672903.8	A_015327
CN202410672937.7	A_002448
CN202410673626.2	A_015328
CN202410674010.7	A_000947
CN202410675366.2	A_003227
CN202410676456.3	A_011675
CN202410676616.4	A_015329
CN202410677654.1	A_015330
CN202410678547.0	A_002507
CN202410679128.9	A_015331
CN202410679962.8	A_010840
CN202410681649.8	A_015332
CN202410681649.8	A_015333
CN202410681649.8	A_015334
CN202410681649.8	A_015335
CN202410681652.X	A_015336
CN202410681652.X	A_015334
CN202410681652.X	A_015332
CN202410681652.X	A_015333
CN202410683408.7	A_003164
CN202410685813.2	A_015337
CN202410687261.9	A_015338
CN202410687478.X	A_002259
CN202410689883.5	A_003970
CN202410690898.3	A_015339
CN202410695008.8	A_001361
CN202410695493.9	A_015340
CN202410696289.9	A_001027
CN202410698924.7	A_002318
CN202410699249.X	A_003974
CN202410699385.9	A_015341
CN202410701031.3	A_000162
CN202410703055.2	A_004149
CN202410703544.8	A_000294
CN202410703587.6	A_015342
CN202410706505.3	A_011709
CN202410707989.3	A_015343
CN202410709579.2	A_004685
CN202410709876.7	A_000389
CN202410712291.0	A_015344
CN202410713346.X	A_003044
CN202410715341.0	A_004162
CN202410716299.4	A_001772
CN202410719157.3	A_004162
CN202410719235.X	A_015345
CN202410733497.1	A_015346
CN202410734755.8	A_002892
CN202410737203.2	A_015347
CN202410737705.5	A_015348
CN202410737705.5	A_001429
CN202410738489.6	A_015349
CN202410739210.6	A_002091
CN202410740328.0	A_000996
CN202410741714.1	A_011786
CN202410743124.2	A_015350
CN202410747826.8	A_001164
CN202410750982.X	A_003772
CN202410751179.8	A_003063
CN202410753177.2	A_015351
CN202410757222.1	A_000636
CN202410757533.8	A_000996
CN202410761427.7	A_014888
CN202410765013.1	A_015352
CN202410768997.9	A_002592
CN202410771105.0	A_003378
CN202410773362.8	A_001112
CN202410775768.X	A_004406
CN202410776026.9	A_000326
CN202410777106.6	A_002917
CN202410777789.5	A_000182
CN202410778555.2	A_003028
CN202410780259.6	A_000317
CN202410780835.7	A_000326
CN202410780842.7	A_000326
CN202410781458.9	A_015353
CN202410783109.0	A_003935
CN202410783815.5	A_004785
CN202410784372.1	A_015354
CN202410784894.1	A_015355
CN202410788910.4	A_003077
CN202410793817.2	A_000994
CN202410794875.7	A_000162
CN202410795216.5	A_015356
CN202410795840.5	A_003750
CN202410797988.2	A_012985
CN202410799239.3	A_001361
CN202410799516.0	A_015357
CN202410799517.5	A_015357
CN202410801347.X	A_015358
CN202410802077.4	A_015359
CN202410803437.2	A_002150
CN202410804546.6	A_002892
CN202410804805.5	A_001190
CN202410805294.9	A_000996
CN202410805463.9	A_002892
CN202410805497.8	A_002889
CN202410805895.X	A_003780
CN202410805895.X	A_000337
CN202410806156.2	A_003668
CN202410806945.6	A_001377
CN202410807270.7	A_015360
CN202410812190.0	A_000670
CN202410814433.4	A_001821
CN202410818566.9	A_015361
CN202410818566.9	A_000971
CN202410819856.5	A_000799
CN202410819856.5	A_000798
CN202410819856.5	A_015362
CN202410822463.X	A_015242
CN202410822997.2	A_000943
CN202410823717.X	A_000641
CN202410824174.3	A_002002
CN202410825301.1	A_000596
CN202410825313.4	A_000337
CN202410825313.4	A_015363
CN202410826281.X	A_015361
CN202410826281.X	A_000971
CN202410826839.4	A_015364
CN202410827554.2	A_015365
CN202410827554.2	A_000970
CN202410828877.3	A_000223
CN202410828946.0	A_015250
CN202410834961.6	A_001200
CN202410836117.7	A_001756
CN202410840519.4	A_000182
CN202410840826.2	A_002970
CN202410840981.4	A_009074
CN202410841493.5	A_002970
CN202410841830.0	A_009074
CN202410846180.9	A_001933
CN202410848963.0	A_015366
CN202410848963.0	A_015367
CN202410850363.8	A_005120
CN202410852206.0	A_015368
CN202410853716.X	A_003863
CN202410857258.7	A_004035
CN202410857258.7	A_015369
CN202410857728.X	A_015370
CN202410857743.4	A_000304
CN202410858323.8	A_003970
CN202410860117.0	A_015371
CN202410860117.0	A_015372
CN202410864340.2	A_003034
CN202410867088.0	A_003029
CN202410867726.9	A_003957
CN202410873688.8	A_015373
CN202410875811.X	A_015374
CN202410875845.9	A_015375
CN202410876331.5	A_005240
CN202410877987.9	A_000315
CN202410878128.1	A_015376
CN202410879161.6	A_004080
CN202410879191.7	A_000451
CN202410881747.6	A_000749
CN202410883312.5	A_015377
CN202410884122.5	A_000554
CN202410884917.6	A_002002
CN202410885272.8	A_015378
CN202410891731.3	A_015379
CN202410893665.3	A_005161
CN202410900041.X	A_015380
CN202410900143.1	A_011223
CN202410900456.7	A_015381
CN202410900473.0	A_015382
CN202410902237.2	A_015383
CN202410903319.9	A_001282
CN202410905068.8	A_002201
CN202410906053.3	A_015384
CN202410906227.6	A_011758
CN202410906227.6	A_015385
CN202410908917.5	A_004321
CN202410912619.3	A_015386
CN202410912619.3	A_003267
CN202410912619.3	A_000778
CN202410913460.7	A_003915
CN202410913861.2	A_001836
CN202410917933.0	A_015387
CN202410919600.1	A_000947
CN202410921604.3	A_015388
CN202410923107.7	A_015389
CN202410926004.6	A_003907
CN202410926319.0	A_008464
CN202410926864.X	A_002108
CN202410928975.4	A_003406
CN202410929823.6	A_011748
CN202410929823.6	A_015390
CN202410929823.6	A_015391
CN202410930700.4	A_003478
CN202410931599.4	A_015392
CN202410931854.5	A_004985
CN202410932898.X	A_001363
CN202410936248.2	A_012266
CN202410939960.8	A_014651
CN202410940588.2	A_003391
CN202410941102.7	A_002516
CN202410942333.X	A_001754
CN202410942485.X	A_015393
CN202410943463.5	A_002516
CN202410943809.1	A_003028
CN202410946036.2	A_002408
CN202410946127.6	A_015394
CN202410947616.3	A_015395
CN202410948216.4	A_015396
CN202410948790.X	A_015397
CN202410950565.X	A_015398
CN202410951970.3	A_015399
CN202410952313.0	A_003029
CN202410953945.9	A_015400
CN202410954673.4	A_003071
CN202410955197.8	A_013947
CN202410956212.0	A_015401
CN202410956790.4	A_015402
CN202410958058.0	A_000971
CN202410960166.1	A_000294
CN202410960903.8	A_001971
CN202410962889.5	A_015403
CN202410964510.4	A_002970
CN202410965005.1	A_015404
CN202410965063.4	A_011748
CN202410965063.4	A_015390
CN202410965063.4	A_015391
CN202410968958.3	A_015405
CN202410968998.8	A_015406
CN202410969315.0	A_000377
CN202410974648.2	A_015407
CN202410978922.3	A_003345
CN202410980812.0	A_004060
CN202410982514.5	A_015408
CN202410983392.1	A_015409
CN202410990543.6	A_000977
CN202410991020.3	A_015410
CN202410991868.6	A_004051
CN202410993133.7	A_000598
CN202410994037.4	A_003053
CN202410995389.1	A_002970
CN202410995458.9	A_000326
CN202410996935.3	A_003810
CN202410998964.3	A_003229
CN202411001873.4	A_015411
CN202411003096.7	A_003649
CN202411004100.1	A_000309
CN202411005869.5	A_015412
CN202411007689.0	A_000371
CN202411008116.X	A_015413
CN202411010679.2	A_015414
CN202411011481.6	A_015415
CN202411013462.7	A_000294
CN202411013462.7	A_000614
CN202411019081.X	A_015416
CN202411020629.2	A_002360
CN202411021851.4	A_015417
CN202411022331.5	A_015418
CN202411025131.5	A_015419
CN202411027146.5	A_015420
CN202411027146.5	A_003114
CN202411027681.0	A_002360
CN202411027682.5	A_002360
CN202411028302.X	A_002360
CN202411030744.8	A_001614
CN202411033101.9	A_015421
CN202411034045.0	A_002593
CN202411034045.0	A_008877
CN202411034045.0	A_015422
CN202411038473.0	A_000369
CN202411043016.0	A_003963
CN202411043400.0	A_015423
CN202411045766.1	A_002002
CN202411047275.0	A_015424
CN202411047538.8	A_015424
CN202411047569.3	A_015425
CN202411047618.3	A_015424
CN202411047625.3	A_001191
CN202411047631.9	A_015426
CN202411048221.6	A_000333
CN202411050463.9	A_015427
CN202411051176.X	A_015355
CN202411060783.2	A_002892
CN202411060786.6	A_002892
CN202411062070.X	A_000153
CN202411063825.8	A_000947
CN202411065341.7	A_015428
CN202411067324.7	A_015429
CN202411068527.8	A_015430
CN202411068664.1	A_011208
CN202411068664.1	A_015431
CN202411069067.0	A_010513
CN202411069771.6	A_015432
CN202411072069.5	A_005011
CN202411072899.8	A_015433
CN202411072899.8	A_015434
CN202411073899.X	A_004468
CN202411076587.4	A_000336
CN202411079003.9	A_004097
CN202411082736.8	A_015435
CN202411082963.0	A_015435
CN202411083070.8	A_001546
CN202411085940.5	A_015436
CN202411090610.5	A_015437
CN202411094752.9	A_015438
CN202411095416.6	A_015439
CN202411095790.6	A_002069
CN202411097420.6	A_000955
CN202411098473.X	A_015440
CN202411099922.2	A_015441
CN202411100561.9	A_015442
CN202411104403.0	A_015443
CN202411106752.6	A_004028
CN202411106752.6	A_015444
CN202411107304.8	A_001148
CN202411107994.7	A_015445
CN202411110324.0	A_015446
CN202411110324.0	A_000947
CN202411114199.0	A_005107
CN202411115593.6	A_002581
CN202411116296.3	A_015447
CN202411117160.4	A_004780
CN202411119673.9	A_002844
CN202411120159.7	A_015448
CN202411126341.3	A_002776
CN202411126491.4	A_001770
CN202411126491.4	A_002486
CN202411131644.4	A_004164
CN202411135831.X	A_015449
CN202411136387.3	A_003028
CN202411139102.1	A_002073
CN202411140970.1	A_003907
CN202411144221.6	A_015450
CN202411146782.X	A_015451
CN202411147712.6	A_015191
CN202411148755.6	A_000182
CN202411149249.9	A_015452
CN202411149730.8	A_000553
CN202411149734.6	A_000553
CN202411149833.4	A_015453
CN202411150100.2	A_015454
CN202411150114.4	A_015455
CN202411157039.4	A_015456
CN202411157887.5	A_011510
CN202411160019.2	A_000182
CN202411160595.7	A_003784
CN202411162457.2	A_002096
CN202411163967.1	A_000182
CN202411164351.6	A_000294
CN202411166980.2	A_015457
CN202411168374.4	A_001380
CN202411170883.0	A_015458
CN202411171303.X	A_015459
CN202411173700.0	A_015460
CN202411174819.X	A_015461
CN202411180321.4	A_001015
CN202411180324.8	A_001015
CN202411180868.4	A_010703
CN202411185856.0	A_000633
CN202411187925.1	A_003625
CN202411190490.6	A_014515
CN202411190490.6	A_015462
CN202411191653.2	A_000337
CN202411192127.8	A_000345
CN202411192756.0	A_003044
CN202411193386.2	A_002970
CN202411194999.8	A_015463
CN202411194999.8	A_015464
CN202411195917.1	A_015465
CN202411198266.1	A_003876
CN202411200455.8	A_015466
CN202411203809.4	A_001129
CN202411207362.8	A_004035
CN202411213006.7	A_015467
CN202411213199.6	A_003790
CN202411218735.1	A_015468
CN202411219335.2	A_008914
CN202411220290.0	A_000345
CN202411222720.2	A_015469
CN202411222720.2	A_000672
CN202411223643.2	A_015470
CN202411223861.6	A_015471
CN202411225793.7	A_012143
CN202411228870.4	A_015438
CN202411229716.9	A_008913
CN202411229716.9	A_000384
CN202411230001.5	A_015472
CN202411231731.7	A_003074
CN202411240202.3	A_000641
CN202411241911.3	A_015473
CN202411243507.X	A_002408
CN202411245668.2	A_001600
CN202411247149.X	A_015474
CN202411248197.0	A_015475
CN202411249965.4	A_000476
CN202411250629.1	A_015476
CN202411252731.5	A_010513
CN202411258334.9	A_003111
CN202411259133.0	A_003935
CN202411259533.1	A_010705
CN202411263262.7	A_001625
CN202411264283.0	A_002417
CN202411266641.1	A_015477
CN202411267215.X	A_015478
CN202411267215.X	A_010601
CN202411269711.9	A_003790
CN202411272441.7	A_001356
CN202411275284.5	A_015479
CN202411281166.5	A_000466
CN202411283378.7	A_001616
CN202411287638.8	A_015480
CN202411288481.0	A_015481
CN202411289765.1	A_002365
CN202411291931.1	A_008672
CN202411291964.6	A_004112
CN202411291964.6	A_003133
CN202411292092.5	A_011756
CN202411295259.3	A_000998
CN202411298707.5	A_003267
CN202411298808.2	A_000528
CN202411299721.7	A_015482
CN202411301727.3	A_015483
CN202411301986.6	A_015484
CN202411303828.4	A_002917
CN202411304675.5	A_001068
CN202411305216.9	A_000162
CN202411307775.3	A_005002
CN202411309600.6	A_000543
CN202411314635.9	A_015485
CN202411314635.9	A_015486
CN202411315013.8	A_015487
CN202411315906.2	A_001155
CN202411317094.5	A_015488
CN202411318850.6	A_000304
CN202411320429.9	A_015489
CN202411325646.7	A_015490
CN202411327030.3	A_015491
CN202411330200.3	A_002063
CN202411331008.6	A_015492
CN202411332257.7	A_015493
CN202411333962.9	A_015494
CN202411334587.X	A_001118
CN202411334693.8	A_000182
CN202411335760.8	A_004107
CN202411335987.2	A_000223
CN202411336610.9	A_002704
CN202411336797.2	A_002448
CN202411338502.5	A_000697
CN202411340620.X	A_000773
CN202411341455.X	A_015495
CN202411342137.5	A_003956
CN202411342298.4	A_015496
CN202411345413.3	A_002970
CN202411346341.4	A_002970
CN202411346929.X	A_002970
CN202411355525.7	A_015497
CN202411363903.6	A_000971
CN202411365751.3	A_001365
CN202411368462.9	A_004236
CN202411369681.9	A_015498
CN202411370009.1	A_015499
CN202411371664.9	A_005197
CN202411376622.4	A_004025
CN202411376628.1	A_012345
CN202411377752.X	A_015500
CN202411381237.9	A_011162
CN202411383041.3	A_015501
CN202411384720.2	A_002109
CN202411384720.2	A_004444
CN202411384720.2	A_000384
CN202411386378.X	A_015502
CN202411386378.X	A_015503
CN202411386735.2	A_015504
CN202411390400.8	A_015505
CN202411391246.6	A_015506
CN202411392521.6	A_015496
CN202411392618.7	A_000345
CN202411393312.3	A_000514
CN202411393418.3	A_012982
CN202411394040.9	A_000466
CN202411394107.9	A_004122
CN202411398304.8	A_015507
CN202411399099.7	A_004157
CN202411400691.4	A_015508
CN202411401717.7	A_001324
CN202411402022.0	A_015509
CN202411403582.8	A_015510
CN202411403709.6	A_002408
CN202411403753.7	A_014661
CN202411404191.8	A_014661
CN202411404746.9	A_004158
CN202411406360.1	A_015511
CN202411407380.0	A_015496
CN202411408979.6	A_015512
CN202411413048.5	A_004035
CN202411415033.2	A_015438
CN202411418079.X	A_015513
CN202411418606.7	A_015514
CN202411420739.8	A_015515
CN202411423261.4	A_015516
CN202411423992.9	A_003772
CN202411424101.1	A_015517
CN202411427383.0	A_000162
CN202411430382.1	A_015518
CN202411432522.9	A_015519
CN202411432692.7	A_015520
CN202411433348.X	A_014661
CN202411434015.9	A_005134
CN202411434328.4	A_002868
CN202411434372.5	A_000345
CN202411434387.1	A_000345
CN202411434393.7	A_000345
CN202411434393.7	A_001151
CN202411434397.5	A_000345
CN202411434401.8	A_000345
CN202411434401.8	A_001151
CN202411434862.5	A_001429
CN202411434862.5	A_015348
CN202411435032.4	A_015521
CN202411436820.5	A_015522
CN202411436820.5	A_015523
CN202411438418.0	A_000345
CN202411438769.1	A_015524
CN202411440292.0	A_015525
CN202411441689.1	A_015526
CN202411443644.8	A_015527
CN2024114452W	A_003321
CN2024114452W	A_005639
CN202411447722.1	A_015528
CN202411448538.9	A_015529
CN202411449549.9	A_015530
CN202411449710.2	A_001994
CN202411450676.0	A_001635
CN202411452112.0	A_003111
CN202411452941.9	A_000595
CN202411452941.9	A_000596
CN202411453135.3	A_002331
CN202411453436.6	A_004097
CN202411453972.6	A_004153
CN202411454991.0	A_001756
CN202411455811.0	A_015531
CN202411458812.0	A_000182
CN202411461325.X	A_015532
CN202411464853.0	A_012347
CN202411464900.1	A_015533
CN202411467728.5	A_002791
CN202411467734.0	A_015534
CN202411469789.5	A_004024
CN202411473887.6	A_015535
CN202411474014.7	A_015536
CN202411476077.6	A_015537
CN202411476161.8	A_015538
CN202411477198.2	A_000222
CN202411481471.9	A_015539
CN202411481471.9	A_015540
CN202411481962.3	A_010561
CN202411481962.3	A_000384
CN202411482430.1	A_015541
CN202411484077.0	A_004708
CN202411484636.8	A_015542
CN202411485334.2	A_015543
CN202411485490.9	A_015544
CN202411486895.4	A_013895
CN202411490228.3	A_004299
CN202411491468.5	A_004154
CN202411493362.9	A_003731
CN202411493362.9	A_015545
CN202411493562.4	A_000614
CN202411499209.7	A_003734
CN202411499209.7	A_003560
CN202411501880.0	A_015532
CN202411502823.4	A_000389
CN202411503046.5	A_015546
CN202411503634.9	A_015547
CN202411507140.8	A_000182
CN202411507474.5	A_015548
CN202411508770.7	A_015491
CN202411511259.2	A_015549
CN202411512994.5	A_002449
CN202411513781.4	A_015264
CN202411515829.5	A_015550
CN202411516143.8	A_015551
CN202411516544.3	A_015552
CN202411519714.3	A_015553
CN202411526537.1	A_002510
CN202411528290.7	A_002270
CN202411528681.9	A_015554
CN202411528946.5	A_004218
CN202411529151.6	A_000641
CN202411529410.5	A_015555
CN202411532160.0	A_000405
CN202411532611.0	A_002916
CN202411534355.9	A_011922
CN202411535257.7	A_000304
CN202411538348.6	A_001136
CN202411538384.2	A_015556
CN202411539798.7	A_000337
CN202411544467.2	A_000182
CN202411544692.6	A_015557
CN202411546771.0	A_001739
CN202411551213.3	A_015558
CN202411558729.0	A_015559
CN202411561134.0	A_015560
CN202411561568.0	A_004766
CN202411562752.7	A_001137
CN202411563415.X	A_003907
CN202411564505.0	A_000554
CN202411569509.8	A_000988
CN202411571450.6	A_015561
CN202411575840.0	A_001433
CN202411576697.7	A_002463
CN202411576697.7	A_015562
CN202411580272.3	A_015563
CN202411584102.2	A_005351
CN202411586661.7	A_015564
CN202411587409.8	A_000239
CN202411589226.X	A_001994
CN202411591286.5	A_015565
CN202411591622.6	A_000315
CN202411591622.6	A_002423
CN202411592090.8	A_001159
CN202411598838.5	A_000317
CN202411600389.3	A_000990
CN202411602433.4	A_003114
CN202411605562.9	A_015533
CN202411605692.2	A_015566
CN202411607357.6	A_015567
CN202411607477.6	A_015568
CN202411607477.6	A_011518
CN202411607562.2	A_015413
CN202411613860.2	A_002288
CN202411614309.X	A_015569
CN202411616302.1	A_015570
CN202411616974.2	A_015570
CN202411617356.X	A_000162
CN202411619442.4	A_003711
CN202411619559.2	A_003790
CN202411625999.9	A_000304
CN202411629268.1	A_000749
CN202411631679.4	A_011660
CN202411631679.4	A_011659
CN202411633203.4	A_003643
CN202411635562.3	A_010486
CN202411641834.0	A_008672
CN202411641864.1	A_015571
CN202411641864.1	A_002003
CN202411641864.1	A_015572
CN202411647744.2	A_000405
CN202411648308.7	A_015573
CN202411649347.9	A_015574
CN202411652318.8	A_015575
CN202411654345.9	A_015576
CN202411661881.1	A_015577
CN202411662411.7	A_002817
CN202411663935.8	A_003695
CN202411666502.8	A_003762
CN202411667311.3	A_000294
CN202411670405.6	A_015578
CN202411670405.6	A_015579
CN202411673535.5	A_015580
CN202411678481.1	A_015581
CN202411682790.6	A_000273
CN202411683084.3	A_015582
CN202411684206.0	A_012168
CN202411689884.6	A_015388
CN202411691125.3	A_003182
CN202411691327.8	A_012314
CN202411691327.8	A_005242
CN202411691327.8	A_004168
CN202411693000.4	A_000996
CN202411695610.8	A_014607
CN202411697197.9	A_000221
CN202411697257.7	A_001031
CN202411698205.1	A_015583
CN202411699235.4	A_000179
CN202411702060.8	A_015584
CN202411704285.7	A_002408
CN202411705400.2	A_015585
CN202411705834.2	A_000405
CN202411706006.0	A_002491
CN202411711082.0	A_015586
CN202411711329.9	A_001363
CN202411711332.0	A_001363
CN202411713251.4	A_015587
CN202411714246.5	A_000641
CN202411717264.9	A_000242
CN202411718818.7	A_002563
CN202411720576.5	A_002472
CN202411722596.6	A_015588
CN202411722599.X	A_015588
CN202411722720.9	A_003074
CN202411723278.1	A_015496
CN202411723282.8	A_015496
CN202411723310.6	A_001602
CN202411723507.X	A_004060
CN202411725053.X	A_015589
CN202411725693.0	A_015590
CN202411726820.9	A_003753
CN202411727576.8	A_015591
CN202411727661.4	A_001535
CN202411730350.3	A_002054
CN202411731271.4	A_014936
CN202411733230.9	A_015592
CN202411733554.2	A_015593
CN202411736615.0	A_000278
CN202411736732.7	A_002817
CN202411737532.3	A_003727
CN202411738179.0	A_015328
CN202411738223.8	A_015351
CN202411740242.4	A_015594
CN202411742986.X	A_003677
CN202411742986.X	A_014520
CN202411742986.X	A_000384
CN202411743289.6	A_003123
CN202411743513.1	A_012656
CN202411743974.9	A_015595
CN202411744593.2	A_015185
CN202411744593.2	A_001190
CN202411744593.2	A_015596
CN202411745048.5	A_003897
CN202411745518.8	A_002338
CN202411747339.8	A_015597
CN202411747883.2	A_015598
CN202411751284.8	A_000182
CN202411752275.0	A_008751
CN202411753195.7	A_001323
CN202411753555.3	A_015599
CN202411760047.8	A_002900
CN202411760590.8	A_000177
CN202411764602.4	A_015600
CN202411764602.4	A_015601
CN202411764708.4	A_015301
CN202411764708.4	A_015602
CN202411764708.4	A_015302
CN202411768339.6	A_015603
CN202411768339.6	A_000384
CN202411768486.3	A_002318
CN202411770141.1	A_013885
CN202411770487.1	A_015604
CN202411772667.3	A_002338
CN202411774149.5	A_015605
CN202411774200.2	A_000294
CN202411774200.2	A_002408
CN202411775640.X	A_002992
CN202411775640.X	A_015606
CN202411778822.2	A_000564
CN202411779033.0	A_000337
CN202411779033.0	A_004008
CN202411779224.7	A_015607
CN202411779981.4	A_001171
CN202411780936.0	A_000564
CN202411785387.6	A_010693
CN202411785492.X	A_004818
CN202411787226.0	A_015608
CN202411787559.3	A_003970
CN202411790259.0	A_002489
CN202411790335.8	A_002299
CN202411791374.X	A_002934
CN202411791581.5	A_015609
CN202411796731.1	A_015610
CN202411797536.0	A_001323
CN202411802908.4	A_015611
CN202411804386.1	A_004120
CN202411804386.1	A_000326
CN202411807942.0	A_000198
CN202411810600.4	A_000532
CN202411810716.8	A_014087
CN202411811693.2	A_002109
CN202411811693.2	A_015612
CN202411811693.2	A_000384
CN202411814234.X	A_001581
CN202411814234.X	A_000416
CN202411817730.0	A_015613
CN202411817730.0	A_015614
CN202411817828.6	A_011860
CN202411817828.6	A_000384
CN202411819228.3	A_015615
CN202411820298.0	A_002346
CN202411821627.3	A_000782
CN202411827083.1	A_015616
CN202411828182.1	A_004479
CN202411828255.7	A_001026
CN202411833335.1	A_015617
CN202411833521.5	A_015618
CN202411847312.6	A_015619
CN202411847800.7	A_015620
CN202411848285.4	A_015621
CN202411848331.0	A_000304
CN202411851385.2	A_014927
CN202411851385.2	A_015622
CN202411851559.5	A_001323
CN202411852115.3	A_015623
CN202411854706.4	A_015624
CN202411854706.4	A_001546
CN202411854909.3	A_015625
CN202411855639.8	A_003897
CN202411856299.0	A_002346
CN202411856512.8	A_005145
CN202411858094.6	A_002596
CN202411858524.4	A_015539
CN202411858524.4	A_015626
CN202411859475.6	A_004015
CN202411860938.0	A_000304
CN202411861401.6	A_015627
CN202411863439.7	A_000496
CN202411863855.7	A_001037
CN202411864534.9	A_015628
CN202411868603.3	A_000971
CN202411872206.3	A_015629
CN202411872946.7	A_001581
CN202411872946.7	A_000416
CN202411874147.3	A_000299
CN202411882149.7	A_002491
CN202411885872.0	A_015630
CN202411887154.7	A_001624
CN202411887795.2	A_003852
CN202411889899.7	A_015631
CN202411890500.7	A_015632
CN202411892146.1	A_015633
CN202411892818.9	A_005242
CN202411892818.9	A_012314
CN202411892818.9	A_004168
CN202411892943.X	A_015634
CN202411893990.6	A_015635
CN202411894159.2	A_003642
CN202411895787.2	A_001037
CN202411896808.2	A_002054
CN202411898155.1	A_015636
CN202411901646.7	A_004106
CN202411901646.7	A_015637
CN202411903617.4	A_001488
CN202411904296.X	A_003852
CN202411904788.9	A_000614
CN202411908164.4	A_000895
CN202411908376.2	A_015638
CN202411911763.1	A_015639
CN202411911851.1	A_015640
CN202411911928.5	A_014607
CN202411912059.8	A_002791
CN202411912437.2	A_000564
CN202411913495.7	A_015641
CN202411916968.9	A_015642
CN202411920547.3	A_015643
CN202411921481.X	A_002349
CN202411922336.3	A_015644
CN202411922780.5	A_014954
CN202411923385.9	A_003968
CN202411923891.8	A_015645
CN202411924480.0	A_015384
CN202411924955.6	A_000299
CN202411927218.1	A_000315
CN202411927218.1	A_015646
CN202411929057.X	A_015595
CN202411930425.2	A_015647
CN202411931441.3	A_015648
CN202411931441.3	A_015649
CN202411933059.6	A_015650
CN202411933872.3	A_001608
CN202411935254.2	A_003083
CN202411936054.9	A_000543
CN202411936732.1	A_015651
CN202411936732.1	A_015652
CN202411936732.1	A_000294
CN202411937551.0	A_001979
CN202411938311.2	A_000304
CN202411938436.5	A_001155
CN202411943815.3	A_014820
CN202411943815.3	A_015653
CN202411944633.8	A_000861
CN202411948661.7	A_015654
CN202411951328.1	A_001765
CN202411952408.9	A_000614
CN202411953946.X	A_015655
CN202411953949.3	A_002274
CN202411956045.6	A_015656
CN202411956522.9	A_015657
CN202411956890.3	A_003063
CN202411957952.2	A_000134
CN202411960361.0	A_015658
CN202411962614.8	A_014661
CN202411963584.2	A_000864
CN202411964852.2	A_000692
CN202411964852.2	A_015659
CN202411965054.1	A_001767
CN202411965534.8	A_001852
CN202411966175.8	A_015660
CN202411966567.4	A_015388
CN202411967810.4	A_015661
CN202411969193.1	A_001004
CN202411969679.5	A_003114
CN202411969687.X	A_003114
CN202411970203.3	A_000614
CN202411971001.0	A_001770
CN202411971002.5	A_001770
CN202411974062.2	A_000346
CN202411975677.7	A_015662
CN202411976127.7	A_010335
CN202411976721.6	A_000895
CN202411977881.2	A_015663
CN202411980373.X	A_015664
CN202411985794.1	A_015665
CN202411986701.7	A_000139
CN202411986701.7	A_015256
CN202411988661.X	A_015666
CN202411991746.3	A_015667
CN2024124976W	A_004079
CN2024124976W	A_015668
CN2024125433W	A_001155
CN2024125433W	A_015669
CN2024129878W	A_002970
CN2024129878W	A_015670
CN2024135376W	A_004686
CN2024135376W	A_015671
CN202420002078.6	A_012348
CN202420004380.5	A_015672
CN202420005751.1	A_015673
CN202420007337.4	A_015674
CN202420008185.X	A_012173
CN202420010469.2	A_005229
CN202420011283.9	A_003378
CN202420011344.1	A_015675
CN202420011358.3	A_003318
CN202420011358.3	A_002793
CN202420011358.3	A_000384
CN202420011426.6	A_000696
CN202420011901.X	A_005307
CN202420012196.5	A_015676
CN202420014131.4	A_015677
CN202420015581.5	A_004992
CN202420016151.5	A_002611
CN202420018543.5	A_015678
CN202420019404.4	A_005262
CN202420019404.4	A_005263
CN202420020056.2	A_015679
CN202420021147.8	A_000198
CN202420023479.X	A_014808
CN202420024132.7	A_002633
CN202420024811.4	A_002136
CN202420026073.7	A_001581
CN202420026073.7	A_000416
CN202420026737.X	A_001118
CN202420030379.X	A_001103
CN202420030525.9	A_015680
CN202420030690.4	A_015681
CN202420030953.1	A_005265
CN202420033659.6	A_002992
CN202420034108.1	A_002973
CN202420036840.2	A_001118
CN202420036877.5	A_005355
CN202420036880.7	A_005355
CN202420036909.1	A_015682
CN202420037410.2	A_015683
CN202420039017.7	A_010489
CN202420040554.3	A_015684
CN202420041083.8	A_009144
CN202420041084.2	A_009144
CN202420041112.0	A_015685
CN202420042207.4	A_015686
CN202420044569.7	A_015687
CN202420045262.9	A_005036
CN202420045609.X	A_005220
CN202420049129.0	A_015688
CN202420050960.8	A_015689
CN202420051779.9	A_004992
CN202420053687.4	A_005126
CN202420053711.4	A_003571
CN202420053711.4	A_002378
CN202420054366.6	A_001365
CN202420055266.5	A_003478
CN202420055266.5	A_000764
CN202420057058.9	A_015690
CN202420060010.3	A_004668
CN202420060055.0	A_015691
CN202420060367.1	A_000682
CN202420061027.0	A_011477
CN202420061446.4	A_015676
CN202420062765.7	A_015692
CN202420063438.3	A_015692
CN202420064169.2	A_015693
CN202420065395.2	A_015694
CN202420066263.1	A_004817
CN202420066384.6	A_015695
CN202420067135.9	A_004970
CN202420070201.8	A_015696
CN202420070503.5	A_002611
CN202420071391.5	A_015697
CN202420071445.8	A_015697
CN202420071651.9	A_015698
CN202420072159.3	A_015221
CN202420072838.0	A_000610
CN202420075238.X	A_015699
CN202420076019.3	A_005342
CN202420077155.4	A_015700
CN202420080649.8	A_003677
CN202420080649.8	A_000384
CN202420081435.2	A_014674
CN202420081435.2	A_014675
CN202420083510.9	A_015701
CN202420084756.8	A_015702
CN202420084893.1	A_015703
CN202420085129.6	A_015704
CN202420085906.7	A_010847
CN202420085915.6	A_015705
CN202420086038.4	A_011847
CN202420086568.9	A_015704
CN202420087043.7	A_000309
CN202420091975.9	A_015706
CN202420093447.7	A_012134
CN202420093930.5	A_011617
CN202420093944.7	A_015707
CN202420094596.5	A_005265
CN202420094597.X	A_003378
CN202420097633.8	A_004015
CN202420099452.9	A_004925
CN202420099452.9	A_004926
CN202420099997.X	A_008860
CN202420100081.1	A_014369
CN202420100081.1	A_014370
CN202420100081.1	A_014368
CN202420100081.1	A_014371
CN202420103989.8	A_015708
CN202420104569.1	A_003385
CN202420105583.3	A_015709
CN202420107191.0	A_015710
CN202420109946.0	A_000254
CN202420109946.0	A_000255
CN202420111732.7	A_011863
CN202420111732.7	A_011864
CN202420111732.7	A_000510
CN202420114297.3	A_015711
CN202420115620.9	A_015712
CN202420116814.0	A_003677
CN202420116814.0	A_000384
CN202420119289.8	A_004817
CN202420119663.4	A_002636
CN202420122020.5	A_003939
CN202420122054.4	A_015713
CN202420122054.4	A_002070
CN202420123599.7	A_001118
CN202420124113.1	A_005313
CN202420127455.9	A_015714
CN202420128145.9	A_015715
CN202420128599.6	A_015716
CN202420128606.2	A_010853
CN202420130771.1	A_011846
CN202420134987.5	A_012050
CN202420137032.5	A_000971
CN202420140765.4	A_015717
CN202420142464.5	A_014088
CN202420143124.4	A_001808
CN202420144340.0	A_011688
CN202420149410.1	A_015718
CN202420149968.X	A_015719
CN202420151488.7	A_015720
CN202420152246.X	A_015721
CN202420157875.1	A_001118
CN202420158353.3	A_005324
CN202420158966.7	A_015722
CN202420161314.9	A_004612
CN202420164732.3	A_015723
CN202420165103.2	A_004050
CN202420167104.0	A_005272
CN202420167749.4	A_015724
CN202420167789.9	A_015725
CN202420169606.7	A_015726
CN202420169819.X	A_005326
CN202420169839.7	A_012114
CN202420170296.0	A_015727
CN202420172270.X	A_004647
CN202420173922.1	A_015728
CN202420174344.3	A_015729
CN202420175462.6	A_014638
CN202420175599.1	A_015730
CN202420176736.3	A_015731
CN202420179047.8	A_004150
CN202420180306.9	A_015732
CN202420181908.6	A_004374
CN202420185859.3	A_003806
CN202420185859.3	A_015733
CN202420186240.4	A_002636
CN202420187131.4	A_015734
CN202420188254.X	A_001180
CN202420188417.4	A_015197
CN202420188677.1	A_001180
CN202420189787.X	A_015197
CN202420192050.3	A_011786
CN202420192646.3	A_005139
CN202420192889.7	A_005325
CN202420193568.9	A_001808
CN202420195020.8	A_005084
CN202420196274.1	A_015735
CN202420198457.7	A_015736
CN202420200478.8	A_015737
CN202420201686.X	A_002369
CN202420203862.3	A_002770
CN202420204909.8	A_000304
CN202420208202.4	A_011846
CN202420208295.0	A_012351
CN202420208295.0	A_000681
CN202420211282.9	A_015738
CN202420213292.6	A_011786
CN202420214552.1	A_004201
CN202420214612.X	A_015739
CN202420214840.7	A_003194
CN202420218319.0	A_015280
CN202420219377.5	A_015740
CN202420221729.0	A_015741
CN202420224661.1	A_009053
CN202420227005.7	A_015292
CN202420227152.4	A_002154
CN202420227465.X	A_015742
CN202420228426.1	A_008867
CN202420229489.9	A_002154
CN202420232928.1	A_002154
CN202420234731.1	A_015743
CN202420237229.6	A_015744
CN202420237602.8	A_005180
CN202420237602.8	A_005181
CN202420237602.8	A_015745
CN202420239450.5	A_015746
CN202420239688.8	A_015747
CN202420242570.0	A_004316
CN202420242575.3	A_004316
CN202420243526.1	A_015748
CN202420243847.1	A_005084
CN202420244950.8	A_015749
CN202420245360.7	A_015750
CN202420247346.0	A_015751
CN202420247958.X	A_015752
CN202420250838.5	A_000223
CN202420252766.8	A_015753
CN202420255884.4	A_015754
CN202420255885.9	A_015754
CN202420259099.6	A_015755
CN202420260988.4	A_000695
CN202420261159.8	A_000695
CN202420262344.9	A_015756
CN202420262344.9	A_001568
CN202420262966.1	A_015757
CN202420263655.7	A_004374
CN202420264069.4	A_015729
CN202420265497.9	A_015758
CN202420266687.2	A_000683
CN202420267242.6	A_015759
CN202420267413.5	A_015760
CN202420267594.1	A_015761
CN202420268886.7	A_014760
CN202420268886.7	A_015762
CN202420268886.7	A_015763
CN202420273084.5	A_003714
CN202420273084.5	A_000416
CN202420276373.0	A_015764
CN202420277659.0	A_000496
CN202420278674.7	A_015765
CN202420278906.9	A_004898
CN202420279286.0	A_015766
CN202420281148.6	A_005313
CN202420281494.4	A_015746
CN202420282627.X	A_005325
CN202420284018.8	A_015767
CN202420287699.3	A_000682
CN202420292444.6	A_004559
CN202420295956.8	A_015768
CN202420295956.8	A_000466
CN202420296065.4	A_015211
CN202420297367.3	A_015701
CN202420297691.5	A_004559
CN202420300717.7	A_000139
CN202420300742.5	A_009177
CN202420301635.4	A_015769
CN202420302290.4	A_015770
CN202420302925.0	A_015771
CN202420303986.9	A_015772
CN202420304119.7	A_015773
CN202420304119.7	A_015774
CN202420304637.9	A_004817
CN202420310812.5	A_001184
CN202420311463.9	A_015775
CN202420311694.X	A_004548
CN202420311697.3	A_004548
CN202420311700.1	A_004548
CN202420317338.9	A_015776
CN202420319556.6	A_015777
CN202420321010.4	A_001184
CN202420321069.3	A_015778
CN202420321165.8	A_001417
CN202420322329.9	A_005268
CN202420322912.X	A_004620
CN202420324809.9	A_003352
CN202420328526.1	A_005351
CN202420328649.5	A_010708
CN202420329173.7	A_004350
CN202420330774.X	A_015779
CN202420330775.4	A_015779
CN202420331359.6	A_000596
CN202420333676.1	A_015780
CN202420333676.1	A_015781
CN202420334753.5	A_000359
CN202420335428.0	A_004817
CN202420338126.9	A_015782
CN202420338132.4	A_015783
CN202420338240.1	A_002378
CN202420338889.3	A_015784
CN202420341582.9	A_000400
CN202420343269.9	A_015785
CN202420344846.6	A_005325
CN202420345991.6	A_015786
CN202420346804.6	A_015787
CN202420347331.1	A_003694
CN202420348212.8	A_001162
CN202420350272.3	A_015788
CN202420350592.9	A_015789
CN202420354728.3	A_003939
CN202420354812.5	A_005169
CN202420359464.0	A_005016
CN202420361364.1	A_015790
CN202420362005.8	A_015791
CN202420364215.0	A_015792
CN202420366645.6	A_004150
CN202420367216.0	A_015793
CN202420368910.4	A_015794
CN202420369570.7	A_003981
CN202420370251.8	A_001480
CN202420370954.0	A_015795
CN202420371539.7	A_015796
CN202420372188.1	A_000294
CN202420372916.9	A_015797
CN202420374500.0	A_000659
CN202420375319.1	A_004480
CN202420376962.6	A_015798
CN202420378266.9	A_014075
CN202420379433.1	A_015799
CN202420379925.0	A_015800
CN202420381176.5	A_015801
CN202420381308.4	A_015802
CN202420384206.8	A_015803
CN202420385806.6	A_001332
CN202420386248.5	A_015804
CN202420387273.5	A_015805
CN202420387354.5	A_015806
CN202420388007.4	A_015807
CN202420388013.X	A_015807
CN202420388061.9	A_003378
CN202420390610.6	A_004500
CN202420391675.2	A_015808
CN202420392837.4	A_003476
CN202420394575.5	A_015809
CN202420396965.6	A_015810
CN202420397923.4	A_015811
CN202420398262.7	A_015812
CN202420399195.0	A_015813
CN202420401913.3	A_001591
CN202420402701.7	A_015342
CN202420403610.5	A_010373
CN202420404168.8	A_015814
CN202420404310.9	A_012188
CN202420405107.3	A_015815
CN202420406765.4	A_015816
CN202420407017.8	A_015817
CN202420411493.7	A_015818
CN202420411525.3	A_002969
CN202420413820.2	A_004404
CN202420415748.7	A_015819
CN202420417769.2	A_015820
CN202420420742.9	A_015821
CN202420421008.4	A_015822
CN202420423262.8	A_015823
CN202420425167.1	A_015722
CN202420425562.X	A_015824
CN202420426832.9	A_015825
CN202420427975.1	A_004677
CN202420433450.9	A_000389
CN202420436254.7	A_015826
CN202420438281.8	A_004822
CN202420440335.4	A_002486
CN202420440335.4	A_001770
CN202420440335.4	A_000153
CN202420444120.X	A_015827
CN202420446982.6	A_015828
CN202420448932.1	A_012252
CN202420449783.0	A_015829
CN202420451853.6	A_014021
CN202420452077.1	A_002572
CN202420457141.5	A_015830
CN202420457564.7	A_012031
CN202420457723.3	A_002496
CN202420458145.5	A_004236
CN202420459347.1	A_003262
CN202420459586.7	A_015831
CN202420462322.7	A_015764
CN202420462871.4	A_001363
CN202420464366.3	A_010756
CN202420467245.4	A_001351
CN202420468447.0	A_004970
CN202420468616.0	A_015771
CN202420469032.5	A_005342
CN202420470312.8	A_015832
CN202420473037.5	A_004742
CN202420473427.2	A_015833
CN202420473614.0	A_002927
CN202420475631.8	A_004898
CN202420476014.X	A_015834
CN202420476499.2	A_005179
CN202420476748.8	A_003742
CN202420477431.6	A_015835
CN202420477668.4	A_005198
CN202420483122.X	A_005243
CN202420486357.4	A_015821
CN202420492876.1	A_015836
CN202420493544.5	A_003509
CN202420493822.7	A_015837
CN202420494407.3	A_015838
CN202420496378.4	A_004429
CN202420496477.2	A_014564
CN202420497506.7	A_005223
CN202420497510.3	A_005223
CN202420499098.9	A_015839
CN202420501875.9	A_015243
CN202420503606.6	A_002046
CN202420503607.0	A_002046
CN202420504320.X	A_015840
CN202420505918.0	A_015841
CN202420506100.0	A_015721
CN202420506713.4	A_004595
CN202420508421.4	A_015842
CN202420508881.7	A_001864
CN202420509906.5	A_004262
CN202420509913.5	A_004262
CN202420510728.8	A_015843
CN202420510931.5	A_015844
CN202420511342.9	A_015845
CN202420513076.3	A_004721
CN202420514443.1	A_015846
CN202420514545.3	A_014972
CN202420514808.0	A_004374
CN202420514898.3	A_015847
CN202420514900.7	A_010647
CN202420516447.3	A_015848
CN202420517340.0	A_015849
CN202420517676.7	A_015850
CN202420518194.3	A_001118
CN202420521015.1	A_015851
CN202420524611.5	A_003071
CN202420531810.9	A_015852
CN202420533705.9	A_004610
CN202420534862.1	A_015853
CN202420534863.6	A_015853
CN202420536008.9	A_015701
CN202420538987.1	A_001118
CN202420539655.5	A_015854
CN202420540439.2	A_015855
CN202420540602.5	A_015856
CN202420540906.1	A_004602
CN202420541424.8	A_015857
CN202420541524.0	A_001229
CN202420541905.9	A_011906
CN202420542003.7	A_001843
CN202420542300.1	A_015710
CN202420542840.X	A_005102
CN202420543821.9	A_002505
CN202420545464.X	A_003441
CN202420545660.7	A_015837
CN202420550036.6	A_015858
CN202420550204.1	A_015859
CN202420551292.7	A_015860
CN202420552154.0	A_004616
CN202420552542.9	A_015861
CN202420554843.5	A_015862
CN202420555525.0	A_015863
CN202420556686.1	A_004972
CN202420557372.3	A_004685
CN202420557828.6	A_015864
CN202420558260.X	A_014917
CN202420561296.3	A_015380
CN202420561486.5	A_015865
CN202420562680.5	A_015866
CN202420563358.4	A_015867
CN202420567503.6	A_000641
CN202420567503.6	A_015868
CN202420569054.9	A_012137
CN202420569287.9	A_000400
CN202420571385.6	A_003245
CN202420574003.5	A_015869
CN202420576976.2	A_002268
CN202420577307.7	A_015870
CN202420578447.6	A_015871
CN202420579018.0	A_010193
CN202420579794.0	A_015872
CN202420581956.4	A_015292
CN202420583368.4	A_005102
CN202420584971.4	A_002346
CN202420585263.2	A_002046
CN202420586282.7	A_015873
CN202420586907.X	A_001591
CN202420586907.X	A_015874
CN202420587588.4	A_001378
CN202420587930.0	A_004755
CN202420592158.1	A_000333
CN202420592748.4	A_015875
CN202420593968.9	A_001429
CN202420593968.9	A_008797
CN202420598212.3	A_015876
CN202420602202.2	A_015877
CN202420603534.2	A_000400
CN202420604113.1	A_004233
CN202420604579.1	A_015878
CN202420604914.8	A_015879
CN202420604914.8	A_015880
CN202420604914.8	A_015881
CN202420604914.8	A_004311
CN202420606589.9	A_015882
CN202420608042.2	A_001863
CN202420609256.1	A_015883
CN202420614318.8	A_015884
CN202420614965.9	A_004656
CN202420615503.9	A_001270
CN202420615727.X	A_015885
CN202420618738.3	A_015886
CN202420618771.6	A_011906
CN202420619712.0	A_015887
CN202420620032.0	A_015888
CN202420621593.2	A_015877
CN202420622336.0	A_001332
CN202420623649.8	A_005179
CN202420628283.3	A_015889
CN202420628815.3	A_015890
CN202420631223.7	A_008644
CN202420631379.5	A_004709
CN202420632814.6	A_010842
CN202420633555.9	A_015891
CN202420633668.9	A_015892
CN202420633900.9	A_015893
CN202420634843.6	A_015894
CN202420635399.X	A_002433
CN202420637413.X	A_001184
CN202420637481.6	A_015895
CN202420638332.1	A_001137
CN202420638334.0	A_001137
CN202420638744.5	A_015896
CN202420641779.4	A_015897
CN202420650283.3	A_015898
CN202420652060.0	A_015899
CN202420653259.5	A_000692
CN202420653638.4	A_000641
CN202420654538.3	A_002154
CN202420654778.3	A_015900
CN202420655504.6	A_001229
CN202420656179.5	A_005161
CN202420656179.5	A_003255
CN202420658731.4	A_002877
CN202420659647.4	A_004920
CN202420661160.X	A_000177
CN202420662442.1	A_015901
CN202420665391.8	A_015902
CN202420668305.9	A_014788
CN202420668334.5	A_002046
CN202420669092.1	A_002221
CN202420672670.7	A_015789
CN202420673174.3	A_005325
CN202420679808.6	A_003738
CN202420679916.3	A_015903
CN202420679985.4	A_001590
CN202420682994.9	A_001090
CN202420685714.X	A_015904
CN202420688443.3	A_004601
CN202420691173.1	A_015905
CN202420692085.3	A_015906
CN202420695375.3	A_013763
CN202420696938.0	A_015907
CN202420697088.6	A_002517
CN202420697701.4	A_005179
CN202420700012.4	A_000641
CN202420700854.X	A_015237
CN202420701682.8	A_015908
CN202420702337.6	A_000967
CN202420702355.4	A_000359
CN202420704706.5	A_015909
CN202420706481.7	A_009153
CN202420713121.X	A_015715
CN202420715361.3	A_004564
CN202420716401.6	A_015910
CN202420718050.2	A_015911
CN202420718174.0	A_003335
CN202420718216.0	A_003335
CN202420718660.2	A_011653
CN202420718667.4	A_015545
CN202420718963.4	A_015912
CN202420719209.2	A_015913
CN202420720351.9	A_015914
CN202420721073.9	A_015915
CN202420721547.X	A_002221
CN202420721686.2	A_002046
CN202420721969.7	A_015916
CN202420722000.1	A_015917
CN202420722639.X	A_004178
CN202420722652.5	A_003049
CN202420725018.7	A_000936
CN202420726012.1	A_015918
CN202420727560.6	A_011618
CN202420728189.5	A_015813
CN202420730753.7	A_015888
CN202420731441.8	A_015919
CN202420732068.8	A_015920
CN202420732839.3	A_015921
CN202420734501.1	A_000452
CN202420735228.4	A_000596
CN202420737307.9	A_004047
CN202420737354.3	A_014785
CN202420739598.5	A_003763
CN202420740534.7	A_015922
CN202420741889.8	A_002700
CN202420741926.5	A_015923
CN202420742706.4	A_015924
CN202420742850.8	A_014934
CN202420743812.4	A_015925
CN202420747851.1	A_002507
CN202420749994.6	A_015926
CN202420750671.9	A_005268
CN202420751564.8	A_015927
CN202420752756.0	A_000764
CN202420752837.0	A_000764
CN202420755049.7	A_011943
CN202420755762.1	A_015928
CN202420757568.7	A_015916
CN202420759741.7	A_015929
CN202420760777.7	A_000857
CN202420760778.1	A_000857
CN202420763564.X	A_004970
CN202420763666.1	A_015701
CN202420763754.1	A_002928
CN202420764764.7	A_012968
CN202420766146.6	A_003927
CN202420769315.1	A_000507
CN202420771671.7	A_011768
CN202420772886.0	A_015930
CN202420772886.0	A_015931
CN202420773263.5	A_015931
CN202420774199.2	A_015256
CN202420774753.7	A_003696
CN202420775763.2	A_015932
CN202420777553.7	A_003531
CN202420778196.6	A_004149
CN202420778320.9	A_004149
CN202420778345.9	A_015933
CN202420778366.0	A_015934
CN202420778448.5	A_003391
CN202420779609.2	A_013763
CN202420780007.9	A_015916
CN202420780290.5	A_015935
CN202420784778.5	A_015936
CN202420785286.8	A_015937
CN202420785859.7	A_004324
CN202420787140.7	A_003598
CN202420788898.2	A_015938
CN202420790125.8	A_015939
CN202420790872.1	A_015940
CN202420793872.7	A_004930
CN202420794954.3	A_015941
CN202420797728.0	A_011906
CN202420800215.0	A_015942
CN202420800908.X	A_002403
CN202420802791.9	A_015943
CN202420803249.5	A_015944
CN202420803619.5	A_015945
CN202420803707.5	A_003676
CN202420805615.0	A_005011
CN202420805882.8	A_015946
CN202420811667.9	A_015947
CN202420812331.4	A_003584
CN202420812331.4	A_015948
CN202420812632.7	A_015949
CN202420812988.0	A_015950
CN202420818169.7	A_000875
CN202420821592.2	A_002318
CN202420824003.6	A_002887
CN202420827389.6	A_015951
CN202420827719.1	A_015952
CN202420830107.8	A_003531
CN202420830746.4	A_015953
CN202420833099.2	A_004583
CN202420833554.9	A_001472
CN202420833624.0	A_015954
CN202420834408.8	A_015955
CN202420834642.0	A_013049
CN202420834913.2	A_002896
CN202420835663.4	A_001767
CN202420836846.8	A_015894
CN202420837893.4	A_004178
CN202420838178.2	A_015956
CN202420838258.8	A_015957
CN202420838360.8	A_014851
CN202420840242.0	A_015958
CN202420840543.3	A_015959
CN202420841217.4	A_015835
CN202420842515.5	A_015960
CN202420842521.0	A_015960
CN202420843707.8	A_015961
CN202420844248.5	A_011181
CN202420844477.7	A_003927
CN202420844914.5	A_015962
CN202420845933.X	A_015285
CN202420847134.6	A_004755
CN202420849810.3	A_012656
CN202420850811.X	A_001164
CN202420851142.8	A_001164
CN202420851682.6	A_015963
CN202420855079.5	A_001802
CN202420856240.0	A_002318
CN202420858788.9	A_013991
CN202420859633.7	A_015964
CN202420862185.6	A_015965
CN202420862185.6	A_011960
CN202420862704.9	A_010482
CN202420863492.6	A_000994
CN202420863989.8	A_015966
CN202420864256.6	A_015967
CN202420864749.X	A_015968
CN202420865129.8	A_015969
CN202420868806.1	A_015970
CN202420870647.9	A_012167
CN202420870647.9	A_012168
CN202420870690.5	A_015971
CN202420871105.3	A_003676
CN202420871477.6	A_015972
CN202420876499.1	A_015973
CN202420877102.0	A_004293
CN202420877929.1	A_015974
CN202420878327.8	A_015975
CN202420878814.4	A_015976
CN202420878817.8	A_015976
CN202420878818.2	A_015976
CN202420878998.4	A_001807
CN202420879042.6	A_003378
CN202420879053.4	A_015977
CN202420879057.2	A_001480
CN202420880688.6	A_002795
CN202420883875.X	A_000695
CN202420884340.4	A_001750
CN202420885051.6	A_015978
CN202420885461.0	A_015978
CN202420885675.8	A_015979
CN202420885758.7	A_015980
CN202420888790.0	A_000915
CN202420889295.1	A_015981
CN202420892237.4	A_015982
CN202420893161.7	A_015926
CN202420893609.5	A_015916
CN202420894771.9	A_004302
CN202420894996.4	A_000798
CN202420894996.4	A_000799
CN202420895528.9	A_015983
CN202420895936.4	A_004755
CN202420896973.7	A_015984
CN202420897583.1	A_015985
CN202420897877.4	A_010808
CN202420898985.3	A_015986
CN202420899847.7	A_000636
CN202420903326.4	A_015987
CN202420905288.6	A_015988
CN202420906861.5	A_015989
CN202420907126.6	A_005179
CN202420908322.5	A_010830
CN202420910399.6	A_015990
CN202420911673.1	A_010513
CN202420913578.5	A_015991
CN202420914859.2	A_015992
CN202420915124.1	A_003220
CN202420915786.9	A_001332
CN202420917949.7	A_005142
CN202420920319.5	A_015993
CN202420921632.0	A_015994
CN202420922408.3	A_005097
CN202420925074.5	A_015995
CN202420925642.1	A_000494
CN202420925855.4	A_015996
CN202420925995.1	A_003680
CN202420926136.4	A_015997
CN202420927390.6	A_003680
CN202420928248.3	A_015240
CN202420928447.4	A_003531
CN202420928491.5	A_015998
CN202420928822.5	A_015999
CN202420931998.6	A_004535
CN202420934383.9	A_016000
CN202420937409.5	A_016001
CN202420937491.1	A_004523
CN202420938159.7	A_012219
CN202420939713.3	A_016002
CN202420940715.4	A_016003
CN202420941063.6	A_016004
CN202420943888.1	A_001147
CN202420944381.8	A_015923
CN202420944410.0	A_015701
CN202420944922.7	A_003680
CN202420947849.9	A_003827
CN202420949611.X	A_014734
CN202420950724.1	A_016005
CN202420952792.1	A_016006
CN202420953207.X	A_001856
CN202420953233.2	A_001856
CN202420955636.0	A_016007
CN202420955785.7	A_000222
CN202420957463.6	A_005228
CN202420958482.0	A_001332
CN202420959865.X	A_016008
CN202420960967.3	A_016009
CN202420962874.4	A_016010
CN202420965982.7	A_015976
CN202420965984.6	A_015976
CN202420966268.X	A_016011
CN202420967998.1	A_016012
CN202420968031.5	A_016013
CN202420968249.0	A_016014
CN202420971324.9	A_010809
CN202420972387.6	A_004667
CN202420976309.3	A_016015
CN202420976397.7	A_013764
CN202420976397.7	A_013765
CN202420976724.9	A_016016
CN202420981324.7	A_015967
CN202420981688.5	A_002455
CN202420981689.X	A_002455
CN202420981817.0	A_000641
CN202420983478.X	A_000333
CN202420986610.2	A_005094
CN202420988136.7	A_016017
CN202420989952.X	A_016001
CN202420991088.7	A_016018
CN202420991088.7	A_016019
CN202420994959.0	A_002258
CN202420994971.1	A_014888
CN202420995873.X	A_015314
CN202420996695.2	A_001971
CN202420996696.7	A_014917
CN202421001774.1	A_016020
CN202421003863.X	A_016021
CN202421004490.8	A_016022
CN202421004637.3	A_004050
CN202421005473.6	A_015917
CN202421006819.4	A_000723
CN202421008529.3	A_003629
CN202421008956.1	A_016023
CN202421008962.7	A_009137
CN202421009388.7	A_004780
CN202421011615.X	A_003220
CN202421012834.X	A_015295
CN202421016160.0	A_016024
CN202421016784.2	A_016025
CN202421018791.6	A_016026
CN202421018867.5	A_000337
CN202421019348.0	A_015284
CN202421019680.7	A_016027
CN202421021670.7	A_015696
CN202421022751.9	A_000731
CN202421024135.7	A_000731
CN202421026162.8	A_016028
CN202421027517.5	A_015250
CN202421027809.9	A_016029
CN202421032449.1	A_001164
CN202421032890.X	A_016030
CN202421032894.8	A_003589
CN202421036932.7	A_016031
CN202421039979.9	A_004394
CN202421040861.8	A_004394
CN202421041408.9	A_015521
CN202421044388.0	A_016032
CN202421044536.9	A_016033
CN202421045401.4	A_016034
CN202421047126.X	A_015950
CN202421050069.0	A_005142
CN202421053557.7	A_003061
CN202421053703.6	A_016035
CN202421055591.8	A_003335
CN202421056135.5	A_016036
CN202421058613.6	A_016037
CN202421058728.5	A_002455
CN202421061875.8	A_005198
CN202421062546.5	A_016038
CN202421063016.2	A_001963
CN202421063345.7	A_003927
CN202421066322.1	A_016039
CN202421068682.5	A_016040
CN202421069885.6	A_014888
CN202421071697.7	A_000692
CN202421071903.4	A_016041
CN202421071904.9	A_010756
CN202421072412.1	A_001971
CN202421072415.5	A_014917
CN202421074905.9	A_000432
CN202421074910.X	A_000432
CN202421074947.2	A_002819
CN202421076491.3	A_002970
CN202421077982.X	A_016042
CN202421082227.0	A_016043
CN202421082402.6	A_015589
CN202421083099.1	A_000883
CN202421083102.X	A_010830
CN202421083212.6	A_016044
CN202421086612.2	A_016045
CN202421088342.9	A_013955
CN202421088513.8	A_016046
CN202421088773.5	A_016047
CN202421088773.5	A_016048
CN202421088931.7	A_016049
CN202421090545.1	A_001363
CN202421090999.9	A_016050
CN202421093077.3	A_016051
CN202421093798.4	A_015388
CN202421094342.X	A_016052
CN202421096897.8	A_014567
CN202421098879.3	A_005226
CN202421100453.7	A_016053
CN202421100687.1	A_002455
CN202421102048.9	A_016054
CN202421104762.1	A_016055
CN202421105421.6	A_015313
CN202421106379.X	A_016056
CN202421109648.8	A_016057
CN202421110277.5	A_016058
CN202421111868.4	A_003191
CN202421111871.6	A_003191
CN202421111913.6	A_016059
CN202421113297.8	A_016060
CN202421113757.7	A_016061
CN202421113930.3	A_016062
CN202421118642.7	A_016063
CN202421119154.8	A_016064
CN202421119993.X	A_004236
CN202421120461.8	A_016065
CN202421120508.0	A_002819
CN202421122267.3	A_002455
CN202421122367.6	A_016066
CN202421123423.8	A_012956
CN202421124047.4	A_005153
CN202421125118.2	A_001197
CN202421125652.3	A_016067
CN202421126269.X	A_016068
CN202421128083.8	A_016069
CN202421128822.3	A_001963
CN202421129655.4	A_016070
CN202421130469.2	A_016071
CN202421133311.0	A_016072
CN202421133722.X	A_016073
CN202421134646.4	A_016074
CN202421140049.2	A_012314
CN202421140049.2	A_016075
CN202421140684.0	A_002455
CN202421141255.5	A_004236
CN202421141407.1	A_003222
CN202421146754.3	A_004599
CN202421150469.9	A_016076
CN202421151166.9	A_016077
CN202421158542.7	A_001990
CN202421159135.8	A_014795
CN202421159337.2	A_016078
CN202421161017.0	A_001378
CN202421161121.X	A_016079
CN202421161885.9	A_016080
CN202421165470.9	A_016081
CN202421166063.X	A_001184
CN202421167360.6	A_016082
CN202421168726.1	A_016083
CN202421170549.0	A_001472
CN202421170804.1	A_004468
CN202421173914.3	A_016033
CN202421176168.3	A_000309
CN202421177189.7	A_016084
CN202421177958.3	A_016085
CN202421178003.X	A_001064
CN202421179959.1	A_016086
CN202421181335.3	A_016087
CN202421181913.3	A_016088
CN202421186457.1	A_001971
CN202421186460.3	A_014917
CN202421196264.4	A_008936
CN202421200122.0	A_016089
CN202421205116.4	A_002819
CN202421205414.3	A_016090
CN202421205542.8	A_010840
CN202421208987.1	A_016091
CN202421209355.7	A_016092
CN202421209953.4	A_016093
CN202421209959.1	A_016093
CN202421210898.0	A_016094
CN202421211986.2	A_014727
CN202421212908.4	A_016095
CN202421215973.2	A_016096
CN202421219727.4	A_016054
CN202421220461.5	A_016097
CN202421222292.9	A_016098
CN202421222394.0	A_016099
CN202421222631.3	A_016100
CN202421225979.8	A_016101
CN202421227289.6	A_016066
CN202421230597.4	A_016102
CN202421231294.4	A_016103
CN202421233173.3	A_016104
CN202421234064.3	A_016105
CN202421236119.4	A_016106
CN202421236145.7	A_015950
CN202421236149.5	A_016107
CN202421237321.9	A_001963
CN202421240253.1	A_016108
CN202421243522.X	A_003063
CN202421243714.0	A_000971
CN202421244086.8	A_003063
CN202421246295.6	A_008611
CN202421246400.6	A_003696
CN202421246514.0	A_001361
CN202421247147.6	A_016109
CN202421248205.7	A_016110
CN202421248672.X	A_016111
CN202421248836.9	A_003784
CN202421250354.7	A_016112
CN202421251447.1	A_002928
CN202421251453.7	A_002928
CN202421253698.3	A_016066
CN202421256124.1	A_016113
CN202421260667.0	A_000661
CN202421261819.9	A_003981
CN202421262189.7	A_012034
CN202421262189.7	A_016114
CN202421262189.7	A_016115
CN202421262189.7	A_016116
CN202421262189.7	A_016117
CN202421264538.9	A_000782
CN202421265821.3	A_004832
CN202421265869.4	A_016078
CN202421268101.2	A_016118
CN202421268101.2	A_016119
CN202421268101.2	A_016120
CN202421268101.2	A_016121
CN202421268101.2	A_016122
CN202421272244.0	A_002096
CN202421272744.4	A_016123
CN202421273138.4	A_000559
CN202421274011.4	A_015408
CN202421275954.9	A_001767
CN202421278947.4	A_016124
CN202421279939.1	A_000559
CN202421280734.5	A_015295
CN202421282723.0	A_000543
CN202421283349.6	A_002604
CN202421283350.9	A_016009
CN202421284599.1	A_011613
CN202421284731.9	A_016125
CN202421285166.8	A_016126
CN202421286824.5	A_014701
CN202421288586.1	A_016127
CN202421289694.0	A_016128
CN202421291034.6	A_012280
CN202421291464.8	A_016129
CN202421293290.9	A_016130
CN202421293973.4	A_016131
CN202421298241.4	A_016132
CN202421299298.6	A_016133
CN202421300545.X	A_001361
CN202421303540.2	A_003077
CN202421305964.2	A_000353
CN202421312822.9	A_016023
CN202421312865.7	A_016134
CN202421312865.7	A_016135
CN202421312865.7	A_016136
CN202421312865.7	A_016137
CN202421313744.4	A_004893
CN202421314406.2	A_005363
CN202421316842.3	A_016138
CN202421317720.6	A_016139
CN202421318117.X	A_016140
CN202421318602.7	A_000139
CN202421322510.6	A_014525
CN202421324528.X	A_016141
CN202421324872.9	A_016142
CN202421325298.9	A_016066
CN202421325300.2	A_016058
CN202421326066.5	A_004263
CN202421326422.3	A_012220
CN202421328448.1	A_002424
CN202421329177.1	A_016143
CN202421329476.5	A_016144
CN202421331989.X	A_016145
CN202421332240.7	A_016078
CN202421334486.8	A_016146
CN202421334756.5	A_001971
CN202421335827.3	A_003939
CN202421337096.6	A_015569
CN202421339083.2	A_016147
CN202421343729.4	A_016148
CN202421344515.9	A_003784
CN202421345106.0	A_004757
CN202421347223.0	A_016074
CN202421348010.X	A_003441
CN202421348937.3	A_012280
CN202421349380.5	A_000333
CN202421350091.7	A_014773
CN202421351061.8	A_016149
CN202421354455.9	A_003958
CN202421354534.X	A_000596
CN202421356682.5	A_016150
CN202421357432.3	A_016151
CN202421357622.5	A_016152
CN202421359760.7	A_016153
CN202421360620.1	A_016154
CN202421361488.6	A_016155
CN202421363138.3	A_016156
CN202421363805.8	A_016157
CN202421365819.3	A_002481
CN202421366687.6	A_016158
CN202421366940.8	A_016159
CN202421367052.8	A_016160
CN202421367241.5	A_016107
CN202421367549.X	A_004425
CN202421376590.3	A_016161
CN202421377216.5	A_015318
CN202421377301.1	A_016066
CN202421380891.3	A_015415
CN202421381341.3	A_004594
CN202421381528.3	A_016162
CN202421382441.8	A_016163
CN202421384172.9	A_012009
CN202421385965.2	A_016164
CN202421387353.7	A_005360
CN202421388047.5	A_016165
CN202421391508.4	A_000696
CN202421391714.5	A_016166
CN202421391841.5	A_004811
CN202421391844.9	A_004811
CN202421393939.4	A_000333
CN202421395234.6	A_010753
CN202421396386.8	A_004970
CN202421399498.9	A_002819
CN202421400820.5	A_002201
CN202421402643.4	A_016167
CN202421403872.8	A_000860
CN202421405810.0	A_003057
CN202421406363.0	A_005338
CN202421409222.4	A_005053
CN202421412369.9	A_001637
CN202421413938.1	A_013955
CN202421414720.8	A_016168
CN202421419403.5	A_003441
CN202421419469.4	A_000782
CN202421420414.5	A_005292
CN202421420564.6	A_001164
CN202421423660.6	A_003696
CN202421427759.3	A_003588
CN202421428052.4	A_016169
CN202421429060.0	A_016066
CN202421429808.7	A_016170
CN202421430622.3	A_016171
CN202421432840.0	A_001762
CN202421436425.2	A_016172
CN202421442135.9	A_000883
CN202421446838.9	A_016107
CN202421447114.6	A_004221
CN202421447544.8	A_016173
CN202421452469.4	A_004778
CN202421453855.5	A_016174
CN202421457274.9	A_000889
CN202421461872.3	A_004628
CN202421462029.7	A_001754
CN202421463550.2	A_002154
CN202421463776.2	A_016175
CN202421464553.8	A_016176
CN202421465517.3	A_016177
CN202421468060.1	A_000596
CN202421468353.X	A_016178
CN202421470527.6	A_014954
CN202421470965.2	A_016179
CN202421472607.5	A_016180
CN202421475195.0	A_016167
CN202421478326.0	A_003862
CN202421478699.8	A_014985
CN202421481069.6	A_000564
CN202421484362.8	A_009074
CN202421485864.2	A_009074
CN202421485877.X	A_009074
CN202421486353.2	A_001473
CN202421486497.8	A_002467
CN202421487449.0	A_016181
CN202421494422.4	A_016182
CN202421494669.6	A_016183
CN202421495008.5	A_002692
CN202421496100.3	A_004221
CN202421497568.4	A_005265
CN202421497661.5	A_016184
CN202421500193.2	A_004963
CN202421505034.1	A_003784
CN202421505363.6	A_003551
CN202421506331.8	A_016185
CN202421508294.4	A_016186
CN202421509588.9	A_004785
CN202421509588.9	A_016187
CN202421509863.7	A_015943
CN202421509872.6	A_015943
CN202421510024.7	A_016188
CN202421511809.6	A_016189
CN202421514597.7	A_001971
CN202421514963.9	A_003441
CN202421515251.9	A_016146
CN202421519609.5	A_001762
CN202421520558.8	A_000177
CN202421527197.X	A_016190
CN202421527756.7	A_016191
CN202421530810.3	A_014081
CN202421530869.2	A_016192
CN202421532451.5	A_003454
CN202421533633.4	A_008920
CN202421536281.8	A_016124
CN202421538388.6	A_016193
CN202421538890.7	A_003876
CN202421540438.4	A_000912
CN202421541637.7	A_016194
CN202421541642.8	A_016194
CN202421541887.0	A_016021
CN202421545845.4	A_014856
CN202421546451.0	A_016195
CN202421546473.7	A_016196
CN202421546522.7	A_016197
CN202421546763.1	A_016198
CN202421547261.0	A_016199
CN202421556096.5	A_000140
CN202421557501.5	A_016200
CN202421559397.3	A_016201
CN202421560941.6	A_005265
CN202421564441.X	A_016202
CN202421572227.9	A_015424
CN202421572325.2	A_015292
CN202421572370.8	A_011906
CN202421573888.3	A_016203
CN202421576385.1	A_005161
CN202421577062.4	A_016204
CN202421581065.5	A_004712
CN202421585346.8	A_003257
CN202421587923.7	A_013975
CN202421587948.7	A_016205
CN202421588002.2	A_001836
CN202421588965.2	A_016206
CN202421589875.5	A_016207
CN202421590425.8	A_016208
CN202421593477.0	A_016209
CN202421594109.8	A_016173
CN202421595990.3	A_016210
CN202421596674.8	A_000564
CN202421596694.5	A_001087
CN202421596694.5	A_016211
CN202421598147.0	A_016212
CN202421598147.0	A_001575
CN202421601358.5	A_016213
CN202421607431.X	A_005342
CN202421609071.7	A_013794
CN202421609187.0	A_016214
CN202421610579.9	A_015402
CN202421611197.8	A_005243
CN202421611876.5	A_016008
CN202421611985.7	A_016215
CN202421618695.5	A_002552
CN202421628542.9	A_016216
CN202421629449.X	A_016217
CN202421634200.8	A_016218
CN202421634262.9	A_016219
CN202421638829.X	A_016220
CN202421639449.8	A_016221
CN202421640650.8	A_016183
CN202421643241.3	A_016222
CN202421643767.1	A_001637
CN202421646966.8	A_016223
CN202421647169.1	A_016224
CN202421649543.1	A_016225
CN202421651097.8	A_004462
CN202421651610.3	A_005014
CN202421659221.5	A_004908
CN202421660177.X	A_016226
CN202421663554.5	A_015393
CN202421665007.0	A_001015
CN202421670942.6	A_016227
CN202421672655.9	A_013955
CN202421673535.0	A_004712
CN202421673722.9	A_012812
CN202421675896.9	A_016228
CN202421677698.6	A_016229
CN202421677698.6	A_016230
CN202421677991.2	A_011659
CN202421677991.2	A_011660
CN202421682207.7	A_012248
CN202421682387.9	A_016231
CN202421684003.7	A_000182
CN202421687770.3	A_016232
CN202421689469.6	A_016233
CN202421689499.7	A_000474
CN202421693331.3	A_016234
CN202421694917.1	A_015314
CN202421695004.1	A_016235
CN202421697436.6	A_000294
CN202421698764.8	A_004712
CN202421699982.3	A_004712
CN202421701138.X	A_002150
CN202421705722.2	A_000782
CN202421705975.X	A_011671
CN202421709399.6	A_016236
CN202421710351.7	A_015404
CN202421710376.7	A_005189
CN202421711741.6	A_004803
CN202421713844.6	A_000782
CN202421714414.6	A_015551
CN202421714887.6	A_001967
CN202421715103.1	A_001365
CN202421716373.4	A_016237
CN202421716796.6	A_004712
CN202421716840.3	A_004712
CN202421717825.0	A_011529
CN202421719517.1	A_004898
CN202421720298.9	A_016238
CN202421724685.X	A_016239
CN202421731701.8	A_004908
CN202421732974.4	A_016240
CN202421746094.2	A_003923
CN202421746094.2	A_016241
CN202421746889.3	A_016242
CN202421749249.8	A_004019
CN202421749401.2	A_005228
CN202421751726.4	A_000636
CN202421753021.6	A_000711
CN202421753056.X	A_000711
CN202421755782.5	A_003229
CN202421755879.6	A_016243
CN202421757944.9	A_016139
CN202421759288.6	A_004274
CN202421765979.7	A_016244
CN202421769632.X	A_016245
CN202421771640.8	A_014914
CN202421773768.8	A_012031
CN202421783926.8	A_000309
CN202421784001.5	A_000309
CN202421788268.1	A_016176
CN202421788461.5	A_016246
CN202421790258.1	A_003784
CN202421792103.1	A_016247
CN202421794536.0	A_016248
CN202421794536.0	A_000371
CN202421795766.9	A_003810
CN202421796079.9	A_003810
CN202421797367.6	A_000750
CN202421797831.1	A_014818
CN202421798473.6	A_001365
CN202421799924.8	A_003588
CN202421800524.4	A_001815
CN202421805532.8	A_016249
CN202421806874.1	A_003111
CN202421807847.6	A_016146
CN202421810532.7	A_016250
CN202421813201.9	A_000162
CN202421815675.7	A_016251
CN202421815675.7	A_010601
CN202421817785.7	A_016252
CN202421820936.4	A_016253
CN202421821660.1	A_016254
CN202421822649.7	A_016184
CN202421826828.8	A_015460
CN202421826831.X	A_015460
CN202421835351.X	A_012342
CN202421838608.7	A_016255
CN202421841733.3	A_004898
CN202421846123.2	A_003225
CN202421846161.8	A_015325
CN202421846483.2	A_003588
CN202421854007.5	A_016256
CN202421855516.X	A_016257
CN202421858686.3	A_016258
CN202421859103.9	A_016259
CN202421859103.9	A_014797
CN202421859872.9	A_015427
CN202421864939.8	A_016260
CN202421865756.8	A_002654
CN202421865764.2	A_011821
CN202421865980.7	A_016261
CN202421866460.8	A_016082
CN202421867871.9	A_016262
CN202421872135.2	A_016263
CN202421873113.8	A_001147
CN202421873528.5	A_016264
CN202421873582.X	A_001326
CN202421874269.8	A_010793
CN202421877256.6	A_016265
CN202421877715.0	A_002075
CN202421879704.6	A_003784
CN202421880818.2	A_004015
CN202421884676.7	A_000755
CN202421884908.9	A_015473
CN202421884908.9	A_016266
CN202421890588.8	A_016267
CN202421892333.5	A_005189
CN202421893300.2	A_000309
CN202421894745.2	A_001229
CN202421895193.7	A_016268
CN202421897120.1	A_014817
CN202421900554.2	A_016269
CN202421906487.5	A_015460
CN202421909960.5	A_015435
CN202421910540.9	A_016270
CN202421910540.9	A_016271
CN202421911374.4	A_002970
CN202421914416.X	A_005326
CN202421918808.3	A_014734
CN202421923312.5	A_016272
CN202421923486.1	A_016273
CN202421924009.7	A_002209
CN202421926418.0	A_003588
CN202421928609.0	A_002209
CN202421931552.X	A_000838
CN202421939154.2	A_003935
CN202421944329.9	A_016274
CN202421947671.4	A_009153
CN202421957437.X	A_003974
CN202421961647.6	A_016275
CN202421974077.4	A_016276
CN202421974471.8	A_016277
CN202421974559.X	A_016278
CN202421979912.3	A_016279
CN202421990778.7	A_004215
CN202421993914.8	A_016280
CN202421994620.7	A_002958
CN202421995519.3	A_016281
CN202421996867.2	A_000291
CN202421997431.5	A_016282
CN202421997431.5	A_016283
CN202421999288.3	A_011597
CN202422001124.3	A_016284
CN202422001531.4	A_016163
CN202422003712.0	A_000583
CN202422006161.3	A_010533
CN202422007815.4	A_016285
CN202422007815.4	A_016286
CN202422007897.2	A_016287
CN202422008976.5	A_016288
CN202422011547.3	A_000782
CN202422011916.9	A_016287
CN202422016929.5	A_016289
CN202422019737.X	A_003935
CN202422020552.0	A_010793
CN202422030887.0	A_014852
CN202422032386.6	A_016290
CN202422033042.7	A_016291
CN202422036526.7	A_016292
CN202422038910.0	A_016293
CN202422040187.X	A_016294
CN202422045835.0	A_016295
CN202422045844.X	A_016295
CN202422046109.0	A_016163
CN202422048772.4	A_000389
CN202422053252.2	A_016296
CN202422057066.6	A_016297
CN202422060846.6	A_001637
CN202422062608.9	A_001362
CN202422066362.2	A_002510
CN202422072559.7	A_016298
CN202422075342.1	A_016299
CN202422077339.3	A_002928
CN202422077341.0	A_002928
CN202422079192.1	A_013991
CN202422083540.2	A_001015
CN202422086838.9	A_003573
CN202422087111.2	A_002345
CN202422090508.7	A_012216
CN202422090508.7	A_016300
CN202422090508.7	A_012217
CN202422092991.2	A_002471
CN202422093124.0	A_016301
CN202422095027.5	A_004154
CN202422095027.5	A_000384
CN202422098139.6	A_000564
CN202422099912.0	A_016302
CN202422099912.0	A_001429
CN202422105021.1	A_016303
CN202422106508.1	A_000345
CN202422106913.3	A_010601
CN202422108250.9	A_005265
CN202422110119.6	A_016304
CN202422117215.3	A_016305
CN202422118103.X	A_004507
CN202422120777.3	A_016292
CN202422121676.8	A_011821
CN202422122826.7	A_016306
CN202422126550.X	A_001735
CN202422126617.X	A_015310
CN202422131556.6	A_016307
CN202422132320.4	A_003071
CN202422132799.1	A_016308
CN202422133236.4	A_002154
CN202422134858.9	A_016309
CN202422134948.8	A_001754
CN202422135137.X	A_016310
CN202422137022.4	A_004145
CN202422138102.1	A_015886
CN202422139029.X	A_016240
CN202422143953.5	A_016311
CN202422146202.9	A_016312
CN202422147900.0	A_016313
CN202422154790.0	A_001164
CN202422155053.2	A_016314
CN202422155062.1	A_016314
CN202422155303.2	A_016315
CN202422155303.2	A_016316
CN202422157345.X	A_016317
CN202422158143.7	A_002992
CN202422159018.8	A_016304
CN202422159022.4	A_016304
CN202422159379.2	A_005265
CN202422159751.X	A_016163
CN202422166833.7	A_010674
CN202422167388.6	A_015450
CN202422177507.6	A_003348
CN202422184832.5	A_016318
CN202422186577.8	A_016319
CN202422188979.1	A_004612
CN202422189064.2	A_016320
CN202422190313.X	A_016321
CN202422190313.X	A_016322
CN202422191109.X	A_016323
CN202422195369.4	A_016324
CN202422199098.X	A_005209
CN202422199125.3	A_016325
CN202422200141.X	A_004206
CN202422206551.5	A_001458
CN202422208979.3	A_016326
CN202422210430.8	A_016327
CN202422214278.0	A_003784
CN202422214575.5	A_016328
CN202422214775.0	A_015468
CN202422217488.5	A_016329
CN202422226008.1	A_002075
CN202422229737.2	A_016330
CN202422230322.7	A_016277
CN202422231878.8	A_001937
CN202422233433.3	A_016331
CN202422233433.3	A_016332
CN202422238988.7	A_016333
CN202422244593.8	A_003059
CN202422244635.8	A_016318
CN202422248361.X	A_014795
CN202422250987.4	A_003270
CN202422251614.9	A_003778
CN202422251616.8	A_003778
CN202422252599.X	A_016334
CN202422259808.3	A_014835
CN202422259821.9	A_014835
CN202422269120.3	A_004500
CN202422269346.3	A_015415
CN202422269441.3	A_005209
CN202422272698.4	A_015532
CN202422276263.7	A_016335
CN202422277497.3	A_001735
CN202422277497.3	A_004181
CN202422281347.X	A_016336
CN202422282175.8	A_011821
CN202422283089.9	A_016335
CN202422293761.2	A_000542
CN202422293838.6	A_015597
CN202422297833.0	A_016337
CN202422297838.3	A_016337
CN202422301394.6	A_016338
CN202422301641.2	A_003071
CN202422301940.6	A_016339
CN202422302662.6	A_016078
CN202422303469.4	A_016340
CN202422304134.4	A_016341
CN202422305758.8	A_012347
CN202422306353.6	A_016342
CN202422308263.0	A_016001
CN202422312131.5	A_008919
CN202422315680.8	A_002992
CN202422317999.4	A_016338
CN202422319725.9	A_016343
CN202422320987.7	A_015622
CN202422321397.6	A_001676
CN202422321756.8	A_016344
CN202422323212.5	A_016245
CN202422323849.4	A_016345
CN202422329045.5	A_016346
CN202422331298.6	A_016078
CN202422335905.6	A_014840
CN202422340594.2	A_016281
CN202422340673.3	A_001735
CN202422340673.3	A_004181
CN202422342680.7	A_000349
CN202422344405.9	A_016078
CN202422344774.8	A_016347
CN202422345688.9	A_016348
CN202422352032.X	A_004262
CN202422354200.9	A_016349
CN202422355049.0	A_000856
CN202422359595.1	A_016350
CN202422360044.7	A_002157
CN202422361790.8	A_015589
CN202422365155.7	A_016351
CN202422366724.X	A_001171
CN202422367298.1	A_000543
CN202422369872.7	A_003694
CN202422371367.6	A_016352
CN202422373152.8	A_001356
CN202422373737.X	A_016288
CN202422375784.8	A_004955
CN202422380199.7	A_002592
CN202422385266.4	A_016353
CN202422388365.8	A_016290
CN202422389893.5	A_004387
CN202422390427.9	A_000543
CN202422393034.3	A_016354
CN202422393587.9	A_004818
CN202422394129.7	A_003450
CN202422394684.X	A_000559
CN202422394788.0	A_000682
CN202422394838.5	A_000559
CN202422395119.5	A_000559
CN202422397547.1	A_016355
CN202422399408.2	A_004822
CN202422400434.2	A_003706
CN202422400434.2	A_016356
CN202422400434.2	A_003707
CN202422400722.8	A_001333
CN202422400880.3	A_000595
CN202422404160.4	A_016357
CN202422406129.4	A_016358
CN202422408053.9	A_002068
CN202422408535.4	A_001257
CN202422410885.4	A_014072
CN202422419709.7	A_000223
CN202422425552.9	A_016359
CN202422425558.6	A_016359
CN202422425656.X	A_004262
CN202422425801.4	A_016360
CN202422426424.6	A_004833
CN202422427442.6	A_002510
CN202422429677.9	A_016361
CN202422441496.8	A_005153
CN202422444349.6	A_016343
CN202422446564.X	A_004015
CN202422450483.7	A_009074
CN202422454118.3	A_016245
CN202422455375.9	A_016362
CN202422455705.4	A_013814
CN202422455787.2	A_000198
CN202422455787.2	A_001429
CN202422459649.1	A_016363
CN202422461958.2	A_000856
CN202422469449.4	A_010817
CN202422472670.5	A_016163
CN202422474076.X	A_002496
CN202422475893.7	A_016364
CN202422476338.6	A_004047
CN202422476708.6	A_004643
CN202422477405.6	A_002467
CN202422477461.X	A_016365
CN202422478179.3	A_015456
CN202422481420.8	A_016366
CN202422481498.X	A_001164
CN202422491626.9	A_004334
CN202422491701.1	A_011182
CN202422496747.2	A_014985
CN202422499482.1	A_016367
CN202422502241.8	A_016368
CN202422507034.1	A_016369
CN202422507623.X	A_015532
CN202422508481.9	A_016370
CN202422510617.X	A_000554
CN202422511646.8	A_016371
CN202422516488.5	A_000436
CN202422516609.6	A_016372
CN202422517930.6	A_004480
CN202422519610.4	A_002068
CN202422520839.X	A_001237
CN202422520937.3	A_012196
CN202422520937.3	A_016373
CN202422522806.9	A_015468
CN202422524651.2	A_000595
CN202422524651.2	A_000596
CN202422527901.8	A_016374
CN202422529297.2	A_016375
CN202422532443.7	A_016376
CN202422533976.7	A_016001
CN202422535292.0	A_012282
CN202422536747.0	A_016377
CN202422538217.X	A_016378
CN202422543413.6	A_016368
CN202422546602.9	A_010829
CN202422548962.2	A_016337
CN202422549966.2	A_016379
CN202422550087.1	A_013814
CN202422553106.6	A_016380
CN202422553415.3	A_016381
CN202422555292.7	A_004261
CN202422556855.4	A_001661
CN202422561597.9	A_016382
CN202422562940.1	A_016383
CN202422565020.5	A_004693
CN202422565022.4	A_004693
CN202422579002.2	A_016384
CN202422582216.5	A_001137
CN202422582613.2	A_001026
CN202422584507.8	A_016385
CN202422584805.7	A_016386
CN202422587934.1	A_016387
CN202422588480.X	A_016388
CN202422589382.8	A_016044
CN202422590570.2	A_002956
CN202422595251.0	A_004823
CN202422598546.3	A_016389
CN202422598546.3	A_011784
CN202422601331.2	A_016390
CN202422602014.2	A_016391
CN202422610336.1	A_016392
CN202422610336.1	A_016393
CN202422610340.8	A_016394
CN202422618868.X	A_016395
CN202422623495.5	A_016396
CN202422624344.1	A_016397
CN202422625553.8	A_016398
CN202422627472.1	A_002717
CN202422627497.1	A_015532
CN202422627610.6	A_005326
CN202422629900.4	A_015982
CN202422630611.6	A_014482
CN202422631957.8	A_016399
CN202422633124.5	A_016400
CN202422633962.2	A_012753
CN202422635062.1	A_004480
CN202422637525.8	A_016401
CN202422639602.3	A_016402
CN202422647627.8	A_001136
CN202422648865.0	A_000971
CN202422648992.0	A_000273
CN202422650310.X	A_016403
CN202422650310.X	A_004742
CN202422651414.2	A_016404
CN202422653776.5	A_015557
CN202422659115.3	A_016405
CN202422659580.7	A_004564
CN202422661378.8	A_016406
CN202422662857.1	A_016181
CN202422663566.4	A_016406
CN202422666351.8	A_016407
CN202422669763.7	A_016408
CN202422670088.X	A_015491
CN202422670531.3	A_016409
CN202422671788.0	A_016363
CN202422676521.0	A_016410
CN202422676525.9	A_016411
CN202422677761.2	A_002596
CN202422680030.3	A_011851
CN202422680687.X	A_016256
CN202422684822.8	A_000554
CN202422686220.6	A_016412
CN202422686802.4	A_001477
CN202422687015.1	A_016413
CN202422687637.4	A_016414
CN202422688235.6	A_000304
CN202422693601.7	A_016415
CN202422696490.5	A_016416
CN202422702359.5	A_016417
CN202422702763.2	A_016418
CN202422703461.7	A_016419
CN202422703626.0	A_016420
CN202422704810.7	A_016163
CN202422705788.8	A_016421
CN202422705788.8	A_016422
CN202422705935.1	A_016423
CN202422709091.8	A_011546
CN202422709852.X	A_016424
CN202422715415.9	A_000737
CN202422715484.X	A_016296
CN202422721899.8	A_016425
CN202422727879.1	A_001754
CN202422729210.6	A_001754
CN202422730868.9	A_001754
CN202422737049.7	A_016405
CN202422737492.4	A_016405
CN202422742670.2	A_016426
CN202422746694.5	A_015533
CN202422748463.8	A_003233
CN202422750928.3	A_003841
CN202422752287.5	A_004047
CN202422757010.1	A_003416
CN202422762528.4	A_001147
CN202422769401.5	A_016427
CN202422771879.1	A_016428
CN202422774283.7	A_001446
CN202422779436.7	A_009183
CN202422791519.8	A_005020
CN202422791519.8	A_001179
CN202422791653.8	A_000662
CN202422794434.5	A_000988
CN202422795304.3	A_016429
CN202422797394.X	A_016430
CN202422802285.2	A_004500
CN202422809401.3	A_016431
CN202422809713.4	A_016275
CN202422809805.2	A_016432
CN202422810898.0	A_016433
CN202422811295.2	A_016434
CN202422814652.0	A_016435
CN202422816833.7	A_003233
CN202422816885.4	A_000943
CN202422822204.5	A_000764
CN202422822420.X	A_016401
CN202422822762.1	A_016436
CN202422827962.6	A_001229
CN202422828552.3	A_016245
CN202422831242.7	A_003411
CN202422831830.0	A_016437
CN202422834734.1	A_003134
CN202422837703.1	A_002739
CN202422838011.9	A_016438
CN202422838011.9	A_016439
CN202422838188.9	A_003958
CN202422842220.0	A_003126
CN202422845523.8	A_016440
CN202422847940.6	A_016441
CN202422848411.8	A_016441
CN202422851025.4	A_016442
CN202422852343.2	A_016443
CN202422856938.5	A_016444
CN202422857002.4	A_004480
CN202422858773.5	A_016445
CN202422860730.0	A_000723
CN202422861864.4	A_015813
CN202422868370.9	A_016446
CN202422868553.0	A_016405
CN202422871726.4	A_000393
CN202422872642.2	A_000333
CN202422875096.8	A_001312
CN202422875096.8	A_016447
CN202422878247.5	A_016448
CN202422878729.0	A_003072
CN202422885214.3	A_016449
CN202422892531.8	A_016450
CN202422894008.9	A_003714
CN202422894008.9	A_000416
CN202422900033.3	A_016451
CN202422900674.9	A_004695
CN202422901528.8	A_002739
CN202422902551.9	A_016452
CN202422904588.5	A_000222
CN202422905009.9	A_016453
CN202422905037.0	A_016454
CN202422905211.1	A_016454
CN202422908409.5	A_000749
CN202422909423.7	A_016455
CN202422909429.4	A_016456
CN202422909649.7	A_014966
CN202422910209.3	A_003777
CN202422910409.9	A_016457
CN202422911783.0	A_016360
CN202422912697.1	A_002992
CN202422913231.3	A_004564
CN202422917332.8	A_016458
CN202422917332.8	A_016459
CN202422918635.1	A_002864
CN202422919691.7	A_016460
CN202422919825.5	A_011984
CN202422920461.2	A_004439
CN202422924594.7	A_000971
CN202422926530.0	A_016461
CN202422928953.6	A_012282
CN202422932102.9	A_012786
CN202422932385.7	A_002817
CN202422932574.4	A_015451
CN202422933021.0	A_002868
CN202422939832.1	A_016462
CN202422940056.7	A_000496
CN202422941966.7	A_016463
CN202422943383.8	A_016464
CN202422946545.3	A_000729
CN202422947096.4	A_009093
CN202422950196.2	A_003291
CN202422950203.9	A_016465
CN202422952949.3	A_016466
CN202422953463.1	A_010760
CN202422953466.5	A_016467
CN202422953468.4	A_015415
CN202422955736.6	A_016468
CN202422956515.0	A_014696
CN202422956515.0	A_014697
CN202422956515.0	A_016469
CN202422959597.4	A_016072
CN202422962523.6	A_016470
CN202422964568.7	A_001960
CN202422964645.9	A_016471
CN202422965897.3	A_016472
CN202422968812.7	A_016473
CN202422971093.4	A_005351
CN202422974467.8	A_016474
CN202422975601.6	A_016475
CN202422976466.7	A_016476
CN202422978746.1	A_016477
CN202422979293.4	A_005351
CN202422982110.4	A_001237
CN202422982227.2	A_002510
CN202422987394.6	A_016478
CN202422993589.1	A_016479
CN202422993589.1	A_002318
CN202422993589.1	A_016480
CN202422998234.1	A_000564
CN202423000314.X	A_003849
CN202423003321.5	A_016481
CN202423005176.4	A_016482
CN202423006750.8	A_002307
CN202423006993.1	A_005021
CN202423007498.2	A_016107
CN202423009595.5	A_016483
CN202423016968.1	A_004954
CN202423017629.5	A_016484
CN202423021470.4	A_010658
CN202423021470.4	A_010659
CN202423021728.0	A_016485
CN202423022708.5	A_016486
CN202423022995.X	A_001049
CN202423028159.2	A_001164
CN202423030459.4	A_016487
CN202423031010.X	A_005153
CN202423035270.4	A_016056
CN202423036006.2	A_016488
CN202423036132.8	A_016489
CN202423037010.0	A_002046
CN202423037596.0	A_016490
CN202423042762.6	A_004112
CN202423042762.6	A_003133
CN202423046360.3	A_016491
CN202423046360.3	A_016492
CN202423047896.7	A_016493
CN202423050901.X	A_016494
CN202423052837.9	A_012812
CN202423055161.9	A_016495
CN202423055600.6	A_016496
CN202423056916.7	A_003939
CN202423062018.2	A_016497
CN202423062018.2	A_016498
CN202423062312.3	A_016499
CN202423065262.4	A_016500
CN202423067586.1	A_011202
CN202423067830.4	A_011202
CN202423067908.2	A_003849
CN202423068909.9	A_016501
CN202423069562.X	A_000596
CN202423071878.2	A_016502
CN202423072581.8	A_016503
CN202423073949.2	A_015622
CN202423074415.1	A_016504
CN202423078495.8	A_016505
CN202423080337.6	A_011820
CN202423080991.7	A_002791
CN202423082412.2	A_016506
CN202423086794.6	A_004522
CN202423089527.4	A_001369
CN202423092777.3	A_016507
CN202423092777.3	A_016508
CN202423093322.3	A_000344
CN202423093493.6	A_001581
CN202423093493.6	A_000416
CN202423094137.6	A_001635
CN202423094563.X	A_003920
CN202423094563.X	A_003921
CN202423101439.1	A_011688
CN202423102414.3	A_016509
CN202423105431.2	A_012085
CN202423105671.2	A_015532
CN202423107573.2	A_016510
CN202423108491.X	A_001429
CN202423108889.3	A_004522
CN202423108890.6	A_004522
CN202423111828.2	A_002596
CN202423111966.0	A_016511
CN202423112667.9	A_012248
CN202423115507.X	A_000359
CN202423120018.3	A_002717
CN202423120069.6	A_016512
CN202423125112.8	A_016513
CN202423128764.7	A_002717
CN202423130361.6	A_016514
CN202423132360.5	A_016515
CN202423132484.3	A_016516
CN202423154049.0	A_004261
CN202423154357.3	A_016517
CN202423156296.4	A_016518
CN202423161255.4	A_015585
CN202423162719.3	A_014944
CN202423167237.7	A_001378
CN202423168018.0	A_000700
CN202423168542.8	A_016519
CN202423169621.0	A_002415
CN202423171092.8	A_016520
CN202423180138.2	A_016521
CN202423180370.6	A_016522
CN202423194439.0	A_011580
CN202423199216.3	A_016523
CN202423202081.1	A_016524
CN202423202909.3	A_002136
CN202423204834.2	A_001429
CN202423211721.5	A_000198
CN202423216065.8	A_016525
CN202423219679.1	A_002046
CN202423221484.0	A_015875
CN202423221649.4	A_016526
CN202423222860.8	A_016527
CN202423224595.7	A_002074
CN202423224795.2	A_016528
CN202423225983.7	A_016529
CN202423226474.6	A_016530
CN202423227141.5	A_016531
CN202423235921.4	A_001865
CN202423238516.8	A_001155
CN202423240115.6	A_000564
CN202423242287.7	A_016532
CN202423245249.7	A_016533
CN202423245249.7	A_001672
CN202423245885.X	A_000314
CN202423248017.7	A_004568
CN202423251201.7	A_002596
CN202423254187.6	A_004873
CN202423254190.8	A_004873
CN202423258833.6	A_016534
CN202423260742.6	A_016535
CN202423261219.5	A_016536
CN202423262774.X	A_016537
CN202423262817.4	A_000636
CN202423262944.4	A_015662
CN202423267790.8	A_002154
CN202423267900.0	A_016538
CN202423269268.3	A_016539
CN202423275252.3	A_016540
CN202423276112.8	A_002154
CN202423276524.1	A_015661
CN202423279301.0	A_003348
CN202423285439.1	A_002942
CN202423286718.X	A_003939
CN202423288730.4	A_000574
CN202423290130.1	A_000346
CN202423294643.X	A_016108
CN202423297748.0	A_016541
CN202423298362.1	A_016542
CN202423299367.6	A_016543
CN202423299734.2	A_001635
CN202423300772.5	A_016544
CN202423303565.5	A_016545
CN202423305950.3	A_004334
CN202423306055.3	A_016546
CN202423306293.4	A_016547
CN202423312611.8	A_016548
CN202423314743.4	A_016549
CN202423318542.1	A_016550
CN202423323947.4	A_016551
CN202480004747.6	A_016552
CN202480010627.7	A_002240
CN202480011535.0	A_016553
CN202480022739.4	A_016554
CN202480027217.3	A_016555
CN202480029169.1	A_006411
CN202480029683.5	A_016556
CN202480029683.5	A_016557
CN202480033023.4	A_016558
CN202480039891.3	A_016559
CN202480041936.0	A_016560
CN202490000065.3	A_016561
CN202490000065.3	A_016562
CN202510001416.3	A_016563
CN202510002166.5	A_001994
CN202510002898.4	A_016564
CN202510003157.8	A_016565
CN202510003832.7	A_001626
CN202510004241.1	A_016566
CN202510004241.1	A_004133
CN202510009057.6	A_011740
CN202510010171.0	A_016567
CN202510012350.8	A_003779
CN202510013863.0	A_000742
CN202510015786.2	A_016568
CN202510015786.2	A_016569
CN202510018587.7	A_000294
CN202510021213.0	A_016570
CN202510023138.1	A_000403
CN202510023138.1	A_013757
CN202510023745.8	A_002455
CN202510025443.4	A_001770
CN202510026253.4	A_000971
CN202510026839.0	A_004393
CN202510028708.6	A_003029
CN202510030889.6	A_016571
CN202510031732.5	A_016132
CN202510031964.0	A_003660
CN202510042197.3	A_000139
CN202510044941.3	A_001998
CN202510046339.3	A_016572
CN202510047469.9	A_015456
CN202510047825.7	A_016573
CN202510051346.2	A_016574
CN202510051346.2	A_000966
CN202510051562.7	A_016575
CN202510051562.7	A_016576
CN202510051567.X	A_016577
CN202510052890.9	A_016577
CN202510053858.2	A_004120
CN202510055642.X	A_016578
CN202510059286.9	A_000476
CN202510060864.0	A_016579
CN202510063667.4	A_002892
CN202510065022.4	A_000971
CN202510065783.X	A_011546
CN202510066199.6	A_014946
CN202510069158.2	A_015371
CN202510069401.0	A_016580
CN202510069468.4	A_016581
CN202510069619.6	A_016582
CN202510070213.X	A_016583
CN202510077670.1	A_000162
CN202510079498.3	A_016584
CN202510079498.3	A_016585
CN202510079498.3	A_016586
CN202510079618.X	A_004162
CN202510079618.X	A_016587
CN202510079630.0	A_004162
CN202510079630.0	A_016587
CN202510081666.2	A_016588
CN202510083741.9	A_016589
CN202510083779.6	A_016590
CN202510085042.8	A_015182
CN202510085710.7	A_016591
CN202510088470.6	A_001770
CN202510088492.2	A_016592
CN202510089927.5	A_016593
CN202510089927.5	A_004500
CN202510097778.7	A_005051
CN202510098716.8	A_000291
CN202510099221.7	A_015235
CN202510099843.X	A_016594
CN202510099868.X	A_016595
CN202510100275.0	A_016596
CN202510100382.3	A_016597
CN202510101304.5	A_015595
CN202510101752.5	A_002682
CN202510107619.0	A_001053
CN202510107796.9	A_014504
CN202510111272.7	A_001499
CN202510111272.7	A_000384
CN202510111272.7	A_016598
CN202510114511.4	A_016599
CN202510114511.4	A_002997
CN202510116824.3	A_016600
CN202510117121.2	A_016601
CN202510118911.2	A_016602
CN202510119632.8	A_016603
CN202510121022.1	A_000596
CN202510126383.5	A_011777
CN202510127233.6	A_016604
CN202510127603.6	A_000509
CN202510128624.X	A_003029
CN202510130224.2	A_002507
CN202510131620.7	A_016572
CN202510133268.0	A_000517
CN202510133545.8	A_002682
CN202510134506.X	A_016075
CN202510135369.1	A_003072
CN202510139398.5	A_001015
CN202510139551.4	A_003660
CN202510142540.1	A_004865
CN202510143268.9	A_016605
CN202510147942.0	A_000875
CN202510148124.2	A_001015
CN202510148176.X	A_001026
CN202510149533.4	A_016285
CN202510153711.0	A_000380
CN202510153711.0	A_005014
CN202510153723.3	A_016606
CN202510154032.5	A_001026
CN202510154217.6	A_015539
CN202510154217.6	A_015540
CN202510154567.2	A_016607
CN202510156009.X	A_001363
CN202510157883.5	A_016608
CN202510158130.6	A_016609
CN202510159040.9	A_005240
CN202510163153.6	A_002999
CN202510163577.2	A_002317
CN202510164823.6	A_016610
CN202510166278.4	A_016611
CN202510169910.0	A_016612
CN202510173304.6	A_001799
CN202510174312.2	A_002507
CN202510176188.3	A_016613
CN202510176275.9	A_016614
CN202510179314.0	A_016615
CN202510179326.3	A_016616
CN202510182296.1	A_001344
CN202510183833.4	A_000477
CN202510187487.7	A_012933
CN202510188833.3	A_000252
CN202510190308.5	A_001150
CN202510190380.8	A_015271
CN202510190529.2	A_011534
CN202510193648.3	A_016617
CN202510196351.2	A_016618
CN202510197152.3	A_002507
CN202510197742.6	A_003725
CN202510198499.X	A_015210
CN202510198657.1	A_004162
CN202510198657.1	A_016587
CN202510199929.X	A_005270
CN202510200374.6	A_016619
CN202510200966.8	A_000326
CN202510200966.8	A_001614
CN202510201009.7	A_003970
CN202510202076.0	A_003262
CN202510202150.9	A_001026
CN202510202225.3	A_016620
CN202510203496.0	A_016621
CN202510203950.2	A_000139
CN202510203950.2	A_015256
CN202510204653.X	A_012168
CN202510204734.X	A_005351
CN202510205940.2	A_002563
CN202510208077.6	A_008873
CN202510208157.1	A_002268
CN202510212985.2	A_000294
CN202510213120.8	A_000294
CN202510213283.6	A_016622
CN202510213879.6	A_008983
CN202510217125.8	A_016623
CN202510218466.7	A_016624
CN202510218466.7	A_016625
CN202510218466.7	A_016626
CN202510218798.5	A_001139
CN202510220574.8	A_004047
CN202510221912.X	A_000763
CN202510223184.6	A_001026
CN202510224099.1	A_002378
CN202510224213.0	A_016627
CN202510224322.2	A_000692
CN202510224770.2	A_016628
CN202510225038.7	A_000182
CN202510225038.7	A_000532
CN202510226386.6	A_000304
CN202510226548.6	A_011534
CN202510227276.1	A_016629
CN202510233939.0	A_002684
CN202510233939.0	A_016630
CN202510233939.0	A_016631
CN202510234447.3	A_012168
CN202510234974.4	A_005144
CN202510236725.9	A_015349
CN202510237763.6	A_000947
CN202510239084.2	A_016632
CN202510239539.0	A_016633
CN202510239539.0	A_016634
CN202510239542.2	A_016633
CN202510239542.2	A_016634
CN202510239832.7	A_000988
CN202510240025.7	A_010602
CN202510240025.7	A_016635
CN202510241866.X	A_000162
CN202510245677.X	A_001860
CN202510248637.0	A_002199
CN202510250302.2	A_011690
CN202510250972.4	A_000810
CN202510250974.3	A_000810
CN202510252149.7	A_005270
CN202510254015.9	A_000182
CN202510256444.X	A_016636
CN202510256967.4	A_012218
CN202510258294.6	A_002917
CN202510259195.X	A_000692
CN202510260053.5	A_016637
CN202510262047.3	A_016638
CN202510263015.5	A_016639
CN202510265537.9	A_011658
CN202510268224.9	A_009183
CN202510272121.X	A_005367
CN202510273514.2	A_012004
CN202510273514.2	A_004024
CN202510276303.4	A_010730
CN202510278575.8	A_016640
CN202510280790.1	A_016641
CN202510284661.X	A_016642
CN202510285819.5	A_003779
CN202510288122.3	A_016643
CN202510290331.1	A_001455
CN202510290848.0	A_001031
CN202510292559.4	A_016644
CN202510294513.6	A_016645
CN202510295126.4	A_016646
CN202510296074.2	A_004144
CN202510296413.7	A_015923
CN202510296666.4	A_000476
CN202510298450.1	A_003804
CN202510300972.0	A_016647
CN202510301922.4	A_014362
CN202510302206.8	A_000294
CN202510302409.7	A_016648
CN202510305910.9	A_001137
CN202510306475.1	A_000458
CN202510306875.2	A_015658
CN202510307375.0	A_015514
CN202510308417.2	A_003890
CN202510309387.7	A_002531
CN202510309593.8	A_010839
CN202510310523.4	A_016649
CN202510310551.6	A_016650
CN202510311710.4	A_000294
CN202510313098.4	A_016651
CN202510313415.2	A_002675
CN202510315406.7	A_003961
CN202510316830.3	A_016652
CN202510317875.2	A_000182
CN202510321288.0	A_016653
CN202510322795.6	A_000252
CN202510323688.5	A_016654
CN202510324651.4	A_016655
CN202510325386.1	A_003810
CN202510326737.0	A_016656
CN202510329316.3	A_016657
CN202510329316.3	A_003876
CN202510329539.X	A_016658
CN202510329780.2	A_002286
CN202510330023.7	A_016659
CN202510334836.3	A_000416
CN202510334836.3	A_001581
CN202510335578.0	A_016660
CN202510337169.4	A_008786
CN202510338750.8	A_016661
CN202510342808.6	A_002268
CN202510342830.0	A_016662
CN202510343330.9	A_003779
CN202510343817.7	A_016663
CN202510345502.6	A_016664
CN202510348283.7	A_000474
CN202510348387.8	A_002463
CN202510349137.6	A_016665
CN202510349366.8	A_016666
CN202510351681.4	A_011162
CN202510352489.7	A_016667
CN202510355117.X	A_003618
CN202510355973.5	A_000971
CN202510356441.3	A_015264
CN202510356531.2	A_001031
CN202510358494.9	A_002917
CN202510359652.2	A_000374
CN202510364392.8	A_003213
CN202510366475.0	A_003970
CN202510367356.7	A_004282
CN202510367559.6	A_001159
CN202510368338.0	A_016668
CN202510368641.0	A_016669
CN202510369247.9	A_012187
CN202510369828.2	A_015809
CN202510370093.5	A_016670
CN202510370195.7	A_016671
CN202510374970.6	A_003130
CN202510377169.7	A_016672
CN202510378079.X	A_002082
CN202510379726.9	A_003172
CN202510382065.5	A_016673
CN202510383469.6	A_000659
CN202510384609.1	A_002266
CN202510384647.7	A_000614
CN202510384716.4	A_004974
CN202510389250.7	A_016674
CN202510389316.2	A_000337
CN202510389446.6	A_016674
CN202510389633.4	A_016674
CN202510390212.3	A_016675
CN202510393895.8	A_001075
CN202510394182.3	A_000182
CN202510395951.1	A_016676
CN202510398228.9	A_000182
CN202510403291.7	A_000991
CN202510404098.5	A_016677
CN202510407378.1	A_004111
CN202510409076.8	A_000252
CN202510411573.1	A_000931
CN202510411573.1	A_016678
CN202510412473.0	A_002516
CN202510415909.1	A_016679
CN202510415909.1	A_016680
CN202510415909.1	A_000134
CN202510416012.0	A_016681
CN202510416012.0	A_016682
CN202510417017.5	A_016681
CN202510417017.5	A_016682
CN202510417301.2	A_016683
CN202510418966.5	A_016684
CN202510421209.3	A_016685
CN202510421209.3	A_000162
CN202510421209.3	A_016686
CN202510421345.2	A_016687
CN202510423152.0	A_016688
CN202510424903.0	A_000182
CN202510425156.2	A_004910
CN202510429595.0	A_000692
CN202510430743.0	A_016689
CN202510432140.4	A_002353
CN202510433397.1	A_016690
CN202510434633.1	A_016691
CN202510434903.9	A_001740
CN202510434916.6	A_000374
CN202510435197.X	A_016692
CN202510435197.X	A_016693
CN202510435472.8	A_016694
CN202510437469.X	A_002091
CN202510440511.3	A_016695
CN202510441430.5	A_016696
CN202510445721.1	A_012031
CN202510452259.8	A_000476
CN202510453048.6	A_016697
CN202510453064.5	A_004527
CN202510456612.X	A_000507
CN202510456971.5	A_002915
CN202510457305.3	A_016698
CN202510457677.6	A_010133
CN202510458648.1	A_004417
CN202510461369.0	A_016699
CN202510465357.5	A_003827
CN202510469866.5	A_000966
CN202510470750.3	A_000514
CN202510471606.1	A_016700
CN202510473431.8	A_016701
CN202510475655.2	A_016702
CN202510475796.4	A_016703
CN202510478593.0	A_002331
CN202510479909.8	A_016704
CN202510482167.4	A_016705
CN202510482827.9	A_016706
CN202510483043.8	A_016707
CN202510486307.5	A_000213
CN202510487458.2	A_000596
CN202510490156.0	A_004898
CN202510490871.4	A_004527
CN202510491498.4	A_013991
CN202510491507.X	A_016708
CN202510493864.X	A_016709
CN202510495297.1	A_002768
CN202510495297.1	A_001568
CN202510495297.1	A_000384
CN202510495517.0	A_016710
CN202510496206.6	A_004417
CN202510497058.X	A_001242
CN202510498089.7	A_000377
CN202510499682.3	A_003804
CN202510501441.8	A_001765
CN202510501859.9	A_016711
CN202510505641.0	A_000345
CN202510505763.X	A_000345
CN202510505769.7	A_000345
CN202510505777.1	A_000345
CN202510508852.X	A_016712
CN202510509629.7	A_000947
CN202510512219.8	A_016640
CN202510513602.5	A_015413
CN202510513921.6	A_000304
CN202510514488.8	A_016713
CN202510514547.1	A_000388
CN202510514595.0	A_016714
CN202510515439.6	A_016591
CN202510518524.8	A_016715
CN202510520255.9	A_016716
CN202510523501.6	A_016717
CN202510526485.6	A_016687
CN202510526755.3	A_011709
CN202510527232.0	A_016282
CN202510527398.2	A_016718
CN202510527843.5	A_003886
CN202510529272.9	A_000971
CN202510532919.3	A_000213
CN202510533043.4	A_016719
CN202510534817.5	A_016720
CN202510534817.5	A_000271
CN202510534817.5	A_000384
CN202510536046.3	A_016721
CN202510537189.6	A_000345
CN202510537190.9	A_000345
CN202510537909.9	A_001427
CN202510540220.1	A_001137
CN202510540250.2	A_016699
CN202510543659.X	A_016722
CN202510543801.0	A_011546
CN202510546174.6	A_011856
CN202510547560.7	A_001933
CN202510549386.X	A_016723
CN202510549514.0	A_016724
CN202510549514.0	A_016235
CN202510549742.8	A_003823
CN202510551025.9	A_003049
CN202510552635.0	A_016725
CN202510554518.8	A_000294
CN202510554518.8	A_001743
CN202510555614.4	A_000213
CN202510555940.5	A_016726
CN202510556426.3	A_016727
CN202510556464.9	A_016728
CN202510556555.2	A_015583
CN202510557944.7	A_016729
CN202510558301.4	A_016730
CN202510558435.6	A_016731
CN202510558994.7	A_004162
CN202510559957.8	A_000182
CN202510561884.6	A_000452
CN202510563284.3	A_016732
CN202510565216.0	A_004162
CN202510566038.3	A_000514
CN202510566429.5	A_004128
CN202510567715.3	A_000222
CN202510568590.6	A_010674
CN202510568590.6	A_000514
CN202510571336.1	A_016733
CN202510573709.9	A_010501
CN202510576078.6	A_016734
CN202510577349.X	A_016735
CN202510577349.X	A_016736
CN202510577349.X	A_016737
CN202510578683.7	A_004480
CN202510580073.0	A_002349
CN202510582765.9	A_016738
CN202510584107.3	A_016739
CN202510586372.5	A_001659
CN202510586503.X	A_001770
CN202510594451.0	A_005127
CN202510594451.0	A_016740
CN202510594777.3	A_016741
CN202510596281.X	A_004769
CN202510597315.7	A_016742
CN202510597315.7	A_010602
CN202510597710.5	A_016743
CN202510598266.9	A_015388
CN202510600770.8	A_001017
CN202510601683.4	A_001427
CN202510601827.6	A_000337
CN202510601827.6	A_003780
CN202510601854.3	A_004910
CN202510603300.7	A_003757
CN202510608779.3	A_000162
CN202510608779.3	A_001770
CN202510611652.7	A_002791
CN202510611652.7	A_002073
CN202510611855.6	A_002791
CN202510611855.6	A_002073
CN202510614776.0	A_000304
CN202510615599.8	A_000294
CN202510616602.8	A_004910
CN202510616683.1	A_000895
CN202510617975.7	A_016744
CN202510623254.7	A_016745
CN202510623437.9	A_000947
CN202510625125.1	A_004865
CN202510625725.8	A_002970
CN202510626148.4	A_001679
CN202510626591.1	A_000636
CN202510629566.9	A_000304
CN202510630172.5	A_016746
CN202510636050.7	A_000947
CN202510640640.7	A_000134
CN202510642188.8	A_001770
CN202510643100.4	A_000971
CN202510644922.4	A_016747
CN202510645281.4	A_000326
CN202510646485.X	A_016748
CN202510649471.3	A_016749
CN202510649989.7	A_016750
CN202510651009.7	A_016751
CN202510651728.9	A_008696
CN202510651921.2	A_016662
CN202510652347.2	A_016752
CN202510652631.X	A_016753
CN202510654693.4	A_001428
CN202510655972.2	A_000458
CN202510656404.4	A_013984
CN202510656530.X	A_016754
CN202510658378.9	A_016755
CN202510659182.1	A_000228
CN202510660837.7	A_016756
CN202510661408.1	A_001546
CN202510662434.6	A_000184
CN202510662663.8	A_001075
CN202510662770.0	A_015349
CN202510662770.0	A_016757
CN202510665136.2	A_005142
CN202510665198.3	A_002687
CN202510665257.7	A_014963
CN202510665928.X	A_000574
CN202510666386.8	A_003216
CN202510667936.8	A_000294
CN202510669182.X	A_016758
CN202510669182.X	A_016759
CN202510669393.3	A_002096
CN202510669824.6	A_016711
CN202510670728.3	A_016760
CN202510671213.5	A_016761
CN202510677379.8	A_000749
CN202510677916.9	A_000182
CN202510677916.9	A_002282
CN202510678840.1	A_002154
CN202510682780.0	A_000641
CN202510683289.X	A_016762
CN202510683366.1	A_001139
CN202510683774.7	A_003698
CN202510685597.6	A_016763
CN202510686086.6	A_000134
CN202510686567.7	A_014607
CN202510687742.4	A_016764
CN202510688968.6	A_016764
CN202510689582.7	A_001366
CN202510689738.1	A_003082
CN202510690526.5	A_000294
CN202510692268.4	A_015280
CN202510693013.X	A_002318
CN202510693856.X	A_010212
CN202510693856.X	A_016765
CN202510695597.4	A_016766
CN202510697084.7	A_016767
CN202510698523.6	A_016768
CN202510698526.X	A_016768
CN202510702782.1	A_015539
CN202510705596.3	A_016767
CN202510707509.8	A_016769
CN202510709619.8	A_015591
CN202510710419.4	A_015402
CN202510711033.5	A_011621
CN202510711732.X	A_000182
CN202510712668.7	A_016770
CN202510712709.2	A_016764
CN202510713111.5	A_000345
CN202510713111.5	A_001151
CN202510717616.9	A_000988
CN202510720015.3	A_004599
CN202510723994.8	A_016771
CN202510724294.0	A_014334
CN202510726920.X	A_000337
CN202510726996.2	A_004162
CN202510726996.2	A_016587
CN202510727431.6	A_016772
CN202510728244.X	A_016773
CN202510728755.1	A_016774
CN202510731175.8	A_016775
CN202510731918.1	A_016776
CN202510731925.1	A_001137
CN202510732639.7	A_016777
CN202510732929.1	A_000517
CN202510738248.6	A_016778
CN202510741738.1	A_001758
CN202510742407.X	A_012167
CN202510742407.X	A_012168
CN202510742575.9	A_003225
CN202510743544.5	A_016779
CN202510743544.5	A_016780
CN202510744096.0	A_016781
CN202510744969.8	A_016080
CN202510749218.5	A_016782
CN202510750484.X	A_001037
CN202510751192.8	A_003961
CN202510751348.2	A_000182
CN202510754130.2	A_016783
CN202510755135.7	A_001075
CN202510755138.0	A_001075
CN202510758631.8	A_003871
CN202510760269.8	A_010473
CN202510764141.9	A_016784
CN202510764364.5	A_001723
CN202510764418.8	A_016785
CN202510767029.0	A_000923
CN202510769807.X	A_008751
CN202510770325.6	A_000336
CN202510773070.9	A_016510
CN202510773213.6	A_002783
CN202510773552.4	A_016786
CN202510773552.4	A_016787
CN202510774902.9	A_001581
CN202510774902.9	A_000416
CN202510775358.X	A_001366
CN202510775358.X	A_001155
CN202510775884.6	A_010309
CN202510782411.9	A_016788
CN202510787623.6	A_016789
CN202510788994.6	A_016790
CN202510789583.9	A_003886
CN202510790618.0	A_001276
CN202510793422.7	A_000304
CN202510793994.5	A_001369
CN202510795119.0	A_015611
CN202510795122.2	A_016791
CN202510798182.X	A_015617
CN202510800897.4	A_016792
CN202510801790.1	A_001075
CN202510802511.3	A_016793
CN202510804220.8	A_016794
CN202510804789.4	A_016795
CN202510808936.5	A_016796
CN202510810818.8	A_016797
CN202510810818.8	A_000863
CN202510812900.4	A_016798
CN202510814146.8	A_016799
CN202510814146.8	A_016800
CN202510817249.X	A_000609
CN202510822112.3	A_000811
CN202510822112.3	A_016801
CN202510822163.6	A_001864
CN202510822789.7	A_016802
CN202510822976.5	A_016803
CN202510825035.7	A_016804
CN202510825741.1	A_016805
CN202510827477.5	A_015413
CN202510827479.4	A_015413
CN202510830322.7	A_000294
CN202510831064.4	A_016806
CN202510833938.X	A_016807
CN202510833978.4	A_001756
CN202510834902.3	A_001756
CN202510839494.0	A_016808
CN202510842730.4	A_016809
CN202510842910.2	A_016810
CN202510844311.4	A_003071
CN202510847187.7	A_001075
CN202510851689.7	A_016811
CN202510852081.6	A_016812
CN202510855732.7	A_016813
CN202510855754.3	A_016814
CN202510856739.0	A_016815
CN202510860048.8	A_016816
CN202510860781.X	A_003133
CN202510860781.X	A_004112
CN202510864268.8	A_016817
CN202510864515.4	A_009180
CN202510868104.2	A_016818
CN202510868557.5	A_000811
CN202510868557.5	A_016801
CN202510868803.7	A_000294
CN202510873903.9	A_016818
CN202510873976.8	A_016774
CN202510875958.3	A_016819
CN202510876463.2	A_000317
CN202510877311.4	A_001756
CN202510877563.7	A_002516
CN202510880552.4	A_016820
CN202510881064.5	A_016821
CN202510885470.9	A_003627
CN202510885647.5	A_004734
CN202510888517.7	A_016818
CN202510890338.7	A_002942
CN202510890924.1	A_016822
CN202510892030.6	A_016823
CN202510892595.4	A_004306
CN202510892595.4	A_000319
CN202510893129.8	A_000222
CN202510893165.4	A_016824
CN202510894116.2	A_004089
CN202510894872.5	A_004599
CN202510895247.2	A_000299
CN202510895891.X	A_000416
CN202510895891.X	A_004016
CN202510896466.2	A_004089
CN202510899953.4	A_016825
CN202510900379.X	A_000477
CN202510901424.3	A_016826
CN202510902883.3	A_016827
CN202510902936.1	A_004035
CN202510905376.5	A_000598
CN202510906763.0	A_016828
CN202510907253.5	A_016829
CN202510911842.0	A_016657
CN202510911842.0	A_003876
CN202510917711.3	A_016830
CN202510921201.3	A_001770
CN202510923146.1	A_016831
CN202510923502.X	A_016832
CN202510923502.X	A_000811
CN202510924762.9	A_001756
CN202510925051.3	A_016833
CN202510930654.2	A_000641
CN202510930727.8	A_016806
CN202510931612.0	A_016834
CN202510932760.4	A_000971
CN202510933191.5	A_001192
CN202510936399.2	A_016835
CN202510936799.3	A_011804
CN202510940955.3	A_016836
CN202510941188.8	A_004102
CN202510941893.8	A_000810
CN202510942302.9	A_000507
CN202510944249.6	A_016837
CN202510944810.0	A_000782
CN202510945360.7	A_015964
CN202510945828.2	A_001602
CN202510945828.2	A_000182
CN202510947309.X	A_004162
CN202510948948.8	A_000292
CN202510949697.5	A_000764
CN202510949697.5	A_003478
CN202510949992.0	A_016838
CN202510949992.0	A_016839
CN202510953118.4	A_016840
CN202510953896.3	A_004162
CN202510955286.7	A_000971
CN202510956667.7	A_001150
CN202510957404.8	A_002299
CN202510959351.3	A_003324
CN202510959721.3	A_016841
CN202510960833.0	A_016842
CN202510961740.X	A_016843
CN202510963797.3	A_003651
CN202510966580.8	A_003970
CN202510967510.4	A_011508
CN202510967817.4	A_016844
CN202510968103.5	A_000998
CN202510968576.5	A_004035
CN202510969838.X	A_000971
CN202510971213.7	A_004892
CN202510972808.4	A_003464
CN202510973604.2	A_016845
CN202510974273.4	A_011936
CN202510974276.8	A_016846
CN202510975693.4	A_016847
CN202510979004.7	A_014888
CN202510982399.6	A_016848
CN202510982399.6	A_016849
CN202510982516.9	A_016850
CN202510982705.6	A_000614
CN202510985194.3	A_016851
CN202510986186.0	A_016852
CN202510986346.1	A_016853
CN202510987334.0	A_016854
CN202510987923.9	A_016855
CN202510988976.2	A_002268
CN202510988976.2	A_000198
CN202510989672.8	A_016856
CN202510989860.0	A_016857
CN202510989967.5	A_003906
CN202510991139.5	A_015556
CN202510997223.8	A_016858
CN202510997955.7	A_000213
CN202510999848.8	A_001916
CN202510999848.8	A_009005
CN202511001940.7	A_016859
CN202511002433.5	A_016860
CN202511003069.4	A_000971
CN202511004940.2	A_016861
CN202511008516.5	A_000182
CN202511010016.5	A_002440
CN202511010016.5	A_002439
CN202511010016.5	A_003267
CN202511010016.5	A_000778
CN202511011462.8	A_016862
CN202511011930.1	A_016863
CN202511018712.0	A_016566
CN202511020939.9	A_016864
CN202511021231.5	A_008698
CN202511022131.4	A_004054
CN202511023122.7	A_016865
CN202511025080.0	A_016866
CN202511027546.0	A_016867
CN202511029879.7	A_000299
CN202511031296.8	A_016868
CN202511032134.6	A_012168
CN202511035828.5	A_016869
CN202511036558.X	A_004121
CN202511037012.6	A_016870
CN202511037387.2	A_001758
CN202511037646.1	A_001485
CN202511037659.9	A_016871
CN202511038241.X	A_000245
CN202511039064.7	A_004873
CN202511042325.0	A_002791
CN202511043055.5	A_016872
CN202511044218.1	A_000371
CN202511045149.6	A_001015
CN202511046537.6	A_016873
CN202511046618.6	A_016874
CN202511047363.5	A_016875
CN202511047363.5	A_016876
CN202511049453.8	A_002574
CN202511050946.3	A_001027
CN202511051855.1	A_003871
CN202511052606.4	A_014964
CN202511053965.1	A_016877
CN202511053967.0	A_016877
CN202511054083.7	A_000371
CN202511054973.8	A_016878
CN202511056513.9	A_000988
CN202511056678.6	A_016879
CN202511058410.6	A_000182
CN202511058410.6	A_001648
CN202511061789.6	A_002500
CN202511063071.0	A_016880
CN202511064382.9	A_004015
CN202511066357.4	A_004898
CN202511067245.0	A_016881
CN202511067606.1	A_016882
CN202511067655.5	A_016883
CN202511068178.4	A_015219
CN202511068178.4	A_016884
CN202511068934.3	A_016885
CN202511070635.3	A_012168
CN202511075827.3	A_008945
CN202511076250.8	A_016886
CN202511077383.7	A_016665
CN202511078048.9	A_016887
CN202511081117.1	A_016888
CN202511082942.3	A_002374
CN202511085721.1	A_002424
CN202511086760.3	A_010576
CN202511087657.0	A_016889
CN202511087941.8	A_016890
CN202511087958.3	A_000697
CN202511088524.5	A_016891
CN202511089975.0	A_016892
CN202511091874.7	A_010605
CN202511093654.8	A_016893
CN202511093660.3	A_011723
CN202511093909.0	A_015428
CN202511099299.5	A_016761
CN202511099671.2	A_016894
CN202511102078.9	A_016895
CN202511102078.9	A_016896
CN202511102078.9	A_016897
CN202511102563.6	A_016898
CN202511106093.0	A_001480
CN202511106093.0	A_016899
CN202511111029.1	A_001275
CN202511113792.8	A_001755
CN202511114890.3	A_010674
CN202511119717.2	A_016900
CN202511121650.6	A_016901
CN202511123522.5	A_000927
CN202511123751.7	A_016902
CN202511123751.7	A_016903
CN202511124098.6	A_002489
CN202511124105.2	A_002489
CN202511124512.3	A_016892
CN202511124596.0	A_016892
CN202511125480.9	A_016904
CN202511126225.6	A_002768
CN202511126225.6	A_000528
CN202511126225.6	A_001568
CN202511128560.X	A_002360
CN202511130179.7	A_002360
CN202511134554.5	A_004162
CN202511134592.0	A_000729
CN202511138743.X	A_001308
CN202511138991.4	A_016905
CN202511138991.4	A_016906
CN202511139215.6	A_003011
CN202511140301.9	A_000998
CN202511141901.7	A_015428
CN202511145070.0	A_016496
CN202511146241.1	A_002046
CN202511154196.4	A_016827
CN202511155454.0	A_016823
CN202511156983.2	A_016870
CN202511159064.0	A_011860
CN202511159064.0	A_000384
CN202511167448.7	A_016907
CN202511167680.0	A_016908
CN202511171774.5	A_016909
CN202511172446.7	A_016910
CN202511172476.8	A_016910
CN202511176634.7	A_001139
CN202511177931.3	A_001499
CN202511177974.1	A_008611
CN202511180237.7	A_016911
CN202511180720.5	A_016912
CN202511184854.4	A_003063
CN202511186450.9	A_016913
CN202511189991.7	A_016914
CN202511191271.4	A_015563
CN202511192401.6	A_001617
CN202511196399.X	A_000641
CN202511196494.X	A_016915
CN202511198247.3	A_016916
CN202511199803.9	A_016917
CN202511200206.3	A_011804
CN202511205400.0	A_016918
CN202511207670.5	A_016919
CN202511207862.6	A_016920
CN202511211057.0	A_016921
CN202511213463.0	A_016922
CN202511214070.1	A_016923
CN202511215132.0	A_001451
CN202511217193.0	A_002941
CN202511218025.3	A_016924
CN202511219739.6	A_000198
CN202511220460.X	A_015563
CN202511221173.0	A_016703
CN202511222548.5	A_016925
CN202511222724.5	A_016926
CN202511223068.0	A_015591
CN202511223308.7	A_016927
CN202511228313.7	A_003740
CN202511228738.8	A_016854
CN202511228742.4	A_016854
CN202511229046.5	A_016928
CN202511231318.5	A_016929
CN202511232309.8	A_000326
CN202511234041.1	A_001581
CN202511234041.1	A_000416
CN202511234587.7	A_000389
CN202511235842.X	A_016930
CN202511236163.4	A_016931
CN202511238154.9	A_016932
CN202511243170.7	A_016933
CN202511245564.6	A_001369
CN202511246203.3	A_016934
CN202511246370.8	A_001756
CN202511249432.0	A_016935
CN202511251887.6	A_002421
CN202511252875.5	A_001770
CN202511253293.9	A_016936
CN202511255865.7	A_010561
CN202511256487.4	A_001770
CN202511256886.0	A_016937
CN202511257871.6	A_016915
CN202511257988.4	A_016938
CN202511265064.9	A_016209
CN202511265318.7	A_016939
CN202511266286.2	A_016940
CN202511267721.3	A_016941
CN202511267721.3	A_016942
CN202511270174.4	A_016943
CN202511270174.4	A_009115
CN202511270174.4	A_016944
CN202511270175.9	A_016945
CN202511271115.9	A_016946
CN202511272178.6	A_005214
CN202511272287.8	A_002913
CN202511274882.5	A_003739
CN202511279835.X	A_016947
CN202511282427.X	A_016948
CN202511282427.X	A_008914
CN202511282877.9	A_000731
CN202511282895.7	A_000223
CN202511283434.1	A_001095
CN202511283848.4	A_001109
CN202511285094.6	A_016949
CN202511286131.5	A_000458
CN202511288311.7	A_002347
CN202511288311.7	A_016950
CN202511290768.1	A_001139
CN202511290852.3	A_016951
CN202511291554.6	A_016952
CN202511291554.6	A_001613
CN202511293566.2	A_016953
CN202511296344.6	A_016954
CN202511298073.8	A_016955
CN202511298452.7	A_003012
CN202511299088.6	A_016405
CN202511299874.6	A_000749
CN202511303227.8	A_016277
CN202511303370.7	A_016956
CN202511303519.1	A_000609
CN202511303835.9	A_000387
CN202511304678.3	A_016957
CN202511304864.7	A_016958
CN202511306736.6	A_016959
CN202511307102.2	A_016960
CN202511307399.2	A_016961
CN202511307532.4	A_000998
CN202511311043.6	A_004500
CN202511311043.6	A_000681
CN202511311274.7	A_000182
CN202511311276.6	A_001095
CN202511311518.1	A_002886
CN202511312054.6	A_002886
CN202511312274.9	A_000337
CN202511312274.9	A_003780
CN202511312305.0	A_016962
CN202511313369.2	A_003740
CN202511313951.9	A_000273
CN202511314220.6	A_001765
CN202511314578.9	A_016963
CN202511315110.1	A_016964
CN202511317812.3	A_016935
CN202511318966.4	A_016927
CN202511322072.2	A_001139
CN202511323246.7	A_016965
CN202511324085.3	A_000223
CN202511324317.5	A_000996
CN202511325173.5	A_003229
CN202511325308.8	A_015361
CN202511331341.1	A_003345
CN202511331828.X	A_001066
CN202511332013.3	A_001758
CN202511332840.2	A_002932
CN202511333135.4	A_004992
CN202511337356.9	A_002472
CN202511337998.9	A_001475
CN202511338297.7	A_016966
CN202511343082.4	A_016967
CN202511343757.5	A_000387
CN202511343778.7	A_000387
CN202511345621.8	A_016968
CN202511345904.2	A_000971
CN202511348092.7	A_002974
CN202511348101.2	A_002974
CN202511351301.3	A_016969
CN202511352437.6	A_000377
CN202511353375.0	A_016970
CN202511355491.6	A_011824
CN202511356122.9	A_016971
CN202511357334.9	A_016972
CN202511358959.7	A_016973
CN202511361883.3	A_000182
CN202511362192.5	A_000326
CN202511363206.5	A_016974
CN202511363318.0	A_001709
CN202511363918.7	A_016915
CN202511365366.3	A_001118
CN202511366187.1	A_000213
CN202511366187.1	A_000966
CN202511368092.3	A_000387
CN202511368101.9	A_000547
CN202511368150.2	A_000387
CN202511368323.0	A_010576
CN202511368421.4	A_000514
CN202511371391.2	A_016975
CN202511371549.6	A_004892
CN202511374111.3	A_016976
CN202511374529.4	A_016391
CN202511375234.9	A_016977
CN202511376793.1	A_016978
CN202511377923.3	A_016979
CN202511379800.3	A_016980
CN202511383223.5	A_002636
CN202511386880.5	A_000179
CN202511386917.4	A_011739
CN202511387055.7	A_001473
CN202511387530.0	A_003074
CN202511387604.0	A_000971
CN202511389038.7	A_001139
CN202511390193.0	A_001139
CN202511390886.X	A_002154
CN202511390938.3	A_012345
CN202511390938.3	A_016981
CN202511391161.2	A_016982
CN202511394633.X	A_003255
CN202511394669.8	A_001765
CN202511395955.6	A_016983
CN202511397386.9	A_002993
CN202511397386.9	A_002929
CN202511397440.X	A_000641
CN202511399323.7	A_016984
CN202511399566.0	A_016859
CN202511400991.7	A_002682
CN202511401279.9	A_016985
CN202511404773.0	A_015809
CN202511406206.9	A_016986
CN202511406837.0	A_016987
CN202511408051.2	A_016988
CN202511414004.9	A_016928
CN202511414067.4	A_016989
CN202511414496.1	A_002974
CN202511418591.9	A_000494
CN202511419531.9	A_016990
CN202511420932.6	A_016991
CN202511424478.1	A_000162
CN202511428822.4	A_002974
CN202511429206.0	A_001451
CN202511429876.2	A_000749
CN202511435161.8	A_016992
CN202511435623.6	A_016827
CN202511436703.3	A_016992
CN202511437169.8	A_001765
CN202511437169.8	A_016993
CN202511440612.7	A_016994
CN202511440966.1	A_003029
CN202511443365.6	A_003086
CN202511444034.4	A_003071
CN202511444387.4	A_001139
CN202511445151.2	A_002974
CN202511447840.7	A_012933
CN202511450507.1	A_000528
CN202511451562.2	A_001602
CN202511451562.2	A_000182
CN202511455019.X	A_000452
CN202511457780.7	A_003074
CN202511459065.7	A_016995
CN202511461690.5	A_016996
CN202511462061.4	A_016997
CN202511464861.X	A_016998
CN202511467427.7	A_016314
CN202511470965.1	A_016999
CN202511473410.2	A_016963
CN202511475040.6	A_017000
CN202511475040.6	A_001499
CN202511475501.X	A_001324
CN202511479597.7	A_000971
CN202511479636.3	A_017001
CN202511484106.8	A_000996
CN202511484187.1	A_000735
CN202511484845.7	A_017002
CN202511486282.5	A_017003
CN202511486282.5	A_017004
CN202511487980.7	A_017005
CN202511488705.7	A_017006
CN202511488718.4	A_002267
CN202511489689.3	A_017007
CN202511489689.3	A_016786
CN202511490948.4	A_017008
CN202511491061.7	A_003116
CN202511494924.6	A_017009
CN202511494924.6	A_017010
CN202511494964.0	A_015923
CN202511496198.1	A_017011
CN202511498186.2	A_001075
CN202511498721.4	A_002380
CN202511501294.0	A_014795
CN202511506550.5	A_015514
CN202511506644.2	A_017012
CN202511508085.9	A_017013
CN202511508898.8	A_001616
CN202511508898.8	A_017014
CN202511509837.3	A_017015
CN202511509837.3	A_000811
CN202511509945.0	A_000554
CN202511511516.7	A_001229
CN202511517892.7	A_000782
CN202511518617.7	A_010513
CN202511518617.7	A_016580
CN202511518924.5	A_017016
CN202511520693.1	A_017017
CN202511521156.9	A_017018
CN202511522732.1	A_003970
CN202511525605.7	A_005132
CN202511525678.6	A_005132
CN202511529774.8	A_000782
CN202511530316.6	A_016935
CN202511530655.4	A_017019
CN202511533257.8	A_005059
CN202511539859.4	A_017003
CN202511539859.4	A_017004
CN202511544012.5	A_003817
CN202511544708.8	A_000477
CN202511546565.4	A_017020
CN202511547631.X	A_001668
CN202511549529.3	A_017021
CN202511549827.2	A_000641
CN202511551964.X	A_017022
CN202511554461.8	A_002002
CN202511561022.X	A_017023
CN202511562629.X	A_002974
CN202511570386.4	A_017024
CN202511574053.9	A_017025
CN202511579146.0	A_017026
CN202511580222.X	A_001428
CN202511581412.3	A_017027
CN202511581414.2	A_017027
CN202511581656.1	A_003028
CN202511582556.0	A_017028
CN202511586097.3	A_015342
CN202511588825.4	A_000294
CN202511593681.1	A_000222
CN202511600178.4	A_004060
CN202511600426.5	A_017029
CN202511601363.5	A_004897
CN202511601502.4	A_017030
CN202511602285.0	A_011702
CN202511607155.6	A_000182
CN202511607580.5	A_017031
CN202511607800.4	A_001594
CN202511610521.3	A_017032
CN202511611735.2	A_001075
CN202511614022.1	A_016971
CN202511614887.8	A_017033
CN202511615474.1	A_012095
CN202511618429.1	A_003901
CN202511618454.X	A_017034
CN202511618678.0	A_017034
CN202511620649.8	A_017035
CN202511620654.9	A_017036
CN202511624307.3	A_017037
CN202511629601.3	A_017038
CN202511629627.8	A_017039
CN202511630228.3	A_002971
CN202511637083.X	A_017040
CN202511640272.2	A_017041
CN202511642312.7	A_017042
CN202511642395.X	A_003802
CN202511644857.1	A_015511
CN202511646908.4	A_000371
CN202511646952.5	A_017043
CN202511649725.8	A_002132
CN202511652783.6	A_017044
CN202511655285.7	A_000304
CN202511656802.2	A_017045
CN202511658216.1	A_001133
CN202511660534.1	A_017046
CN202511662186.1	A_003160
CN202511662186.1	A_017047
CN202511664511.8	A_015612
CN202511664511.8	A_002109
CN202511664511.8	A_000384
CN202511665226.8	A_003990
CN202511673205.0	A_004144
CN202511675359.3	A_017048
CN202511677993.0	A_016203
CN202511679911.6	A_017036
CN202511682608.1	A_000641
CN202511684361.7	A_017049
CN202511688500.3	A_017050
CN202511692738.3	A_017051
CN202511695750.X	A_017052
CN202511697233.6	A_017053
CN202511697235.5	A_017053
CN202511699174.6	A_002956
CN202511699890.4	A_017029
CN202511702547.0	A_004106
CN202511704981.2	A_010576
CN202511705358.9	A_000554
CN202511708138.1	A_000864
CN202511709494.5	A_017054
CN202511709494.5	A_017055
CN202511712784.5	A_002408
CN202511717356.1	A_017056
CN202511717360.8	A_017056
CN202511717523.2	A_015348
CN202511717523.2	A_017057
CN202511717685.6	A_003111
CN202511719124.X	A_017058
CN202511724060.2	A_017059
CN202511730249.2	A_016907
CN202511730820.0	A_002268
CN202511730825.3	A_002268
CN202511732841.6	A_016772
CN202511739118.0	A_000253
CN202511739711.5	A_000844
CN202511741225.7	A_001139
CN202511747154.1	A_017060
CN202511752389.X	A_016761
CN202511756882.9	A_017061
CN202511763415.9	A_000222
CN202511765637.4	A_017062
CN202511767152.9	A_000841
CN202511770793.X	A_017063
CN202511770793.X	A_000947
CN202511777310.9	A_017064
CN202511777350.3	A_000179
CN202511778335.0	A_000353
CN202511778451.2	A_017065
CN202511779434.0	A_000294
CN202511797713.X	A_017066
CN202511804961.2	A_003011
CN202511805523.8	A_017067
CN202511807004.5	A_001351
CN202511807785.8	A_011515
CN202511817119.2	A_016452
CN202511827941.7	A_017068
CN202511829457.8	A_001118
CN202511830110.5	A_001018
CN202511830529.0	A_017069
CN202511831539.6	A_002563
CN202511831539.6	A_000509
CN202511831539.6	A_017070
CN202511835541.0	A_017071
CN202511841765.2	A_000345
CN202511842084.8	A_000345
CN202511842091.8	A_000345
CN202511842133.8	A_000345
CN202511842455.2	A_000345
CN202511842585.6	A_000345
CN202511848420.X	A_008878
CN202511858611.4	A_016314
CN202511870092.3	A_001546
CN202511882740.7	A_000317
CN202511893495.X	A_002141
CN202511905707.1	A_002360
CN202511909972.7	A_016972
CN202511911771.0	A_001770
CN202511913940.4	A_003011
CN202511920247.X	A_017072
CN202511922466.1	A_002057
CN202511924403.X	A_000294
CN202511938026.5	A_016473
CN202511975206.0	A_002307
CN202511978296.9	A_000345
CN202511984184.4	A_011817
CN202511984709.4	A_000294
CN202511987354.4	A_000496
CN202511996705.8	A_000749
CN202512017594.8	A_002307
CN202520004700.1	A_017073
CN202520005892.8	A_012219
CN202520009458.7	A_017074
CN202520032376.4	A_017075
CN202520038855.7	A_001190
CN202520039006.3	A_017076
CN202520039336.2	A_017077
CN202520039527.9	A_017078
CN202520049140.1	A_017079
CN202520052214.7	A_017080
CN202520056733.0	A_017081
CN202520059846.6	A_017082
CN202520059846.6	A_017083
CN202520060881.X	A_017084
CN202520061375.2	A_005213
CN202520065441.3	A_012129
CN202520065963.3	A_004754
CN202520066771.4	A_002970
CN202520073389.6	A_017085
CN202520073393.2	A_017086
CN202520074419.5	A_003492
CN202520076534.6	A_000936
CN202520080670.2	A_016905
CN202520080670.2	A_016906
CN202520080922.1	A_017087
CN202520083150.7	A_002486
CN202520083150.7	A_001770
CN202520083150.7	A_016583
CN202520083479.3	A_016070
CN202520083734.4	A_017088
CN202520083734.4	A_017089
CN202520083734.4	A_017090
CN202520083734.4	A_001190
CN202520083735.9	A_017088
CN202520083735.9	A_017089
CN202520083735.9	A_001190
CN202520083735.9	A_017090
CN202520084053.X	A_000641
CN202520084053.X	A_004282
CN202520086024.7	A_016522
CN202520086924.1	A_003397
CN202520093948.X	A_011546
CN202520096110.6	A_011170
CN202520096295.0	A_005011
CN202520097869.6	A_017091
CN202520100920.4	A_017092
CN202520101362.3	A_017093
CN202520106381.5	A_017094
CN202520107910.3	A_008726
CN202520109478.1	A_017095
CN202520112834.5	A_014852
CN202520114393.2	A_001245
CN202520114775.5	A_002459
CN202520116550.3	A_017096
CN202520126945.1	A_004178
CN202520127071.1	A_005044
CN202520127527.4	A_005044
CN202520127557.5	A_017097
CN202520134882.4	A_017098
CN202520134961.5	A_017099
CN202520134964.9	A_015942
CN202520135774.9	A_017100
CN202520137072.4	A_017101
CN202520139660.1	A_017102
CN202520140562.X	A_017103
CN202520141185.1	A_017104
CN202520142831.6	A_017105
CN202520146918.0	A_012765
CN202520151247.7	A_015344
CN202520153646.7	A_017106
CN202520158378.8	A_017107
CN202520158461.5	A_017108
CN202520158462.X	A_017108
CN202520166578.8	A_015412
CN202520168396.4	A_000912
CN202520175450.8	A_001152
CN202520178972.3	A_002472
CN202520180370.1	A_017109
CN202520186016.X	A_017100
CN202520191995.8	A_017110
CN202520192682.4	A_017111
CN202520193090.4	A_017112
CN202520193090.4	A_017113
CN202520193090.4	A_017114
CN202520193090.4	A_017115
CN202520193090.4	A_017116
CN202520198930.6	A_016172
CN202520208576.0	A_017111
CN202520209793.1	A_017117
CN202520217884.X	A_017118
CN202520223059.0	A_017119
CN202520227078.0	A_017120
CN202520238354.3	A_002299
CN202520238528.6	A_017121
CN202520243022.4	A_004015
CN202520248324.0	A_017122
CN202520253303.8	A_016872
CN202520253303.8	A_017123
CN202520254352.3	A_017124
CN202520255480.X	A_017125
CN202520255480.X	A_017126
CN202520261859.1	A_017127
CN202520262100.5	A_002970
CN202520264708.1	A_017128
CN202520274049.X	A_004667
CN202520277765.3	A_004223
CN202520278541.4	A_017129
CN202520283121.5	A_017128
CN202520291804.5	A_017130
CN202520295533.0	A_000856
CN202520296553.X	A_017128
CN202520303544.9	A_017131
CN202520305212.4	A_011740
CN202520306311.4	A_000796
CN202520306902.1	A_014681
CN202520308571.5	A_017132
CN202520314135.9	A_001365
CN202520316369.7	A_010740
CN202520317980.1	A_016075
CN202520317980.1	A_017133
CN202520318534.2	A_016075
CN202520318534.2	A_017133
CN202520320883.8	A_017134
CN202520321197.2	A_017135
CN202520325175.3	A_003262
CN202520325473.2	A_001894
CN202520325606.6	A_017136
CN202520326507.X	A_017137
CN202520327514.1	A_016815
CN202520327804.6	A_003471
CN202520328818.X	A_017138
CN202520330735.4	A_017139
CN202520331968.6	A_017140
CN202520335942.9	A_017141
CN202520337083.7	A_017142
CN202520339827.9	A_003711
CN202520343411.4	A_017143
CN202520350917.8	A_014751
CN202520357241.5	A_001257
CN202520357406.9	A_017144
CN202520357853.4	A_000709
CN202520365669.4	A_002927
CN202520367223.5	A_000810
CN202520370887.7	A_004688
CN202520371511.8	A_001060
CN202520371749.0	A_002378
CN202520372970.8	A_000703
CN202520374241.6	A_002917
CN202520374575.3	A_001099
CN202520377816.X	A_004811
CN202520378529.0	A_004329
CN202520384506.0	A_017117
CN202520385967.X	A_017145
CN202520387136.6	A_017146
CN202520387179.4	A_017147
CN202520389338.4	A_017148
CN202520389720.5	A_011658
CN202520392063.X	A_000697
CN202520394274.7	A_002507
CN202520399150.8	A_015638
CN202520400041.3	A_014813
CN202520400871.6	A_017149
CN202520403175.0	A_017150
CN202520408260.6	A_017151
CN202520410253.X	A_004669
CN202520410411.1	A_017152
CN202520417159.7	A_017153
CN202520420357.9	A_001039
CN202520426047.8	A_017154
CN202520428581.2	A_017155
CN202520429245.X	A_001060
CN202520430220.1	A_017156
CN202520433303.6	A_017157
CN202520436212.8	A_017158
CN202520437717.6	A_017159
CN202520439822.3	A_017160
CN202520445248.2	A_017161
CN202520446533.6	A_001750
CN202520448602.7	A_017162
CN202520448811.1	A_017163
CN202520448811.1	A_017164
CN202520449970.3	A_000231
CN202520450347.X	A_017165
CN202520456386.0	A_013926
CN202520457805.2	A_017166
CN202520458227.4	A_017167
CN202520475859.1	A_000895
CN202520479257.3	A_017168
CN202520480097.4	A_017169
CN202520485801.5	A_016657
CN202520485801.5	A_003876
CN202520488553.X	A_017170
CN202520489151.1	A_002647
CN202520489808.4	A_016665
CN202520495267.6	A_017171
CN202520497800.2	A_002221
CN202520498264.8	A_008856
CN202520502885.9	A_017172
CN202520503614.5	A_017173
CN202520505511.2	A_017174
CN202520506527.5	A_017175
CN202520506740.6	A_004709
CN202520511677.5	A_015411
CN202520512840.X	A_017176
CN202520525062.8	A_017156
CN202520532003.3	A_017177
CN202520532490.3	A_017178
CN202520534600.X	A_017179
CN202520535263.6	A_001039
CN202520536374.9	A_001735
CN202520537588.8	A_010394
CN202520541995.6	A_017180
CN202520543884.9	A_017181
CN202520543884.9	A_017182
CN202520552709.6	A_017183
CN202520559417.5	A_017184
CN202520567823.6	A_003028
CN202520571773.9	A_017185
CN202520571845.X	A_017186
CN202520588282.5	A_017187
CN202520589155.7	A_017188
CN202520589155.7	A_017189
CN202520595377.X	A_003597
CN202520607114.6	A_003863
CN202520608270.4	A_017190
CN202520610421.X	A_017191
CN202520610527.X	A_000317
CN202520613646.0	A_017192
CN202520615955.1	A_017193
CN202520618935.X	A_017194
CN202520622850.9	A_017195
CN202520627558.6	A_017196
CN202520628643.4	A_008998
CN202520629777.8	A_017197
CN202520632432.8	A_002756
CN202520638538.9	A_017198
CN202520638543.X	A_017198
CN202520661943.2	A_017199
CN202520686442.X	A_017200
CN202520798091.1	A_017201
CN202520827830.5	A_017202
CN202520841073.7	A_002057
CN202520850443.3	A_017203
CN202520900112.6	A_004243
CN202520988449.7	A_001767
CN202521040253.1	A_000902
CN202521064882.8	A_017204
CN202521080332.5	A_017205
CN202521133805.3	A_017206
CN202521180741.2	A_001723
CN202521225288.2	A_000345
CN202521225288.2	A_001151
CN202521238058.X	A_000474
CN202521386858.6	A_017207
CN202521470718.7	A_002791
CN202521484331.7	A_017208
CN202521484331.7	A_017209
CN202521628062.7	A_017210
CN202521829699.2	A_017211
CN202521907786.5	A_016563
CN202521918482.9	A_016563
CN202522241620.0	A_016563
CN202522394349.4	A_016724
CN202522394349.4	A_017212
CN202522516785.4	A_016563
CN202522615357.7	A_016563
CN202522675059.7	A_002563
CN202522675059.7	A_017213
CN202522675059.7	A_011506
CN202522675059.7	A_000509
CN202522675059.7	A_017070
CN202522675059.7	A_008786
CZ2024460A	A_013065
CZ2024460A	A_013066
CZ2024460A	A_010864
CZ2024460A	A_017214
CZ2024460A	A_010866
CZ2024460A	A_010865
DE102024001505A	A_009206
DE102024102442A	A_005390
DE102024102444A	A_005390
DE102024103831A	A_005408
DE102024105441A	A_005390
DE102024105442A	A_005390
DE102024105453A	A_005390
DE102024113054A	A_005389
DE102024114673A	A_017215
DE102024115121A	A_005593
DE102024116368A	A_007733
DE102024123372A	A_007733
DE102024124004A	A_017216
DE102025115084A1	A_005430
DE112024000374T	A_012407
DE202024000258U	A_017217
DE202024106323U	A_017218
DE202024106727U	A_017219
DE202024106727U	A_017220
DE202024106727U	A_017221
DE202024106727U	A_017222
DE202025002337U1	A_017223
DE202025103986U1	A_017224
DE202025103986U1	A_005935
DE202025103986U1	A_017225
DE202025103986U1	A_017226
DE202025103986U1	A_017227
EP2024065670W	A_009310
EP2024066594W	A_005680
EP2024066594W	A_000113
EP2024069961W	A_017228
EP2024074638W	A_005421
EP2024080195W	A_005559
EP2024080857W	A_017229
EP2024082452W	A_017230
EP2025055587W	A_008069
EP24156938A	A_000009
EP24156947A	A_000009
EP24161865A	A_008274
EP24170339A	A_000112
EP24175083A	A_005469
EP24176029A	A_005573
EP24177505A	A_005392
EP24181124A	A_000009
EP24182399A	A_000009
EP24184005A	A_000009
EP24187180A	A_000037
EP24189191A	A_000054
EP24190616A	A_005624
EP24191830A	A_005624
EP24192461A	A_000009
EP24196309A	A_000086
EP24196311A	A_000009
EP24199268A	A_000009
EP24209988A	A_005469
EP24305548A	A_000077
EP24305549A	A_000077
EP24708613A	A_008150
EP24708613A	A_012626
EP24761038A	A_015126
EP25157057A	A_017231
EP25161668	A_008274
EP25169281	A_000009
EP25174989	A_000037
ES202430569U	A_017232
FI2024050623W	A_014105
FIU20253110U	A_017233
FR2401115A	A_005599
FR2402663A	A_017234
FR2404115A	A_005687
FR2404781A	A_017235
FR2405969A	A_005681
GB202400567A	A_005712
GB202401457A	A_005693
GB202401653A	A_000048
GB202403831A	A_017236
GB202403831A	A_017237
GB2024051046W	A_017238
GB2024052790W	A_017239
GB2024053019W	A_009307
GB202405655A	A_005713
GB202406162A	A_000048
GB202406844A	A_017240
GB202406844A	A_017241
GB202408531A	A_017242
GB202410309A	A_006788
GR20240100444A	A_017243
GR20240100691A	A_017244
GR20240100691A	A_017245
GR20240100691A	A_017246
GR20240100691A	A_017247
HU2024050118W	A_017248
IB2024051069W	A_005734
IB2024051176W	A_017249
IB2024053038W	A_017250
IB2024054873W	A_017251
IB2024057368W	A_005544
IB2024060960W	A_017252
IB2024060960W	A_017253
IB2024060960W	A_017254
IB2024061726W	A_017255
IB2024062208W	A_017256
IB2025050085W	A_007967
IB2025050310W	A_017256
IB2025050996W	A_017257
IB2025051290W	A_017258
IB2025051391W	A_017259
IL2024051150W	A_017260
IL2025050074W	A_017261
IL31023724A	A_005645
IL31023724A	A_017262
IL31023724A	A_017263
IL31023724A	A_017264
IL31023724A	A_017265
IL31051224A	A_005645
IL31127424A	A_005796
IL31134224A	A_017266
IL31134224A	A_017267
IL31278024A	A_007979
IL31296424A	A_017268
IL31657124A	A_014307
IL31693124A	A_000028
IL31693124A	A_005578
IL31783524A	A_000028
IL31783524A	A_005578
IL319448A	A_005645
IL319448A	A_017269
IL319448A	A_017270
IL319448A	A_017271
IL319563A	A_017272
IL319727A	A_005751
IL320638A	A_011380
IL321126A	A_017273
IL321126A	A_017274
IL321366A	A_017275
IL322493A	A_008427
IN2024050040W	A_005919
IN2024050249W	A_017276
IN202411004774	A_017277
IN202411006366A	A_017278
IN202411014394	A_005879
IN202411015205	A_017279
IN202411015262	A_005879
IN202411015577	A_005879
IN202411017495A	A_005879
IN202411017495A	A_013231
IN202411022695	A_005879
IN202411028417	A_005879
IN202411029055A	A_017280
IN202411030961A	A_017281
IN202411034050A	A_017281
IN202411039821	A_005935
IN202411040937	A_017282
IN202411064869	A_013237
IN202411066447	A_017283
IN202411070586A	A_017284
IN202411075595	A_017285
IN202411079293	A_000045
IN202411079663	A_000045
IN202411081680	A_013237
IN202411081839A	A_017286
IN202411086817A	A_017287
IN202411090794	A_000045
IN202411103497	A_000045
IN202417049593	A_007714
IN202417054316	A_000050
IN202417071870A	A_017235
IN202421003267A	A_017288
IN202421006806A	A_009417
IN202421015489	A_017289
IN202421015489	A_017290
IN202421015489	A_017291
IN202421015489	A_017292
IN202421015489	A_017293
IN202421030576A	A_017294
IN202421033460A	A_017295
IN202421040504	A_017296
IN202421045997	A_013264
IN202421065403A	A_013262
IN202421080917	A_005976
IN202421085086	A_017297
IN202421096075	A_017298
IN202421096075	A_017299
IN202423000072A	A_005977
IN202423015689A	A_005977
IN202431013029A	A_017300
IN202431029941	A_005985
IN202431062400	A_017301
IN202431082193A	A_017302
IN202431099444	A_017303
IN202441009631	A_017304
IN202441009631	A_017305
IN202441009631	A_017306
IN202441009631	A_017307
IN202441009631	A_017308
IN202441009631	A_017309
IN202441009631	A_017310
IN202441010556	A_017311
IN202441011739	A_017312
IN202441011792	A_017312
IN202441013120A	A_006703
IN202441013681	A_017313
IN202441014936	A_006032
IN202441015543	A_017314
IN202441015543	A_017315
IN202441015543	A_017316
IN202441015543	A_017317
IN202441015543	A_017318
IN202441015543	A_017319
IN202441015543	A_017320
IN202441015755	A_017321
IN202441017573	A_017322
IN202441021667A	A_006048
IN202441025879A	A_017323
IN202441025879A	A_017324
IN202441029416	A_017325
IN202441029416	A_017326
IN202441029416	A_017327
IN202441029416	A_017328
IN202441029416	A_017329
IN202441031083A	A_017330
IN202441031083A	A_017331
IN202441031083A	A_017332
IN202441031083A	A_017333
IN202441031083A	A_017334
IN202441031083A	A_017335
IN202441031083A	A_017336
IN202441031083A	A_017337
IN202441031978	A_017338
IN202441031978	A_009448
IN202441031978	A_017339
IN202441031978	A_017340
IN202441031978	A_017341
IN202441031978	A_017342
IN202441032815	A_017343
IN202441032815	A_017344
IN202441032815	A_017345
IN202441032815	A_017346
IN202441034918	A_017347
IN202441036150	A_017348
IN202441036150	A_017349
IN202441036150	A_017350
IN202441036150	A_017351
IN202441036150	A_017352
IN202441036150	A_017353
IN202441036150	A_017354
IN202441036150	A_017355
IN202441036150	A_017356
IN202441037216	A_017357
IN202441037216	A_017358
IN202441037216	A_017359
IN202441037680A	A_017360
IN202441041262	A_017361
IN202441043040A	A_017362
IN202441043040A	A_017363
IN202441043412	A_017364
IN202441046298A	A_017365
IN202441060190	A_017366
IN202441060190	A_017367
IN202441060190	A_017368
IN202441060190	A_017369
IN202441060190	A_005917
IN202441060190	A_017370
IN202441060190	A_017371
IN202441062634	A_017372
IN202441062634	A_017373
IN202441062634	A_017374
IN202441071108	A_017375
IN202441074444	A_017376
IN202441074553	A_017377
IN202441074553	A_017378
IN202441074553	A_017379
IN202441074553	A_017380
IN202441074553	A_017381
IN202441074553	A_017382
IN202441074553	A_017383
IN202441074553	A_017384
IN202441076634	A_006051
IN202441076833	A_017385
IN202441076833	A_017386
IN202441076833	A_017387
IN202441076833	A_017388
IN202441076833	A_017389
IN202441077911A	A_017390
IN202441080858	A_017391
IN202441080858	A_017392
IN202441080858	A_017393
IN202441080858	A_017394
IN202441080858	A_017395
IN202441080858	A_017396
IN202441080858	A_017397
IN202441080858	A_017398
IN202441080858	A_017399
IN202441081917	A_017400
IN202441081917	A_017401
IN202441082640	A_006035
IN202441083637	A_017400
IN202441083637	A_017401
IN202441084735	A_017402
IN202441091304	A_017403
IN202441091304	A_017404
IN202441091666	A_013285
IN202441091973	A_017405
IN202441093314	A_017406
IN202441093689	A_017407
IN202441095038	A_017408
IN202441095038	A_017409
IN202441095038	A_005917
IN202441098454	A_013285
IN202441098659	A_017312
IN202441101046	A_017410
IN202441101795	A_017411
IN202441102147	A_017412
IN202441103631	A_017413
IN202441103631	A_017414
IN202441103631	A_017415
IN202441103631	A_017416
IN202441103631	A_017417
IN202441103631	A_017418
IN202441103651	A_017419
IN202444031625A	A_017420
IN202511001636A	A_017421
IN202511001897A	A_017422
IN202511016435A	A_005935
IN202511028369	A_017423
IN202511032571	A_005879
IN202511034155	A_005879
IN202511037049	A_005879
IN202511038527	A_005879
IN202511049729	A_017424
IN202511050350	A_017425
IN202511050637	A_005937
IN202511050637	A_005811
IN202511051522	A_005879
IN202511061364	A_005935
IN202511064854	A_017424
IN202511068609	A_017426
IN202511071398	A_005935
IN202511073498	A_017425
IN202511074568	A_017427
IN202511074711	A_017425
IN202511079312	A_017428
IN202511080280	A_017429
IN202511085346	A_000045
IN202511088520	A_017430
IN202511088520	A_017431
IN202511089396	A_005879
IN202511094716	A_005937
IN202511094716	A_005811
IN202511105028	A_005937
IN202511105028	A_005811
IN202511109921	A_005879
IN202511119297	A_005879
IN202511119357	A_005879
IN202511127625	A_017432
IN202512002253A	A_005919
IN202517012142A	A_014457
IN202517041778	A_005632
IN202517049867	A_014994
IN202517060771	A_015032
IN202517078847	A_017433
IN202517122740	A_005632
IN202521014258A	A_017434
IN202521014258A	A_017435
IN202521014258A	A_017436
IN202521014258A	A_017437
IN202521014258A	A_017438
IN202521018678	A_012388
IN202521035504	A_017439
IN202521035504	A_017440
IN202521035504	A_017441
IN202521035504	A_017442
IN202521036034	A_017443
IN202521037799	A_017444
IN202521038846	A_017445
IN202521051009	A_017443
IN202521053140	A_017446
IN202521053140	A_017298
IN202521057108	A_017447
IN202521072131	A_017448
IN202521074695	A_017449
IN202521074695	A_017450
IN202521078143	A_017443
IN202521089358	A_017451
IN202521091641	A_017452
IN202521091641	A_017453
IN202521091641	A_017454
IN202521091641	A_017455
IN202521091641	A_017456
IN202521091641	A_017457
IN202521091641	A_017458
IN202521095582	A_017445
IN202521098333	A_017459
IN202521098333	A_017460
IN202521098333	A_017461
IN202521098333	A_017462
IN202521098333	A_017463
IN202521098333	A_017464
IN202527065015	A_005526
IN202531021360	A_009423
IN202531123982	A_017465
IN202531123982	A_017466
IN202531123982	A_017467
IN202531123982	A_017468
IN202531123982	A_017469
IN202537117327	A_015057
IN202541005035A	A_017312
IN202541005679A	A_017470
IN202541008574A	A_017471
IN202541010989A	A_017472
IN202541013280A	A_017473
IN202541017692A	A_017474
IN202541024396	A_017475
IN202541025036	A_017312
IN202541025227	A_017476
IN202541025698	A_017477
IN202541025698	A_017478
IN202541027544	A_017479
IN202541043025	A_017480
IN202541043025	A_017481
IN202541043425	A_017482
IN202541043425	A_017483
IN202541043425	A_017484
IN202541043425	A_017485
IN202541043425	A_017486
IN202541043425	A_017487
IN202541043425	A_017488
IN202541043425	A_017489
IN202541044214	A_013284
IN202541045590	A_017490
IN202541047945	A_017420
IN202541047945	A_017491
IN202541047945	A_017492
IN202541047945	A_017493
IN202541047945	A_017494
IN202541047945	A_017495
IN202541048288	A_017496
IN202541048288	A_017497
IN202541048288	A_017498
IN202541048288	A_017499
IN202541052353	A_017312
IN202541056157	A_017500
IN202541056157	A_017501
IN202541056157	A_017502
IN202541056157	A_017503
IN202541056157	A_017504
IN202541059007	A_017406
IN202541059467	A_017505
IN202541061008	A_017506
IN202541061875	A_017420
IN202541061875	A_017491
IN202541061875	A_017507
IN202541061875	A_017508
IN202541061875	A_017509
IN202541061875	A_017510
IN202541066359	A_017511
IN202541066359	A_017512
IN202541066359	A_017513
IN202541066359	A_017514
IN202541066359	A_017515
IN202541067292	A_017376
IN202541070195	A_005869
IN202541073731	A_017516
IN202541073731	A_017517
IN202541073731	A_017518
IN202541075737	A_017479
IN202541078158	A_017519
IN202541079398	A_017479
IN202541080022	A_017520
IN202541080022	A_017521
IN202541080022	A_017522
IN202541080022	A_017523
IN202541080022	A_017524
IN202541080022	A_017374
IN202541080022	A_017525
IN202541080148	A_017526
IN202541080545	A_017376
IN202541080787	A_017527
IN202541083159	A_017528
IN202541085475	A_017529
IN202541085475	A_017530
IN202541085475	A_017531
IN202541085475	A_017532
IN202541085475	A_017533
IN202541085475	A_017534
IN202541087188	A_017535
IN202541087188	A_017536
IN202541087188	A_017537
IN202541087188	A_017538
IN202541087188	A_017539
IN202541087188	A_017540
IN202541087188	A_005917
IN202541087394	A_017541
IN202541089249	A_013285
IN202541090682	A_017528
IN202541093083	A_017542
IN202541098859	A_013285
IN202541101308	A_013284
IN202541101503	A_017543
IN202541102732	A_017376
IN202541103542	A_017544
IN202541103542	A_017545
IN202541103542	A_017546
IN202541103542	A_017547
IN202541103542	A_017548
IN202541103542	A_017549
IN202541105326	A_017550
IN202541105326	A_017551
IN202541105326	A_017552
IN202541105326	A_017553
IN202541105326	A_017554
IN202541105326	A_017555
IN202541105326	A_017556
IN202541116586	A_017557
IN202541116586	A_017558
IN202541116586	A_017559
IN202541116586	A_017560
IN202541121078	A_017561
IN202541121078	A_017562
IN202541121078	A_017563
IN202541121078	A_017545
IN202541121078	A_017564
IN202541126233	A_017565
IN202541127870	A_017565
IN202541128447	A_006020
IN202541131771	A_017566
IN202541132466	A_017567
IN202541132466	A_017568
IN202541132466	A_017569
IN202541132466	A_017570
IN202541132466	A_017571
IN202541133285	A_017572
IN202541133285	A_017573
IN202541133285	A_017574
IN202541133285	A_017575
IN202541133285	A_017576
IN202541133285	A_017577
IN202541133285	A_017578
IN202541133285	A_017579
IT2024050138W	A_005674
JP2024002826W	A_005526
JP2024002826W	A_006231
JP2024003902W	A_006458
JP2024003902W	A_006457
JP2024007415W	A_006458
JP2024007415W	A_006457
JP2024010226A	A_017580
JP2024010226A	A_017581
JP2024010226A	A_017582
JP2024010226A	A_017583
JP2024010226A	A_017584
JP2024010226A	A_017585
JP2024017589A	A_000182
JP2024020276W	A_005526
JP2024020276W	A_006231
JP2024024407W	A_006458
JP2024024407W	A_006457
JP2024029525A	A_017586
JP2024029525A	A_017587
JP2024031584W	A_005605
JP2024031584W	A_006150
JP2024037131W	A_006188
JP2024037131W	A_006111
JP2024042861A	A_014160
JP2024042861A	A_014161
JP2024044578W	A_005614
JP2024044578W	A_006303
JP2024044579W	A_005614
JP2024044579W	A_006303
JP2024045391A	A_006230
JP2024045391A	A_006229
JP2024053616A	A_006453
JP2024053616A	A_006177
JP2024061529A	A_006156
JP2024061529A	A_006157
JP2024063430A	A_006317
JP2024063430A	A_006316
JP2024082912A	A_017588
JP2024082912A	A_012393
JP2024082912A	A_017589
JP2024082912A	A_012392
JP2024089270A	A_017590
JP2024092378A	A_006467
JP2024092378A	A_005632
JP2024100994A	A_017591
JP2024100994A	A_017592
JP2024107875A	A_006149
JP2024107875A	A_017593
JP2024108494A	A_006427
JP2024108494A	A_006426
JP2024113690A	A_017594
JP2024129739A	A_006068
JP2024129739A	A_006069
JP2024138393A	A_006198
JP2024138393A	A_006199
JP2024143287A	A_006068
JP2024143287A	A_006069
JP2024161303A	A_006203
JP2024161303A	A_006202
JP2024187818A	A_006213
JP2024187818A	A_006372
JP2024187818A	A_006374
JP2024187818A	A_006370
JP2024187818A	A_006371
JP2024187818A	A_006373
JP2024200587A	A_015024
JP2024200587A	A_015025
JP2024205991A	A_006203
JP2024205991A	A_006202
JP2024209505A	A_000067
JP2024209505A	A_006059
JP2024214601A	A_006090
JP2024214601A	A_009547
JP2024221255A	A_006168
JP2024221255A	A_011310
JP2024231192A	A_006090
JP2024231192A	A_009547
JP2025001905A	A_005558
JP2025001905A	A_012399
JP2025002104A	A_007745
JP2025002104A	A_014164
JP2025002196U	A_017595
JP2025002475W	A_005496
JP2025002475W	A_006196
JP2025002808U	A_017596
JP2025002808U	A_017597
JP2025012018A	A_011310
JP2025012018A	A_006168
JP2025016845A	A_000041
JP2025016845A	A_009550
JP2025025447A	A_012410
JP2025025447A	A_012409
JP2025028260A	A_006406
JP2025028260A	A_006405
JP2025102559	A_006317
JP2025102559	A_006316
JP2025104068	A_006068
JP2025104068	A_006069
JP2025104564	A_008420
JP2025104564	A_017598
JP2025106998	A_006059
JP2025106998	A_000037
JP2025113584	A_006068
JP2025113584	A_006069
JP2025146635	A_017599
JP2025540788A	A_006208
JP2025540788A	A_005500
KR1020250042453	A_006739
KR1020250042453	A_006740
KR1020250047560	A_017600
KR1020250047560	A_006919
KR1020250047560	A_017601
KR1020250047560	A_006920
KR1020250047568	A_017600
KR1020250047568	A_006919
KR1020250047568	A_017601
KR1020250047568	A_006920
KR1020250051231	A_017602
KR1020250051231	A_017603
KR1020250071488	A_017604
KR1020250071488	A_017605
KR1020250084279	A_017606
KR1020250084279	A_014171
KR1020250101343	A_007337
KR1020250101343	A_007338
KR2020250000684	A_007019
KR2020250000684	A_007076
KR20240000297U	A_007057
KR20240000297U	A_007058
KR20240000707U	A_006881
KR20240000707U	A_007052
KR20240001081U	A_017607
KR20240001081U	A_017608
KR20240002142A	A_007145
KR20240002142A	A_017609
KR20240002784A	A_007044
KR20240002784A	A_017610
KR20240004154A	A_017611
KR20240004154A	A_017612
KR20240004711A	A_017613
KR20240004711A	A_017614
KR20240008585A	A_007265
KR20240008585A	A_007266
KR20240011886A	A_017615
KR20240011886A	A_017616
KR20240012330A	A_017617
KR20240012330A	A_017618
KR20240014772A	A_017619
KR20240014772A	A_017620
KR20240014796A	A_017619
KR20240014796A	A_017620
KR20240014804A	A_017619
KR20240014804A	A_017620
KR20240015145A	A_012455
KR20240015145A	A_012456
KR20240016630A	A_006739
KR20240016630A	A_006740
KR20240016839A	A_009761
KR20240016839A	A_009762
KR20240017408A	A_017621
KR20240017408A	A_017622
KR20240017409A	A_017621
KR20240017409A	A_017622
KR20240017449A	A_017623
KR20240017596A	A_006876
KR20240017596A	A_006877
KR20240018731A	A_017624
KR20240018731A	A_017625
KR20240019692A	A_007057
KR20240019692A	A_017626
KR20240022770A	A_012455
KR20240022770A	A_012456
KR20240022792A	A_012455
KR20240022792A	A_012456
KR20240023179A	A_017627
KR20240023179A	A_017628
KR20240023349A	A_017629
KR20240023349A	A_017630
KR20240023352A	A_017631
KR20240023352A	A_017632
KR20240027179A	A_007265
KR20240027179A	A_007266
KR20240027262A	A_006666
KR20240027262A	A_006667
KR20240027711A	A_014393
KR20240027711A	A_007197
KR20240027825A	A_017633
KR20240027825A	A_017634
KR20240027825A	A_006806
KR20240027825A	A_017635
KR20240027825A	A_017636
KR20240027825A	A_017637
KR20240027825A	A_010963
KR20240027825A	A_017638
KR20240029632A	A_006806
KR20240029632A	A_017635
KR20240029710A	A_006806
KR20240029710A	A_017635
KR20240029732A	A_006806
KR20240029732A	A_017635
KR20240033543A	A_007185
KR20240033543A	A_007186
KR20240035298A	A_009738
KR20240035298A	A_017639
KR20240036348A	A_017640
KR20240036348A	A_017641
KR2024003827W	A_012489
KR2024003827W	A_012490
KR20240039211A	A_014190
KR20240039211A	A_014401
KR20240041387A	A_006759
KR20240041387A	A_005625
KR20240041387A	A_006760
KR20240041387A	A_005626
KR20240042553A	A_017642
KR20240042553A	A_017643
KR20240042553A	A_017644
KR20240042553A	A_017645
KR20240042553A	A_017646
KR20240042553A	A_017647
KR20240044055A	A_017648
KR20240044055A	A_017649
KR20240044532A	A_017650
KR20240044532A	A_017651
KR20240047597A	A_007265
KR20240047597A	A_007266
KR20240047956A	A_007081
KR20240047956A	A_007082
KR20240048652A	A_007265
KR20240048652A	A_007266
KR20240049617A	A_007160
KR20240049617A	A_007167
KR20240051693A	A_006609
KR20240051693A	A_000112
KR20240051893A	A_006942
KR20240051893A	A_006826
KR20240052574A	A_007322
KR20240052574A	A_007323
KR20240055180A	A_017652
KR20240055180A	A_017653
KR20240056524A	A_012480
KR20240056524A	A_017654
KR20240056773A	A_006535
KR20240056773A	A_006536
KR2024005742W	A_007249
KR2024005742W	A_007250
KR20240057798A	A_012546
KR20240057798A	A_012547
KR20240057798A	A_017655
KR20240057798A	A_017656
KR20240058738A	A_007326
KR20240058738A	A_007327
KR20240060683A	A_017657
KR20240060683A	A_017658
KR20240061219A	A_017659
KR20240061219A	A_017660
KR2024006371W	A_007226
KR2024006371W	A_007227
KR20240064305A	A_017661
KR20240064305A	A_017662
KR20240065427A	A_015045
KR20240065427A	A_015046
KR20240066310A	A_007296
KR20240066310A	A_007297
KR20240066523A	A_010991
KR20240066523A	A_010992
KR20240066872A	A_017663
KR20240066872A	A_017664
KR20240067852A	A_012530
KR20240067852A	A_017665
KR20240070594A	A_007237
KR20240070594A	A_007238
KR20240071218A	A_009660
KR20240071218A	A_009661
KR20240071746A	A_009746
KR20240071746A	A_009747
KR20240071775A	A_017666
KR20240071775A	A_017667
KR20240071775A	A_017668
KR20240072822A	A_007092
KR20240072822A	A_017669
KR20240072834A	A_007024
KR20240072834A	A_007026
KR20240073554A	A_017667
KR20240073554A	A_017668
KR20240075068A	A_006539
KR20240075068A	A_006540
KR20240075424A	A_006523
KR20240075424A	A_007127
KR20240075424A	A_006524
KR20240075424A	A_007128
KR20240076226A	A_006480
KR20240076226A	A_005588
KR20240078851A	A_006480
KR20240078851A	A_005588
KR20240081097A	A_007288
KR20240081097A	A_007289
KR20240081483A	A_017670
KR20240081483A	A_017671
KR20240082433A	A_007168
KR20240082433A	A_007169
KR20240082740A	A_006765
KR20240082740A	A_006766
KR20240088662A	A_017672
KR20240088662A	A_017673
KR20240094663A	A_007202
KR20240094663A	A_007203
KR20240094663A	A_009616
KR20240094663A	A_017674
KR20240094663A	A_017675
KR20240094663A	A_017676
KR2024009521W	A_015072
KR2024009521W	A_015073
KR20240096787A	A_017677
KR20240096787A	A_017678
KR20240100636A	A_007074
KR20240100636A	A_007075
KR20240102754A	A_017679
KR20240102754A	A_017680
KR20240122948A	A_012509
KR20240122948A	A_017681
KR2024012995W	A_012517
KR2024012995W	A_017682
KR20240134060A	A_006765
KR20240134060A	A_012471
KR2024013492W	A_007226
KR2024013492W	A_007227
KR20240135387A	A_017683
KR20240135387A	A_017684
KR20240140199A	A_017685
KR20240140199A	A_017686
KR2024014063W	A_006535
KR2024014063W	A_006536
KR2024014121W	A_012513
KR2024014121W	A_012514
KR20240142080A	A_006834
KR20240142080A	A_010969
KR20240145406A	A_009742
KR20240145406A	A_009743
KR20240145419A	A_009742
KR20240145419A	A_009743
KR20240170788A	A_006609
KR20240170788A	A_000112
KR20240171982A	A_006530
KR20240171982A	A_005678
KR20240178787A	A_017677
KR20240178787A	A_017678
KR20240182584A	A_006876
KR20240182584A	A_006877
KR20240186243A	A_017687
KR20240186243A	A_017688
KR20240188741A	A_006913
KR20240188741A	A_006914
KR2024019349W	A_007353
KR2024019349W	A_007354
KR2024019419W	A_007353
KR2024019419W	A_007354
KR2024019561W	A_007353
KR2024019561W	A_007354
KR20240197628A	A_017689
KR20240197628A	A_017690
KR2024020077W	A_007344
KR2024020077W	A_007345
KR20240201769A	A_006860
KR20240201769A	A_017691
KR2024095873W	A_012499
KR2024095873W	A_012500
KR2024096215W	A_007249
KR2024096215W	A_007250
KR2024096257W	A_007249
KR2024096257W	A_007250
KR20250001429A	A_017692
KR20250001429A	A_017693
KR20250010025A	A_007114
KR20250010025A	A_007115
KR20250025937A	A_017694
KR20250025937A	A_017695
KR20250025937A	A_017696
KR20250025937A	A_017697
KR20250025947A	A_017694
KR20250025947A	A_017695
KR20250025947A	A_017696
KR20250025947A	A_017697
KR20257032610A	A_017698
KR20257032610A	A_012440
KR20257035177A	A_007370
KR20257035177A	A_005632
KR20257037716A	A_007370
KR20257037716A	A_005632
KR20257037967A	A_017699
KZ2024000021W	A_017700
KZ2024000021W	A_017701
LU507544A	A_017702
LU601484A	A_017703
MX2024015823A	A_017704
NL2036818A	A_017705
PE2024002223U	A_017706
PE2024002677U	A_017706
PL44845324A	A_017707
PL44845324A	A_017708
PT1228024U	A_017709
RU2024050141W	A_017710
RU2024050141W	A_017711
RU2024101102A	A_017712
RU2024102990A	A_017713
RU2024102990A	A_017714
RU2024102990A	A_017715
RU2024102990A	A_017716
RU2024106183A	A_007555
RU2024106728A	A_017717
RU2024106843U	A_017718
RU2024107733A	A_017719
RU2024108055U	A_017720
RU2024108078A	A_017721
RU2024108078A	A_017722
RU2024108508U	A_017723
RU2024108508U	A_017724
RU2024108993A	A_012578
RU2024109653A	A_007509
RU2024110339A	A_007508
RU2024110439A	A_007522
RU2024110728U	A_017725
RU2024111422U	A_007462
RU2024113143A	A_007514
RU2024113339U	A_017726
RU2024115087A	A_007509
RU2024115614A	A_007522
RU2024115617A	A_007522
RU2024115618A	A_007522
RU2024115705U	A_017727
RU2024116193A	A_007456
RU2024119327U	A_017728
RU2024121470U	A_017729
RU2024122012U	A_017730
RU2024126446U	A_007518
TR2024004757A	A_017731
TR2024005884A	A_017732
TR2024019586A	A_017733
TR2024019653A	A_017733
TR2024021288A	A_017734
TR2024051249W	A_017735
TR2024051664W	A_017736
TR2024/005304	A_017737
TR2024/013471	A_017738
TR2025001721A	A_013129
TR2025004717A	A_017739
TR2025007832A	A_017740
TR2025008950A	A_017741
TR2025008950A	A_017742
TR2025008950A	A_017743
TR2025009498A	A_017744
TR2025012812A	A_017745
TR2025014374A	A_013129
TR2025016488A	A_013129
TR2025016688A	A_013129
TR2025017298A	A_017746
TR2025050182W	A_017747
TW113115134A	A_017748
TW113116410A	A_017749
TW113144219A	A_011054
TW113201078U	A_017750
TW113201078U	A_017751
TW113210728U	A_017752
TW113211011U	A_017753
TW113211404U	A_017754
TW113211513U	A_017755
TW114201155U	A_017756
TW114201155U	A_017757
TW114205650	A_017758
TW114206525	A_017759
TW114206775	A_017760
US19068117	A_017761
US19069807	A_005637
US19069807	A_008084
US19070709	A_005552
US19072022	A_005469
US19074184	A_017762
US19079708	A_005618
US19080958	A_009417
US19088487	A_017763
US19097577	A_000492
US19169223	A_005392
US19171653	A_005556
US19176683	A_017764
US19176782	A_007998
US19185094	A_009920
US19186012	A_005487
US19186871	A_005503
US19189037	A_005500
US19195371	A_017765
US19196991	A_005632
US19198467	A_005548
US19202451	A_005430
US19205187	A_005585
US19206312	A_012667
US19210639	A_007775
US19210639	A_017766
US19212399	A_017767
US19213576	A_008163
US19215472	A_000005
US19215633	A_017768
US19222764	A_000037
US19223767	A_005614
US19224726	A_017769
US19226977	A_008102
US19231778	A_017770
US19233925	A_005632
US19237885	A_005632
US19239275	A_010078
US19239404	A_017770
US19241210	A_007809
US19242572	A_017771
US19245545	A_017772
US19246738	A_005614
US19246743	A_005614
US19248036	A_005614
US19249322	A_017773
US19250347	A_005614
US19256813	A_008042
US19262818	A_005631
US19272516	A_007821
US19274043	A_008307
US19285228	A_005585
US19296770	A_005556
US19314310	A_000037
US19315449	A_010066
US19317059	A_017774
US19329622	A_008235
US2024011497W	A_005548
US2024011497W	A_017775
US2024011500W	A_005548
US2024011900W	A_017776
US2024015714W	A_005430
US2024017433W	A_008203
US2024019768W	A_013130
US2024020426W	A_008324
US2024021936W	A_017777
US2024022247W	A_007364
US2024029627W	A_007987
US2024029641W	A_007987
US2024031455W	A_005632
US2024033104W	A_014284
US2024036686W	A_008324
US2024049955W	A_013589
US2024050047W	A_000050
US2024052935W	A_017778
US2024062211W	A_000050
US202418402301A	A_010067
US202418404175A	A_007967
US202418404358A	A_000050
US202418404579A	A_005493
US202418405909A	A_008242
US202418406214A	A_006953
US202418407605A	A_008163
US202418408030A	A_008011
US202418408282A	A_017779
US202418408901A	A_017780
US202418409901A	A_000037
US202418415943A	A_000129
US202418416205A	A_008163
US202418418006A	A_005592
US202418418627A	A_008263
US202418419876A	A_005467
US202418421289A	A_008215
US202418422327A	A_010077
US202418422947A	A_005469
US202418424636A	A_017781
US202418425183A	A_000005
US202418425183A	A_005494
US202418426110A	A_000057
US202418427473A	A_005548
US202418430112A	A_005500
US202418430678A	A_000129
US202418435629A	A_000009
US202418436874A	A_007783
US202418438266A	A_000005
US202418439170A	A_005548
US202418441489A	A_008409
US202418441542A	A_008324
US202418441853A	A_005467
US202418443110A	A_005618
US202418443901A	A_005632
US202418444537A	A_000037
US202418444687A	A_015122
US202418583835A	A_005469
US202418586230A	A_005602
US202418587100A	A_000009
US202418587738A	A_008034
US202418587756A	A_007809
US202418587942A	A_017782
US202418588012A	A_006340
US202418588672A	A_017783
US202418590292A	A_007826
US202418591494A	A_017784
US202418591570A	A_017785
US202418591583A	A_017786
US202418595428A	A_005507
US202418596348A	A_017784
US202418596361A	A_000112
US202418600204A	A_000009
US202418600498A	A_005548
US202418601114A	A_005585
US202418602356A	A_005548
US202418602859A	A_005548
US202418604720A	A_000009
US202418607328A	A_008166
US202418607810A	A_008034
US202418609810A	A_005636
US202418611029A	A_005625
US202418611029A	A_005626
US202418611576A	A_017787
US202418612462A	A_017788
US202418614185A	A_006402
US202418614847A	A_000022
US202418615797A	A_005548
US202418617268A	A_005467
US202418617989A	A_014277
US202418620932A	A_005592
US202418621513A	A_005618
US202418622275A	A_007727
US202418624797A	A_017789
US202418624806A	A_007747
US202418624806A	A_009869
US202418626224A	A_017790
US202418627703A	A_005625
US202418627703A	A_005626
US202418633045A	A_000066
US202418633321A	A_017791
US202418634593A	A_017792
US202418637716A	A_005469
US202418638748A	A_017793
US202418640537A	A_005625
US202418640537A	A_005626
US202418641967A	A_005392
US202418641967A	A_005693
US202418642360A	A_005548
US202418642946A	A_017794
US202418643046A	A_005625
US202418643046A	A_005626
US202418643381A	A_005556
US202418646130A	A_005563
US202418648328A	A_005552
US202418657097A	A_008100
US202418661359A	A_017795
US202418661359A	A_017796
US202418661359A	A_017797
US202418667566A	A_005552
US202418667594A	A_000009
US202418669317A	A_008042
US202418674763A	A_005548
US202418674926A	A_008270
US202418677644A	A_007987
US202418678279A	A_017798
US202418680242A	A_017799
US202418680269A	A_017800
US202418680525A	A_005548
US202418680533A	A_000009
US202418680533A	A_000124
US202418738299A	A_000037
US202418740999A	A_017801
US202418741393A	A_005554
US202418743347A	A_000009
US202418745959A	A_014452
US202418746143A	A_017802
US202418746143A	A_017803
US202418748974A	A_000005
US202418750089A	A_005467
US202418767974A	A_013672
US202418767974A	A_013674
US202418767974A	A_017804
US202418769677A	A_007713
US202418772883A	A_017805
US202418772883A	A_017806
US202418772883A	A_017807
US202418773226A	A_017808
US202418773226A	A_017809
US202418773226A	A_017810
US202418773226A	A_017811
US202418773458A	A_008337
US202418773469A	A_007998
US202418775209A	A_005585
US202418776093A	A_005585
US202418778531A	A_005500
US202418778668A	A_000050
US202418788155A	A_006188
US202418796789A	A_008514
US202418796868A	A_005469
US202418797853A	A_005500
US202418799075A	A_017812
US202418802403A	A_005548
US202418805280A	A_007805
US202418806048A	A_017813
US202418806686A	A_005500
US202418809177A	A_005548
US202418816476A	A_008409
US202418818791A	A_005548
US202418821928A	A_000005
US202418822084A	A_005552
US202418822368A	A_008430
US202418822368A	A_008431
US202418822860A	A_007841
US202418828254A	A_011131
US202418828933A	A_010893
US202418829576A	A_017814
US202418829578A	A_008135
US202418830675A	A_012627
US202418830675A	A_017815
US202418882872A	A_005614
US202418882878A	A_005614
US202418887326A	A_005493
US202418888696A	A_014276
US202418891273A	A_005563
US202418893998A	A_017816
US202418893998A	A_011314
US202418895111A	A_000041
US202418902344A	A_005548
US202418913727A	A_010047
US202418914890A	A_005585
US202418917744A	A_000129
US202418920075A	A_017817
US202418933402A	A_005469
US202418935230A	A_017818
US202418940458A	A_010052
US202418944749A	A_017819
US202418945071A	A_017820
US202418945071A	A_017821
US202418945071A	A_017822
US202418945071A	A_017823
US202418949543A	A_012619
US202418951988A	A_005588
US202418955647A	A_005625
US202418955647A	A_005626
US202418960818A	A_009204
US202418962243A	A_005552
US202418962305A	A_005638
US202418966136A	A_007971
US202418970348A	A_008409
US202418971626A	A_017824
US202418971762A	A_005500
US202418974203A	A_007998
US202418977403A	A_000009
US202418977575A	A_005552
US202418978436A	A_005630
US202418979602A	A_008067
US202418980400A	A_007169
US202418990777A	A_008034
US202419003121A	A_008430
US202419003121A	A_017825
US202419004275A	A_000492
US2025016372W	A_017826
US202519008417A	A_015171
US202519009672A	A_005632
US202519014401A	A_000041
US202519017161A	A_005632
US202519018764A	A_005548
US202519022376A	A_005500
US202519023615A	A_008384
US202519029343A	A_005632
US202519032671A	A_000005
US202519035332A	A_008420
US202519042385A	A_005554
US202519042416A	A_009417
US202519043170A	A_008236
US202519048519A	A_009833
US202519052155A	A_008435
US202519053070A	A_017827
US202519055327A	A_007700
US202519056111A	A_017260
US202519056111A	A_010891
US202519063743A	A_017828
US202519063788A	A_017828
US202519064004A	A_017829
US202519066251A	A_005585
US202519066257A	A_005585
WOAU25050452	A_017830
WOCA25050975	A_017831
WOCA25050975	A_017832
WOCA25050975	A_017833
WOCN25106871	A_012168
WOCN25106871	A_017834
WOEP25057091	A_017835
WOEP25058896	A_017836
WOEP25061120	A_017837
WOEP25063893	A_017838
WOEP25064627	A_017839
WOEP25064627	A_017840
WOEP25067573	A_017841
WOFR25050497	A_005681
WOGB25051302	A_017842
WOIB25053645	A_000029
WOIB25056039	A_017843
WOJP25020332	A_011310
WOJP25020332	A_006168
WOJP25022715	A_006079
WOJP25022715	A_006080
WORU25050138	A_017844
WOTR25050423	A_017845
WOUA25000009	A_017846
WOUS25018349	A_008324
WOUS25021181	A_017847
WOUS25021598	A_008427
WOUS25023861	A_008324
WOUS25023864	A_008324
WOUS25027514	A_000041
WOUS25035721	A_017848
