PatentID	AssigneeID
AU2018203863A	A_035852
AU2018250358A	A_020566
AU2018269657A	A_035853
AU2018269669A	A_035853
AU2018433296A	A_006083
AU2018434835A	A_006083
AU2019200485A	A_035854
AU2019201684A	A_000037
AU2019203987A	A_007824
AU2019210203A	A_007705
AU2019210490A	A_007705
AU2019227915A	A_007996
AU2019231140A	A_024313
AU2019324203A	A_035855
AU2019385802A	A_022445
AU2019388833A	A_022445
AU2019401560A	A_035856
AU2020200523A	A_007383
AU2020202095A	A_007824
AU2020218488A	A_008252
AU2020226986A	A_013104
AU2020264882A	A_006695
AU2020267110A	A_007705
AU2020267287A	A_035857
AU2020284495A	A_029220
AU2020289841A	A_029241
AU2020292220A	A_007705
AU2020304508A	A_007705
AU2020308330A	A_007705
AU2020379699A	A_005496
AU2021203703A	A_024793
AU2021218045A	A_007705
AU2021282441A	A_022413
AU2021318151A	A_008252
AU2021350947A	A_005496
AU2022200032A	A_007705
AU2022201975A	A_035858
AU2022203003A	A_025603
AU2022204271A	A_007705
AU2022211807A	A_007705
AU2022217677A	A_006703
AU2022273204A	A_007383
AU2022275067A	A_007383
AU2022323653A	A_007383
AU2022327619A	A_007383
AU2022359405A	A_005857
AU2022473674A	A_013124
BR112019015585A	A_000100
BR112019015585A	A_007383
BR112019015712A	A_007705
BR112019016746A	A_006166
BR112019016746A	A_006184
BR112019018477A	A_035859
BR112019018477A	A_035860
BR112019018891A	A_035861
BR112019019380A	A_035862
BR112019020385A	A_006695
BR112019022424A	A_035862
BR112019024051A	A_023720
BR112019024051A	A_005857
BR112019026254A	A_023720
BR112019026254A	A_005857
BR112019027309A	A_035863
BR112020000789A	A_020640
BR112020000789A	A_007705
BR112020001349A	A_007705
BR112020002771A	A_023720
BR112020002771A	A_005857
BR112020002914A	A_023720
BR112020002914A	A_005857
BR112020004728A	A_007705
BR112020009623A	A_007705
BR112020020446A	A_023720
BR112020020446A	A_005857
BR122023027115A	A_022585
CA3054732A	A_024391
CA3082641A	A_000099
CA3086686A	A_035864
CA3104458A	A_028085
CA3118717A	A_007824
CA3210005A	A_020615
CA3232052A	A_005857
CN2018095989W	A_012652
CN2018095989W	A_005857
CN201810009451.X	A_021033
CN201810009451.X	A_013765
CN201810032190.3	A_012652
CN201810046874.9	A_002872
CN201810083549.X	A_021728
CN201810088756.4	A_000337
CN201810116468.5	A_000260
CN201810151871.1	A_012652
CN201810152593.1	A_035865
CN201810157708.6	A_035866
CN201810171875.6	A_020726
CN201810186144.9	A_012652
CN201810251674.7	A_003255
CN201810304081.2	A_000351
CN201810311366.9	A_020685
CN201810315139.3	A_035867
CN201810318003.8	A_012652
CN201810323929.6	A_000260
CN201810341810.1	A_000177
CN201810355901.0	A_021811
CN201810392201.9	A_000318
CN201810396834.7	A_003787
CN201810396881.1	A_003787
CN201810413821.6	A_035868
CN201810451394.0	A_035867
CN201810453113.5	A_000260
CN201810531970.2	A_000162
CN201810585522.0	A_012652
CN201810590560.5	A_001099
CN201810590560.5	A_001676
CN201810592489.4	A_029500
CN201810599086.2	A_002872
CN201810629808.4	A_035869
CN201810643646.X	A_000177
CN201810648572.9	A_000182
CN201810662761.1	A_000294
CN201810713851.9	A_000198
CN201810714250.X	A_035870
CN201810772483.5	A_000177
CN201810804982.8	A_012652
CN201810815340.8	A_035870
CN201810837247.7	A_035871
CN201810853178.9	A_001018
CN201810875063.X	A_000260
CN201810911111.6	A_008801
CN201810921247.5	A_035872
CN201810930410.4	A_003787
CN201810963381.1	A_020989
CN201810981291.5	A_001485
CN201811000578.1	A_000260
CN201811000613.X	A_012739
CN201811017550.9	A_035873
CN201811036876.6	A_012652
CN201811070775.0	A_000442
CN201811083007.9	A_000514
CN201811139214.1	A_035870
CN201811143507.7	A_012652
CN201811144945.5	A_000336
CN201811151126.3	A_012652
CN201811157942.5	A_000294
CN201811189882.5	A_035865
CN201811189926.4	A_001676
CN201811242130.0	A_035870
CN201811257912.1	A_000234
CN201811279380.1	A_000157
CN201811337331.9	A_035873
CN201811464456.8	A_035870
CN201811473454.5	A_035870
CN201811498158.0	A_035874
CN201811584840.1	A_021863
CN201811602445.1	A_012652
CN201811634904.4	A_035870
CN201880000666.3	A_021162
CN201880001252.2	A_021162
CN201880002072.6	A_021162
CN201880010106.6	A_035875
CN201880010253.3	A_000910
CN201880010420.4	A_000910
CN201880013045.9	A_000910
CN201880014462.5	A_035876
CN201880015006.2	A_000910
CN201880015395.9	A_035877
CN201880015799.8	A_000910
CN201880016027.6	A_021174
CN201880017727.7	A_000910
CN201880018156.9	A_000910
CN201880021012.9	A_020685
CN201880025566.6	A_020920
CN201880028800.0	A_000910
CN201880028923.4	A_000910
CN201880031568.6	A_000128
CN201880031605.3	A_000910
CN201880031979.5	A_000910
CN201880038337.8	A_000910
CN201880039025.9	A_000910
CN201880039136.X	A_000910
CN201880039641.4	A_000910
CN201880040489.1	A_035877
CN201880041024.8	A_000910
CN201880041436.1	A_000910
CN201880045440.5	A_000910
CN201880047305.4	A_000910
CN201880049007.9	A_000910
CN201880050082.7	A_021170
CN201880052569.9	A_000910
CN201880053131.2	A_000910
CN201880053901.3	A_000910
CN201880054496.7	A_000910
CN201880055578.3	A_000910
CN201880056246.7	A_020685
CN201880060342.9	A_000910
CN201880062026.5	A_035878
CN201880062200.6	A_030103
CN201880062378.0	A_000260
CN201880063965.1	A_020659
CN201880064104.5	A_000910
CN201880064392.4	A_000910
CN201880064742.7	A_030103
CN201880065091.3	A_000910
CN201880067370.3	A_000910
CN201880069173.5	A_000910
CN201880070306.0	A_000910
CN201880070309.4	A_000910
CN201880070506.6	A_000910
CN201880070548.X	A_000910
CN201880072762.9	A_000910
CN201880073046.2	A_012652
CN201880074325.0	A_000910
CN201880079323.0	A_035878
CN201880083576.5	A_000910
CN201880084429.X	A_000260
CN201880084957.5	A_000910
CN201880088795.2	A_012652
CN201880090092.3	A_035875
CN201880092742.8	A_035879
CN201880095567.8	A_012652
CN201880095694.8	A_035878
CN201880095762.0	A_035878
CN201880095806.X	A_035878
CN201880096315.7	A_000910
CN201880097009.5	A_035878
CN201880097308.9	A_035878
CN201880097550.6	A_035878
CN201880097804.4	A_035878
CN201880097817.1	A_035878
CN201880098196.9	A_035878
CN201880098221.3	A_021148
CN201880098574.3	A_035878
CN201880098922.7	A_035878
CN201880099016.9	A_035878
CN201880099088.3	A_035878
CN201880099681.8	A_035878
CN201880099809.0	A_035878
CN201880100325.3	A_035878
CN201880100580.8	A_035878
CN201880100596.9	A_035878
CN201880100679.8	A_035878
CN201910007724.1	A_035870
CN201910011585.X	A_035880
CN201910011836.4	A_021059
CN201910023940.5	A_012652
CN201910030769.0	A_035881
CN201910064942.9	A_035882
CN201910073231.8	A_012652
CN201910088162.8	A_012652
CN201910100873.2	A_012652
CN201910100893.X	A_012652
CN201910115215.0	A_012652
CN201910116479.8	A_035873
CN201910131046.X	A_005132
CN201910131046.X	A_035883
CN201910198752.6	A_000657
CN201910198752.6	A_000658
CN201910204038.3	A_012652
CN201910224315.7	A_012652
CN201910227756.2	A_035870
CN201910236219.4	A_012652
CN201910252502.6	A_012652
CN201910260440.3	A_012652
CN201910279483.6	A_000294
CN201910306087.8	A_002312
CN201910308109.4	A_012739
CN201910309464.3	A_001485
CN201910310680.X	A_012652
CN201910337882.3	A_035870
CN201910347608.4	A_000947
CN201910348522.3	A_012652
CN201910357132.2	A_021148
CN201910361869.1	A_012652
CN201910364616.X	A_012652
CN201910384002.8	A_000947
CN201910407153.0	A_000177
CN201910430492.0	A_000177
CN201910469419.4	A_021174
CN201910472664.0	A_012652
CN201910485795.2	A_035873
CN201910490641.2	A_012652
CN201910490937.4	A_012652
CN201910492732.X	A_035870
CN201910500658.1	A_012652
CN201910504603.8	A_035870
CN201910506056.7	A_002695
CN201910525161.5	A_035870
CN201910533510.8	A_021059
CN201910544753.1	A_021033
CN201910544753.1	A_013765
CN201910544796.X	A_020883
CN201910548402.8	A_035884
CN201910549411.9	A_000947
CN201910555749.5	A_035873
CN201910562330.2	A_035870
CN201910583444.5	A_035885
CN201910584572.1	A_001676
CN201910586434.7	A_012652
CN201910588296.6	A_035886
CN201910593225.5	A_035887
CN201910596435.X	A_001485
CN201910604137.0	A_020860
CN201910634075.8	A_020779
CN201910668701.5	A_012652
CN201910684041.X	A_002872
CN201910711149.3	A_035870
CN201910713243.2	A_008801
CN201910714748.0	A_012652
CN201910721418.4	A_001765
CN201910730909.5	A_012652
CN201910744399.7	A_035888
CN201910753695.3	A_035873
CN201910755840.1	A_012652
CN201910760402.4	A_012652
CN201910762324.1	A_000260
CN201910765864.5	A_000351
CN201910770610.2	A_035870
CN201910777808.3	A_035889
CN201910785975.2	A_012652
CN201910799375.1	A_035890
CN201910807078.7	A_000177
CN201910808162.0	A_035873
CN201910837005.2	A_002312
CN201910839687.0	A_012652
CN201910842925.3	A_035870
CN201910881119.7	A_012652
CN201910883041.2	A_021059
CN201910888545.3	A_035870
CN201910918154.1	A_020800
CN201910961587.5	A_012652
CN201910970176.2	A_008801
CN201911007757.2	A_012656
CN201911009802.8	A_001399
CN201911009802.8	A_000384
CN201911035322.9	A_029594
CN201911044660.9	A_021059
CN201911204044.5	A_000294
CN201911204785.3	A_002872
CN201911214798.9	A_035891
CN201911219608.2	A_002312
CN201911236069.3	A_035892
CN201911262107.2	A_021565
CN201911262107.2	A_013765
CN201911344449.9	A_002872
CN201911345495.0	A_035870
CN201911364588.8	A_008959
CN201911378675.9	A_001485
CN201911414596.9	A_002872
CN2019119186W	A_012652
CN2019119186W	A_005857
CN201920351728.7	A_021170
CN201980000789.1	A_021162
CN201980000944.X	A_021162
CN201980000989.7	A_021162
CN201980001069.7	A_021162
CN201980001118.7	A_021162
CN201980001257.X	A_021162
CN201980001337.5	A_021162
CN201980001446.7	A_021162
CN201980001758.8	A_021162
CN201980003249.9	A_021162
CN201980003561.8	A_021162
CN201980003684.1	A_021162
CN201980003732.7	A_021162
CN201980003883.2	A_021174
CN201980004737.1	A_021174
CN201980004999.8	A_001519
CN201980005998.5	A_021174
CN201980006228.2	A_035877
CN201980007653.3	A_000910
CN201980007674.5	A_000910
CN201980007694.2	A_001519
CN201980007830.8	A_000910
CN201980008543.9	A_021174
CN201980009360.9	A_000910
CN201980009794.9	A_000910
CN201980009878.2	A_000910
CN201980011284.5	A_027100
CN201980012393.9	A_001519
CN201980012727.2	A_000910
CN201980013287.2	A_000910
CN201980013307.6	A_000910
CN201980013348.5	A_000910
CN201980013797.X	A_000910
CN201980014510.5	A_021174
CN201980015212.8	A_000910
CN201980017063.9	A_000910
CN201980018479.2	A_000910
CN201980018859.6	A_021170
CN201980019260.4	A_030103
CN201980021119.8	A_020659
CN201980022055.3	A_000910
CN201980022345.8	A_001519
CN201980022649.4	A_000910
CN201980022822.0	A_000910
CN201980023221.1	A_000910
CN201980023913.6	A_000910
CN201980024827.7	A_000910
CN201980024916.1	A_000910
CN201980026169.5	A_035875
CN201980026244.8	A_000910
CN201980027886.X	A_000910
CN201980027889.3	A_000910
CN201980028934.7	A_035893
CN201980030552.8	A_000910
CN201980030702.5	A_000910
CN201980035591.7	A_000910
CN201980035865.2	A_000910
CN201980036045.5	A_000910
CN201980036139.2	A_000910
CN201980036722.3	A_000375
CN201980039469.7	A_012652
CN201980039705.5	A_000910
CN201980040383.6	A_000260
CN201980040866.6	A_000260
CN201980042257.4	A_000910
CN201980042801.5	A_000910
CN201980043168.1	A_000910
CN201980045573.7	A_021174
CN201980047949.8	A_000910
CN201980047961.9	A_000910
CN201980048141.1	A_035875
CN201980048320.5	A_000910
CN201980048838.9	A_000910
CN201980049114.6	A_000910
CN201980049437.5	A_000910
CN201980050437.7	A_000910
CN201980050497.9	A_021174
CN201980051560.0	A_000910
CN201980052110.3	A_000910
CN201980052265.7	A_020920
CN201980052531.6	A_000910
CN201980052574.4	A_021174
CN201980052576.3	A_021174
CN201980052594.1	A_021174
CN201980053550.0	A_021174
CN201980054395.4	A_021170
CN201980054395.4	A_001519
CN201980055214.X	A_000910
CN201980057106.6	A_035875
CN201980058086.4	A_035894
CN201980059022.6	A_000910
CN201980061015.X	A_020920
CN201980061156.1	A_021174
CN201980061587.8	A_001519
CN201980063122.6	A_030103
CN201980063448.9	A_000910
CN201980063710.X	A_035875
CN201980064226.9	A_000910
CN201980064682.3	A_000910
CN201980065166.2	A_000260
CN201980065617.2	A_002239
CN201980066293.4	A_021174
CN201980070799.2	A_000910
CN201980070853.3	A_000910
CN201980072096.3	A_000910
CN201980072291.6	A_002239
CN201980072846.7	A_000260
CN201980073275.9	A_000910
CN201980073947.6	A_035878
CN201980075231.X	A_000260
CN201980077373.X	A_000260
CN201980080007.X	A_035895
CN201980080992.4	A_000910
CN201980086898.X	A_000910
CN201980087635.0	A_002239
CN201980087650.5	A_000910
CN201980087680.6	A_000260
CN201980088027.1	A_000910
CN201980088764.1	A_035896
CN201980091331.1	A_035878
CN201980091492.0	A_035878
CN201980091685.6	A_035878
CN201980092431.6	A_035878
CN201980093377.7	A_035878
CN201980094174.X	A_000375
CN201980094402.3	A_035878
CN201980094427.3	A_000375
CN201980094745.X	A_020779
CN201980094745.X	A_020780
CN201980094846.7	A_020779
CN201980094846.7	A_020780
CN201980094957.8	A_020779
CN201980094957.8	A_020780
CN201980095966.9	A_021174
CN201980096136.8	A_035878
CN201980096302.4	A_020779
CN201980096302.4	A_020780
CN201980096392.7	A_035878
CN201980096536.9	A_012652
CN201980096591.8	A_012652
CN201980097112.4	A_035878
CN201980097181.5	A_021840
CN201980097319.1	A_035878
CN201980097644.8	A_035878
CN201980097662.6	A_029245
CN201980097780.7	A_035878
CN201980098249.1	A_020779
CN201980098249.1	A_020780
CN201980098349.4	A_035875
CN201980098504.2	A_035878
CN201980098680.6	A_020779
CN201980098680.6	A_020780
CN201980099066.1	A_000910
CN201980099221.X	A_035878
CN201980099256.3	A_035878
CN201980099258.2	A_035878
CN201980099319.5	A_000910
CN201980099332.0	A_020779
CN201980099332.0	A_020780
CN201980099933.1	A_035878
CN201980100272.X	A_035878
CN201980100329.6	A_035878
CN201980100408.7	A_012652
CN201980100564.3	A_035878
CN201980101005.4	A_035878
CN201980101204.5	A_035878
CN201980101347.6	A_035878
CN201980101402.1	A_035878
CN201980102016.4	A_012652
CN201980102094.4	A_000910
CN201980102568.5	A_035878
CN201980102664.X	A_035878
CN201980102768.0	A_035878
CN201980102908.4	A_035878
CN201980103028.9	A_000910
CN201980103532.9	A_020779
CN201980103532.9	A_020780
CN201980103545.6	A_035878
CN201980103562.X	A_035878
CN2020075340W	A_021162
CN2020075340W	A_009903
CN2020078310W	A_012652
CN2020078310W	A_005857
CN2020098261W	A_021162
CN202010006345.3	A_021429
CN202010011619.8	A_003085
CN202010037627.X	A_020859
CN202010067264.4	A_035873
CN202010069308.7	A_035870
CN202010071119.3	A_035873
CN202010071977.8	A_035897
CN202010074661.4	A_012652
CN202010077819.3	A_035870
CN202010079865.7	A_035870
CN202010088230.3	A_035870
CN202010094088.3	A_035870
CN202010100354.9	A_035870
CN202010104552.2	A_020762
CN202010106487.7	A_000260
CN202010132960.9	A_035898
CN2020101677W	A_021162
CN2020101677W	A_009903
CN202010168291.0	A_001099
CN202010169525.3	A_020773
CN2020101714W	A_012652
CN202010172166.7	A_012652
CN202010194613.9	A_020685
CN202010213990.2	A_000947
CN202010213999.3	A_000947
CN202010236450.6	A_035870
CN202010254433.5	A_012652
CN202010266769.3	A_035899
CN202010269360.7	A_000182
CN202010269360.7	A_035900
CN202010270106.9	A_025904
CN202010280741.5	A_012652
CN202010281665.X	A_012652
CN202010285905.3	A_021045
CN202010303817.1	A_000198
CN202010316994.3	A_035870
CN202010347037.7	A_035870
CN202010353642.5	A_035870
CN202010365865.3	A_012652
CN202010367303.2	A_020752
CN202010381374.8	A_000260
CN202010388538.X	A_000947
CN202010390719.6	A_000218
CN202010397271.0	A_001075
CN202010402163.8	A_000375
CN202010411608.9	A_000260
CN202010423207.5	A_035870
CN202010428589.0	A_035870
CN202010432175.5	A_012652
CN202010438404.4	A_035901
CN202010439839.0	A_000756
CN202010440126.6	A_000756
CN202010449694.2	A_021033
CN202010449694.2	A_013765
CN202010450683.6	A_035902
CN202010451719.2	A_012652
CN202010452906.2	A_021728
CN202010459290.1	A_002872
CN202010469106.1	A_021177
CN202010470761.9	A_012652
CN202010471392.5	A_000260
CN202010488600.2	A_012652
CN202010497947.3	A_035870
CN202010510635.1	A_003267
CN202010510635.1	A_000778
CN202010510635.1	A_035903
CN202010532526.X	A_035870
CN202010534345.0	A_000182
CN202010564602.5	A_035870
CN202010605477.8	A_012652
CN202010606082.X	A_012652
CN202010611458.6	A_021180
CN202010611458.6	A_000955
CN202010659147.7	A_000273
CN202010686444.0	A_035873
CN202010712537.6	A_012652
CN202010720036.2	A_035865
CN202010736835.9	A_004157
CN202010737059.4	A_035904
CN202010739383.X	A_035873
CN202010744942.6	A_020920
CN202010750882.9	A_012652
CN202010785355.1	A_012652
CN202010787192.0	A_012652
CN202010788005.0	A_020752
CN202010795006.8	A_026106
CN202010798009.7	A_000845
CN202010799466.8	A_012652
CN202010805410.9	A_035873
CN202010817054.2	A_012652
CN202010829279.X	A_001563
CN202010829279.X	A_000416
CN202010859119.X	A_020683
CN202010885350.6	A_025904
CN202010886476.5	A_025904
CN202010890128.5	A_012652
CN202010912396.2	A_012652
CN202010914855.0	A_035870
CN202010961558.1	A_000139
CN202010969261.X	A_035870
CN202010977941.6	A_035899
CN202010991491.6	A_035905
CN202010997275.2	A_000294
CN202011019990.5	A_002872
CN202011035121.1	A_035873
CN202011060724.7	A_020296
CN202011060724.7	A_004323
CN202011060724.7	A_001179
CN202011060724.7	A_000384
CN202011066491.1	A_012652
CN202011079226.7	A_002615
CN202011087792.2	A_000260
CN202011106681.1	A_012652
CN202011111242.X	A_000326
CN202011112273.7	A_012652
CN202011115120.8	A_012652
CN202011134046.4	A_000861
CN202011134432.3	A_012652
CN202011200059.7	A_012652
CN202011222991.X	A_035873
CN202011227239.4	A_012830
CN202011231197.1	A_012652
CN202011233895.5	A_020752
CN202011250162.2	A_035906
CN202011265702.4	A_021544
CN202011265702.4	A_020805
CN202011269132.6	A_020296
CN202011269132.6	A_004323
CN202011269132.6	A_001179
CN202011269132.6	A_000384
CN202011336017.6	A_035870
CN202011340572.6	A_012652
CN202011391208.2	A_000198
CN202011406139.8	A_004302
CN202011406220.6	A_000337
CN202011410138.0	A_000177
CN202011437956.X	A_030954
CN202011437956.X	A_020970
CN202011488574.X	A_002872
CN202011489630.1	A_000375
CN202011491353.8	A_013698
CN202011499840.9	A_012652
CN202011550295.1	A_029892
CN202011577013.7	A_000507
CN202011592580.X	A_035870
CN202011593876.3	A_001485
CN202011629404.9	A_020896
CN202080000117.3	A_021162
CN202080000142.1	A_021162
CN202080000149.3	A_021162
CN202080000246.2	A_021162
CN202080000274.4	A_021174
CN202080000276.3	A_021162
CN202080000351.6	A_021162
CN202080000363.9	A_021162
CN202080000497.0	A_021162
CN202080000542.2	A_021162
CN202080000632.1	A_021162
CN202080000741.3	A_021162
CN202080000794.5	A_021162
CN202080000825.7	A_021162
CN202080000845.4	A_021162
CN202080000906.7	A_021162
CN202080000915.6	A_021162
CN202080000970.5	A_021162
CN202080000986.6	A_021162
CN202080001092.9	A_021162
CN202080001114.1	A_021162
CN202080001154.6	A_021162
CN202080001159.9	A_021162
CN202080001160.1	A_021162
CN202080001257.2	A_021162
CN202080001272.7	A_021162
CN202080001441.7	A_021162
CN202080001471.8	A_021162
CN202080001532.0	A_021162
CN202080001536.9	A_021162
CN202080001640.8	A_021162
CN202080001641.2	A_021162
CN202080001643.1	A_021162
CN202080001802.8	A_021162
CN202080001803.2	A_021162
CN202080001889.9	A_021162
CN202080001992.3	A_021162
CN202080002246.6	A_021162
CN202080002250.2	A_021162
CN202080002293.0	A_021162
CN202080002332.7	A_021162
CN202080002415.6	A_021162
CN202080002424.5	A_021162
CN202080002430.0	A_021162
CN202080002738.5	A_021162
CN202080002751.0	A_021162
CN202080002767.1	A_021162
CN202080002837.3	A_021162
CN202080003415.8	A_021162
CN202080003437.4	A_021162
CN202080003569.7	A_021162
CN202080003603.0	A_021162
CN202080004000.2	A_021162
CN202080004191.2	A_021162
CN202080004197.X	A_021162
CN202080004378.2	A_021162
CN202080004762.2	A_021059
CN202080004984.4	A_012652
CN202080005026.9	A_012652
CN202080006090.9	A_000260
CN202080006386.0	A_000260
CN202080007571.1	A_020920
CN202080007635.8	A_008770
CN202080007680.3	A_020920
CN202080007729.5	A_000910
CN202080008023.0	A_000910
CN202080008461.7	A_000910
CN202080008789.9	A_012652
CN202080009868.1	A_021174
CN202080009981.X	A_000910
CN202080010157.6	A_000910
CN202080010252.6	A_020779
CN202080010252.6	A_020780
CN202080010994.9	A_020779
CN202080010994.9	A_020780
CN202080012845.6	A_000910
CN202080012974.5	A_000910
CN202080013076.1	A_000260
CN202080013298.3	A_000910
CN202080013815.7	A_000260
CN202080014518.4	A_000260
CN202080014559.3	A_000260
CN202080015772.6	A_021170
CN202080016235.3	A_020920
CN202080016981.2	A_035907
CN202080019746.0	A_000260
CN202080020322.6	A_000910
CN202080020609.9	A_021840
CN202080020833.8	A_000910
CN202080020914.8	A_020931
CN202080021436.2	A_000910
CN202080021720.X	A_035908
CN202080022198.7	A_000260
CN202080022887.8	A_002239
CN202080023072.1	A_000910
CN202080023164.X	A_000910
CN202080023272.7	A_000910
CN202080023630.4	A_000910
CN202080023696.3	A_000910
CN202080024925.3	A_035878
CN202080026659.8	A_000910
CN202080028376.7	A_000910
CN202080029945.X	A_000910
CN202080030279.1	A_021174
CN202080030920.1	A_020779
CN202080030920.1	A_020780
CN202080031493.9	A_000910
CN202080031781.4	A_000910
CN202080031865.8	A_000260
CN202080032436.2	A_021174
CN202080033084.2	A_000910
CN202080033385.5	A_000910
CN202080034427.7	A_000910
CN202080034428.1	A_000910
CN202080036033.5	A_000910
CN202080036447.8	A_002239
CN202080037672.3	A_000910
CN202080038176.X	A_000910
CN202080042670.3	A_000910
CN202080042702.X	A_000910
CN202080042717.6	A_000910
CN202080042786.7	A_035878
CN202080043475.2	A_000910
CN202080045023.8	A_000910
CN202080045224.8	A_000910
CN202080045466.7	A_000910
CN202080045531.6	A_021170
CN202080045616.4	A_000910
CN202080047146.5	A_000910
CN202080048753.3	A_021174
CN202080049201.4	A_021174
CN202080050178.0	A_021174
CN202080050212.4	A_000910
CN202080050252.9	A_021174
CN202080050451.X	A_021174
CN202080050481.0	A_021174
CN202080050781.9	A_000910
CN202080050796.5	A_000910
CN202080051059.7	A_000910
CN202080051296.3	A_000910
CN202080051378.8	A_021174
CN202080051721.9	A_000910
CN202080051808.6	A_000910
CN202080052665.0	A_000910
CN202080053185.6	A_000910
CN202080053234.6	A_000260
CN202080053326.4	A_000910
CN202080053745.8	A_000910
CN202080053758.5	A_000910
CN202080053989.6	A_000910
CN202080054014.5	A_000910
CN202080054215.5	A_000910
CN202080054393.8	A_021174
CN202080054502.6	A_000910
CN202080055412.9	A_000910
CN202080055802.6	A_021174
CN202080056344.8	A_000910
CN202080056513.8	A_020930
CN202080056565.5	A_000910
CN202080056580.X	A_000910
CN202080056713.3	A_000910
CN202080057010.2	A_000910
CN202080057014.0	A_021174
CN202080057021.0	A_000910
CN202080057277.1	A_000910
CN202080057313.4	A_000260
CN202080057748.9	A_021174
CN202080057765.2	A_021840
CN202080057781.1	A_020761
CN202080057863.6	A_000260
CN202080057931.9	A_000910
CN202080058023.1	A_021174
CN202080058393.5	A_000910
CN202080058829.0	A_000910
CN202080058962.6	A_000910
CN202080058994.6	A_000910
CN202080058998.4	A_000910
CN202080059338.8	A_035878
CN202080059416.4	A_000910
CN202080059445.0	A_021174
CN202080059932.7	A_000910
CN202080059976.X	A_020659
CN202080060351.5	A_030103
CN202080060565.2	A_021174
CN202080060907.0	A_000910
CN202080061213.9	A_021174
CN202080061607.4	A_000910
CN202080062287.4	A_021174
CN202080063039.1	A_020930
CN202080063236.3	A_000910
CN202080063443.9	A_000910
CN202080064130.5	A_021174
CN202080064307.1	A_000910
CN202080064356.5	A_000910
CN202080064430.3	A_000910
CN202080064452.X	A_000910
CN202080065751.5	A_000910
CN202080066024.0	A_000260
CN202080066208.7	A_000910
CN202080066760.6	A_000910
CN202080067587.1	A_000910
CN202080068048.X	A_000910
CN202080068340.1	A_021174
CN202080068439.1	A_000910
CN202080068548.3	A_000910
CN202080069024.6	A_000260
CN202080069236.4	A_000260
CN202080069267.X	A_021174
CN202080069524.X	A_028274
CN202080069565.9	A_002239
CN202080069572.9	A_021174
CN202080070033.7	A_021174
CN202080070140.X	A_000260
CN202080070869.7	A_000260
CN202080071200.X	A_000910
CN202080071201.4	A_000910
CN202080071246.1	A_000910
CN202080071987.X	A_021174
CN202080072255.2	A_020659
CN202080072476.X	A_021174
CN202080073183.3	A_000910
CN202080073588.7	A_000910
CN202080073798.6	A_021174
CN202080073984.X	A_000910
CN202080074341.7	A_000910
CN202080074464.0	A_000910
CN202080074712.1	A_000910
CN202080075429.0	A_000910
CN202080075636.6	A_021174
CN202080075881.7	A_000910
CN202080075943.4	A_000910
CN202080075956.1	A_000910
CN202080076054.X	A_000910
CN202080076471.4	A_000910
CN202080076542.0	A_000910
CN202080076771.2	A_000910
CN202080077973.9	A_000910
CN202080078010.0	A_000910
CN202080078419.2	A_000910
CN202080078713.3	A_000910
CN202080081974.0	A_000260
CN202080082245.7	A_000260
CN202080083028.X	A_000260
CN202080083247.8	A_021174
CN202080083288.7	A_020659
CN202080083457.7	A_000910
CN202080083768.3	A_030103
CN202080084355.7	A_000910
CN202080084363.1	A_000910
CN202080084584.9	A_000910
CN202080084874.3	A_000910
CN202080084973.1	A_021174
CN202080085405.3	A_000910
CN202080086047.8	A_000910
CN202080086103.8	A_000910
CN202080087078.5	A_035878
CN202080087603.3	A_035878
CN202080087803.9	A_000910
CN202080087828.9	A_000910
CN202080087930.9	A_000910
CN202080088898.6	A_000910
CN202080089808.5	A_000910
CN202080090051.1	A_000910
CN202080090157.1	A_021522
CN202080091126.8	A_021174
CN202080092054.9	A_000910
CN202080093412.8	A_000910
CN202080093951.1	A_012652
CN202080093966.8	A_000910
CN202080094120.6	A_000910
CN202080094251.4	A_000910
CN202080094262.2	A_000910
CN202080094267.5	A_012652
CN202080094321.6	A_035909
CN202080094474.0	A_035878
CN202080094642.6	A_030103
CN202080095065.2	A_021174
CN202080095298.2	A_000910
CN202080095549.7	A_000910
CN202080095601.9	A_021148
CN202080095664.4	A_035878
CN202080095836.8	A_000910
CN202080095883.2	A_000910
CN202080096324.3	A_035878
CN202080096556.9	A_020779
CN202080096556.9	A_020780
CN202080096571.3	A_035878
CN202080097689.8	A_000910
CN202080097952.3	A_035878
CN202080098116.7	A_035878
CN202080098263.4	A_000910
CN202080098330.2	A_000910
CN202080098414.6	A_026157
CN202080098440.9	A_035878
CN202080098720.X	A_000910
CN202080099175.6	A_035878
CN202080099212.3	A_000910
CN202080099287.1	A_000910
CN202080099524.4	A_012652
CN202080099625.1	A_000910
CN202080099650.X	A_000910
CN202080099891.4	A_020920
CN202080099955.0	A_035878
CN202080100071.2	A_035878
CN202080100128.9	A_000910
CN202080100285.X	A_000910
CN202080100306.8	A_000910
CN202080100402.2	A_000910
CN202080100490.6	A_020779
CN202080100490.6	A_020780
CN202080100638.6	A_000910
CN202080100654.5	A_000910
CN202080100821.6	A_035878
CN202080100826.9	A_035878
CN202080101189.7	A_020920
CN202080101269.2	A_020659
CN202080101697.5	A_000910
CN202080101748.4	A_000910
CN202080101796.3	A_035878
CN202080101893.2	A_000910
CN202080101923.X	A_035878
CN202080102098.5	A_020989
CN202080102238.9	A_000910
CN202080102274.5	A_035878
CN202080102319.9	A_035878
CN202080102320.1	A_035878
CN202080102325.4	A_035878
CN202080102460.9	A_000910
CN202080102497.1	A_035878
CN202080102534.9	A_020779
CN202080102534.9	A_020780
CN202080102544.2	A_020779
CN202080102544.2	A_020780
CN202080102740.X	A_035878
CN202080102766.4	A_021148
CN202080103035.1	A_000910
CN202080103218.3	A_020920
CN202080103293.X	A_000910
CN202080103436.7	A_000910
CN202080103734.6	A_000910
CN202080103982.0	A_000910
CN202080104147.9	A_035878
CN202080104174.6	A_020779
CN202080104174.6	A_020780
CN202080104262.6	A_000910
CN202080104369.0	A_012652
CN202080104418.0	A_035878
CN202080104491.8	A_020920
CN202080104514.5	A_035878
CN202080104573.2	A_012652
CN202080104579.X	A_020920
CN202080104607.8	A_035878
CN202080104634.5	A_012652
CN202080104647.2	A_000910
CN202080104667.X	A_035878
CN202080104760.0	A_020920
CN202080104774.2	A_012652
CN202080104786.5	A_012652
CN202080104830.2	A_035878
CN202080104887.2	A_035878
CN202080104899.5	A_035878
CN202080105293.3	A_000910
CN202080105294.8	A_035878
CN202080105295.2	A_035878
CN202080105374.3	A_000910
CN202080105470.8	A_000910
CN202080105522.1	A_020779
CN202080105522.1	A_020780
CN202080105650.6	A_020761
CN202080105736.9	A_021840
CN202080105742.4	A_000910
CN202080105763.6	A_020920
CN202080105765.5	A_020920
CN202080105770.6	A_020920
CN202080105861.X	A_020779
CN202080105861.X	A_020780
CN202080105868.1	A_035878
CN202080105883.6	A_035878
CN202080105909.7	A_035878
CN202080106040.8	A_035878
CN202080106112.9	A_020920
CN202080106133.0	A_035878
CN202080106185.8	A_000910
CN202080106213.6	A_012652
CN202080106220.6	A_020920
CN202080106234.8	A_035878
CN202080106267.2	A_021148
CN202080106398.0	A_000910
CN202080106430.5	A_035878
CN202080106435.8	A_012652
CN202080106567.0	A_020779
CN202080106567.0	A_020780
CN202080106576.X	A_020779
CN202080106576.X	A_020780
CN202080106611.8	A_000910
CN202080106732.2	A_000910
CN202080106784.X	A_035878
CN202080106812.8	A_035878
CN202080106833.X	A_012652
CN202080106838.2	A_020920
CN202080106844.8	A_035878
CN202080106853.7	A_035878
CN202080106874.9	A_021177
CN202080107003.9	A_012652
CN202080107022.1	A_012652
CN202080107029.3	A_035878
CN202080107648.2	A_012652
CN202080107758.9	A_020779
CN202080107758.9	A_020780
CN202080108147.6	A_020779
CN202080108147.6	A_020780
CN202080108163.5	A_012652
CN202080108174.3	A_012652
CN2021073274W	A_021162
CN2021073274W	A_009903
CN202110008402.6	A_002872
CN202110013204.9	A_013698
CN202110040569.0	A_035870
CN202110043141.1	A_008801
CN202110070468.8	A_008801
CN202110071448.2	A_001765
CN2021100883W	A_012652
CN2021100883W	A_005857
CN202110093366.8	A_000304
CN202110110390.8	A_035870
CN202110116495.4	A_001676
CN202110129420.X	A_012652
CN202110156925.5	A_035910
CN202110162375.8	A_020779
CN202110162375.8	A_020780
CN202110184216.8	A_016819
CN202110190970.2	A_001676
CN202110206221.4	A_020752
CN202110210607.2	A_035911
CN2021102163W	A_012652
CN2021102163W	A_005857
CN202110245749.2	A_029245
CN202110268952.1	A_035870
CN202110270118.6	A_035870
CN202110271017.0	A_000162
CN202110271017.0	A_001099
CN202110284944.6	A_001485
CN202110298575.6	A_003664
CN202110310760.2	A_012652
CN202110312549.4	A_021033
CN202110312549.4	A_013765
CN202110321050.X	A_012652
CN202110333493.0	A_035870
CN202110340996.0	A_012739
CN202110352827.9	A_012652
CN202110356437.9	A_012652
CN202110357470.3	A_002872
CN202110357470.3	A_000947
CN202110362407.9	A_012652
CN202110363659.3	A_012652
CN202110369433.4	A_012652
CN202110373452.4	A_012652
CN202110387527.4	A_000134
CN202110405669.9	A_012652
CN202110480934.X	A_032690
CN202110485014.7	A_012652
CN202110502619.2	A_012652
CN202110506698.4	A_012652
CN202110513723.1	A_012652
CN202110525860.7	A_035912
CN202110549926.6	A_035912
CN202110572664.5	A_013698
CN202110585225.8	A_035873
CN202110600978.1	A_012652
CN202110604471.3	A_034019
CN202110634005.X	A_001676
CN202110663476.3	A_020920
CN202110669959.4	A_012652
CN202110669959.4	A_032828
CN202110672798.4	A_035913
CN202110680872.7	A_012652
CN202110700113.2	A_012652
CN202110759707.0	A_035914
CN202110761190.9	A_035870
CN202110769413.6	A_012652
CN202110793366.9	A_012652
CN202110820729.3	A_029245
CN202110823079.8	A_000134
CN202110834994.7	A_012652
CN202110839073.X	A_012652
CN202110846004.1	A_029245
CN202110862976.X	A_012652
CN202110863563.3	A_012652
CN202110866891.9	A_021148
CN202110892477.5	A_012652
CN202110902490.4	A_012652
CN202110903827.3	A_012652
CN202110904039.6	A_012652
CN202110915775.1	A_008801
CN202110916314.6	A_012652
CN202110922658.8	A_002872
CN202110925363.6	A_001485
CN202110931012.6	A_012652
CN202110976965.4	A_000337
CN202110987632.1	A_020685
CN202110991104.3	A_012652
CN202110996978.8	A_012652
CN202110998237.3	A_002872
CN202110999933.6	A_000351
CN202111002503.9	A_012652
CN202111061072.3	A_020752
CN202111061182.X	A_000177
CN202111061875.9	A_020752
CN202111069797.7	A_002859
CN202111070717.X	A_012652
CN202111080920.5	A_021162
CN202111081711.2	A_012652
CN202111102613.2	A_035882
CN202111110774.6	A_035870
CN202111123437.0	A_002872
CN202111128913.8	A_002872
CN202111141219.X	A_035867
CN202111153042.5	A_009080
CN202111153042.5	A_001087
CN202111153042.5	A_000995
CN202111165700.2	A_012652
CN202111179354.3	A_012652
CN202111179867.4	A_035870
CN202111213981.4	A_020815
CN202111245179.3	A_012652
CN202111246083.9	A_035873
CN202111250477.1	A_012652
CN202111268498.6	A_012652
CN202111270325.8	A_000910
CN202111270416.1	A_035915
CN202111276054.7	A_035870
CN202111276264.6	A_012652
CN202111277807.6	A_012652
CN202111278529.6	A_012652
CN202111302581.0	A_012652
CN202111361899.6	A_014734
CN202111361899.6	A_035916
CN202111383822.9	A_035870
CN202111387033.2	A_012652
CN202111403247.4	A_035917
CN202111406049.3	A_000910
CN202111421441.5	A_013698
CN202111424225.6	A_001676
CN202111426983.1	A_001676
CN202111426983.1	A_001099
CN202111429062.0	A_001676
CN202111437064.4	A_002382
CN202111437064.4	A_035918
CN202111437064.4	A_035919
CN202111437064.4	A_035920
CN202111437064.4	A_035921
CN202111464643.8	A_015732
CN202111490609.8	A_035870
CN202111500835.X	A_001485
CN202111520509.5	A_012652
CN202111563025.9	A_021033
CN202111563025.9	A_013765
CN202111584569.3	A_012652
CN202111617787.2	A_021493
CN202111663851.0	A_012652
CN202111669057.7	A_012652
CN202111673247.6	A_012652
CN2021141780W	A_012652
CN2021141780W	A_005857
CN202180000164.2	A_021162
CN202180000176.5	A_021162
CN202180000186.9	A_021162
CN202180000204.3	A_021162
CN202180000233.X	A_021162
CN202180000339.X	A_021162
CN202180000350.6	A_021162
CN202180000350.6	A_002872
CN202180000357.8	A_021162
CN202180000366.7	A_021162
CN202180000591.0	A_021162
CN202180000704.7	A_021162
CN202180000839.3	A_021162
CN202180000949.X	A_021162
CN202180000950.2	A_021162
CN202180001044.4	A_021162
CN202180001076.4	A_021162
CN202180001468.0	A_021162
CN202180001491.X	A_021162
CN202180001507.7	A_021162
CN202180001801.8	A_021162
CN202180001886.X	A_021162
CN202180002049.9	A_021162
CN202180002052.0	A_021162
CN202180002109.7	A_021162
CN202180002218.9	A_021162
CN202180002448.5	A_021162
CN202180003346.5	A_021162
CN202180003836.5	A_035922
CN202180004488.3	A_021162
CN202180004554.7	A_020920
CN202180004798.5	A_021162
CN202180004838.6	A_021162
CN202180005631.0	A_020920
CN202180005734.7	A_020920
CN202180007215.4	A_020920
CN202180007654.5	A_000260
CN202180008302.1	A_002239
CN202180008436.3	A_000910
CN202180009161.5	A_000910
CN202180009590.2	A_000910
CN202180010349.1	A_020779
CN202180010349.1	A_020780
CN202180010363.1	A_000910
CN202180010618.4	A_021170
CN202180010628.8	A_000260
CN202180010760.9	A_000910
CN202180010871.X	A_000910
CN202180010956.8	A_000910
CN202180011401.5	A_026118
CN202180011779.5	A_000910
CN202180011826.6	A_000910
CN202180012076.4	A_000910
CN202180012176.7	A_000910
CN202180013345.9	A_000910
CN202180013818.5	A_000910
CN202180014059.4	A_000910
CN202180014062.6	A_000910
CN202180014103.1	A_000910
CN202180014730.5	A_000910
CN202180014739.6	A_000910
CN202180014783.7	A_000910
CN202180015205.5	A_000910
CN202180015488.3	A_000910
CN202180015551.3	A_000910
CN202180016042.2	A_000910
CN202180016045.6	A_000910
CN202180016145.9	A_021174
CN202180016185.3	A_000910
CN202180016186.8	A_000910
CN202180018791.9	A_000910
CN202180018925.7	A_030103
CN202180018997.1	A_000910
CN202180019175.5	A_000910
CN202180019210.3	A_000910
CN202180019748.4	A_000910
CN202180019857.6	A_000910
CN202180020018.6	A_000910
CN202180020029.4	A_021174
CN202180020220.9	A_000910
CN202180020574.3	A_035875
CN202180020821.X	A_000910
CN202180021291.0	A_000910
CN202180021387.7	A_021174
CN202180021565.6	A_020920
CN202180023087.2	A_000910
CN202180023094.2	A_000910
CN202180023514.7	A_000910
CN202180024524.2	A_000910
CN202180025814.9	A_000910
CN202180027196.1	A_020930
CN202180027236.2	A_000910
CN202180027338.4	A_000910
CN202180027377.4	A_000260
CN202180027869.3	A_000910
CN202180027871.0	A_000910
CN202180027925.3	A_021174
CN202180028065.5	A_000910
CN202180029019.7	A_000910
CN202180029125.5	A_000910
CN202180030297.4	A_001520
CN202180030431.0	A_000910
CN202180030536.6	A_000910
CN202180030541.7	A_000910
CN202180030644.3	A_000910
CN202180031733.X	A_000910
CN202180031916.1	A_000910
CN202180032168.9	A_000910
CN202180032178.2	A_000910
CN202180032227.2	A_000910
CN202180033400.0	A_000260
CN202180033595.9	A_000910
CN202180033823.2	A_000910
CN202180033925.4	A_000910
CN202180033947.0	A_000910
CN202180034896.3	A_000260
CN202180034906.3	A_021174
CN202180036258.5	A_026091
CN202180037175.8	A_000910
CN202180037190.2	A_000910
CN202180037509.1	A_000910
CN202180037730.7	A_000910
CN202180038691.2	A_000910
CN202180040105.8	A_000910
CN202180041773.2	A_000910
CN202180042351.7	A_012652
CN202180043754.3	A_000910
CN202180043810.3	A_000260
CN202180044107.4	A_035878
CN202180045085.3	A_000910
CN202180045644.0	A_000910
CN202180046147.2	A_000910
CN202180047170.3	A_000910
CN202180047325.3	A_000910
CN202180047464.6	A_000910
CN202180047596.9	A_000910
CN202180048629.1	A_000910
CN202180049058.3	A_000910
CN202180050451.4	A_000910
CN202180051057.2	A_000910
CN202180051089.2	A_000910
CN202180051589.6	A_000910
CN202180052104.5	A_000910
CN202180052940.3	A_000910
CN202180054160.2	A_000910
CN202180054162.1	A_000910
CN202180054235.7	A_000910
CN202180054776.X	A_000910
CN202180055531.9	A_000260
CN202180055725.9	A_000910
CN202180057219.3	A_000910
CN202180057354.8	A_021174
CN202180057513.4	A_000910
CN202180058465.0	A_000910
CN202180058473.5	A_000910
CN202180058893.3	A_000910
CN202180059051.X	A_035878
CN202180059212.5	A_035878
CN202180059901.6	A_021174
CN202180059912.4	A_000910
CN202180060678.7	A_000260
CN202180060874.4	A_000910
CN202180061642.0	A_000910
CN202180062310.4	A_000910
CN202180062500.6	A_000910
CN202180063645.8	A_000910
CN202180063931.4	A_000910
CN202180063933.3	A_000910
CN202180063980.8	A_020715
CN202180064391.1	A_000910
CN202180064599.3	A_000910
CN202180065526.6	A_000910
CN202180065905.5	A_000910
CN202180066394.9	A_000910
CN202180067537.8	A_000910
CN202180067642.1	A_000910
CN202180068507.9	A_000910
CN202180068598.6	A_035875
CN202180068753.4	A_000910
CN202180068903.1	A_000910
CN202180069979.6	A_000910
CN202180070322.1	A_021174
CN202180070517.6	A_000260
CN202180070543.9	A_000910
CN202180071062.X	A_000910
CN202180071109.2	A_000910
CN202180072163.9	A_000910
CN202180074459.4	A_029245
CN202180082404.8	A_000910
CN202180082692.7	A_020659
CN202180082785.X	A_000910
CN202180083688.2	A_000910
CN202180089107.6	A_012652
CN202180089813.0	A_000910
CN202180089926.0	A_000910
CN202180090489.4	A_000910
CN202180093658.X	A_020920
CN202180096763.9	A_029245
CN202180098183.3	A_020779
CN202180098183.3	A_020780
CN202180103556.1	A_020779
CN202180103556.1	A_020780
CN202180105184.6	A_020779
CN202180105184.6	A_020780
CN2022072336W	A_012652
CN2022072336W	A_005857
CN2022083425W	A_012652
CN2022083425W	A_005857
CN2022085048W	A_012652
CN2022085048W	A_005857
CN2022087392W	A_012652
CN2022087392W	A_005857
CN2022088534W	A_012652
CN2022088534W	A_005857
CN2022089851W	A_012652
CN2022089851W	A_005857
CN2022092338W	A_012652
CN202210012259.2	A_012652
CN202210023300.6	A_012652
CN202210026677.7	A_021728
CN202210047204.5	A_000182
CN202210049955.0	A_035870
CN202210050568.9	A_012652
CN202210054782.1	A_035870
CN202210061984.9	A_012652
CN202210073748.9	A_000294
CN202210077421.9	A_000326
CN202210080003.5	A_012652
CN202210082047.1	A_012652
CN202210082839.9	A_002872
CN202210082839.9	A_020725
CN202210096119.8	A_012652
CN202210097563.1	A_012652
CN202210104119.8	A_012652
CN202210108525.1	A_021148
CN202210112141.7	A_012652
CN202210112998.9	A_012652
CN202210113002.6	A_012652
CN202210114229.2	A_012652
CN202210129618.2	A_012652
CN202210131322.4	A_002312
CN202210133059.2	A_012652
CN202210136279.0	A_035870
CN202210138922.3	A_012652
CN202210142912.7	A_035923
CN202210145846.9	A_021162
CN202210153020.7	A_035882
CN202210177402.3	A_012652
CN202210191869.3	A_012652
CN202210194217.5	A_012652
CN202210199452.1	A_002872
CN202210199452.1	A_021325
CN202210200249.1	A_021059
CN202210208911.8	A_012652
CN202210211027.X	A_012652
CN202210214945.8	A_020767
CN202210224939.0	A_012652
CN202210238368.6	A_000128
CN202210253519.5	A_001155
CN202210269015.2	A_035924
CN202210283863.9	A_012652
CN202210288551.7	A_012652
CN202210291406.4	A_021033
CN202210291406.4	A_013765
CN202210306309.8	A_020685
CN202210319033.7	A_035925
CN202210326887.8	A_020920
CN202210328677.2	A_035873
CN202210373872.7	A_020779
CN202210373872.7	A_020780
CN202210377310.X	A_012652
CN202210379691.5	A_021728
CN202210381828.0	A_021162
CN202210385698.8	A_000910
CN202210410331.7	A_000253
CN202210410331.7	A_004121
CN202210410331.7	A_029259
CN202210420046.3	A_000294
CN202210420944.9	A_012652
CN202210422400.6	A_012652
CN202210425409.2	A_035870
CN202210427027.3	A_021728
CN202210427421.7	A_000910
CN202210431800.3	A_012652
CN202210439791.2	A_012652
CN202210441001.4	A_012652
CN202210470761.8	A_012652
CN202210472377.1	A_002872
CN202210476538.4	A_012652
CN202210490110.5	A_012652
CN202210510917.0	A_020920
CN202210521711.8	A_012652
CN202210525853.1	A_002872
CN202210562524.4	A_035870
CN202210576571.4	A_012652
CN202210579143.7	A_035926
CN202210579227.0	A_012652
CN202210597225.4	A_012652
CN202210605628.9	A_012652
CN202210609674.6	A_012652
CN202210609813.5	A_012652
CN202210613117.1	A_012652
CN202210620651.5	A_012652
CN202210622204.3	A_012652
CN202210628329.7	A_035873
CN202210637036.5	A_035870
CN202210644872.6	A_000509
CN202210646668.8	A_035875
CN202210649512.5	A_012652
CN202210650250.4	A_035873
CN202210658331.9	A_001485
CN202210665997.7	A_002872
CN202210670169.2	A_020920
CN202210674727.2	A_002872
CN202210676573.0	A_030103
CN202210679204.7	A_000910
CN202210689320.7	A_012652
CN202210690357.1	A_012652
CN202210693015.5	A_012652
CN202210704831.1	A_012652
CN202210707373.7	A_012652
CN202210718953.6	A_012652
CN202210723115.8	A_000910
CN202210727483.X	A_020920
CN202210761826.4	A_012652
CN202210770085.6	A_021483
CN202210770926.3	A_012652
CN202210773540.8	A_035873
CN202210773555.4	A_035870
CN202210773565.8	A_035873
CN202210778040.3	A_002472
CN202210778040.3	A_014319
CN202210785129.2	A_000198
CN202210824602.3	A_035870
CN202210833269.2	A_035925
CN202210837687.9	A_008801
CN202210839883.X	A_000198
CN202210843532.6	A_035870
CN202210851939.3	A_012652
CN202210866262.0	A_012652
CN202210894250.9	A_035870
CN202210899957.9	A_012652
CN202210901714.4	A_012652
CN202210901714.4	A_021049
CN202210915007.0	A_020685
CN202210929674.4	A_029245
CN202210933680.7	A_012652
CN202210940835.X	A_035870
CN202210950596.6	A_012652
CN202210957694.2	A_012652
CN202210957694.2	A_021049
CN202210957863.2	A_012652
CN202210957933.4	A_012652
CN202210958737.9	A_012652
CN202210963748.6	A_012652
CN202210963816.9	A_012652
CN202210968331.9	A_012652
CN202210970215.0	A_012652
CN202210972025.2	A_012652
CN202210972032.2	A_012652
CN202210972310.4	A_003267
CN202210972310.4	A_015386
CN202210972310.4	A_000778
CN202210994056.8	A_021162
CN202210999884.0	A_012652
CN202211034984.6	A_012652
CN202211037914.6	A_012652
CN202211054013.8	A_020715
CN2022110616W	A_012652
CN2022110616W	A_005857
CN202211089963.4	A_012652
CN202211105463.5	A_012652
CN202211117366.8	A_001485
CN202211128642.0	A_035870
CN202211128643.5	A_035870
CN202211144112.5	A_035927
CN202211163810.X	A_012652
CN202211182443.8	A_035873
CN202211186091.3	A_021148
CN202211215342.6	A_012652
CN202211218359.7	A_035870
CN202211221399.7	A_021174
CN2022112321W	A_027251
CN2022112321W	A_013595
CN2022112321W	A_013124
CN202211240762.X	A_000388
CN202211264452.1	A_035870
CN202211277797.0	A_035870
CN202211344161.3	A_004011
CN202211356771.5	A_000260
CN202211379018.8	A_035925
CN202211391156.8	A_000299
CN202211401943.6	A_035928
CN202211403956.7	A_021059
CN202211423975.6	A_021728
CN202211424563.4	A_035870
CN202211449048.1	A_035867
CN202211471071.0	A_000375
CN202211500042.2	A_035870
CN202211500281.8	A_021728
CN202211542384.0	A_001075
CN202211574546.9	A_030818
CN202211574546.9	A_000636
CN202211574546.9	A_015271
CN202211609041.1	A_035929
CN2022116911W	A_012652
CN2022116911W	A_005857
CN2022116921W	A_012652
CN2022116921W	A_005857
CN2022120249W	A_012652
CN2022120249W	A_005857
CN2022124834W	A_012652
CN2022124834W	A_005857
CN2022127117W	A_012652
CN2022127117W	A_005857
CN2022134683W	A_012652
CN2022134683W	A_005857
CN2022135052W	A_012652
CN2022135052W	A_005857
CN2022135088W	A_012652
CN2022135088W	A_005857
CN2022136269W	A_012652
CN2022136269W	A_005857
CN202280000436.3	A_021162
CN202280001054.2	A_021162
CN202280001334.3	A_021162
CN202280001345.1	A_021162
CN202280001352.1	A_021162
CN202280001454.3	A_021162
CN202280001630.3	A_021162
CN202280001747.1	A_021162
CN202280001748.6	A_021162
CN202280001751.8	A_021162
CN202280002321.8	A_021162
CN202280003418.0	A_021174
CN202280004728.4	A_021162
CN202280005159.5	A_021174
CN202280008804.9	A_000910
CN202280010295.3	A_000260
CN202280011185.9	A_000260
CN202280013203.7	A_000910
CN202280013914.4	A_000260
CN202280015901.0	A_000910
CN202280020109.4	A_000260
CN202280025649.1	A_000910
CN202280029790.9	A_000910
CN202280036351.0	A_000910
CN202280036637.9	A_000910
CN202280039381.7	A_000260
CN202280042162.4	A_000910
CN202280048638.5	A_000910
CN202280049394.2	A_000260
CN202280051190.2	A_020761
CN202280052435.3	A_000910
CN202280052529.0	A_000910
CN202280052809.1	A_000260
CN202280054216.9	A_020761
CN202280054255.9	A_035930
CN202280055417.0	A_000260
CN202280059684.5	A_000910
CN202280059989.6	A_000910
CN202280065915.3	A_000260
CN202280066701.8	A_025297
CN202280069352.5	A_000910
CN202280069560.5	A_000260
CN202280075441.0	A_035931
CN202280079218.3	A_035932
CN202280080811.X	A_000910
CN202280086701.4	A_000910
CN202280087664.9	A_000910
CN202280095158.4	A_000910
CN202280095698.2	A_012652
CN202280095832.9	A_012652
CN202280095881.2	A_020989
CN202280096193.8	A_000910
CN202280096616.6	A_012652
CN202280096692.7	A_000910
CN202280096862.1	A_022309
CN202280096943.1	A_020779
CN202280096943.1	A_020780
CN202280098793.8	A_012652
CN202280098812.7	A_020779
CN202280098812.7	A_020780
CN202280100202.6	A_012652
CN202280100300.X	A_020989
CN202280100369.2	A_012652
CN202280100372.4	A_000910
CN202280100429.0	A_012652
CN202280101025.3	A_012652
CN202280102037.8	A_012652
CN202280102201.5	A_000910
CN202280102307.5	A_021840
CN202280102313.0	A_012652
CN202280102618.1	A_012652
CN2023078351W	A_007705
CN2023078351W	A_035933
CN2023078351W	A_035934
CN2023083175W	A_012652
CN2023083175W	A_005857
CN2023088618W	A_012652
CN2023088618W	A_005857
CN2023088883W	A_012652
CN2023088883W	A_005857
CN2023090111W	A_012652
CN2023090111W	A_005857
CN2023097267W	A_012652
CN2023097267W	A_005857
CN2023097424W	A_025904
CN2023097424W	A_025905
CN202310003358.9	A_035870
CN202310020608.X	A_035873
CN202310022810.6	A_012652
CN202310022818.2	A_012652
CN202310032660.7	A_021174
CN202310033294.7	A_012652
CN202310081032.8	A_001676
CN202310083262.8	A_021162
CN202310087682.3	A_000756
CN202310091346.6	A_029245
CN202310092036.6	A_002239
CN202310102492.4	A_008801
CN202310104412.9	A_012652
CN202310106630.6	A_012652
CN202310113221.9	A_000756
CN202310118807.4	A_012652
CN202310124030.2	A_008801
CN202310125183.9	A_012652
CN202310125209.X	A_012652
CN202310127842.2	A_012652
CN202310128612.8	A_012652
CN202310131462.6	A_008801
CN202310132465.1	A_012652
CN202310132569.2	A_008801
CN202310138223.3	A_012652
CN202310141957.7	A_008801
CN202310144919.7	A_012652
CN202310148834.6	A_012652
CN202310148870.2	A_012652
CN202310152276.0	A_012652
CN202310152299.1	A_012652
CN202310154878.X	A_012652
CN202310156077.7	A_012652
CN202310156229.3	A_012652
CN202310158867.9	A_012652
CN202310161225.4	A_025904
CN202310165197.3	A_012652
CN202310165353.6	A_012652
CN202310166640.9	A_012652
CN202310166662.5	A_012652
CN202310166670.X	A_012652
CN202310167229.3	A_012652
CN202310171475.6	A_012652
CN202310171943.X	A_012652
CN202310193505.3	A_021162
CN202310197287.0	A_035870
CN202310198125.9	A_021162
CN202310200427.5	A_035873
CN202310200972.4	A_012652
CN202310203533.9	A_035870
CN202310231435.6	A_012652
CN202310232887.6	A_012652
CN202310238496.5	A_012652
CN202310248949.2	A_012652
CN202310272254.8	A_000260
CN202310281058.7	A_030103
CN202310294332.4	A_035870
CN202310302449.2	A_008801
CN202310311468.1	A_012652
CN202310316682.6	A_012652
CN202310330081.0	A_012652
CN2023103327W	A_012652
CN2023103327W	A_005857
CN202310335550.8	A_030103
CN202310340504.7	A_027106
CN202310345618.0	A_000609
CN202310349754.7	A_035870
CN202310353326.1	A_012652
CN202310354236.4	A_035870
CN202310360926.0	A_000351
CN202310362797.9	A_012652
CN202310384600.1	A_012652
CN202310385227.1	A_012652
CN202310385288.8	A_012652
CN202310387459.0	A_012652
CN202310405680.4	A_012652
CN202310410242.7	A_021049
CN202310410242.7	A_012652
CN202310431172.3	A_012652
CN202310450897.7	A_000260
CN202310472361.5	A_012652
CN202310521949.5	A_012652
CN2023105245W	A_012652
CN2023105245W	A_005857
CN202310531482.2	A_021162
CN202310541796.0	A_012652
CN202310571758.X	A_021728
CN202310578295.X	A_030103
CN202310610710.5	A_021170
CN202310625319.2	A_021962
CN202310627358.6	A_002872
CN202310634746.7	A_012652
CN202310634746.7	A_021049
CN202310644693.7	A_021162
CN202310647771.9	A_020989
CN202310651222.9	A_035935
CN202310659211.5	A_021162
CN202310697859.1	A_035936
CN202310714382.3	A_020752
CN202310729283.2	A_000260
CN202310740691.8	A_012652
CN202310800556.8	A_008801
CN202310804988.6	A_012652
CN202310808308.8	A_000910
CN202310809953.1	A_021162
CN202310813502.5	A_012652
CN2023108233W	A_027251
CN2023108233W	A_013595
CN2023108233W	A_013124
CN202310827838.7	A_000910
CN202310830168.4	A_021423
CN202310869217.5	A_029654
CN202310869217.5	A_000260
CN202310913806.9	A_015616
CN202310915354.8	A_012652
CN2023109360W	A_012652
CN2023109360W	A_005857
CN202310939591.8	A_035937
CN202310945734.6	A_021162
CN202310975341.X	A_021033
CN202310975341.X	A_013765
CN202310976918.9	A_012652
CN202310989089.8	A_012652
CN202310998419.X	A_021162
CN202311088783.9	A_012652
CN2023111067W	A_025904
CN2023111067W	A_025905
CN202311112774.9	A_012652
CN202311125816.2	A_030103
CN202311133347.9	A_030103
CN202311137309.0	A_012652
CN202311264695.X	A_000260
CN202311292169.4	A_002993
CN202311292169.4	A_013764
CN202311324088.8	A_012652
CN2023113404W	A_025904
CN2023113404W	A_025905
CN202311344633.X	A_021162
CN202311347085.6	A_000910
CN202311394493.7	A_021162
CN202311394893.8	A_002992
CN202311439135.3	A_012652
CN202311443034.3	A_012652
CN202311521615.4	A_009080
CN202311521615.4	A_021128
CN202311538916.8	A_035938
CN202311538916.8	A_035939
CN202311567065.X	A_035870
CN202311568693.X	A_035870
CN2023116672W	A_012652
CN2023116672W	A_005857
CN202311688880.1	A_035870
CN202311744263.9	A_021162
CN202311751116.4	A_012652
CN202311792788.X	A_035870
CN202311792859.6	A_035870
CN202311793512.3	A_021162
CN2023118645W	A_012652
CN2023118645W	A_005857
CN2023119099W	A_012652
CN2023119099W	A_005857
CN2023121988W	A_022403
CN2023121988W	A_035940
CN2023122929W	A_035941
CN2023127811W	A_012652
CN2023127811W	A_005857
CN2023139303W	A_025904
CN2023139303W	A_025905
CN2023139784W	A_012652
CN2023139784W	A_005857
CN202380007858.8	A_021162
CN202380008185.8	A_021162
CN202380008211.7	A_021162
CN202380008339.3	A_021162
CN202380009405.9	A_021162
CN202380012714.1	A_025904
CN202380012924.0	A_000260
CN202380016172.5	A_000260
CN202380018916.7	A_000260
CN202380022522.9	A_000910
CN202380024364.0	A_000260
CN202380027424.4	A_000260
CN202380027523.2	A_000260
CN202380030155.7	A_000910
CN202380030264.9	A_000260
CN202380030678.1	A_000910
CN202380030715.9	A_000260
CN202380030718.2	A_020659
CN202380031030.6	A_000260
CN202380031671.1	A_000260
CN202380031994.0	A_000910
CN202380035189.5	A_000910
CN202380035453.5	A_020659
CN202380036187.8	A_000260
CN202380036765.8	A_000910
CN202380037202.0	A_020920
CN202380037951.3	A_000260
CN202380041049.9	A_000910
CN202380044882.9	A_000910
CN202380049000.8	A_000260
CN202380051207.9	A_000260
CN202380052011.1	A_000910
CN202380052300.1	A_000260
CN202380052367.5	A_002430
CN202380052367.5	A_002431
CN202380052367.5	A_035942
CN202380052798.1	A_000910
CN202380053475.4	A_000910
CN202380053642.5	A_000260
CN202380053681.5	A_000910
CN202380054357.5	A_022309
CN202380054962.2	A_000910
CN202380055300.7	A_000260
CN202380055629.3	A_022309
CN202380055959.2	A_000910
CN202380056428.5	A_021840
CN202380056577.1	A_000910
CN202380056750.8	A_000910
CN202380056954.1	A_000260
CN202380057190.8	A_000910
CN202380057276.0	A_000260
CN202380057728.5	A_000260
CN202380057816.5	A_000260
CN202380057847.0	A_000260
CN202380057897.9	A_000260
CN202380058478.7	A_021840
CN202380058673.X	A_021840
CN202380058717.9	A_020659
CN202380059005.9	A_020920
CN202380059012.9	A_000910
CN202380059138.6	A_000260
CN202380059401.1	A_000260
CN202380061763.4	A_000910
CN202380062582.3	A_000260
CN202380063564.7	A_000910
CN202380063789.2	A_000910
CN202380064119.2	A_020761
CN202380064870.2	A_000910
CN202380064882.5	A_000910
CN202380065647.X	A_021174
CN202380066508.9	A_000910
CN202380066753.X	A_000910
CN202380067552.1	A_000910
CN202380068068.0	A_000910
CN202380068106.2	A_000260
CN202380069003.8	A_029245
CN202380070592.1	A_000260
CN202380070971.0	A_000260
CN202380071563.7	A_000260
CN202380072224.0	A_000910
CN202380072479.7	A_000260
CN202380074160.8	A_000910
CN202380074298.8	A_000910
CN202380074870.0	A_000910
CN202380076781.X	A_035943
CN202380076781.X	A_035944
CN202380076781.X	A_035945
CN202380077089.9	A_020920
CN202380078192.5	A_030103
CN202380078405.4	A_000910
CN202380078406.9	A_000910
CN202380078407.3	A_000910
CN202380079208.4	A_000260
CN202380079973.6	A_000260
CN202380079983.X	A_000910
CN202380080942.2	A_000910
CN202380081460.9	A_030103
CN202380082835.3	A_000910
CN202380083522.X	A_000910
CN202380084254.3	A_000260
CN202380084618.8	A_030103
CN202380084621.X	A_030103
CN202380084735.4	A_029245
CN202380084932.6	A_022309
CN202380085128.X	A_000910
CN202380085509.8	A_030103
CN202380085593.3	A_000910
CN202380086022.1	A_000260
CN202380086150.6	A_020659
CN202380086559.8	A_012652
CN202380089159.2	A_000910
CN202380089385.0	A_029245
CN202380090061.9	A_000260
CN202380090194.6	A_020685
CN202380090572.0	A_000260
CN202380090762.2	A_012652
CN202380090911.5	A_035875
CN202380090993.3	A_021840
CN202380091742.7	A_025190
CN202380091955.X	A_000910
CN202380092074.X	A_000910
CN202380092701.X	A_012652
CN202380092754.1	A_021177
CN202380092943.9	A_000910
CN202380093202.2	A_000910
CN202380093264.3	A_030103
CN202380094149.8	A_000260
CN202380094543.1	A_030103
CN202380095769.3	A_012652
CN202380098077.4	A_022309
CN202410004325.0	A_020920
CN202410014494.2	A_000910
CN202410023713.3	A_000910
CN202410032173.5	A_021162
CN202410116870.9	A_021162
CN202410159961.0	A_020752
CN202410180279.X	A_000910
CN202410181246.7	A_035878
CN202410221299.7	A_000910
CN202410259645.0	A_000910
CN202410266661.2	A_035878
CN202410271185.3	A_035873
CN202410272898.1	A_000260
CN202410282981.7	A_000910
CN202410289232.7	A_021162
CN202410290078.5	A_000910
CN202410291817.2	A_035870
CN202410317738.4	A_001519
CN202410326265.4	A_000910
CN202410333918.1	A_012652
CN202410353046.5	A_000910
CN202410381793.X	A_030103
CN202410383592.3	A_000910
CN202410387846.9	A_030103
CN202410397389.1	A_021162
CN202410413477.6	A_002239
CN202410415187.5	A_000910
CN202410417012.8	A_000260
CN202410421232.8	A_000910
CN202410481263.2	A_000910
CN202410491666.5	A_021162
CN202410526159.0	A_000910
CN202410554830.2	A_000910
CN202410571780.9	A_012652
CN202410616217.9	A_001519
CN202410634457.1	A_012652
CN202410653850.5	A_000910
CN202410705747.0	A_000910
CN202410706830.X	A_000910
CN202410774795.5	A_000260
CN202410776951.1	A_000910
CN202410792472.9	A_000260
CN202410840808.4	A_012652
CN202410867613.9	A_000910
CN202410874201.8	A_012652
CN202410876173.3	A_000910
CN202410946596.8	A_030103
CN202410977764.X	A_035870
CN202411023737.5	A_000910
CN202411028645.6	A_000910
CN202411028724.7	A_000910
CN202411104771.5	A_035870
CN202411105327.5	A_000260
CN202411138590.4	A_020989
CN202411174554.3	A_020659
CN202411186489.6	A_021162
CN202411193510.5	A_020989
CN202411204035.7	A_030103
CN202411208807.4	A_020779
CN202411208807.4	A_020780
CN202411215855.6	A_030103
CN202411218613.2	A_000910
CN202411220412.6	A_020989
CN202411223679.0	A_021162
CN202411226842.9	A_021162
CN202411326964.5	A_030103
CN202411360058.7	A_035946
CN202411365774.4	A_030103
CN202411377203.2	A_000910
CN202411377292.0	A_000910
CN202411396275.1	A_000910
CN202411430435.X	A_000910
CN202411434744.4	A_000910
CN202411444910.9	A_000910
CN202411476982.1	A_030103
CN202411480056.1	A_002239
CN202411529451.4	A_000910
CN202411557152.1	A_002828
CN202411563220.5	A_012652
CN202411565892.X	A_012652
CN202411568088.7	A_000910
CN202411591018.3	A_025904
CN202411660924.4	A_000910
CN202411672687.3	A_012652
CN202411679262.5	A_035870
CN202411679449.5	A_012652
CN202411688164.8	A_000910
CN202411722562.7	A_000910
CN202411737109.3	A_030103
CN202411748527.2	A_030103
CN202411750871.5	A_012652
CN202411751565.3	A_012652
CN202411794174.X	A_021162
CN202411825167.1	A_012652
CN202411834585.7	A_020920
CN202411836099.9	A_000910
CN202411849875.9	A_000910
CN202411890151.9	A_030103
CN202411902983.8	A_000910
CN202411947546.8	A_000910
CN202411998941.9	A_012652
CN202411999568.9	A_012652
CN202510018909.8	A_020920
CN202510033219.X	A_000910
CN202510046117.1	A_021162
CN202510064804.6	A_020989
CN202510125846.6	A_025904
CN202510125928.0	A_000910
CN202510135066.X	A_000910
CN202510139400.9	A_000910
CN202510139457.9	A_000910
CN202510139526.6	A_000910
CN202510148190.X	A_000910
CN202510152296.7	A_030103
CN202510154702.3	A_000910
CN202510157243.4	A_000910
CN202510158612.1	A_030103
CN202510166419.2	A_025904
CN202510170223.0	A_000910
CN202510171739.7	A_000910
CN202510181607.2	A_012652
CN202510182606.X	A_021162
CN202510187063.0	A_000910
CN202510192732.3	A_012652
CN202510198450.4	A_012652
CN202510221192.7	A_030103
CN202510225743.7	A_000260
CN202510232629.7	A_000910
CN202510251640.8	A_012652
CN202510258658.0	A_012652
CN202510259003.5	A_012652
CN202510273369.8	A_000910
CN202510296300.7	A_000260
CN202510300480.1	A_021162
CN202510331847.6	A_000910
CN202510341605.5	A_021174
CN202510347651.6	A_000910
CN202510371368.7	A_000910
CN202510406321.X	A_030103
CN202510445723.0	A_000910
CN202510487938.9	A_000910
CN202510489896.2	A_002828
CN202510498835.2	A_000910
CN202510526963.3	A_030103
CN202510540009.X	A_000260
CN202510540333.1	A_025904
CN202510540448.0	A_000910
CN202510544255.2	A_000910
CN202510544973.X	A_000910
CN202510546206.2	A_000910
CN202510577170.4	A_012652
CN202510601855.8	A_030103
CN202510614738.5	A_021162
CN202510654082.X	A_000910
CN202510672666.X	A_021840
CN202510728886.X	A_000910
CN202510806956.9	A_035947
CN202510839567.6	A_000910
CN202510843002.5	A_021174
CN202510866087.9	A_000910
CN202510873452.9	A_021162
CN202510907699.8	A_021162
CN202510948060.4	A_012652
CN202510951339.8	A_021162
CN202510959636.7	A_025904
CN202510959701.6	A_000910
CN202510962464.9	A_000910
CN202510983523.0	A_030103
CN202510984687.5	A_021162
CN202511010093.0	A_000910
CN202511025267.0	A_020774
CN202511045613.1	A_021162
CN202511047401.7	A_021162
CN202511055636.0	A_012652
CN202511104684.4	A_030103
CN202511115870.8	A_000910
CN202511116692.0	A_030103
CN202511123670.7	A_020989
CN202511150913.6	A_020989
CN202511155933.2	A_020989
CN202511164773.8	A_012652
CN202511181876.5	A_000910
CN202511182268.6	A_012652
CN202511222653.9	A_000910
CN202511236585.1	A_012652
CN202511236591.7	A_021174
CN202511237467.2	A_000910
CN202511251954.4	A_021728
CN202511254617.0	A_030103
CN202511357069.4	A_020989
CN202511412285.4	A_030103
CN202511433948.0	A_000910
CN202511437085.4	A_000910
CN202511447334.8	A_000910
CN202511454817.0	A_000910
CN202511509811.9	A_000910
CN202511518456.1	A_000910
CN202511527385.1	A_000910
CN202511662136.3	A_000910
CN202511670032.7	A_021174
DE102018100269A	A_007824
DE102018125629A	A_007790
DE102022121471A	A_005556
DE102022127213A	A_007829
DE112018003225T	A_007824
DE112019003526T	A_006695
DE112021001024T	A_022411
DK18913979T	A_006083
DK18919656T	A_006083
DK18945121T	A_006083
EP18154899A	A_006703
EP18155778A	A_005496
EP18156893A	A_022377
EP18157473A	A_022377
EP18168670A	A_019399
EP18175564A	A_007752
EP18177672A	A_005882
EP18179800A	A_005704
EP18186723A	A_000037
EP18212238A	A_013558
EP18701858A	A_007705
EP18702461A	A_013595
EP18706887A	A_007705
EP18707582A	A_007705
EP18707697A	A_007383
EP18708249A	A_007705
EP18710232A	A_007705
EP18712060A	A_007705
EP18714375A	A_007705
EP18714406A	A_007705
EP18716010A	A_007705
EP18716031A	A_007705
EP18719103A	A_022377
EP18721367A	A_007383
EP18722320A	A_007705
EP18724673A	A_007705
EP18725019A	A_007383
EP18725088A	A_007705
EP18726890A	A_007705
EP18727116A	A_007705
EP18728430A	A_000008
EP18729110A	A_006184
EP18729110A	A_005496
EP18730504A	A_007705
EP18734407A	A_007705
EP18735112A	A_007996
EP18738387A	A_007383
EP18741858A	A_006703
EP18743039A	A_000008
EP18743703A	A_035948
EP18746352A	A_007705
EP18749590A	A_027448
EP18750555A	A_025013
EP18756026A	A_007705
EP18758791A	A_007705
EP18762429A	A_007705
EP18765511A	A_024655
EP18766078A	A_007705
EP18770049A	A_025911
EP18770157A	A_005496
EP18775889A	A_006703
EP18779905A	A_008252
EP18780704A	A_006695
EP18782564A	A_000099
EP18785789A	A_007705
EP18786185A	A_007705
EP18786357A	A_025911
EP18793323A	A_007705
EP18793520A	A_000099
EP18793943A	A_022403
EP18794459A	A_022403
EP18794839A	A_005857
EP18795820A	A_022411
EP18796242A	A_007705
EP18796551A	A_007705
EP18799318A	A_005507
EP18800805A	A_007705
EP18807189A	A_022374
EP18807807A	A_007705
EP18811106A	A_035949
EP18811427A	A_007705
EP18813604A	A_035950
EP18815444A	A_007705
EP18817258A	A_007705
EP18820380A	A_012619
EP18823506A	A_007383
EP18826471A	A_007705
EP18826849A	A_007705
EP18829326A	A_035951
EP18836699A	A_007705
EP18836711A	A_007705
EP18837632A	A_006294
EP18839779A	A_007705
EP18845038A	A_006695
EP18848245A	A_006294
EP18848264A	A_006703
EP18853552A	A_007705
EP18861014A	A_005857
EP18865010A	A_006185
EP18875500A	A_007705
EP18878673A	A_010039
EP18880571A	A_007705
EP18881113A	A_006703
EP18881657A	A_022503
EP18881657A	A_007212
EP18892092A	A_005496
EP18902228A	A_010953
EP18908494A	A_005526
EP18909033A	A_007705
EP18910151A	A_035952
EP18913331A	A_005857
EP18919930A	A_035941
EP18920771A	A_006083
EP18922669A	A_009903
EP18925538A	A_006083
EP18929059A	A_007705
EP18929783A	A_006083
EP18933178A	A_006083
EP18933385A	A_006083
EP18934584A	A_006083
EP18934901A	A_006083
EP18935717A	A_006083
EP18937501A	A_007705
EP18939705A	A_006083
EP18943694A	A_009903
EP18944125A	A_024787
EP19156671A	A_013124
EP19158381A	A_005404
EP19179836A	A_005486
EP19179874A	A_005587
EP19188002A	A_023095
EP19194542A	A_005587
EP19206376A	A_013068
EP19701933A	A_007705
EP19703796A	A_012370
EP19704083A	A_007705
EP19704514A	A_007705
EP19704903A	A_012370
EP19706165A	A_007705
EP19707153A	A_007705
EP19707215A	A_007705
EP19708708A	A_007705
EP19708717A	A_007705
EP19708748A	A_007705
EP19709315A	A_007705
EP19709340A	A_007705
EP19709830A	A_007705
EP19711467A	A_007705
EP19713641A	A_007705
EP19715650A	A_007705
EP19715694A	A_007705
EP19715700A	A_007705
EP19718038A	A_007705
EP19719141A	A_007705
EP19719685A	A_007705
EP19720990A	A_022531
EP19721898A	A_007809
EP19722006A	A_035948
EP19722234A	A_007705
EP19722721A	A_007705
EP19722753A	A_007705
EP19725598A	A_007705
EP19726239A	A_000099
EP19726828A	A_000099
EP19728812A	A_007705
EP19731351A	A_007383
EP19734497A	A_022585
EP19735090A	A_007705
EP19738674A	A_035953
EP19740465A	A_007705
EP19744236A	A_022411
EP19745325A	A_007705
EP19746230A	A_007705
EP19748632A	A_007705
EP19749473A	A_007705
EP19750238A	A_007705
EP19755783A	A_000099
EP19756067A	A_007705
EP19756292A	A_008252
EP19758568A	A_000099
EP19762556A	A_007705
EP19763740A	A_008252
EP19763740A	A_035954
EP19765580A	A_035955
EP19765580A	A_005496
EP19768980A	A_007705
EP19769361A	A_007705
EP19769531A	A_025911
EP19769949A	A_007705
EP19775102A	A_009915
EP19778076A	A_006695
EP19778741A	A_000099
EP19780495A	A_007705
EP19783182A	A_007705
EP19783189A	A_007705
EP19783361A	A_022585
EP19788518A	A_007705
EP19789358A	A_006083
EP19790811A	A_007383
EP19790927A	A_007705
EP19790976A	A_007705
EP19791088A	A_007705
EP19791443A	A_007705
EP19796386A	A_022373
EP19802419A	A_007705
EP19804903A	A_000099
EP19805011A	A_007705
EP19805699A	A_000113
EP19809293A	A_000099
EP19809356A	A_022445
EP19809963A	A_025013
EP19817454A	A_008252
EP19820263A	A_007705
EP19846014A	A_005857
EP19846308A	A_007962
EP19851929A	A_005506
EP19851929A	A_005507
EP19851929A	A_005508
EP19856203A	A_035956
EP19858239A	A_005496
EP19860339A	A_005506
EP19865419A	A_005857
EP19866647A	A_022373
EP19867570A	A_007705
EP19873060A	A_005506
EP19873060A	A_005507
EP19873060A	A_005508
EP19886374A	A_006223
EP19886434A	A_008379
EP19896455A	A_005857
EP19900161A	A_005507
EP19908715A	A_006083
EP19908873A	A_035957
EP19914147A	A_006083
EP19914459A	A_006083
EP19922191A	A_006083
EP19925180A	A_007705
EP19926100A	A_006083
EP19927228A	A_006083
EP19927268A	A_006083
EP19930881A	A_007705
EP19932937A	A_006083
EP19935154A	A_006083
EP19936717A	A_007705
EP19940848A	A_006083
EP19944712A	A_035958
EP19945918A	A_006083
EP19947327A	A_006083
EP19947583A	A_006083
EP19950325A	A_005496
EP19951334A	A_006083
EP19951541A	A_005857
EP19953490A	A_005857
EP20154744A	A_022377
EP20155298A	A_005587
EP20158259A	A_013068
EP20161095A	A_012627
EP20166188A	A_006695
EP20168547A	A_035949
EP20169904A	A_008103
EP20204933A	A_007790
EP20205414A	A_005496
EP20208866A	A_006703
EP20212515A	A_005882
EP20218026A	A_022403
EP2023075922W	A_013124
EP20702721A	A_007705
EP20703355A	A_007705
EP20704765A	A_007705
EP20704985A	A_007705
EP20707545A	A_006695
EP20708725A	A_006163
EP20708860A	A_007705
EP20708957A	A_007705
EP20712127A	A_007705
EP20714402A	A_007705
EP20716985A	A_007705
EP20718105A	A_007705
EP20721871A	A_007705
EP20721919A	A_007705
EP20721985A	A_007705
EP20723042A	A_013124
EP20723953A	A_007705
EP20726656A	A_000099
EP20727086A	A_007705
EP20727461A	A_007705
EP20727694A	A_022585
EP20727882A	A_007705
EP20729501A	A_007705
EP20730303A	A_009883
EP20730521A	A_024596
EP20732030A	A_007705
EP20732062A	A_007705
EP20733059A	A_007705
EP20733091A	A_007705
EP20737696A	A_007705
EP20738745A	A_006695
EP20739117A	A_007705
EP20739186A	A_000492
EP20740481A	A_007705
EP20741321A	A_007705
EP20743540A	A_007705
EP20744190A	A_007705
EP20745457A	A_008252
EP20745604A	A_007705
EP20747233A	A_007705
EP20747547A	A_007705
EP20750094A	A_022445
EP20751009A	A_007705
EP20751047A	A_007705
EP20753536A	A_007705
EP20753661A	A_007705
EP20754586A	A_007705
EP20755375A	A_006695
EP20757470A	A_007705
EP20757802A	A_007705
EP20760738A	A_007705
EP20761483A	A_007705
EP20762975A	A_006695
EP20765399A	A_007705
EP20767702A	A_007705
EP20767932A	A_007705
EP20772855A	A_007705
EP20774737A	A_005496
EP20776288A	A_007705
EP20780810A	A_007383
EP20781412A	A_007705
EP20782439A	A_006294
EP20782739A	A_006695
EP20785069A	A_005507
EP20786157A	A_007705
EP20786401A	A_007705
EP20786827A	A_007705
EP20788126A	A_006695
EP20788255A	A_006083
EP20788920A	A_007705
EP20790260A	A_005857
EP20792791A	A_007705
EP20792878A	A_007705
EP20793906A	A_007705
EP20796674A	A_007705
EP20797310A	A_007705
EP20800435A	A_007705
EP20801128A	A_007705
EP20802766A	A_006695
EP20803012A	A_022373
EP20803381A	A_007705
EP20804070A	A_008379
EP20804101A	A_007705
EP20807248A	A_007705
EP20807641A	A_007705
EP20807643A	A_007705
EP20816871A	A_007705
EP20817586A	A_007705
EP20821092A	A_007705
EP20821508A	A_007705
EP20821529A	A_035959
EP20824366A	A_000099
EP20825328A	A_007705
EP20828576A	A_007705
EP20829164A	A_007705
EP20830455A	A_007705
EP20830696A	A_006695
EP20835461A	A_005507
EP20835979A	A_007705
EP20838715A	A_007705
EP20839552A	A_007705
EP20842830A	A_007705
EP20845523A	A_007705
EP20845856A	A_007705
EP20851485A	A_006695
EP20851609A	A_006695
EP20857053A	A_000020
EP20865217A	A_005857
EP20869257A	A_005857
EP20871620A	A_006695
EP20871629A	A_006695
EP20872265A	A_006703
EP20872502A	A_005857
EP20873233A	A_006695
EP20877030A	A_006695
EP20884146A	A_006695
EP20884170A	A_007790
EP20887850A	A_035960
EP20889305A	A_006695
EP20890616A	A_022290
EP20891834A	A_006703
EP20902290A	A_007212
EP20903456A	A_028946
EP20915298A	A_007705
EP20916363A	A_007705
EP20917055A	A_006340
EP20918507A	A_006083
EP20920667A	A_006083
EP20925710A	A_006695
EP20926716A	A_007705
EP20933080A	A_006083
EP20936542A	A_013595
EP20941327A	A_006695
EP20943593A	A_022290
EP20944454A	A_007705
EP20947004A	A_007705
EP20948049A	A_035538
EP20948561A	A_006083
EP20948790A	A_022403
EP20956788A	A_006083
EP20957106A	A_022403
EP20957698A	A_006083
EP20966024A	A_006083
EP20966443A	A_005857
EP20967739A	A_005857
EP20967927A	A_005857
EP21158467A	A_007790
EP21167343A	A_022370
EP21178860A	A_007705
EP21181676A	A_005563
EP21189191A	A_000113
EP21192879A	A_022376
EP21196260A	A_007790
EP21200096A	A_022403
EP21204956A	A_005618
EP21209230A	A_007705
EP21209347A	A_005704
EP21214261A	A_013124
EP21214419A	A_005496
EP21216583A	A_007705
EP21217894A	A_013124
EP21702806A	A_007705
EP21704383A	A_007705
EP21705758A	A_007705
EP21707095A	A_007705
EP21707493A	A_007705
EP21707495A	A_007705
EP21707538A	A_007705
EP21708416A	A_007705
EP21708878A	A_007705
EP21709227A	A_007705
EP21710698A	A_007705
EP21710766A	A_007705
EP21710784A	A_007705
EP21711116A	A_007705
EP21712299A	A_007705
EP21714068A	A_007705
EP21715078A	A_007705
EP21716014A	A_007705
EP21717749A	A_007705
EP21718368A	A_000099
EP21718740A	A_000099
EP21719370A	A_022374
EP21719836A	A_007705
EP21720638A	A_007705
EP21721336A	A_007705
EP21721370A	A_007705
EP21721792A	A_007705
EP21722066A	A_000099
EP21722299A	A_013124
EP21723246A	A_007383
EP21724101A	A_007705
EP21725269A	A_022585
EP21725873A	A_007705
EP21727681A	A_007705
EP21727694A	A_007705
EP21727699A	A_007705
EP21727736A	A_007705
EP21727976A	A_008252
EP21727986A	A_007705
EP21728423A	A_007705
EP21728765A	A_007705
EP21729766A	A_000099
EP21730438A	A_007705
EP21730728A	A_007705
EP21731034A	A_007705
EP21731254A	A_035961
EP21732691A	A_007705
EP21734745A	A_007705
EP21735467A	A_007705
EP21738118A	A_022406
EP21738498A	A_028946
EP21738691A	A_005857
EP21739867A	A_007705
EP21742663A	A_007705
EP21742666A	A_007705
EP21748994A	A_007705
EP21749748A	A_007705
EP21749756A	A_007705
EP21750559A	A_006695
EP21751693A	A_007705
EP21752881A	A_006695
EP21754266A	A_006695
EP21754834A	A_035962
EP21754834A	A_035963
EP21754861A	A_035959
EP21755333A	A_007705
EP21755665A	A_007705
EP21756121A	A_007705
EP21756355A	A_006695
EP21759445A	A_007705
EP21761598A	A_006703
EP21762313A	A_007705
EP21764052A	A_006695
EP21766366A	A_007705
EP21772945A	A_007705
EP21773191A	A_007705
EP21774715A	A_005496
EP21783624A	A_007705
EP21785371A	A_006695
EP21787276A	A_007705
EP21790653A	A_035964
EP21795732A	A_006695
EP21796493A	A_006695
EP21799154A	A_007705
EP21801786A	A_007705
EP21801815A	A_007705
EP21802086A	A_007705
EP21802888A	A_007705
EP21803103A	A_006695
EP21803569A	A_006695
EP21803631A	A_005857
EP21803976A	A_006703
EP21806601A	A_007705
EP21807479A	A_007705
EP21808431A	A_006695
EP21810874A	A_007705
EP21816563A	A_035959
EP21840761A	A_007705
EP21842433A	A_005857
EP21842471A	A_006703
EP21847794A	A_008252
EP21850596A	A_006695
EP21852367A	A_006695
EP21853622A	A_006695
EP21853991A	A_006695
EP21854316A	A_006695
EP21854393A	A_025905
EP21854493A	A_006695
EP21858636A	A_006695
EP21859657A	A_025905
EP21862117A	A_006695
EP21873001A	A_006695
EP21876016A	A_006695
EP21876036A	A_006695
EP21876038A	A_006695
EP21876040A	A_006695
EP21876044A	A_006695
EP21877991A	A_006695
EP21877996A	A_006695
EP21878046A	A_006695
EP21880375A	A_006695
EP21880588A	A_006695
EP21880600A	A_006695
EP21883148A	A_006695
EP21883189A	A_006695
EP21883249A	A_006695
EP21883289A	A_006695
EP21883321A	A_006695
EP21883325A	A_006695
EP21883349A	A_006695
EP21885354A	A_007705
EP21886861A	A_006695
EP21890361A	A_022403
EP21892306A	A_006703
EP21899288A	A_022403
EP21909442A	A_005857
EP21910542A	A_005507
EP21911163A	A_006695
EP21917502A	A_006083
EP21918346A	A_022403
EP21918617A	A_005857
EP21919445A	A_006083
EP21928984A	A_005526
EP21930239A	A_006083
EP21933574A	A_005857
EP21944546A	A_007705
EP21956729A	A_006083
EP21956816A	A_006083
EP21957021A	A_022290
EP21958855A	A_022290
EP21959000A	A_013124
EP21959431A	A_006083
EP21959433A	A_006083
EP21960191A	A_009903
EP21963359A	A_006695
EP21964057A	A_006083
EP21965659A	A_006083
EP22152494A	A_022403
EP22167696A	A_024201
EP22177406A	A_007705
EP22178406A	A_000099
EP22191272A	A_007661
EP22192208A	A_007705
EP22197763A	A_007705
EP22202358A	A_007705
EP22202950A	A_007705
EP22203270A	A_006695
EP22205617A	A_006695
EP22306355A	A_035965
EP22306355A	A_005526
EP22702141A	A_007705
EP22702386A	A_007705
EP22703253A	A_007705
EP22703537A	A_007705
EP22705311A	A_007705
EP22705357A	A_007705
EP22710789A	A_007705
EP22711659A	A_022585
EP22711848A	A_007705
EP22714038A	A_007705
EP22716282A	A_007705
EP22716288A	A_007705
EP22719583A	A_005496
EP22719583A	A_005497
EP22720814A	A_000099
EP22722090A	A_007705
EP22723530A	A_007705
EP22727580A	A_000099
EP22731028A	A_007705
EP22731970A	A_007705
EP22732687A	A_007383
EP22733528A	A_005953
EP22736081A	A_007705
EP22736797A	A_006695
EP22736798A	A_006695
EP22736909A	A_006695
EP22738835A	A_007705
EP22739331A	A_005507
EP22739608A	A_006695
EP22739621A	A_006695
EP22739629A	A_006703
EP22739706A	A_006695
EP22739708A	A_006695
EP22739766A	A_006695
EP22739776A	A_006695
EP22739799A	A_006703
EP22739802A	A_006695
EP22739803A	A_006695
EP22740715A	A_007705
EP22741949A	A_007705
EP22742106A	A_005857
EP22742793A	A_006695
EP22743634A	A_007705
EP22743962A	A_007705
EP22745777A	A_006083
EP22750015A	A_006703
EP22750036A	A_006703
EP22750386A	A_025587
EP22750675A	A_022493
EP22754592A	A_007705
EP22756379A	A_006695
EP22756559A	A_006703
EP22756579A	A_006703
EP22757781A	A_007705
EP22759910A	A_006695
EP22763613A	A_006695
EP22765975A	A_007705
EP22767372A	A_006695
EP22767389A	A_006703
EP22767472A	A_006695
EP22776001A	A_006695
EP22776138A	A_006695
EP22777464A	A_007705
EP22778760A	A_005857
EP22780126A	A_005556
EP22780126A	A_005587
EP22781497A	A_006695
EP22781629A	A_006695
EP22781672A	A_006703
EP22781955A	A_013128
EP22783240A	A_007705
EP22784948A	A_006695
EP22784952A	A_006695
EP22787082A	A_007705
EP22787293A	A_005857
EP22789714A	A_007383
EP22796064A	A_006703
EP22799052A	A_006703
EP22802287A	A_007383
EP22802434A	A_007705
EP22806812A	A_005857
EP22811015A	A_006083
EP22811570A	A_006703
EP22814578A	A_007705
EP22817823A	A_007383
EP22819667A	A_005857
EP22824024A	A_005857
EP22824834A	A_035966
EP22825218A	A_006695
EP22828710A	A_006703
EP22832099A	A_005857
EP22843993A	A_005857
EP22846203A	A_006703
EP22849876A	A_006695
EP22852048A	A_005857
EP22852272A	A_005857
EP22852276A	A_005857
EP22853029A	A_005556
EP22853029A	A_005587
EP22853438A	A_006703
EP22853509A	A_006695
EP22853546A	A_006695
EP22858287A	A_006083
EP22858453A	A_006083
EP22858455A	A_006083
EP22858465A	A_006083
EP22858795A	A_006703
EP22860294A	A_005857
EP22867595A	A_006695
EP22870171A	A_006695
EP22872108A	A_005857
EP22873181A	A_006703
EP22874808A	A_005857
EP22876941A	A_006703
EP22877822A	A_005857
EP22880129A	A_005857
EP22882210A	A_007705
EP22882759A	A_005857
EP22885594A	A_005857
EP22887735A	A_006695
EP22887742A	A_006695
EP22890246A	A_006695
EP22890409A	A_006695
EP22890437A	A_006695
EP22891502A	A_005857
EP22891745A	A_005857
EP22891947A	A_005857
EP22893261A	A_006695
EP22894654A	A_005857
EP22895621A	A_006083
EP22897909A	A_005857
EP22900203A	A_005857
EP22900366A	A_005857
EP22900379A	A_005857
EP22904692A	A_006703
EP22906331A	A_005857
EP22907035A	A_006255
EP22910084A	A_005857
EP22914454A	A_005857
EP22915232A	A_005857
EP22920285A	A_006083
EP22920288A	A_006083
EP22920347A	A_006083
EP22921768A	A_005857
EP22923957A	A_035967
EP22926394A	A_020640
EP22928303A	A_005857
EP22929271A	A_005857
EP22930353A	A_022290
EP22930907A	A_006083
EP22934133A	A_022290
EP22935349A	A_006083
EP22936940A	A_025905
EP22937428A	A_006083
EP22940257A	A_006083
EP22947339A	A_025905
EP22947980A	A_006083
EP22949856A	A_022290
EP22955759A	A_006083
EP22959941A	A_005857
EP22963024A	A_005857
EP22964385A	A_006083
EP22965430A	A_009903
EP22966842A	A_005857
EP22968277A	A_005857
EP22968834A	A_022290
EP22969000A	A_005857
EP22970241A	A_006695
EP23150711A	A_022585
EP23151009A	A_006695
EP23151129A	A_006695
EP23161311A	A_007705
EP23170687A	A_006695
EP23179619A	A_000099
EP23182256A	A_035968
EP23182297A	A_013124
EP23194509A	A_000113
EP23196778A	A_022445
EP23199128A	A_007705
EP23204349A	A_006695
EP23207060A	A_000099
EP23207520A	A_022373
EP23209380A	A_000099
EP23209685A	A_007705
EP23211539A	A_007790
EP23211980A	A_035965
EP23211980A	A_005526
EP23703963A	A_007705
EP23704656A	A_007705
EP23707050A	A_005622
EP23709566A	A_007705
EP23709950A	A_005496
EP23709950A	A_005497
EP23710812A	A_022376
EP23710949A	A_007705
EP23716720A	A_008252
EP23737462A	A_006695
EP23737477A	A_006695
EP23740416A	A_006703
EP23740448A	A_006703
EP23740506A	A_006703
EP23747258A	A_006695
EP23749956A	A_006703
EP23752249A	A_005857
EP23752344A	A_005857
EP23753070A	A_006703
EP23753203A	A_006695
EP23753234A	A_006695
EP23756299A	A_006083
EP23756647A	A_006703
EP23758198A	A_006695
EP23758506A	A_006695
EP23758508A	A_006695
EP23758510A	A_006695
EP23759011A	A_005857
EP23761418A	A_006695
EP23761420A	A_006695
EP23762751A	A_005857
EP23792209A	A_006703
EP23794801A	A_005857
EP23796716A	A_006703
EP23796880A	A_006695
EP23799635A	A_006695
EP23802625A	A_005857
EP23807588A	A_006083
EP23818878A	A_005857
EP23818998A	A_005857
EP23820004A	A_006703
EP23820050A	A_006703
EP23822970A	A_005857
EP23823118A	A_035969
EP23826391A	A_005857
EP23827313A	A_006703
EP23831979A	A_006703
EP23834596A	A_005857
EP23834832A	A_035969
EP23835734A	A_035970
EP23835864A	A_006695
EP23838608A	A_005857
EP23839899A	A_006695
EP23839962A	A_035957
EP23839964A	A_006695
EP23840028A	A_006695
EP23841969A	A_005857
EP23842084A	A_005857
EP23843354A	A_006703
EP23843376A	A_006695
EP23843437A	A_006703
EP23845554A	A_035969
EP23845899A	A_006294
EP23846951A	A_006695
EP23846990A	A_006695
EP23848923A	A_005857
EP23849053A	A_005857
EP23849117A	A_005857
EP23849117A	A_028277
EP23849318A	A_035969
EP23849325A	A_005857
EP23850296A	A_006695
EP23850336A	A_006695
EP23850402A	A_006703
EP23850486A	A_006695
EP23850507A	A_006703
EP23851261A	A_005857
EP23851552A	A_005857
EP23851952A	A_005857
EP23851955A	A_005857
EP23852021A	A_035969
EP23852302A	A_005496
EP23852749A	A_006703
EP23852798A	A_006695
EP23852803A	A_006695
EP23852816A	A_006703
EP23852830A	A_006703
EP23852842A	A_006695
EP23852853A	A_006695
EP23852871A	A_006695
EP23852888A	A_006695
EP23852893A	A_006695
EP23852896A	A_006695
EP23852904A	A_006695
EP23852906A	A_006695
EP23852917A	A_006695
EP23852928A	A_006695
EP23852929A	A_006695
EP23852932A	A_006695
EP23852968A	A_006695
EP23852973A	A_006695
EP23853022A	A_006695
EP23853026A	A_006695
EP23853075A	A_006695
EP23853076A	A_006695
EP23853078A	A_006695
EP23853080A	A_006695
EP23853084A	A_006695
EP23853086A	A_006695
EP23853110A	A_006695
EP23855128A	A_006695
EP23855155A	A_006703
EP23857202A	A_007962
EP23857623A	A_006703
EP23858900A	A_005857
EP23858920A	A_005857
EP23860806A	A_006695
EP23860878A	A_006695
EP23862353A	A_005857
EP23862354A	A_005857
EP23863469A	A_006695
EP23863550A	A_006703
EP23864647A	A_035969
EP23864649A	A_035969
EP23865843A	A_006695
EP23865931A	A_006695
EP23867365A	A_005857
EP23867404A	A_005857
EP23867518A	A_035969
EP23868441A	A_006695
EP23868538A	A_006703
EP23868558A	A_006695
EP23869605A	A_035538
EP23869964A	A_005857
EP23870117A	A_005857
EP23870174A	A_005857
EP23870285A	A_005857
EP23870587A	A_005857
EP23870649A	A_005857
EP23871794A	A_005496
EP23872881A	A_006703
EP23872885A	A_006695
EP23872906A	A_006695
EP23872926A	A_006695
EP23872994A	A_006695
EP23873088A	A_006695
EP23873173A	A_006695
EP23873176A	A_006695
EP23873177A	A_006695
EP23873179A	A_006695
EP23873189A	A_006695
EP23873194A	A_006703
EP23873203A	A_006695
EP23873210A	A_006695
EP23873222A	A_006695
EP23873223A	A_006703
EP23873230A	A_006703
EP23873246A	A_006703
EP23873247A	A_006695
EP23873251A	A_006695
EP23873267A	A_006695
EP23873287A	A_006695
EP23873289A	A_006695
EP23874654A	A_005496
EP23877555A	A_006695
EP23877683A	A_006695
EP23880218A	A_006703
EP23880234A	A_006695
EP23881772A	A_023189
EP23882920A	A_006695
EP23883067A	A_006703
EP23885423A	A_005556
EP23886087A	A_006703
EP23886153A	A_006703
EP23886162A	A_006695
EP23886211A	A_006695
EP23886230A	A_006703
EP23886325A	A_006695
EP23886326A	A_006695
EP23886351A	A_006703
EP23886374A	A_006695
EP23886406A	A_006695
EP23887542A	A_005857
EP23888925A	A_006695
EP23889086A	A_006703
EP23889087A	A_006703
EP23890700A	A_005857
EP23891440A	A_006083
EP23896721A	A_005857
EP23897522A	A_005496
EP23898009A	A_006703
EP23898374A	A_006695
EP23899857A	A_005857
EP23903890A	A_006703
EP23903933A	A_006703
EP23904792A	A_006695
EP23907761A	A_006695
EP23909952A	A_005857
EP23910110A	A_005857
EP23910335A	A_005857
EP23910347A	A_005857
EP23910596A	A_005857
EP23910685A	A_005857
EP23912786A	A_006703
EP23912830A	A_006703
EP23912990A	A_006703
EP23914040A	A_005857
EP23914970A	A_006703
EP23915277A	A_009903
EP23915349A	A_005857
EP23916062A	A_006083
EP23916063A	A_006083
EP23916384A	A_006703
EP23916465A	A_035971
EP23917226A	A_005857
EP23918366A	A_006083
EP23919533A	A_005857
EP23919803A	A_024737
EP23920547A	A_009903
EP23920831A	A_005857
EP23920832A	A_005857
EP23921175A	A_024737
EP23921176A	A_024737
EP23921408A	A_006703
EP23922361A	A_005857
EP23922364A	A_005857
EP23922443A	A_005857
EP23922446A	A_005857
EP23922511A	A_005857
EP23922829A	A_006294
EP23923245A	A_022290
EP23924303A	A_006695
EP23926838A	A_025905
EP24156068A	A_007705
EP24156667A	A_007705
EP24189238A	A_022585
EP24193958A	A_006695
EP24200529A	A_000099
EP24201135A	A_007705
EP24204492A	A_008252
EP24205688A	A_000099
EP24207352A	A_006294
EP24211459A	A_006695
EP24215536A	A_007705
EP24217889A	A_006703
EP24218534A	A_000099
EP24219451A	A_022493
EP24219456A	A_022493
EP25151242A	A_006083
EP25152194A	A_007705
EP25152222A	A_006703
EP25153013A	A_000099
EP25157162A	A_007705
EP25157879A	A_006695
EP25161194A	A_006695
EP25173602A	A_007705
EP25174824A	A_007705
EP25176984A	A_007705
EP25177134A	A_008252
EP25179182A	A_009833
EP25179182A	A_022510
EP25179273A	A_007705
EP25181148A	A_022493
EP25186690A	A_007705
EP25187105A	A_000099
EP25188043A	A_007705
EP25198871A	A_007705
EP25199513A	A_007705
EP25204415A	A_007705
EP25206774A	A_000099
EP25207227A	A_005622
EP25209083A	A_022290
EP25212762A	A_007705
EP25214886A	A_007705
EP25215766A	A_000099
EP25219997A	A_007705
ES18306387T	A_028563
ES18706099T	A_020640
ES18811969T	A_035949
ES18816718T	A_005604
ES18904348T	A_009903
ES18913610T	A_006083
ES18928994T	A_009903
ES18929100T	A_006083
ES18929664T	A_006083
ES18931507T	A_009903
ES18938997T	A_006083
ES18939697T	A_006083
ES18945124T	A_009903
ES19746219T	A_000099
ES19752509T	A_035972
ES19769928T	A_000100
ES19788862T	A_006083
ES19827795T	A_035973
ES19919384T	A_006083
ES20732659T	A_035973
ES20754350T	A_035973
ES20768103T	A_013124
ES20799142T	A_023720
ES20817121T	A_035974
ES21799350T	A_005645
ES21891850T	A_006083
ES22727908T	A_035975
ES23198824T	A_035973
FR2013143A	A_025339
GB201810914A	A_007824
GB202102411A	A_022977
GB202107985A	A_022977
GB202108299A	A_022977
GB202113636A	A_005695
GB202118187A	A_022338
GB202208553A	A_022977
GB202305837A	A_013124
GB202307088A	A_013124
GB202312757A	A_013124
GB202313746A	A_006703
GB202314259A	A_013124
GB202317225A	A_013124
GB202320048A	A_013124
GB202405354A	A_025354
IL26346418A	A_035976
IL26379018A	A_005680
IL26419619A	A_025013
IL26504219A	A_035977
IL26504219A	A_035978
IL26504219A	A_035979
IL26504219A	A_035980
IL26504219A	A_035981
IL26504219A	A_035982
IL26504219A	A_035983
IL26504219A	A_035984
IL26927719A	A_035985
IL26927719A	A_035986
IL27333420A	A_035987
IL27333420A	A_007714
IL27333420A	A_035988
IL27333420A	A_035989
IL27582520A	A_005507
IL27631320A	A_005507
IL29022022A	A_025013
IL29055522A	A_008252
IL29055522A	A_031195
IN201841022151	A_035990
IN201847016751	A_007705
IN201847021271	A_007705
IN201847030255	A_007705
IN201847031965	A_007705
IN201847032704	A_007705
IN201847034383	A_007705
IN201847045589	A_007705
IN201917038126	A_007383
IN201927000086	A_007705
IN201927005861	A_007705
IN201927006452	A_007705
IN201927006463	A_007705
IN201927007007	A_007705
IN201927007614	A_007705
IN201927012338	A_007705
IN201927013424	A_007705
IN201927013539	A_007705
IN201927013872	A_007705
IN201927017143	A_007705
IN201927022291	A_007705
IN201927024041	A_007705
IN201927024720	A_007705
IN201927025512	A_007705
IN201927025546	A_007705
IN201927025548	A_007705
IN201927028021	A_007705
IN201927028153	A_007705
IN201927028494	A_007705
IN201927040765	A_007705
IN201927040912	A_007705
IN201927041149	A_007705
IN201927045256	A_007705
IN201927045516	A_007705
IN201927047920	A_007705
IN201927053229	A_007705
IN201927053414	A_007705
IN201941038569	A_006703
IN201947010167	A_007705
IN201947029480	A_007705
IN201947039738	A_007705
IN201947039755	A_007705
IN201947039948	A_007705
IN201947039953	A_007705
IN201947040262	A_007705
IN201947042054	A_007705
IN201947044133	A_007705
IN201947045475	A_007705
IN201947045927	A_007705
IN201947046376	A_007705
IN202017008687	A_005857
IN202017013821	A_022370
IN202017014744	A_022376
IN202027000712	A_006695
IN202027002642	A_007705
IN202027005699	A_007705
IN202027006916	A_007705
IN202027008335	A_007705
IN202027010309	A_007705
IN202027019393	A_007705
IN202037046870	A_006083
IN202037046875	A_006083
IN202047023317	A_007705
IN202047027857	A_009903
IN202047029846	A_007705
IN202047034106	A_007705
IN202047035923	A_009903
IN202047054028	A_009903
IN202117013710	A_006223
IN202117021717	A_006083
IN202117045502	A_022376
IN202117062169	A_015032
IN202127031203	A_007705
IN202127032957	A_007705
IN202127046145	A_007705
IN202137032224	A_035991
IN202137036714	A_035991
IN202147028346	A_013595
IN202147028346	A_035992
IN202217038710	A_000099
IN202217044969	A_025542
IN202241045519	A_007790
IN202317067086	A_007383
JP2018004142A	A_005507
JP2018004142A	A_006062
JP2018005942A	A_014154
JP2018008763W	A_010020
JP2018008763W	A_006090
JP2018017303A	A_006157
JP2018017303A	A_006156
JP2018046807A	A_000129
JP2018062998A	A_014154
JP2018063544A	A_006302
JP2018116408A	A_005506
JP2018116408A	A_006089
JP2018124864A	A_006235
JP2018124864A	A_006128
JP2018156661A	A_006056
JP2018160605A	A_000129
JP2018160605A	A_006112
JP2018172581A	A_006284
JP2018179928A	A_006157
JP2018207539A	A_014154
JP2018207539A	A_022964
JP2018207588A	A_014154
JP2018207588A	A_022964
JP2018221751A	A_022974
JP2018233817A	A_035993
JP2018233817A	A_035994
JP2018235965A	A_006254
JP2018235965A	A_035995
JP2019031980A	A_035996
JP2019031980A	A_024682
JP2019037366A	A_006083
JP2019037366A	A_006084
JP2019066415A	A_006114
JP2019114571A	A_006089
JP2019114571A	A_005506
JP2019146278A	A_006313
JP2019162846A	A_006090
JP2019167393A	A_006062
JP2019167393A	A_005507
JP2019181616A	A_014154
JP2019181616A	A_022964
JP2019186448A	A_027760
JP2019186448A	A_035997
JP2019211087A	A_006062
JP2019211087A	A_005507
JP2019238740A	A_006157
JP2019238740A	A_006156
JP2019534022A	A_025434
JP2019534022A	A_022411
JP2019558706A	A_023106
JP2019560122A	A_023187
JP2019560122A	A_007705
JP2019564462A	A_023187
JP2019564462A	A_007705
JP2019568308A	A_023056
JP2019568308A	A_020640
JP2019572649A	A_005857
JP2019572649A	A_023108
JP2020012330A	A_006310
JP2020012330A	A_006311
JP2020012492W	A_006083
JP2020012492W	A_006084
JP2020023211A	A_017588
JP2020023211A	A_017589
JP2020034235A	A_006114
JP2020070563A	A_006313
JP2020082158A	A_025418
JP2020082158A	A_022376
JP2020086426A	A_006313
JP2020089818A	A_011403
JP2020089818A	A_011404
JP2020097301A	A_006062
JP2020097301A	A_005507
JP2020158388A	A_023054
JP2020158388A	A_005426
JP2020160286A	A_006175
JP2020163304A	A_006302
JP2020173299A	A_006284
JP2020210642A	A_006114
JP2020210642A	A_005618
JP2020505329A	A_035998
JP2020505329A	A_035999
JP2020511178A	A_006196
JP2020511178A	A_005496
JP2020511588A	A_006084
JP2020511588A	A_006083
JP2020511623A	A_025434
JP2020511702A	A_006084
JP2020511702A	A_006083
JP2020511703A	A_006084
JP2020511703A	A_006083
JP2020514136A	A_006084
JP2020514136A	A_006083
JP2020517316A	A_014154
JP2020517316A	A_022964
JP2020517741A	A_006084
JP2020517870A	A_036000
JP2020517870A	A_036001
JP2020523965A	A_006084
JP2020523965A	A_006083
JP2020527484A	A_014154
JP2020527484A	A_022964
JP2020529968A	A_006084
JP2020529968A	A_006083
JP2020533894A	A_006084
JP2020533894A	A_006083
JP2020535420A	A_006084
JP2020535420A	A_006083
JP2020535446A	A_006084
JP2020535446A	A_006083
JP2020535557A	A_036002
JP2020542802A	A_036003
JP2020542802A	A_032948
JP2020547087A	A_036004
JP2020547087A	A_020633
JP2020547603A	A_006084
JP2020547887A	A_006084
JP2020547887A	A_006083
JP2020551641A	A_006084
JP2020551641A	A_006083
JP2020553519A	A_023056
JP2020553519A	A_020640
JP2020554698A	A_006084
JP2020555669A	A_006084
JP2020555669A	A_006083
JP2020559654A	A_006084
JP2020562168A	A_036005
JP2020562168A	A_009903
JP2020565125A	A_006084
JP2020565125A	A_006083
JP2020566026A	A_006084
JP2020567441A	A_036006
JP2020569332A	A_006084
JP2020569332A	A_006083
JP2020572942A	A_036007
JP2020572942A	A_000099
JP2021006007A	A_006062
JP2021006007A	A_005507
JP2021010442A	A_014154
JP2021010442A	A_022964
JP2021046731A	A_006196
JP2021072190A	A_005612
JP2021072190A	A_006160
JP2021092593A	A_036007
JP2021092593A	A_000099
JP2021100242A	A_005857
JP2021100242A	A_023108
JP2021124033A	A_027981
JP2021146646A	A_036008
JP2021146646A	A_036009
JP2021186353A	A_023056
JP2021201024A	A_006157
JP2021201024A	A_006156
JP2021214393A	A_023056
JP2021215143A	A_036010
JP2021215143A	A_036011
JP2021503366A	A_006169
JP2021503366A	A_006170
JP2021505304A	A_036012
JP2021506987A	A_036002
JP2021506987A	A_008042
JP2021508582A	A_006084
JP2021508582A	A_006083
JP2021508677A	A_006084
JP2021508677A	A_006083
JP2021511184A	A_006196
JP2021511184A	A_005496
JP2021511770A	A_006084
JP2021511770A	A_006083
JP2021511771A	A_006084
JP2021511771A	A_006083
JP2021515718A	A_006084
JP2021515718A	A_006083
JP2021516070A	A_006196
JP2021516070A	A_005496
JP2021517148A	A_006084
JP2021517148A	A_006083
JP2021517151A	A_006084
JP2021517151A	A_006083
JP2021519988A	A_033871
JP2021519988A	A_006231
JP2021519988A	A_033870
JP2021519988A	A_006327
JP2021520989A	A_023108
JP2021520989A	A_005857
JP2021524629A	A_006084
JP2021524629A	A_006083
JP2021525520A	A_006084
JP2021525520A	A_006083
JP2021525524A	A_006084
JP2021525524A	A_006083
JP2021534440A	A_006084
JP2021534440A	A_006083
JP2021534460A	A_006084
JP2021534460A	A_006083
JP2021536551A	A_006084
JP2021536551A	A_006083
JP2021536555A	A_006084
JP2021536555A	A_006083
JP2021536969A	A_025434
JP2021536969A	A_022411
JP2021537551A	A_006084
JP2021537551A	A_006083
JP2021538543A	A_006084
JP2021538543A	A_006083
JP2021541787A	A_006084
JP2021541787A	A_006083
JP2021541790A	A_006084
JP2021541790A	A_006083
JP2021543649A	A_006293
JP2021543649A	A_006294
JP2021544936A	A_006196
JP2021544936A	A_005496
JP2021547299A	A_036003
JP2021547299A	A_032948
JP2021547889A	A_036013
JP2021547889A	A_036014
JP2021548060A	A_006084
JP2021548060A	A_006083
JP2021549406A	A_036007
JP2021549406A	A_000099
JP2021550790A	A_006084
JP2021550790A	A_006083
JP2021550800A	A_006235
JP2021550800A	A_006128
JP2021550886A	A_027321
JP2021550886A	A_036015
JP2021550886A	A_027320
JP2021550886A	A_036016
JP2021550907A	A_006084
JP2021550907A	A_006083
JP2021550940A	A_006084
JP2021550940A	A_006083
JP2021550943A	A_006084
JP2021550943A	A_006083
JP2021554522A	A_006084
JP2021554522A	A_006083
JP2021554523A	A_006084
JP2021554523A	A_006083
JP2021556021A	A_006196
JP2021556021A	A_005496
JP2021557176A	A_023121
JP2021557176A	A_023120
JP2021557607A	A_023106
JP2021558602A	A_036017
JP2021558602A	A_006695
JP2021562240A	A_006084
JP2021562240A	A_006083
JP2021562460A	A_006196
JP2021562460A	A_005496
JP2021565793A	A_023062
JP2021565793A	A_006703
JP2021566408A	A_006084
JP2021566408A	A_006083
JP2021567994A	A_036018
JP2021572169A	A_006084
JP2021572169A	A_006083
JP2021574383A	A_006084
JP2021574383A	A_006083
JP2021574394A	A_006084
JP2021574394A	A_006083
JP2021574589A	A_006196
JP2021574589A	A_005496
JP2021575540A	A_006084
JP2021575540A	A_006083
JP2021575541A	A_006084
JP2021575541A	A_006083
JP2021576385A	A_023056
JP2021576385A	A_020640
JP2021576492A	A_023056
JP2021576492A	A_020640
JP2021577134A	A_036019
JP2021577134A	A_022290
JP2021577815A	A_006084
JP2021577815A	A_006083
JP2022016270A	A_006235
JP2022016270A	A_034586
JP2022016270A	A_006128
JP2022016270A	A_036020
JP2022048125A	A_023187
JP2022048125A	A_007705
JP2022063115A	A_006160
JP2022063115A	A_005612
JP2022096605A	A_023056
JP2022096605A	A_020640
JP2022100348A	A_023187
JP2022100348A	A_007705
JP2022125227A	A_022986
JP2022125227A	A_022987
JP2022125976A	A_006170
JP2022138098A	A_022403
JP2022138098A	A_027997
JP2022143926A	A_036021
JP2022143926A	A_036001
JP2022154352A	A_006169
JP2022154352A	A_006170
JP2022156936A	A_023108
JP2022156936A	A_005857
JP2022161804A	A_023056
JP2022161804A	A_020640
JP2022171437A	A_006695
JP2022171437A	A_036017
JP2022171956A	A_006169
JP2022185797A	A_006160
JP2022185797A	A_005612
JP2022192633A	A_006084
JP2022194929A	A_006084
JP2022211090A	A_006084
JP2022211090A	A_006083
JP2022500357A	A_006196
JP2022500357A	A_005496
JP2022500724A	A_023056
JP2022500724A	A_020640
JP2022501557A	A_006084
JP2022501557A	A_006083
JP2022503300A	A_006084
JP2022503300A	A_006083
JP2022503886A	A_023054
JP2022503886A	A_005426
JP2022507419A	A_036022
JP2022508010A	A_006084
JP2022508010A	A_006083
JP2022508190A	A_025434
JP2022508190A	A_022411
JP2022509183A	A_036019
JP2022509183A	A_022290
JP2022510208A	A_023056
JP2022510208A	A_020640
JP2022510401A	A_006084
JP2022510401A	A_006083
JP2022513806A	A_006084
JP2022513806A	A_006083
JP2022515181A	A_006084
JP2022515181A	A_006083
JP2022516072A	A_036023
JP2022516072A	A_024981
JP2022518549A	A_006084
JP2022518549A	A_006083
JP2022519571A	A_023187
JP2022519571A	A_007705
JP2022519574A	A_023187
JP2022519574A	A_007705
JP2022519810A	A_036007
JP2022519810A	A_000099
JP2022520427A	A_036024
JP2022520427A	A_005622
JP2022520607A	A_036017
JP2022520607A	A_006695
JP2022520792A	A_023187
JP2022520792A	A_007705
JP2022521441A	A_023187
JP2022521441A	A_007705
JP2022521843A	A_006196
JP2022521843A	A_005496
JP2022524691A	A_023187
JP2022524691A	A_007705
JP2022525127A	A_036007
JP2022525127A	A_000099
JP2022525665A	A_036025
JP2022525665A	A_008008
JP2022527946A	A_036026
JP2022527946A	A_036027
JP2022530326A	A_036028
JP2022530326A	A_005741
JP2022531853A	A_006196
JP2022531853A	A_005496
JP2022533727A	A_006151
JP2022533727A	A_010941
JP2022538542A	A_006084
JP2022538542A	A_006083
JP2022539072A	A_006196
JP2022539072A	A_005496
JP2022539912A	A_006084
JP2022539912A	A_006083
JP2022541020A	A_006084
JP2022541020A	A_006083
JP2022541886A	A_012448
JP2022541886A	A_012449
JP2022543952A	A_006084
JP2022543952A	A_006083
JP2022544491A	A_006084
JP2022544491A	A_006083
JP2022545205A	A_006084
JP2022545205A	A_006083
JP2022547991A	A_023187
JP2022547991A	A_007705
JP2022548306A	A_006084
JP2022548306A	A_006083
JP2022548841A	A_036029
JP2022548841A	A_036030
JP2022548945A	A_023187
JP2022548945A	A_007705
JP2022549048A	A_036007
JP2022549048A	A_000099
JP2022550073A	A_006084
JP2022550073A	A_006083
JP2022550107A	A_006084
JP2022550107A	A_006083
JP2022553358A	A_006084
JP2022553358A	A_006083
JP2022554922A	A_036017
JP2022554922A	A_006695
JP2022555170A	A_023187
JP2022555170A	A_007705
JP2022555238A	A_006084
JP2022555238A	A_006083
JP2022556216A	A_023056
JP2022556216A	A_020640
JP2022556734A	A_006084
JP2022556734A	A_006083
JP2022556811A	A_006084
JP2022556811A	A_006083
JP2022558228A	A_036031
JP2022560615A	A_006084
JP2022560615A	A_006083
JP2022560770A	A_006084
JP2022560770A	A_006083
JP2022560772A	A_006084
JP2022560772A	A_006083
JP2022560773A	A_006084
JP2022560773A	A_006083
JP2022560810A	A_006084
JP2022560810A	A_006083
JP2022561969A	A_006084
JP2022561969A	A_006083
JP2022566583A	A_006084
JP2022566583A	A_006083
JP2022568018A	A_006084
JP2022568018A	A_006083
JP2022570427A	A_036007
JP2022570427A	A_000099
JP2022570887A	A_006235
JP2022570887A	A_006128
JP2022570902A	A_006084
JP2022570902A	A_006083
JP2022570919A	A_006084
JP2022570919A	A_006083
JP2022570961A	A_006235
JP2022570961A	A_006128
JP2022570967A	A_006235
JP2022570967A	A_006128
JP2022570968A	A_006235
JP2022570968A	A_006128
JP2022573887A	A_006084
JP2022573887A	A_006083
JP2022573893A	A_006084
JP2022573893A	A_006083
JP2022574202A	A_036017
JP2022574202A	A_006695
JP2022574933A	A_006084
JP2022574933A	A_006083
JP2022574969A	A_006084
JP2022574969A	A_006083
JP2022574972A	A_006084
JP2022574972A	A_006083
JP2022574996A	A_006084
JP2022574996A	A_006083
JP2022574997A	A_006084
JP2022574997A	A_006083
JP2022574998A	A_006084
JP2022574998A	A_006083
JP2022574999A	A_006084
JP2022574999A	A_006083
JP2022575010A	A_006084
JP2022575010A	A_006083
JP2022575011A	A_006084
JP2022575011A	A_006083
JP2022575012A	A_006084
JP2022575012A	A_006083
JP2022575020A	A_006084
JP2022575020A	A_006083
JP2022575043A	A_006084
JP2022575043A	A_006083
JP2022575049A	A_006084
JP2022575049A	A_006083
JP2022575050A	A_006084
JP2022575050A	A_006083
JP2022575436A	A_023056
JP2022575436A	A_020640
JP2022575866A	A_006169
JP2022575866A	A_006170
JP2022576474A	A_036017
JP2022576474A	A_006695
JP2022576905A	A_006084
JP2022576905A	A_006083
JP2022576922A	A_006084
JP2022576922A	A_006083
JP2022576923A	A_006084
JP2022576923A	A_006083
JP2022577185A	A_023056
JP2022577185A	A_020640
JP2022577698A	A_023187
JP2022577698A	A_007705
JP2022577707A	A_023056
JP2022577707A	A_020640
JP2022577839A	A_006084
JP2022577839A	A_006083
JP2022577840A	A_006084
JP2022577840A	A_006083
JP2022577841A	A_006084
JP2022577841A	A_006083
JP2022577843A	A_006084
JP2022577843A	A_006083
JP2022577848A	A_006084
JP2022577848A	A_006083
JP2022577946A	A_006084
JP2022577946A	A_006083
JP2022578351A	A_006084
JP2022578351A	A_006083
JP2022579544A	A_006084
JP2022579544A	A_006083
JP2022579581A	A_006084
JP2022579581A	A_006083
JP2022579582A	A_006084
JP2022579582A	A_006083
JP2022579696A	A_006196
JP2022579696A	A_005496
JP2022580805A	A_023054
JP2022580805A	A_005426
JP2022580895A	A_023187
JP2022580895A	A_007705
JP2023000886A	A_036032
JP2023000886A	A_036033
JP2023001498A	A_006169
JP2023001498A	A_006170
JP2023002193A	A_006170
JP2023002193A	A_006169
JP2023009586A	A_006156
JP2023009586A	A_006157
JP2023014516A	A_006293
JP2023014516A	A_006294
JP2023015841A	A_006169
JP2023017329A	A_005507
JP2023017329A	A_006062
JP2023029091W	A_006226
JP2023029091W	A_006227
JP2023045660A	A_036034
JP2023045660A	A_006145
JP2023055082A	A_009547
JP2023055082A	A_006090
JP2023056892A	A_036024
JP2023056892A	A_005622
JP2023060893A	A_006169
JP2023063859A	A_036024
JP2023063859A	A_005622
JP2023066364A	A_036024
JP2023066364A	A_005622
JP2023071028A	A_006084
JP2023071028A	A_006083
JP2023071376A	A_006084
JP2023071376A	A_006083
JP2023079958A	A_036017
JP2023079958A	A_006695
JP2023084815A	A_023056
JP2023084815A	A_020640
JP2023093620A	A_006169
JP2023093620A	A_006170
JP2023095160A	A_006084
JP2023095160A	A_006083
JP2023118924A	A_036035
JP2023118924A	A_013124
JP2023119404A	A_036036
JP2023119404A	A_036037
JP2023131987A	A_032948
JP2023131987A	A_036003
JP2023133030A	A_006169
JP2023133030A	A_006170
JP2023135216A	A_006084
JP2023135216A	A_006083
JP2023137362A	A_006084
JP2023137362A	A_006083
JP2023143078A	A_027997
JP2023143078A	A_022403
JP2023154170A	A_022403
JP2023154170A	A_027997
JP2023155669A	A_027986
JP2023155669A	A_027987
JP2023161609A	A_005426
JP2023189034A	A_006312
JP2023189034A	A_006313
JP2023191329A	A_023170
JP2023191329A	A_023171
JP2023199912A	A_006156
JP2023199912A	A_006157
JP2023208638A	A_006084
JP2023208638A	A_006083
JP2023210476A	A_036024
JP2023210476A	A_005622
JP2023500457A	A_006084
JP2023500457A	A_006083
JP2023500458A	A_006084
JP2023500458A	A_006083
JP2023500501A	A_006084
JP2023500501A	A_006083
JP2023500502A	A_006084
JP2023500502A	A_006083
JP2023500504A	A_006084
JP2023500504A	A_006083
JP2023500508A	A_006084
JP2023500508A	A_006083
JP2023501661A	A_001108
JP2023501661A	A_025431
JP2023502800A	A_023056
JP2023502800A	A_020640
JP2023502826A	A_023187
JP2023502826A	A_007705
JP2023503296A	A_006084
JP2023503296A	A_006083
JP2023503297A	A_006084
JP2023503297A	A_006083
JP2023503299A	A_006084
JP2023503299A	A_006083
JP2023503300A	A_006084
JP2023503300A	A_006083
JP2023504980A	A_006084
JP2023504980A	A_006083
JP2023504981A	A_006084
JP2023504981A	A_006083
JP2023504988A	A_006084
JP2023504988A	A_006083
JP2023504990A	A_006084
JP2023504990A	A_006083
JP2023505009A	A_006196
JP2023505009A	A_005496
JP2023505051A	A_006084
JP2023505051A	A_006083
JP2023506608A	A_006084
JP2023506608A	A_006083
JP2023507368A	A_036007
JP2023507368A	A_000099
JP2023507789A	A_023079
JP2023507789A	A_008252
JP2023507834A	A_023062
JP2023507834A	A_006703
JP2023509825A	A_023062
JP2023509825A	A_006703
JP2023509995A	A_006084
JP2023509995A	A_006083
JP2023510037A	A_006084
JP2023510037A	A_006083
JP2023510064A	A_006084
JP2023510064A	A_006083
JP2023510089A	A_006084
JP2023510089A	A_006083
JP2023510143A	A_006084
JP2023510143A	A_006083
JP2023510162A	A_006084
JP2023510162A	A_006083
JP2023512513A	A_006084
JP2023512513A	A_006083
JP2023514549A	A_006084
JP2023514549A	A_006083
JP2023520586A	A_006084
JP2023520586A	A_006083
JP2023520597A	A_006084
JP2023520597A	A_006083
JP2023520603A	A_006084
JP2023520603A	A_006083
JP2023520607A	A_006084
JP2023520607A	A_006083
JP2023520610A	A_006084
JP2023520610A	A_006083
JP2023520645A	A_006084
JP2023520645A	A_006083
JP2023520654A	A_006084
JP2023520654A	A_006083
JP2023520739A	A_006084
JP2023520739A	A_006083
JP2023524060A	A_006084
JP2023524060A	A_006083
JP2023524653A	A_036029
JP2023524653A	A_036030
JP2023525175A	A_006084
JP2023525175A	A_006083
JP2023525178A	A_006084
JP2023525178A	A_006083
JP2023525294A	A_006084
JP2023525294A	A_006083
JP2023526230A	A_036038
JP2023526230A	A_035973
JP2023527793A	A_023062
JP2023527793A	A_006703
JP2023529184A	A_006084
JP2023529184A	A_006083
JP2023529187A	A_006084
JP2023529187A	A_006083
JP2023529241A	A_006084
JP2023529241A	A_006083
JP2023529296A	A_006084
JP2023529296A	A_006083
JP2023529297A	A_006084
JP2023529297A	A_006083
JP2023529378A	A_006084
JP2023529378A	A_006083
JP2023530847A	A_036017
JP2023530847A	A_006695
JP2023532424A	A_025990
JP2023532424A	A_005857
JP2023532967A	A_006084
JP2023532967A	A_006083
JP2023535893A	A_023121
JP2023535893A	A_023120
JP2023536299A	A_006084
JP2023536299A	A_006083
JP2023536300A	A_006084
JP2023536300A	A_006083
JP2023537833A	A_006084
JP2023537833A	A_006083
JP2023537873A	A_006084
JP2023537873A	A_006083
JP2023538183A	A_006084
JP2023538183A	A_006083
JP2023538886A	A_023108
JP2023538886A	A_005857
JP2023539172A	A_023056
JP2023539172A	A_020640
JP2023539344A	A_023056
JP2023539344A	A_020640
JP2023539408A	A_006084
JP2023539408A	A_006083
JP2023539467A	A_006084
JP2023539467A	A_006083
JP2023539495A	A_006084
JP2023539495A	A_006083
JP2023539516A	A_006084
JP2023539516A	A_006083
JP2023539522A	A_006084
JP2023539522A	A_006083
JP2023539575A	A_006084
JP2023539575A	A_006083
JP2023539587A	A_006084
JP2023539587A	A_006083
JP2023540623A	A_023056
JP2023540623A	A_020640
JP2023540736A	A_023187
JP2023540736A	A_007705
JP2023540989A	A_036007
JP2023540989A	A_000099
JP2023541336A	A_023056
JP2023541336A	A_020640
JP2023542253A	A_006084
JP2023542253A	A_006083
JP2023542544A	A_036039
JP2023542544A	A_036040
JP2023542639A	A_025442
JP2023542639A	A_005953
JP2023543899A	A_006160
JP2023543899A	A_006157
JP2023543899A	A_005612
JP2023543899A	A_006156
JP2023543902A	A_006160
JP2023543902A	A_006157
JP2023543902A	A_005612
JP2023543902A	A_006156
JP2023543903A	A_006160
JP2023543903A	A_006157
JP2023543903A	A_005612
JP2023543903A	A_006156
JP2023545001A	A_006084
JP2023545001A	A_006083
JP2023545003A	A_006084
JP2023545003A	A_006083
JP2023546311A	A_023056
JP2023546311A	A_020640
JP2023546687A	A_006084
JP2023546687A	A_006083
JP2023546691A	A_006084
JP2023546691A	A_006083
JP2023546692A	A_006084
JP2023546692A	A_006083
JP2023550813A	A_006084
JP2023550813A	A_006083
JP2023550814A	A_006084
JP2023550814A	A_006083
JP2023550815A	A_006084
JP2023550815A	A_006083
JP2023550848A	A_006084
JP2023550848A	A_006083
JP2023550941A	A_006169
JP2023550941A	A_006170
JP2023550947A	A_006084
JP2023550947A	A_006083
JP2023550964A	A_006084
JP2023550964A	A_006083
JP2023550965A	A_006084
JP2023550965A	A_006083
JP2023550974A	A_006084
JP2023550974A	A_006083
JP2023551280A	A_006160
JP2023551280A	A_006157
JP2023551280A	A_005612
JP2023551280A	A_006156
JP2023553780A	A_006084
JP2023553780A	A_006083
JP2023554180A	A_006084
JP2023554180A	A_006083
JP2023555651A	A_023187
JP2023555651A	A_007705
JP2023555913A	A_006084
JP2023555913A	A_006083
JP2023556010A	A_006084
JP2023556010A	A_006083
JP2023557513A	A_006084
JP2023557513A	A_006083
JP2023557569A	A_006084
JP2023557569A	A_006083
JP2023557747A	A_036035
JP2023557747A	A_013124
JP2023557864A	A_006084
JP2023557864A	A_006083
JP2023557886A	A_006084
JP2023557886A	A_006083
JP2023559141A	A_023054
JP2023559141A	A_005426
JP2023560383A	A_036035
JP2023560383A	A_013124
JP2023560419A	A_036017
JP2023560419A	A_006695
JP2023561245A	A_036035
JP2023561245A	A_013124
JP2023561899A	A_036017
JP2023561899A	A_006695
JP2023562070A	A_006084
JP2023562070A	A_006083
JP2023564697A	A_006084
JP2023564697A	A_006083
JP2023566069A	A_006084
JP2023566069A	A_006083
JP2023566073A	A_006084
JP2023566073A	A_006083
JP2023566629A	A_023108
JP2023566629A	A_005857
JP2023567039A	A_006169
JP2023567039A	A_006170
JP2023568080A	A_023056
JP2023568080A	A_020640
JP2023568117A	A_023187
JP2023568117A	A_007705
JP2023568585A	A_023187
JP2023568585A	A_007705
JP2023568789A	A_006084
JP2023568789A	A_006083
JP2023568920A	A_006084
JP2023568920A	A_006083
JP2023568922A	A_036041
JP2023568922A	A_035965
JP2023569862A	A_036017
JP2023569862A	A_006695
JP2023569918A	A_036017
JP2023569918A	A_006695
JP2023570623A	A_006084
JP2023570623A	A_006083
JP2023572173A	A_036017
JP2023572173A	A_006695
JP2023572328A	A_006084
JP2023572328A	A_006083
JP2023572329A	A_006084
JP2023572329A	A_006083
JP2023572338A	A_006084
JP2023572338A	A_006083
JP2023572571A	A_036042
JP2023572571A	A_005481
JP2023574932A	A_006235
JP2023574932A	A_006128
JP2023575955A	A_036017
JP2023575955A	A_006695
JP2023576545A	A_006084
JP2023576545A	A_006083
JP2023578236A	A_006084
JP2023578236A	A_006083
JP2023578291A	A_006084
JP2023578291A	A_006083
JP2023578759A	A_036007
JP2023578759A	A_000099
JP2023578882A	A_036029
JP2023578882A	A_036030
JP2023579943A	A_006169
JP2023579943A	A_006170
JP2023579980A	A_006084
JP2023579980A	A_006083
JP2023579981A	A_006084
JP2023579981A	A_006083
JP2023579998A	A_006084
JP2023579998A	A_006083
JP2023580051A	A_006084
JP2023580051A	A_006083
JP2024500392A	A_023062
JP2024500392A	A_006703
JP2024500783A	A_006169
JP2024500783A	A_006170
JP2024501772A	A_036029
JP2024501772A	A_036030
JP2024502147A	A_023056
JP2024502147A	A_020640
JP2024503706A	A_036017
JP2024503706A	A_006695
JP2024504785A	A_036017
JP2024504785A	A_006695
JP2024505583A	A_036017
JP2024505583A	A_006695
JP2024505795A	A_006084
JP2024505795A	A_006083
JP2024506739A	A_036017
JP2024506739A	A_006695
JP2024506740A	A_036017
JP2024506740A	A_006695
JP2024507936A	A_028646
JP2024507936A	A_028647
JP2024508428A	A_036017
JP2024508428A	A_006695
JP2024510335A	A_036017
JP2024510335A	A_006695
JP2024510903A	A_006084
JP2024510903A	A_006083
JP2024510977A	A_006084
JP2024510977A	A_006083
JP2024511161A	A_006084
JP2024511161A	A_006083
JP2024513073A	A_023108
JP2024513073A	A_005857
JP2024513400A	A_027997
JP2024513400A	A_022403
JP2024514069A	A_023062
JP2024514069A	A_006703
JP2024515688A	A_036017
JP2024515688A	A_006695
JP2024516057A	A_006084
JP2024516057A	A_006083
JP2024516700A	A_036039
JP2024516700A	A_036040
JP2024516938A	A_023056
JP2024516938A	A_020640
JP2024516957A	A_023108
JP2024516957A	A_005857
JP2024517737A	A_006084
JP2024517737A	A_006083
JP2024518450A	A_006169
JP2024518450A	A_006170
JP2024518852A	A_036029
JP2024518852A	A_036030
JP2024519020A	A_036017
JP2024519020A	A_006695
JP2024519042A	A_036017
JP2024519042A	A_006695
JP2024519089A	A_006169
JP2024519089A	A_006170
JP2024519549A	A_006169
JP2024519549A	A_006170
JP2024519662A	A_006169
JP2024519662A	A_006170
JP2024520023A	A_023187
JP2024520023A	A_007705
JP2024522556A	A_036005
JP2024522556A	A_009903
JP2024523776A	A_025990
JP2024523776A	A_005857
JP2024523900A	A_027997
JP2024523900A	A_022403
JP2024524737A	A_023062
JP2024524737A	A_006703
JP2024525210A	A_006169
JP2024525210A	A_006170
JP2024525447A	A_023056
JP2024525447A	A_020640
JP2024525452A	A_023056
JP2024525452A	A_020640
JP2024525502A	A_023108
JP2024525502A	A_005857
JP2024525508A	A_023062
JP2024525508A	A_006703
JP2024525597A	A_027997
JP2024525597A	A_022403
JP2024525672A	A_023062
JP2024525672A	A_006703
JP2024526495A	A_006169
JP2024526495A	A_006170
JP2024526837A	A_036035
JP2024526837A	A_013124
JP2024527668A	A_023062
JP2024527668A	A_006703
JP2024531053A	A_023108
JP2024531053A	A_005857
JP2024534297A	A_023108
JP2024534297A	A_005857
JP2024534781A	A_006169
JP2024534781A	A_006170
JP2024536500A	A_023108
JP2024536500A	A_005857
JP2024537489A	A_027997
JP2024537489A	A_022403
JP2024538157A	A_006169
JP2024538157A	A_006170
JP2024538790A	A_006084
JP2024538790A	A_006083
JP2024539257A	A_023108
JP2024539257A	A_005857
JP2024539332A	A_023079
JP2024539332A	A_008252
JP2024539680A	A_023187
JP2024539680A	A_007705
JP2024539778A	A_023062
JP2024539778A	A_006703
JP2024539888A	A_036007
JP2024539888A	A_000099
JP2024539964A	A_027997
JP2024539964A	A_022403
JP2024541256A	A_023187
JP2024541256A	A_007705
JP2024543935A	A_006169
JP2024543935A	A_006170
JP2024544385A	A_023108
JP2024544385A	A_005857
JP2024544658A	A_006169
JP2024544658A	A_006170
JP2024546497A	A_023187
JP2024546497A	A_007705
JP2024547050A	A_027997
JP2024547050A	A_022403
JP2024549647A	A_036024
JP2024549647A	A_005622
JP2024552297A	A_036029
JP2024552297A	A_036030
JP2024553902A	A_006313
JP2024553902A	A_022977
JP2024554694A	A_023056
JP2024554694A	A_020640
JP2024554740A	A_023108
JP2024554740A	A_005857
JP2024561695A	A_036007
JP2024561695A	A_000099
JP2024563142A	A_036017
JP2024563142A	A_006695
JP2024563145A	A_036017
JP2024563145A	A_006695
JP2024563579A	A_023187
JP2024563579A	A_007705
JP2024568545A	A_006169
JP2024568545A	A_006170
JP2024569596A	A_036043
JP2024573962A	A_036017
JP2024573962A	A_006695
JP2024575139A	A_006169
JP2024575139A	A_006170
JP2024575284A	A_023056
JP2024575284A	A_020640
JP2024575373A	A_036007
JP2024575373A	A_000099
JP2025502661A	A_036038
JP2025502661A	A_035973
JP2025502925A	A_006196
JP2025502925A	A_005496
JP2025504216A	A_036017
JP2025504216A	A_006695
JP2025504807A	A_036044
JP2025504807A	A_036045
JP2025505516A	A_006169
JP2025505516A	A_006170
JP2025505722A	A_036017
JP2025505722A	A_006695
JP2025505880A	A_023108
JP2025505880A	A_005857
JP2025505960A	A_036024
JP2025505960A	A_005622
JP2025505998A	A_036035
JP2025505998A	A_013124
JP2025506930A	A_006169
JP2025506930A	A_006170
JP2025507241A	A_036017
JP2025507241A	A_006695
JP2025507348A	A_036046
JP2025507487A	A_036017
JP2025507487A	A_006695
JP2025507528A	A_036017
JP2025507528A	A_006695
JP2025507578A	A_036017
JP2025507578A	A_006695
JP2025508637A	A_036029
JP2025508637A	A_036030
JP2025511928A	A_006169
JP2025511928A	A_006170
JP2025512115A	A_023108
JP2025512115A	A_005857
JP2025514450A	A_023170
JP2025514450A	A_023171
JP2025515880A	A_036043
JP2025516980A	A_036017
JP2025516980A	A_006695
JP2025517197A	A_036017
JP2025517197A	A_006695
JP2025517726A	A_023108
JP2025517726A	A_005857
JP2025518308A	A_036017
JP2025518308A	A_006695
JP2025518497A	A_036017
JP2025518497A	A_006695
JP2025518726A	A_023108
JP2025518726A	A_005857
JP2025519527A	A_036017
JP2025519527A	A_006695
JP2025520686A	A_025443
JP2025520686A	A_022430
JP2025524681A	A_036017
JP2025524681A	A_006695
JP2025525107A	A_023108
JP2025525107A	A_005857
JP2025525225A	A_036024
JP2025525225A	A_005622
JP2025526199A	A_036035
JP2025526199A	A_013124
JP2025526349A	A_023079
JP2025526349A	A_008252
JP2025526560A	A_023056
JP2025526560A	A_020640
JP2025533643A	A_023187
JP2025533643A	A_007705
JP2025536534A	A_036017
JP2025536534A	A_006695
KR20180021846A	A_006702
KR20180021846A	A_006703
KR20180035328A	A_006479
KR20180035328A	A_000037
KR20180119946A	A_006702
KR20180119946A	A_006703
KR20180129351A	A_006702
KR20180130236A	A_006702
KR20180130236A	A_006703
KR20180170003A	A_036047
KR20180170003A	A_008396
KR20190020342A	A_006702
KR20190020342A	A_006703
KR20190041987A	A_009587
KR20190041987A	A_006703
KR20190054997A	A_006694
KR20190054997A	A_006695
KR20190066890A	A_009587
KR20190066890A	A_006703
KR20190082404A	A_006702
KR20190082404A	A_006703
KR20190085343A	A_006702
KR20190085343A	A_006703
KR20190090100A	A_006694
KR20190090100A	A_006695
KR20190093328A	A_006694
KR20190093328A	A_006695
KR20190096379A	A_006702
KR20190096379A	A_006703
KR20190099397A	A_006694
KR20190099397A	A_006695
KR20190099976A	A_006694
KR20190099976A	A_006695
KR20190104135A	A_006479
KR20190104135A	A_000037
KR20190107803A	A_006694
KR20190111755A	A_006702
KR20190111755A	A_006703
KR20190121211A	A_009587
KR20190121211A	A_006703
KR20190122108A	A_006702
KR20190122108A	A_006703
KR20190122339A	A_006702
KR20190122339A	A_006703
KR20190151516A	A_006694
KR2019018690W	A_036048
KR2019018690W	A_035957
KR2019018700W	A_036048
KR2019018700W	A_035957
KR20197019350A	A_024093
KR20197023825A	A_024093
KR20197029981A	A_024093
KR20197033327A	A_024093
KR20197033400A	A_024093
KR20197034807A	A_024093
KR20197035282A	A_036049
KR20197035282A	A_036050
KR20197035282A	A_036051
KR20197035282A	A_036052
KR20200012621A	A_006702
KR20200012621A	A_006703
KR20200046060A	A_036053
KR20200046060A	A_027784
KR20200047402A	A_006694
KR20200054770A	A_006702
KR20200054770A	A_006703
KR20200100152A	A_006702
KR20200100152A	A_006703
KR20200102811A	A_036054
KR20200102811A	A_036055
KR20200102811A	A_036056
KR20200102811A	A_036057
KR20200126050A	A_006702
KR20200126050A	A_006703
KR20200137131A	A_006702
KR20200137131A	A_006703
KR20200151084A	A_023349
KR20200159267A	A_009746
KR20207000021A	A_024093
KR20207002986A	A_024093
KR20207002986A	A_020640
KR20207006499A	A_036058
KR20207007400A	A_024093
KR20207007400A	A_020640
KR20207009259A	A_024093
KR20207009259A	A_020640
KR20207009650A	A_024093
KR20207009650A	A_020640
KR20207011327A	A_024093
KR20207011327A	A_020640
KR20207012181A	A_036059
KR20207012181A	A_005604
KR20207012496A	A_024093
KR20207012496A	A_020640
KR20207013604A	A_024093
KR20207013604A	A_020640
KR20207013998A	A_024093
KR20207013998A	A_020640
KR20207014048A	A_024093
KR20207014048A	A_020640
KR20207014089A	A_024093
KR20207014089A	A_020640
KR20207014739A	A_024093
KR20207014961A	A_024093
KR20207014961A	A_020640
KR20207015323A	A_036060
KR20207016059A	A_024099
KR20207016059A	A_023076
KR20207017104A	A_024099
KR20207021292A	A_024093
KR20207021292A	A_020640
KR20207021385A	A_024099
KR20207021385A	A_023076
KR20207021396A	A_024099
KR20207021396A	A_023076
KR20207022942A	A_024093
KR20207022942A	A_020640
KR20207023367A	A_024093
KR20207023367A	A_020640
KR20207027048A	A_036061
KR20207027048A	A_005467
KR20207028211A	A_036062
KR20207028211A	A_035975
KR20207029675A	A_024093
KR20207029675A	A_020640
KR20207032634A	A_025474
KR20207033708A	A_024093
KR20207033708A	A_020640
KR20207034745A	A_036063
KR20207034745A	A_022376
KR20207035275A	A_024099
KR20207035275A	A_023076
KR20207037656A	A_024093
KR20207037692A	A_024093
KR20207037692A	A_020640
KR20217002489A	A_024093
KR20217002489A	A_020640
KR20217002576A	A_006694
KR20217002576A	A_006695
KR20217003169A	A_024093
KR20217003169A	A_020640
KR20217003221A	A_024093
KR20217003221A	A_020640
KR20217003355A	A_024093
KR20217003355A	A_020640
KR20217005768A	A_024099
KR20217005768A	A_023076
KR20217006503A	A_032947
KR20217006503A	A_032948
KR20217006685A	A_032947
KR20217006685A	A_032948
KR20217007142A	A_036058
KR20217007142A	A_036064
KR20217009734A	A_036065
KR20217009734A	A_006083
KR20217010736A	A_036065
KR20217010736A	A_006083
KR20217011512A	A_036062
KR20217011512A	A_035975
KR20217020837A	A_024093
KR20217020837A	A_020640
KR20217021014A	A_036066
KR20217021344A	A_006694
KR20217021344A	A_006695
KR20217022022A	A_006694
KR20217022022A	A_006695
KR20217022251A	A_036067
KR20217022251A	A_022290
KR20217022306A	A_005604
KR20217022387A	A_006694
KR20217022387A	A_006695
KR20217023053A	A_006694
KR20217023053A	A_006695
KR20217023158A	A_036068
KR20217023168A	A_036065
KR20217023168A	A_006083
KR20217024828A	A_006694
KR20217024828A	A_006695
KR20217025096A	A_006694
KR20217025096A	A_006695
KR20217025097A	A_006694
KR20217025097A	A_006695
KR20217025863A	A_006694
KR20217025863A	A_006695
KR20217026101A	A_006694
KR20217026101A	A_006695
KR20217026271A	A_006694
KR20217026271A	A_006695
KR20217028531A	A_006694
KR20217028531A	A_006695
KR20217029066A	A_006694
KR20217029066A	A_006695
KR20217029067A	A_006694
KR20217029067A	A_006695
KR20217029751A	A_036062
KR20217029751A	A_035975
KR20217030756A	A_006694
KR20217030756A	A_006695
KR20217031826A	A_006694
KR20217031826A	A_006695
KR20217031880A	A_036065
KR20217031880A	A_006083
KR20217032623A	A_006694
KR20217032623A	A_006695
KR20217034390A	A_006694
KR20217034390A	A_006695
KR20217034848A	A_024093
KR20217034848A	A_020640
KR20217035312A	A_006694
KR20217035312A	A_006695
KR20217035456A	A_036065
KR20217035456A	A_006083
KR20217036223A	A_036059
KR20217036223A	A_005604
KR20217039127A	A_006694
KR20217039127A	A_006695
KR20217039464A	A_036065
KR20217039464A	A_006083
KR20217040369A	A_006694
KR20217040369A	A_006695
KR20217041537A	A_036069
KR20217041537A	A_036040
KR20217042185A	A_036070
KR20217043136A	A_006694
KR20217043136A	A_006695
KR20220061009A	A_006702
KR20220061009A	A_006703
KR2022006325W	A_006703
KR2022006683W	A_006703
KR20220080658A	A_009727
KR20220080658A	A_009728
KR20220083574A	A_006759
KR20220083574A	A_006267
KR20220083574A	A_006760
KR20220083574A	A_006268
KR20220083574A	A_019448
KR20220083574A	A_019449
KR2022008995W	A_006703
KR20220114732A	A_006694
KR20220114732A	A_006695
KR20220117890A	A_006694
KR20220117890A	A_006695
KR20220118368A	A_006694
KR20220118368A	A_006695
KR20220121328A	A_006694
KR20220121328A	A_006695
KR20220127693A	A_006694
KR20220127693A	A_006695
KR20220130012A	A_006702
KR20220130012A	A_006703
KR20220132985A	A_009760
KR20220160012A	A_006694
KR20220160012A	A_006695
KR2022016327W	A_006703
KR20220178092A	A_023657
KR20220178092A	A_023658
KR20227000384A	A_006694
KR20227000384A	A_006695
KR20227000670A	A_023718
KR20227000670A	A_009973
KR20227000679A	A_006694
KR20227000679A	A_006695
KR20227001085A	A_006694
KR20227001562A	A_006694
KR20227001562A	A_006695
KR20227001712A	A_006694
KR20227001712A	A_006695
KR20227003965A	A_036071
KR20227003965A	A_036072
KR20227006076A	A_036073
KR20227006076A	A_036074
KR20227007592A	A_025474
KR20227007592A	A_008252
KR20227008470A	A_006694
KR20227008470A	A_006695
KR20227008616A	A_024093
KR20227008616A	A_020640
KR20227009280A	A_024093
KR20227009280A	A_020640
KR20227010350A	A_024093
KR20227010350A	A_020640
KR20227010486A	A_006694
KR20227010486A	A_006695
KR20227011440A	A_006694
KR20227011440A	A_006695
KR20227011441A	A_006694
KR20227011441A	A_006695
KR20227012478A	A_006694
KR20227012478A	A_006695
KR20227015157A	A_006694
KR20227015157A	A_006695
KR20227016599A	A_006694
KR20227016599A	A_006695
KR20227016978A	A_006694
KR20227016978A	A_006695
KR20227017116A	A_006694
KR20227017116A	A_006695
KR20227017794A	A_006694
KR20227017794A	A_006695
KR20227019358A	A_006694
KR20227019358A	A_006695
KR20227019604A	A_036075
KR20227019604A	A_022830
KR20227020189A	A_006694
KR20227020189A	A_006695
KR20227020408A	A_036076
KR20227020408A	A_027950
KR20227023185A	A_006694
KR20227023185A	A_006695
KR20227023296A	A_006694
KR20227023296A	A_006695
KR20227023709A	A_006694
KR20227023709A	A_006695
KR20227026341A	A_006694
KR20227026341A	A_006695
KR20227026345A	A_006694
KR20227026345A	A_006695
KR20227026656A	A_006694
KR20227026656A	A_006695
KR20227027237A	A_024093
KR20227027237A	A_020640
KR20227027347A	A_024093
KR20227027347A	A_020640
KR20227027520A	A_006694
KR20227027520A	A_006695
KR20227028228A	A_006694
KR20227028228A	A_006695
KR20227030105A	A_024093
KR20227030105A	A_020640
KR20227030319A	A_006694
KR20227030319A	A_006695
KR20227030497A	A_006694
KR20227030497A	A_006695
KR20227030583A	A_036077
KR20227030583A	A_013124
KR20227031682A	A_006694
KR20227031683A	A_006694
KR20227031882A	A_023719
KR20227031882A	A_023720
KR20227032267A	A_006694
KR20227032267A	A_006695
KR20227034695A	A_024101
KR20227034695A	A_022403
KR20227035130A	A_006694
KR20227035130A	A_006695
KR20227036463A	A_006694
KR20227036463A	A_006695
KR20227037181A	A_006694
KR20227037181A	A_006695
KR20227038290A	A_006702
KR20227038290A	A_006703
KR20227038957A	A_036078
KR20227038957A	A_005741
KR20227039381A	A_006694
KR20227039381A	A_006695
KR20227039901A	A_006694
KR20227039901A	A_006695
KR20227040571A	A_006694
KR20227042381A	A_006694
KR20227042435A	A_006694
KR20227042435A	A_006695
KR20227046485A	A_006694
KR20227046485A	A_006695
KR20227046487A	A_006694
KR20227046487A	A_006695
KR20230002255A	A_009587
KR20230002255A	A_006703
KR20230010457A	A_006702
KR20230010457A	A_006703
KR20230011257A	A_006702
KR20230011257A	A_006703
KR20230011733A	A_006694
KR20230011733A	A_006695
KR20230013427A	A_006702
KR20230013427A	A_006703
KR20230016928A	A_006702
KR20230016928A	A_006703
KR20230017202A	A_006702
KR20230017202A	A_006703
KR20230018295A	A_006702
KR20230018295A	A_006703
KR20230018871A	A_006702
KR20230018871A	A_006703
KR20230021643A	A_006702
KR20230021643A	A_006703
KR20230025958A	A_006702
KR20230025958A	A_006703
KR20230031867A	A_006702
KR20230031867A	A_006703
KR20230042290A	A_006702
KR20230042290A	A_006703
KR20230045553A	A_006702
KR20230045553A	A_006703
KR20230061134A	A_006702
KR20230061134A	A_006703
KR20230062010A	A_006702
KR20230062010A	A_006703
KR20230071408A	A_006702
KR20230071408A	A_006703
KR2023007585W	A_006703
KR2023009158W	A_006703
KR2023009541W	A_006703
KR20230098877A	A_006702
KR20230098877A	A_006703
KR20230108024A	A_006702
KR20230108024A	A_006703
KR2023010980W	A_006703
KR2023011188W	A_006703
KR2023011473W	A_006703
KR20230123288A	A_006702
KR20230123288A	A_006703
KR20230129116A	A_007135
KR20230129116A	A_036079
KR20230129116A	A_007136
KR20230129116A	A_036080
KR2023014147W	A_006703
KR20230141703A	A_036081
KR20230141703A	A_036082
KR2023015097W	A_006703
KR2023017144W	A_006694
KR2023017144W	A_006695
KR2023017426W	A_006703
KR2023021401W	A_006703
KR2023021903W	A_006703
KR2023022019W	A_006703
KR20237000373A	A_006694
KR20237000619A	A_006694
KR20237000812A	A_006694
KR20237000812A	A_006695
KR20237000992A	A_006694
KR20237000992A	A_006695
KR20237001916A	A_006694
KR20237003847A	A_006694
KR20237003847A	A_006695
KR20237004387A	A_006694
KR20237004387A	A_006695
KR20237004459A	A_024093
KR20237004459A	A_020640
KR20237004470A	A_006694
KR20237004989A	A_006694
KR20237006377A	A_006694
KR20237007228A	A_006694
KR20237007228A	A_006695
KR20237007916A	A_006694
KR20237008060A	A_006694
KR20237008060A	A_006695
KR20237009079A	A_006694
KR20237009079A	A_006695
KR20237011766A	A_024093
KR20237011766A	A_020640
KR20237011770A	A_006694
KR20237011770A	A_006695
KR20237011847A	A_036069
KR20237011847A	A_036040
KR20237012316A	A_006694
KR20237017725A	A_006702
KR20237017725A	A_006703
KR20237021313A	A_006694
KR20237021313A	A_006695
KR20237021314A	A_006694
KR20237021314A	A_006695
KR20237021495A	A_006694
KR20237021495A	A_006695
KR20237021505A	A_006702
KR20237021505A	A_006703
KR20237026327A	A_036083
KR20237026327A	A_009903
KR20237027248A	A_006702
KR20237027248A	A_006703
KR20237028364A	A_024093
KR20237028633A	A_006694
KR20237028633A	A_006695
KR20237028893A	A_006702
KR20237028893A	A_006703
KR20237029225A	A_036084
KR20237029225A	A_036085
KR20237031167A	A_006702
KR20237031167A	A_006703
KR20237031639A	A_006694
KR20237031639A	A_006695
KR20237034624A	A_006702
KR20237034624A	A_006703
KR20237035182A	A_024093
KR20237035182A	A_020640
KR20237035427A	A_006702
KR20237035427A	A_006703
KR20237035854A	A_024093
KR20237035854A	A_020640
KR20237036623A	A_006702
KR20237036623A	A_006703
KR20237036661A	A_036062
KR20237036661A	A_035975
KR20237037641A	A_036086
KR20237037641A	A_036087
KR20237039645A	A_024093
KR20237039645A	A_020640
KR20237039990A	A_009587
KR20237039990A	A_006703
KR20247001272A	A_006694
KR20247001272A	A_006695
KR20247001633A	A_024093
KR20247001633A	A_020640
KR20247001788A	A_024093
KR20247001788A	A_020640
KR20247001968A	A_006702
KR20247001968A	A_006703
KR20247002749A	A_006694
KR20247002749A	A_006695
KR20247003432A	A_006703
KR20247005932A	A_024093
KR20247005932A	A_020640
KR20247010540A	A_006702
KR20247010540A	A_006703
KR20247011190A	A_036077
KR20247011190A	A_013124
KR20247014327A	A_006702
KR20247014327A	A_006703
KR20247014944A	A_032947
KR20247014944A	A_000099
KR20247017382A	A_006694
KR20247017382A	A_006695
KR20247018103A	A_036083
KR20247018103A	A_009903
KR20247021716A	A_006702
KR20247021716A	A_006703
KR20247021754A	A_006702
KR20247021754A	A_006703
KR20247022027A	A_024093
KR20247022027A	A_020640
KR20247025872A	A_006702
KR20247025872A	A_006703
KR20247027774A	A_023455
KR20247027774A	A_020621
KR20247029003A	A_006702
KR20247029003A	A_006703
KR20247029480A	A_024093
KR20247029480A	A_020640
KR20247030230A	A_006702
KR20247030230A	A_006703
KR20247031677A	A_024093
KR20247031677A	A_020640
KR20247032692A	A_006702
KR20247032692A	A_006703
KR20247032864A	A_006702
KR20247032864A	A_006703
KR20247033991A	A_006702
KR20247033991A	A_006703
KR20247034098A	A_024093
KR20247034098A	A_020640
KR20247034147A	A_024093
KR20247034147A	A_020640
KR20247034218A	A_024093
KR20247034218A	A_020640
KR20247034311A	A_006702
KR20247034311A	A_006703
KR20247036363A	A_006702
KR20247036363A	A_006703
KR20247036481A	A_006702
KR20247036481A	A_006703
KR20247036628A	A_006702
KR20247036628A	A_006703
KR20247036808A	A_024093
KR20247036808A	A_020640
KR20247038436A	A_024093
KR20247038436A	A_020640
KR20247038837A	A_024093
KR20247038837A	A_020640
KR20247039727A	A_006702
KR20247039727A	A_006703
KR20247039758A	A_006694
KR20247039758A	A_006695
KR20247040683A	A_006694
KR20247040683A	A_006695
KR20247040954A	A_006702
KR20247040954A	A_006703
KR20247041688A	A_024093
KR20247041688A	A_020640
KR20247041738A	A_023719
KR20247041738A	A_023720
KR20247041828A	A_024093
KR20247041828A	A_020640
KR20247042050A	A_006702
KR20247042050A	A_006703
KR20247042056A	A_006702
KR20247042056A	A_006703
KR20247042375A	A_006702
KR20247042375A	A_006703
KR20247043179A	A_006694
KR20247043179A	A_006695
KR20257000081A	A_006702
KR20257000081A	A_006703
KR20257000225A	A_006702
KR20257000225A	A_006703
KR20257000533A	A_006702
KR20257000533A	A_006703
KR20257000785A	A_006702
KR20257000785A	A_006703
KR20257001278A	A_006702
KR20257001278A	A_006703
KR20257001302A	A_006702
KR20257001302A	A_006703
KR20257002209A	A_006702
KR20257002209A	A_006703
KR20257002741A	A_006702
KR20257002741A	A_006703
KR20257002961A	A_006702
KR20257002961A	A_006703
KR20257003028A	A_006702
KR20257003028A	A_006703
KR20257003029A	A_006694
KR20257003029A	A_006695
KR20257003252A	A_006702
KR20257003252A	A_006703
KR20257003616A	A_025474
KR20257003616A	A_008252
KR20257003700A	A_006694
KR20257003700A	A_006695
KR20257004037A	A_006702
KR20257004037A	A_006703
KR20257004190A	A_006694
KR20257004190A	A_006695
KR20257004283A	A_006702
KR20257004283A	A_006703
KR20257004300A	A_006694
KR20257004300A	A_006695
KR20257004617A	A_006702
KR20257004617A	A_006703
KR20257004692A	A_023455
KR20257004692A	A_020621
KR20257004740A	A_006702
KR20257004740A	A_006703
KR20257004900A	A_006702
KR20257004900A	A_006703
KR20257004902A	A_006702
KR20257004902A	A_006703
KR20257004905A	A_006702
KR20257004905A	A_006703
KR20257004989A	A_006702
KR20257004989A	A_006703
KR20257005111A	A_006702
KR20257005111A	A_006703
KR20257005229A	A_006702
KR20257005229A	A_006703
KR20257005427A	A_006702
KR20257005427A	A_006703
KR20257005551A	A_032947
KR20257005551A	A_000099
KR20257005678A	A_006702
KR20257005678A	A_006703
KR20257005792A	A_024093
KR20257005792A	A_020640
KR20257006761A	A_006702
KR20257006761A	A_006703
KR20257006827A	A_024093
KR20257006827A	A_020640
KR20257007356A	A_036088
KR20257007356A	A_000100
KR20257007408A	A_006694
KR20257007408A	A_006695
KR20257007660A	A_024093
KR20257007660A	A_020640
KR20257009732A	A_006702
KR20257009732A	A_006703
KR20257010285A	A_023719
KR20257010285A	A_023720
KR20257010494A	A_006702
KR20257010494A	A_006703
KR20257010910A	A_006702
KR20257010910A	A_006703
KR20257011696A	A_006694
KR20257011696A	A_006695
KR20257012022A	A_006702
KR20257012022A	A_006703
KR20257012490A	A_006702
KR20257012490A	A_006703
KR20257012638A	A_024093
KR20257012638A	A_020640
KR20257013475A	A_036088
KR20257013475A	A_000100
KR20257013736A	A_006694
KR20257013736A	A_006695
KR20257013927A	A_006702
KR20257013927A	A_006703
KR20257014319A	A_036077
KR20257014319A	A_013124
KR20257014441A	A_006702
KR20257014441A	A_006703
KR20257014445A	A_006702
KR20257014445A	A_006703
KR20257014483A	A_006702
KR20257014483A	A_006703
KR20257014715A	A_006702
KR20257014715A	A_006703
KR20257014904A	A_032947
KR20257014904A	A_000099
KR20257015031A	A_006702
KR20257015031A	A_006703
KR20257015303A	A_006702
KR20257015303A	A_006703
KR20257015496A	A_006702
KR20257015496A	A_006703
KR20257016168A	A_032947
KR20257016168A	A_000099
KR20257017182A	A_006694
KR20257017182A	A_006695
KR20257017406A	A_006702
KR20257017406A	A_006703
KR20257017485A	A_006702
KR20257017485A	A_006703
KR20257017515A	A_032947
KR20257017515A	A_000099
KR20257017865A	A_024093
KR20257017865A	A_020640
KR20257018289A	A_036062
KR20257018289A	A_035975
KR20257018485A	A_006702
KR20257018485A	A_006703
KR20257018991A	A_036089
KR20257018991A	A_036090
KR20257019026A	A_032947
KR20257019026A	A_000099
KR20257019417A	A_006702
KR20257019417A	A_006703
KR20257020162A	A_006702
KR20257020162A	A_006703
KR20257021413A	A_006702
KR20257021413A	A_006703
KR20257022321A	A_006702
KR20257022321A	A_006703
KR20257022847A	A_024093
KR20257022847A	A_020640
KR20257023384A	A_024093
KR20257023384A	A_020640
KR20257023523A	A_032947
KR20257023523A	A_000099
KR20257024404A	A_024093
KR20257024404A	A_020640
KR20257025314A	A_024093
KR20257025314A	A_020640
KR20257025505A	A_024093
KR20257025505A	A_020640
KR20257025795A	A_036091
KR20257025795A	A_035973
KR20257026646A	A_006702
KR20257026646A	A_006703
KR20257030806A	A_036077
KR20257030806A	A_013124
KR20257031181A	A_024093
KR20257031181A	A_020640
KR20257033726A	A_024093
KR20257033726A	A_020640
KR20257034258A	A_036092
KR20257034258A	A_025905
KR20257035558A	A_023719
KR20257035558A	A_023720
KR20257036435A	A_024093
KR20257036435A	A_020640
KR20257036779A	A_024093
KR20257036779A	A_020640
KR20257038402A	A_024093
KR20257038402A	A_020640
KR20257042664A	A_024093
KR20257042664A	A_020640
MX2020009523A	A_022290
NL2029044A	A_005426
NL2030226A	A_005426
RU2018103722A	A_036093
SE2051518A	A_035853
TW107114772A	A_024164
TW107115694A	A_024165
TW107136868A	A_024164
TW108116064A	A_007636
TW109110786A	A_036094
TW109120350A	A_024180
TW109134741A	A_024180
TW109139273A	A_025504
TW110109677A	A_036095
TW111129461A	A_032350
TW112114280A	A_036096
TW112128293A	A_032350
TW112136696A	A_036097
TW112137290A	A_032350
TW112151283A	A_032350
US2018012616W	A_007705
US201815733087A	A_000099
US201815734505A	A_007790
US201815861075A	A_006703
US201815864104A	A_007829
US201815865483A	A_036098
US201815869133A	A_022373
US201815873115A	A_036099
US201815873307A	A_036100
US201815873649A	A_007705
US201815873797A	A_005857
US201815874795A	A_007824
US201815877182A	A_006835
US201815878160A	A_006695
US201815878565A	A_024210
US201815879685A	A_028051
US201815880862A	A_036101
US201815882494A	A_007705
US201815882921A	A_008044
US201815886785A	A_022374
US201815887665A	A_025510
US201815891136A	A_008098
US201815891912A	A_036102
US201815891912A	A_036103
US201815892072A	A_006703
US201815902732A	A_026005
US201815904063A	A_011426
US201815904063A	A_036104
US201815904281A	A_036105
US201815905207A	A_024580
US201815905207A	A_008042
US201815906615A	A_022373
US201815907551A	A_007790
US201815909546A	A_006703
US201815909546A	A_017287
US201815910090A	A_008042
US201815910090A	A_024580
US201815912327A	A_005882
US201815913024A	A_008125
US201815914078A	A_036106
US201815919106A	A_007682
US201815919448A	A_008098
US201815928567A	A_006703
US201815933003A	A_007705
US201815941754A	A_007705
US201815945663A	A_007705
US201815950045A	A_036107
US201815950045A	A_025582
US201815950689A	A_036108
US201815956098A	A_036109
US201815956545A	A_036110
US201815957887A	A_027430
US201815959014A	A_020753
US201815964851A	A_007705
US201815964921A	A_000099
US201815965008A	A_024336
US201815965020A	A_024336
US201815965494A	A_007705
US201815969026A	A_036051
US201815969281A	A_024353
US201815975399A	A_036111
US201815978018A	A_036112
US201815979133A	A_007790
US201815986834A	A_008179
US201815992046A	A_007705
US201815994187A	A_005577
US201815995314A	A_024509
US201815999563A	A_005556
US201816002137A	A_007705
US201816002579A	A_008042
US201816003418A	A_008145
US201816003730A	A_008042
US201816003978A	A_000129
US201816005437A	A_027950
US201816005954A	A_007705
US201816007050A	A_035957
US201816009192A	A_036113
US201816012701A	A_023018
US201816014799A	A_007705
US201816015177A	A_036114
US201816015356A	A_006184
US201816016099A	A_000129
US201816024757A	A_024574
US201816027448A	A_036115
US201816030515A	A_007705
US201816030592A	A_007705
US201816031735A	A_036116
US201816033760A	A_036117
US201816033760A	A_036118
US201816037391A	A_027023
US201816037536A	A_006223
US201816039780A	A_006703
US201816042763A	A_022373
US201816043954A	A_006402
US201816045406A	A_007705
US201816045589A	A_007705
US201816045795A	A_013579
US201816045795A	A_009940
US201816046260A	A_024574
US201816047128A	A_011075
US201816048613A	A_007705
US201816049309A	A_008084
US201816050446A	A_036119
US201816050730A	A_036119
US201816052645A	A_025513
US201816054070A	A_022380
US201816059035A	A_028092
US201816059354A	A_008042
US201816101444A	A_028101
US201816101452A	A_020571
US201816101979A	A_008042
US201816103185A	A_007824
US201816103442A	A_005857
US201816104359A	A_005577
US201816104738A	A_005572
US201816108742A	A_024235
US201816110793A	A_006703
US201816110793A	A_017287
US201816114747A	A_008042
US201816119050A	A_036120
US201816120628A	A_024769
US201816121228A	A_007705
US201816121595A	A_036121
US201816122561A	A_036122
US201816126866A	A_007751
US201816131172A	A_006835
US201816134323A	A_005577
US201816134797A	A_007705
US201816136337A	A_022609
US201816140121A	A_007705
US201816140131A	A_000113
US201816142275A	A_024304
US201816144595A	A_027950
US201816145047A	A_005625
US201816145047A	A_005626
US201816145200A	A_007790
US201816145861A	A_013124
US201816148324A	A_036115
US201816152998A	A_007705
US201816155936A	A_008125
US201816165006A	A_005587
US201816166579A	A_036123
US201816167054A	A_007829
US201816168325A	A_010017
US201816168658A	A_011426
US201816168658A	A_036104
US201816172905A	A_006223
US201816174422A	A_008125
US201816174958A	A_008125
US201816183422A	A_008145
US201816189157A	A_022403
US201816189157A	A_007790
US201816189274A	A_007705
US201816192678A	A_007705
US201816199580A	A_019495
US201816200169A	A_036124
US201816200608A	A_028101
US201816202702A	A_008125
US201816203558A	A_029203
US201816206110A	A_022373
US201816206405A	A_000129
US201816206715A	A_007705
US201816209636A	A_014255
US201816210819A	A_007705
US201816214053A	A_036125
US201816214053A	A_036126
US201816214053A	A_036127
US201816214053A	A_036128
US201816215493A	A_007705
US201816216215A	A_036129
US201816217524A	A_000129
US201816218394A	A_008084
US201816219192A	A_036130
US201816219607A	A_007824
US201816222365A	A_008125
US201816223982A	A_006185
US201816224311A	A_007705
US201816225073A	A_007841
US201816227633A	A_007383
US201816228229A	A_007705
US201816231765A	A_008098
US201816235296A	A_024353
US201816235975A	A_007661
US201816237366A	A_036131
US201816318518A	A_007383
US201816464927A	A_022403
US201816464927A	A_007790
US201816469434A	A_022411
US201816476793A	A_009328
US201816480016A	A_006703
US201816482882A	A_006703
US201816483045A	A_006184
US201816483485A	A_006703
US201816484683A	A_007719
US201816485009A	A_006703
US201816485209A	A_006695
US201816487411A	A_006703
US201816488743A	A_022411
US201816491322A	A_022376
US201816492572A	A_036131
US201816498062A	A_000099
US201816603195A	A_008077
US201816603195A	A_010013
US201816603195A	A_036132
US201816604047A	A_022403
US201816604047A	A_007790
US201816609801A	A_006703
US201816610963A	A_008053
US201816617096A	A_024284
US201816618038A	A_036133
US201816618213A	A_008252
US201816618544A	A_000022
US201816621671A	A_036134
US201816629683A	A_005507
US201816635613A	A_005496
US201816636850A	A_007962
US201816637898A	A_022376
US201816640253A	A_006185
US201816641428A	A_010020
US201816644352A	A_000099
US201816648642A	A_036135
US201816648642A	A_036136
US201816650314A	A_007705
US201816755977A	A_006223
US201816761196A	A_008252
US201816761438A	A_007714
US201816762959A	A_007705
US201816768086A	A_036137
US201816768926A	A_036137
US201816954369A	A_006703
US201816955878A	A_013124
US201816955938A	A_006703
US201816959051A	A_007383
US201816959606A	A_006695
US201816960241A	A_006184
US201816963644A	A_007705
US201816963644A	A_036138
US201816977589A	A_007383
US201816977919A	A_007824
US201817043893A	A_006223
US201817053982A	A_006083
US201817056856A	A_007383
US201817253425A	A_006083
US201817265287A	A_006083
US201817265365A	A_006083
US201817265702A	A_006083
US201817266744A	A_006083
US201817268379A	A_007705
US201817268761A	A_006083
US201817269058A	A_006083
US201817276631A	A_006083
US201817278985A	A_036139
US201817280036A	A_036140
US201817281961A	A_007383
US201817282260A	A_006083
US201817283987A	A_007383
US201817286045A	A_007383
US201817295954A	A_006083
US201817298902A	A_009903
US201817414456A	A_006083
US201915733502A	A_007705
US201915734178A	A_006703
US201916238183A	A_005808
US201916241388A	A_008042
US201916241747A	A_007705
US201916242346A	A_000129
US201916245108A	A_005577
US201916247187A	A_022403
US201916247187A	A_007790
US201916247899A	A_024497
US201916249033A	A_036141
US201916251475A	A_008042
US201916252705A	A_000129
US201916254246A	A_007705
US201916264498A	A_036142
US201916265533A	A_022445
US201916267970A	A_036116
US201916270153A	A_013558
US201916272709A	A_007705
US201916278885A	A_024210
US201916284339A	A_006185
US201916284446A	A_036143
US201916285373A	A_000129
US201916285474A	A_008042
US201916287176A	A_024580
US201916287176A	A_008042
US201916289480A	A_006695
US201916289502A	A_006695
US201916291173A	A_036144
US201916292938A	A_007831
US201916293245A	A_022445
US201916293827A	A_008042
US201916293827A	A_024580
US201916293925A	A_007829
US201916294563A	A_027033
US201916295970A	A_007996
US201916299508A	A_008098
US201916353108A	A_005882
US201916354010A	A_036145
US201916354840A	A_008042
US201916356829A	A_022374
US201916361130A	A_007705
US201916361818A	A_007705
US201916363902A	A_025029
US201916365186A	A_008145
US201916367697A	A_008042
US201916370437A	A_019878
US201916371656A	A_036102
US201916371656A	A_036103
US201916372851A	A_036111
US201916372864A	A_007790
US201916373639A	A_036146
US201916374682A	A_007705
US201916374722A	A_025654
US201916375674A	A_007705
US201916377446A	A_036147
US201916380104A	A_007705
US201916380772A	A_005857
US201916383158A	A_024529
US201916383158A	A_036148
US201916383158A	A_024530
US201916384802A	A_005809
US201916385776A	A_036149
US201916387890A	A_036150
US201916393530A	A_007705
US201916396956A	A_036151
US201916400216A	A_007705
US201916401291A	A_006695
US201916402492A	A_024353
US201916403249A	A_036152
US201916405759A	A_007705
US201916405841A	A_025013
US201916406562A	A_007705
US201916406763A	A_007790
US201916406781A	A_007790
US201916408361A	A_006695
US201916409630A	A_006695
US201916409638A	A_006695
US201916410030A	A_008125
US201916413734A	A_035949
US201916416455A	A_036153
US201916416455A	A_013634
US201916416642A	A_036154
US201916417992A	A_022403
US201916419466A	A_009911
US201916419739A	A_005572
US201916421228A	A_020753
US201916421253A	A_006695
US201916421679A	A_036155
US201916422029A	A_005625
US201916422029A	A_005626
US201916424239A	A_007705
US201916432944A	A_036146
US201916433753A	A_007705
US201916435337A	A_022336
US201916436853A	A_007733
US201916437057A	A_008042
US201916437118A	A_007705
US201916446554A	A_006695
US201916446661A	A_035985
US201916447584A	A_022403
US201916451564A	A_007996
US201916453821A	A_007705
US201916458935A	A_022338
US201916458935A	A_024372
US201916458935A	A_022459
US201916459146A	A_006695
US201916459276A	A_024210
US201916505034A	A_025675
US201916505608A	A_007705
US201916505772A	A_000099
US201916505846A	A_007661
US201916506992A	A_006163
US201916509211A	A_006695
US201916509537A	A_025564
US201916511262A	A_007706
US201916516116A	A_000113
US201916516318A	A_024369
US201916516318A	A_024370
US201916518658A	A_024210
US201916518843A	A_007705
US201916522350A	A_007705
US201916523110A	A_008042
US201916523452A	A_007705
US201916523536A	A_022653
US201916525807A	A_024634
US201916525917A	A_011075
US201916527789A	A_008042
US201916528095A	A_005857
US201916529340A	A_007705
US201916530822A	A_008379
US201916532579A	A_007705
US201916533230A	A_007705
US201916534577A	A_000099
US201916535288A	A_024336
US201916535723A	A_007705
US201916537428A	A_006695
US201916537667A	A_022419
US201916537890A	A_014276
US201916538159A	A_008125
US201916538672A	A_007705
US201916540415A	A_006695
US201916540948A	A_007822
US201916544619A	A_007705
US201916546014A	A_022445
US201916546856A	A_008042
US201916546962A	A_006184
US201916547047A	A_000099
US201916550590A	A_007705
US201916554378A	A_036156
US201916554424A	A_006695
US201916555207A	A_024238
US201916555492A	A_036157
US201916558281A	A_009911
US201916559346A	A_007705
US201916561360A	A_022445
US201916570076A	A_007705
US201916570204A	A_000129
US201916572205A	A_008358
US201916572963A	A_036158
US201916574530A	A_024786
US201916575622A	A_008098
US201916575828A	A_013545
US201916576338A	A_007705
US201916583701A	A_013124
US201916588018A	A_008125
US201916593194A	A_024210
US201916593800A	A_007705
US201916593916A	A_006695
US201916595947A	A_006695
US201916597902A	A_007705
US201916598932A	A_007705
US201916601004A	A_007831
US201916601328A	A_024098
US201916640301A	A_006695
US201916654708A	A_036159
US201916656199A	A_025624
US201916658762A	A_007705
US201916660269A	A_022374
US201916660728A	A_007705
US201916661056A	A_008042
US201916664178A	A_007705
US201916664708A	A_007705
US201916665378A	A_024497
US201916666994A	A_036160
US201916666994A	A_024353
US201916668806A	A_008125
US201916669750A	A_006695
US201916671757A	A_024210
US201916674520A	A_000129
US201916676200A	A_036161
US201916677460A	A_025316
US201916677573A	A_007996
US201916679856A	A_006695
US201916680272A	A_007705
US201916680641A	A_007790
US201916681219A	A_007705
US201916684252A	A_022941
US201916684398A	A_007705
US201916685536A	A_024353
US201916690461A	A_036162
US201916693718A	A_024424
US201916693791A	A_008125
US201916694077A	A_036163
US201916694620A	A_007661
US201916697723A	A_025534
US201916697723A	A_025535
US201916706140A	A_036164
US201916709288A	A_007705
US201916709525A	A_007705
US201916710535A	A_007705
US201916713047A	A_020572
US201916713456A	A_007705
US201916714039A	A_008042
US201916715121A	A_008125
US201916716927A	A_022493
US201916720601A	A_007705
US201916720671A	A_007790
US201916722073A	A_028364
US201916723902A	A_007705
US201916723964A	A_007705
US201916724180A	A_007790
US201916727727A	A_007841
US201916729383A	A_009903
US201916730529A	A_006695
US201916731713A	A_022374
US201916967106A	A_007705
US201916970469A	A_007383
US201916972196A	A_006695
US201916972245A	A_006695
US201916972826A	A_036165
US201916972981A	A_006695
US201916973294A	A_000099
US201916978692A	A_036166
US201916980277A	A_006695
US201916981087A	A_028563
US201917040396A	A_036167
US201917041272A	A_006695
US201917044770A	A_010953
US201917045468A	A_006695
US201917045745A	A_006695
US201917045985A	A_006695
US201917046231A	A_025917
US201917046390A	A_006252
US201917046390A	A_006217
US201917046586A	A_006695
US201917048324A	A_006695
US201917048554A	A_006695
US201917049176A	A_007778
US201917049946A	A_006695
US201917050426A	A_006695
US201917051256A	A_024450
US201917053305A	A_006695
US201917055325A	A_036168
US201917055325A	A_036169
US201917055651A	A_036170
US201917055755A	A_006695
US201917250465A	A_006184
US201917251181A	A_006695
US201917251230A	A_007790
US201917251581A	A_006223
US201917252888A	A_006184
US201917253098A	A_006695
US201917254137A	A_036171
US201917254842A	A_006695
US201917255082A	A_000099
US201917255216A	A_006695
US201917256401A	A_006234
US201917257474A	A_006695
US201917257750A	A_036172
US201917257901A	A_022448
US201917258143A	A_036173
US201917258372A	A_006695
US201917258700A	A_006695
US201917258848A	A_006695
US201917260133A	A_006695
US201917260186A	A_006695
US201917260610A	A_006234
US201917261556A	A_006695
US201917261850A	A_006695
US201917261969A	A_006695
US201917262101A	A_006695
US201917262864A	A_006695
US201917263773A	A_006695
US201917263774A	A_006695
US201917264123A	A_006695
US201917264228A	A_006695
US201917264422A	A_006695
US201917264600A	A_006695
US201917264778A	A_006695
US201917265232A	A_022376
US201917265254A	A_000099
US201917265322A	A_006695
US201917265493A	A_006695
US201917265500A	A_006695
US201917265732A	A_000099
US201917266025A	A_006695
US201917266553A	A_006695
US201917266560A	A_006695
US201917266733A	A_006223
US201917266810A	A_006695
US201917266992A	A_006695
US201917267205A	A_006695
US201917267214A	A_006695
US201917267230A	A_006695
US201917267314A	A_006695
US201917267316A	A_006695
US201917267378A	A_006695
US201917267448A	A_006695
US201917267456A	A_006695
US201917267589A	A_006695
US201917267670A	A_006695
US201917267726A	A_036174
US201917267726A	A_024450
US201917267799A	A_006695
US201917267907A	A_006695
US201917268032A	A_006695
US201917268069A	A_006695
US201917268249A	A_006695
US201917269967A	A_006695
US201917270527A	A_006223
US201917270729A	A_006695
US201917270826A	A_006695
US201917272630A	A_006695
US201917272774A	A_006695
US201917272796A	A_006083
US201917273683A	A_036174
US201917273683A	A_024450
US201917273686A	A_006695
US201917274591A	A_006695
US201917274747A	A_006695
US201917275043A	A_006695
US201917275391A	A_006695
US201917275518A	A_006223
US201917275573A	A_007705
US201917275617A	A_024353
US201917277699A	A_006695
US201917277976A	A_006695
US201917278118A	A_006695
US201917278172A	A_006695
US201917278184A	A_006695
US201917278203A	A_006695
US201917278254A	A_006695
US201917278536A	A_006695
US201917279404A	A_006695
US201917279547A	A_006695
US201917280247A	A_006223
US201917280513A	A_006695
US201917280801A	A_006695
US201917280839A	A_007705
US201917282345A	A_006695
US201917282466A	A_006695
US201917282819A	A_006695
US201917282947A	A_006695
US201917283076A	A_000099
US201917283205A	A_006695
US201917283212A	A_022403
US201917283776A	A_006695
US201917283900A	A_006695
US201917284367A	A_006695
US201917286241A	A_006695
US201917286955A	A_006695
US201917286990A	A_006695
US201917287220A	A_006695
US201917287365A	A_006695
US201917288191A	A_006223
US201917288287A	A_006695
US201917289013A	A_022403
US201917289143A	A_000099
US201917289183A	A_006695
US201917289474A	A_006223
US201917289531A	A_007705
US201917290035A	A_022411
US201917290595A	A_006695
US201917290642A	A_007705
US201917290829A	A_022403
US201917290950A	A_006695
US201917290971A	A_006695
US201917291720A	A_006695
US201917292665A	A_036174
US201917292665A	A_024450
US201917293063A	A_036175
US201917293524A	A_022430
US201917293661A	A_000099
US201917295080A	A_022403
US201917309615A	A_007705
US201917309837A	A_006695
US201917310004A	A_006695
US201917310029A	A_006695
US201917310599A	A_009903
US201917413395A	A_006695
US201917413787A	A_006695
US201917414599A	A_006695
US201917414956A	A_005496
US201917415076A	A_028284
US201917415486A	A_005496
US201917417733A	A_006695
US201917418279A	A_036176
US201917421040A	A_005496
US201917421240A	A_006223
US201917421436A	A_007383
US201917421838A	A_024655
US201917421907A	A_006083
US201917422053A	A_006083
US201917422286A	A_007383
US201917422320A	A_022411
US201917423015A	A_005496
US201917423625A	A_006083
US201917424461A	A_009903
US201917426410A	A_006083
US201917426441A	A_006083
US201917427767A	A_006695
US201917428468A	A_006083
US201917429231A	A_006083
US201917430916A	A_006083
US201917431093A	A_006083
US201917431465A	A_008053
US201917432299A	A_036140
US201917432777A	A_006083
US201917432866A	A_006083
US201917432869A	A_009903
US201917438146A	A_006083
US201917439260A	A_006083
US201917442383A	A_006083
US201917595233A	A_007383
US201917595885A	A_006083
US201917596072A	A_007705
US201917596352A	A_024353
US201917596360A	A_007705
US201917596650A	A_006083
US201917597135A	A_006083
US201917597226A	A_007705
US201917597772A	A_007705
US201917597973A	A_036140
US201917598564A	A_036140
US201917598882A	A_005496
US201917599376A	A_006083
US201917599920A	A_007719
US201917600166A	A_007383
US201917600502A	A_006083
US201917602613A	A_006083
US201917603144A	A_006083
US201917603181A	A_006083
US201917603693A	A_013595
US201917604052A	A_006234
US201917604187A	A_006234
US201917604218A	A_006083
US201917604248A	A_006234
US201917605165A	A_036140
US201917605451A	A_006083
US201917605465A	A_006083
US201917606600A	A_006083
US201917611314A	A_007383
US201917617587A	A_036177
US201917617787A	A_006083
US201917619598A	A_007383
US201917619605A	A_036178
US201917620539A	A_006083
US201917620872A	A_006083
US201917620893A	A_006083
US201917620909A	A_006083
US201917621478A	A_006083
US201917624473A	A_006083
US201917627438A	A_006083
US201917627712A	A_013124
US201917628407A	A_006083
US201917628726A	A_006083
US201917629107A	A_006083
US201917629199A	A_007705
US201917629614A	A_007705
US201917630782A	A_006083
US201917631237A	A_006083
US201917631828A	A_007705
US201917632778A	A_007705
US201917632967A	A_009903
US201917632967A	A_036179
US201917633877A	A_006083
US201917634730A	A_013595
US201917634867A	A_006083
US201917634911A	A_006083
US201917635153A	A_006083
US201917635172A	A_006083
US201917635542A	A_006083
US201917753102A	A_024353
US201917753327A	A_006695
US201917753380A	A_007705
US201917753382A	A_006083
US201917753386A	A_006083
US201917753410A	A_006695
US201917753621A	A_007705
US201917753760A	A_006083
US201917754094A	A_006083
US201917754264A	A_007705
US201917754283A	A_006083
US201917754821A	A_007705
US201917754846A	A_007705
US201917754979A	A_007705
US201917755755A	A_006083
US201917755947A	A_036140
US201917756009A	A_006695
US201917756293A	A_007705
US201917756310A	A_006695
US201917756597A	A_006083
US201917757812A	A_024353
US201917760639A	A_006083
US201917762114A	A_007383
US201917762284A	A_006083
US201917762598A	A_006083
US201917764364A	A_006234
US201917764830A	A_036140
US201917765231A	A_006083
US201917765574A	A_006083
US201917765882A	A_006083
US201917766997A	A_013124
US201917767354A	A_006083
US201917769109A	A_007705
US201917770484A	A_005496
US201917773844A	A_036180
US201917774026A	A_007383
US201917774675A	A_036140
US201917775092A	A_006083
US201917775131A	A_006083
US201917776851A	A_006083
US201917778251A	A_007383
US201917778952A	A_007383
US201917780842A	A_006083
US201917784018A	A_006695
US201917785388A	A_007705
US202015930208A	A_005857
US202015930331A	A_007705
US202015931802A	A_009903
US202016732416A	A_008042
US202016732867A	A_036181
US202016733066A	A_007705
US202016733874A	A_007705
US202016734715A	A_006703
US202016734716A	A_000129
US202016736212A	A_036182
US202016738672A	A_024353
US202016738987A	A_007705
US202016741404A	A_024450
US202016742398A	A_000129
US202016743052A	A_020572
US202016743444A	A_008125
US202016746033A	A_007705
US202016746415A	A_007705
US202016746664A	A_007705
US202016746937A	A_036183
US202016747348A	A_007705
US202016748188A	A_022445
US202016748227A	A_007705
US202016749321A	A_005577
US202016749739A	A_006695
US202016751189A	A_007705
US202016773629A	A_008150
US202016774046A	A_008125
US202016775844A	A_008042
US202016777667A	A_007705
US202016781487A	A_006184
US202016784314A	A_008042
US202016784477A	A_007705
US202016784859A	A_008125
US202016784964A	A_036184
US202016785822A	A_036185
US202016786587A	A_007705
US202016786592A	A_005857
US202016788744A	A_006703
US202016790152A	A_024450
US202016790182A	A_006695
US202016790308A	A_024450
US202016790467A	A_006695
US202016791340A	A_036186
US202016792630A	A_036187
US202016794637A	A_008042
US202016795446A	A_036188
US202016800134A	A_008125
US202016802940A	A_007705
US202016803458A	A_007705
US202016806574A	A_036189
US202016810446A	A_022451
US202016811094A	A_024563
US202016811576A	A_025013
US202016811885A	A_005577
US202016814094A	A_036190
US202016815429A	A_007790
US202016816605A	A_006223
US202016818688A	A_008042
US202016820173A	A_036191
US202016820570A	A_007996
US202016822570A	A_000099
US202016823011A	A_024353
US202016824971A	A_007705
US202016825516A	A_000099
US202016827076A	A_008042
US202016828440A	A_007705
US202016828739A	A_007705
US202016830155A	A_024450
US202016832858A	A_006695
US202016836826A	A_007705
US202016837589A	A_007705
US202016837629A	A_007705
US202016837871A	A_007705
US202016839912A	A_025013
US202016842325A	A_024450
US202016843384A	A_036192
US202016844494A	A_006695
US202016846543A	A_008125
US202016847060A	A_005577
US202016848060A	A_025013
US202016849129A	A_025527
US202016852367A	A_036193
US202016859402A	A_007705
US202016860582A	A_000037
US202016860586A	A_000037
US202016861045A	A_028144
US202016861685A	A_028102
US202016862479A	A_024450
US202016864549A	A_036194
US202016865507A	A_006703
US202016871867A	A_024353
US202016874192A	A_000129
US202016875694A	A_006695
US202016877005A	A_007705
US202016878240A	A_008098
US202016879288A	A_007705
US202016879370A	A_000129
US202016881623A	A_008039
US202016881882A	A_007962
US202016882080A	A_024506
US202016882567A	A_024698
US202016882629A	A_007705
US202016885796A	A_007705
US202016886585A	A_036195
US202016887778A	A_005469
US202016889442A	A_000129
US202016889558A	A_007810
US202016891911A	A_015153
US202016893196A	A_007705
US202016894945A	A_007841
US202016900157A	A_006703
US202016900502A	A_007705
US202016900572A	A_036196
US202016903266A	A_026912
US202016904160A	A_007705
US202016905109A	A_007705
US202016906210A	A_007705
US202016910810A	A_007705
US202016910957A	A_007790
US202016911022A	A_007705
US202016913954A	A_007790
US202016915399A	A_007705
US202016917463A	A_007705
US202016918429A	A_008042
US202016919990A	A_036197
US202016919990A	A_036198
US202016921798A	A_007661
US202016921802A	A_013558
US202016922202A	A_007790
US202016924267A	A_007682
US202016924675A	A_009969
US202016925405A	A_036199
US202016925486A	A_007705
US202016926539A	A_006695
US202016926539A	A_006531
US202016926589A	A_006703
US202016927971A	A_007705
US202016928371A	A_007682
US202016929410A	A_024353
US202016929974A	A_008042
US202016929974A	A_036200
US202016935875A	A_000129
US202016936856A	A_013592
US202016937613A	A_036146
US202016938882A	A_007705
US202016939705A	A_008125
US202016941260A	A_036201
US202016941294A	A_007705
US202016943306A	A_008379
US202016945531A	A_007705
US202016945592A	A_007661
US202016945667A	A_007661
US202016946901A	A_007705
US202016947362A	A_007705
US202016947751A	A_007705
US202016947788A	A_007705
US202016948155A	A_007705
US202016948898A	A_007705
US202016949527A	A_007705
US202016949711A	A_007705
US202016949841A	A_007705
US202016950571A	A_007705
US202016953752A	A_008032
US202016983002A	A_008042
US202016983917A	A_035957
US202016984049A	A_006703
US202016984668A	A_008042
US202016985473A	A_007705
US202016985910A	A_014276
US202016986637A	A_007714
US202016986925A	A_007705
US202016987776A	A_036202
US202016989241A	A_007682
US202016990579A	A_007705
US202016990988A	A_005587
US202016992502A	A_008125
US202016996748A	A_036203
US202016996748A	A_036204
US202016997982A	A_036205
US202017001611A	A_036206
US202017002560A	A_007705
US202017002897A	A_007750
US202017005988A	A_009747
US202017006982A	A_009976
US202017006998A	A_009976
US202017007916A	A_008125
US202017008174A	A_024353
US202017008969A	A_008039
US202017009157A	A_007705
US202017009402A	A_024353
US202017010638A	A_007705
US202017010649A	A_007705
US202017012005A	A_006703
US202017015922A	A_007705
US202017017324A	A_007705
US202017018542A	A_007795
US202017018542A	A_035954
US202017018892A	A_035954
US202017020337A	A_036207
US202017020448A	A_007705
US202017022681A	A_007705
US202017024369A	A_025013
US202017025235A	A_006695
US202017026344A	A_020572
US202017027264A	A_036208
US202017027979A	A_008042
US202017028305A	A_005587
US202017028531A	A_007705
US202017028728A	A_007790
US202017031084A	A_007705
US202017031302A	A_007705
US202017031961A	A_035954
US202017032391A	A_007790
US202017033352A	A_000129
US202017033643A	A_006695
US202017033719A	A_024548
US202017033869A	A_000129
US202017034798A	A_006835
US202017037673A	A_007705
US202017039144A	A_024580
US202017039144A	A_008042
US202017060332A	A_008103
US202017060713A	A_006695
US202017060715A	A_008042
US202017060936A	A_000129
US202017060963A	A_009911
US202017061125A	A_007705
US202017063420A	A_007705
US202017063490A	A_008379
US202017063664A	A_005585
US202017064106A	A_007790
US202017065819A	A_006703
US202017066440A	A_007705
US202017068952A	A_036209
US202017068952A	A_036210
US202017068952A	A_036211
US202017068952A	A_036212
US202017068952A	A_036213
US202017069090A	A_006695
US202017071596A	A_007705
US202017072297A	A_005469
US202017074886A	A_006703
US202017075627A	A_007705
US202017079376A	A_005592
US202017082260A	A_036214
US202017082721A	A_007705
US202017083063A	A_006695
US202017084040A	A_024655
US202017085317A	A_006695
US202017086841A	A_008042
US202017090258A	A_007705
US202017090357A	A_007705
US202017091224A	A_024568
US202017092101A	A_024353
US202017092942A	A_007705
US202017098197A	A_006695
US202017098206A	A_006695
US202017101761A	A_009973
US202017101874A	A_007996
US202017102940A	A_007705
US202017103759A	A_007705
US202017104162A	A_035954
US202017104289A	A_006835
US202017104741A	A_006695
US202017106995A	A_000129
US202017107436A	A_007705
US202017108479A	A_006308
US202017110196A	A_022445
US202017110226A	A_005857
US202017111139A	A_005563
US202017111139A	A_005392
US202017111469A	A_007705
US202017111794A	A_007705
US202017114024A	A_007705
US202017114289A	A_007705
US202017115288A	A_007705
US202017115289A	A_036215
US202017116526A	A_027008
US202017118358A	A_024583
US202017119657A	A_007790
US202017119834A	A_022336
US202017121705A	A_036216
US202017122413A	A_007733
US202017124085A	A_007705
US202017125093A	A_007705
US202017126108A	A_024497
US202017127026A	A_036217
US202017128378A	A_008125
US202017128956A	A_036218
US202017129659A	A_013106
US202017130612A	A_007705
US202017130978A	A_022445
US202017132158A	A_007790
US202017133314A	A_007790
US202017133453A	A_007790
US202017139506A	A_006695
US202017247039A	A_007705
US202017247143A	A_007705
US202017247204A	A_007705
US202017247207A	A_007705
US202017267310A	A_022403
US202017279297A	A_022585
US202017289366A	A_006695
US202017295392A	A_006695
US202017296602A	A_006695
US202017296940A	A_006695
US202017297340A	A_006695
US202017299237A	A_006695
US202017309919A	A_036139
US202017310208A	A_036219
US202017310352A	A_006695
US202017310409A	A_024450
US202017310484A	A_005496
US202017310492A	A_006695
US202017310494A	A_006695
US202017310507A	A_006695
US202017310524A	A_006695
US202017310564A	A_006695
US202017310584A	A_006695
US202017310659A	A_006695
US202017310774A	A_006695
US202017310870A	A_006695
US202017310919A	A_006695
US202017310951A	A_006695
US202017310956A	A_006703
US202017312634A	A_006695
US202017414492A	A_006695
US202017418071A	A_006695
US202017419629A	A_022403
US202017420041A	A_006695
US202017420058A	A_006695
US202017420906A	A_006695
US202017420985A	A_006695
US202017420995A	A_006695
US202017421252A	A_006083
US202017422070A	A_006695
US202017422119A	A_006695
US202017422132A	A_006695
US202017422136A	A_006695
US202017422145A	A_006695
US202017422156A	A_006695
US202017422270A	A_006695
US202017422272A	A_006695
US202017422345A	A_006695
US202017422908A	A_006695
US202017423837A	A_006695
US202017423981A	A_006695
US202017424388A	A_006695
US202017424742A	A_005496
US202017425002A	A_006835
US202017425186A	A_006083
US202017426589A	A_007705
US202017427461A	A_006695
US202017427721A	A_006695
US202017427722A	A_006695
US202017428287A	A_005496
US202017428387A	A_006695
US202017429029A	A_006695
US202017429302A	A_009728
US202017429487A	A_006695
US202017430835A	A_022411
US202017430930A	A_000099
US202017430976A	A_006695
US202017430985A	A_006695
US202017431027A	A_006695
US202017431252A	A_006695
US202017431256A	A_006695
US202017431259A	A_006695
US202017432232A	A_036220
US202017433082A	A_006695
US202017433089A	A_006083
US202017433515A	A_006695
US202017434596A	A_006695
US202017435942A	A_006695
US202017437052A	A_005496
US202017437540A	A_022403
US202017437571A	A_022403
US202017437650A	A_007790
US202017438300A	A_027430
US202017438565A	A_006695
US202017438977A	A_022403
US202017439370A	A_005496
US202017439694A	A_006695
US202017439929A	A_006695
US202017440066A	A_006695
US202017440574A	A_000099
US202017440899A	A_006695
US202017441030A	A_006695
US202017442021A	A_022403
US202017442032A	A_007962
US202017442047A	A_022403
US202017442172A	A_005506
US202017442172A	A_005507
US202017442174A	A_005506
US202017442174A	A_005507
US202017442176A	A_005506
US202017442176A	A_005507
US202017442316A	A_000099
US202017442935A	A_025654
US202017593025A	A_006695
US202017593196A	A_006695
US202017593237A	A_006695
US202017593334A	A_006695
US202017593520A	A_006695
US202017593832A	A_006695
US202017593841A	A_006695
US202017593878A	A_006695
US202017593966A	A_006695
US202017594059A	A_006695
US202017594106A	A_006695
US202017594197A	A_006695
US202017594284A	A_006695
US202017594635A	A_006695
US202017594831A	A_006695
US202017594847A	A_007705
US202017595180A	A_006695
US202017595364A	A_006083
US202017595366A	A_006083
US202017595424A	A_006083
US202017595546A	A_007705
US202017596128A	A_006695
US202017596259A	A_006695
US202017596522A	A_024450
US202017596768A	A_006695
US202017597109A	A_006695
US202017597413A	A_006695
US202017598088A	A_024655
US202017598361A	A_006695
US202017598674A	A_006695
US202017598759A	A_006695
US202017599946A	A_006695
US202017599960A	A_006695
US202017601165A	A_006695
US202017601517A	A_006695
US202017601613A	A_006695
US202017602169A	A_006695
US202017602309A	A_006695
US202017602854A	A_006695
US202017603735A	A_006695
US202017604154A	A_015130
US202017604688A	A_006695
US202017604965A	A_006695
US202017605518A	A_006695
US202017606353A	A_006695
US202017606551A	A_000099
US202017606783A	A_000099
US202017607338A	A_024450
US202017607360A	A_006695
US202017607664A	A_006695
US202017607865A	A_008252
US202017608035A	A_024450
US202017608366A	A_006695
US202017608396A	A_024450
US202017608406A	A_006695
US202017608454A	A_006695
US202017608609A	A_006695
US202017608679A	A_006695
US202017608861A	A_005496
US202017609199A	A_006695
US202017610269A	A_006695
US202017610396A	A_000099
US202017612403A	A_006695
US202017613693A	A_006695
US202017615003A	A_006695
US202017615035A	A_007962
US202017615768A	A_024353
US202017616140A	A_025865
US202017616437A	A_006695
US202017616852A	A_006695
US202017617185A	A_006695
US202017618326A	A_005428
US202017619018A	A_006695
US202017619021A	A_006695
US202017619106A	A_007383
US202017619134A	A_006703
US202017619148A	A_006083
US202017619406A	A_006695
US202017620016A	A_006695
US202017620512A	A_006695
US202017620962A	A_005496
US202017621880A	A_006695
US202017623107A	A_025865
US202017623393A	A_022411
US202017624044A	A_006695
US202017624785A	A_006695
US202017625118A	A_005506
US202017625118A	A_005507
US202017626698A	A_006695
US202017627396A	A_006695
US202017627423A	A_006695
US202017627589A	A_006695
US202017628156A	A_006695
US202017628183A	A_006695
US202017628748A	A_000099
US202017629595A	A_006223
US202017629610A	A_006223
US202017629717A	A_006695
US202017629746A	A_006695
US202017631327A	A_006695
US202017632208A	A_006695
US202017632581A	A_006695
US202017632858A	A_006695
US202017633511A	A_006083
US202017633550A	A_006695
US202017633730A	A_006695
US202017634468A	A_007383
US202017634520A	A_005496
US202017634530A	A_007705
US202017634800A	A_006695
US202017634904A	A_006695
US202017634919A	A_006695
US202017635113A	A_000099
US202017635189A	A_000099
US202017635356A	A_024450
US202017635374A	A_025654
US202017635376A	A_008252
US202017635395A	A_007383
US202017635811A	A_006695
US202017635899A	A_006695
US202017637418A	A_006695
US202017638045A	A_006695
US202017640066A	A_000099
US202017641010A	A_006695
US202017641077A	A_036221
US202017753010A	A_006695
US202017753018A	A_006695
US202017753983A	A_006695
US202017754208A	A_007383
US202017754228A	A_006695
US202017754442A	A_006695
US202017754453A	A_006695
US202017754879A	A_006083
US202017754917A	A_006083
US202017755299A	A_036222
US202017755559A	A_006695
US202017755643A	A_006695
US202017755764A	A_006695
US202017756144A	A_006695
US202017757279A	A_000008
US202017757504A	A_005496
US202017758056A	A_007705
US202017758121A	A_007705
US202017758240A	A_007705
US202017758251A	A_024353
US202017758457A	A_007705
US202017758497A	A_007705
US202017758504A	A_024353
US202017758626A	A_007705
US202017758661A	A_007705
US202017758911A	A_006695
US202017758926A	A_007705
US202017759160A	A_006083
US202017759218A	A_007705
US202017759229A	A_007705
US202017759258A	A_007705
US202017759285A	A_006083
US202017759301A	A_007705
US202017759347A	A_007705
US202017759466A	A_007705
US202017759485A	A_006083
US202017759578A	A_007705
US202017759579A	A_006083
US202017759841A	A_007705
US202017759842A	A_007705
US202017759845A	A_007705
US202017759961A	A_007705
US202017760262A	A_036140
US202017760422A	A_007705
US202017762222A	A_000099
US202017763139A	A_036223
US202017764014A	A_006695
US202017764622A	A_024839
US202017764936A	A_006695
US202017765344A	A_024751
US202017765494A	A_000099
US202017765733A	A_036224
US202017766163A	A_006695
US202017766212A	A_006695
US202017766690A	A_006695
US202017766999A	A_006695
US202017768062A	A_006695
US202017768075A	A_006695
US202017768197A	A_006695
US202017768427A	A_006083
US202017770041A	A_006695
US202017770139A	A_013124
US202017771372A	A_006695
US202017771765A	A_006695
US202017773828A	A_006695
US202017774664A	A_006695
US202017774940A	A_025013
US202017775252A	A_006695
US202017776345A	A_006185
US202017777381A	A_006083
US202017778386A	A_006695
US202017778746A	A_036140
US202017778747A	A_006695
US202017778763A	A_006695
US202017778885A	A_005496
US202017779321A	A_022531
US202017780610A	A_024353
US202017780858A	A_007705
US202017782938A	A_006695
US202017783596A	A_006695
US202017784431A	A_024751
US202017784431A	A_036175
US202017785333A	A_006083
US202017787930A	A_036225
US202017789371A	A_006695
US202017790504A	A_025654
US202017794092A	A_006083
US202017794493A	A_024548
US202017796046A	A_006083
US202017796171A	A_024353
US202017800513A	A_024450
US202017802088A	A_006234
US202017904179A	A_024353
US202017905537A	A_024353
US202017905781A	A_024353
US202017905811A	A_024353
US202017905916A	A_024353
US202017906009A	A_006083
US202017906314A	A_007705
US202017906536A	A_007705
US202017906587A	A_006083
US202017907088A	A_007705
US202017907337A	A_013124
US202017907935A	A_024353
US202017910997A	A_036140
US202017911082A	A_009903
US202017911118A	A_007705
US202017911300A	A_036140
US202017911888A	A_006695
US202017911980A	A_022403
US202017912446A	A_025037
US202017912744A	A_022403
US202017913893A	A_036226
US202017913893A	A_036227
US202017913893A	A_036228
US202017914109A	A_006083
US202017914175A	A_006083
US202017914891A	A_007705
US202017916841A	A_007383
US202017917432A	A_036140
US202017918477A	A_007705
US202017918760A	A_006083
US202017918794A	A_024353
US202017919732A	A_007705
US202017920309A	A_007705
US202017921084A	A_007705
US202017921251A	A_006083
US202017923392A	A_006083
US202017923537A	A_006695
US202017924285A	A_024450
US202017924615A	A_007705
US202017924769A	A_007383
US202017924804A	A_006695
US202017925031A	A_007383
US202017927306A	A_024353
US202017995954A	A_036140
US202017996072A	A_024353
US202017996908A	A_007705
US202017997695A	A_024353
US202017997695A	A_036229
US202017997772A	A_006695
US202017997776A	A_007705
US202017997910A	A_013124
US202017999094A	A_024353
US202017999579A	A_024353
US202018000155A	A_036230
US202018000346A	A_024353
US202018000351A	A_007705
US202018000810A	A_024353
US202018001214A	A_007705
US202018001693A	A_007705
US202018001806A	A_006083
US202018001835A	A_006695
US202018001840A	A_007705
US202018002141A	A_007705
US202018003068A	A_024353
US202018003749A	A_007705
US202018003784A	A_006083
US202018003890A	A_007705
US202018004056A	A_007705
US202018004843A	A_007705
US202018005045A	A_024450
US202018005341A	A_024353
US202018005986A	A_007705
US202018006357A	A_007705
US202018007046A	A_007383
US202018007204A	A_006083
US202018007419A	A_007705
US202018009199A	A_024353
US202018009940A	A_022585
US202018010449A	A_024353
US202018011464A	A_007705
US202018012067A	A_024353
US202018012154A	A_036140
US202018012204A	A_024353
US202018013850A	A_006695
US202018013865A	A_006695
US202018013865A	A_006531
US202018013869A	A_006695
US202018014667A	A_006695
US202018014667A	A_006531
US202018017272A	A_006695
US202018018236A	A_006695
US202018019261A	A_036231
US202018021390A	A_006695
US202018021543A	A_036232
US202018022436A	A_006695
US202018023127A	A_024450
US202018024018A	A_006695
US202018024363A	A_022585
US202018024717A	A_006695
US202018025073A	A_024450
US202018025767A	A_006695
US202018025802A	A_007383
US202018025977A	A_006695
US202018026842A	A_025569
US202018028855A	A_036139
US202018028855A	A_036233
US202018028855A	A_032977
US202018029341A	A_035941
US202018029813A	A_036140
US202018030261A	A_007705
US202018030690A	A_006083
US202018031253A	A_006223
US202018031262A	A_036140
US202018031270A	A_036140
US202018031590A	A_027272
US202018031752A	A_007383
US202018035634A	A_036234
US202018035634A	A_007383
US202018040217A	A_006083
US202018040339A	A_006083
US202018040504A	A_007705
US202018041760A	A_024353
US202018041804A	A_007790
US202018041925A	A_036140
US202018042112A	A_013595
US202018042354A	A_007383
US202018044910A	A_006695
US202018245853A	A_007705
US202018246276A	A_006695
US202018247791A	A_006083
US202018248350A	A_024353
US202018250095A	A_036140
US202018250888A	A_022585
US202018257715A	A_006083
US202018265109A	A_006695
US202018267666A	A_006695
US202117140542A	A_008042
US202117142022A	A_007705
US202117143426A	A_036111
US202117143825A	A_007705
US202117148092A	A_007705
US202117148486A	A_007705
US202117150834A	A_024514
US202117151350A	A_036235
US202117151439A	A_000129
US202117151812A	A_020646
US202117151872A	A_008379
US202117153411A	A_034748
US202117155746A	A_036236
US202117155746A	A_036237
US202117156117A	A_006703
US202117158243A	A_008042
US202117158472A	A_007705
US202117159351A	A_036238
US202117159351A	A_036239
US202117160058A	A_007705
US202117160067A	A_005857
US202117160964A	A_024548
US202117161129A	A_007705
US202117161352A	A_007705
US202117164419A	A_007705
US202117164606A	A_007705
US202117164739A	A_005587
US202117165362A	A_013595
US202117165495A	A_007705
US202117167689A	A_006703
US202117167689A	A_024916
US202117168062A	A_028966
US202117168062A	A_008370
US202117169133A	A_007705
US202117170587A	A_036240
US202117171915A	A_007705
US202117172942A	A_007705
US202117173682A	A_007705
US202117174132A	A_005572
US202117174314A	A_007829
US202117174701A	A_022403
US202117176405A	A_005618
US202117178023A	A_008145
US202117178120A	A_008396
US202117178601A	A_008125
US202117179305A	A_007705
US202117179389A	A_035969
US202117179441A	A_005618
US202117180336A	A_007705
US202117182968A	A_007705
US202117183667A	A_035954
US202117184302A	A_007705
US202117185352A	A_032548
US202117185836A	A_006703
US202117185836A	A_006936
US202117186844A	A_007705
US202117187277A	A_008042
US202117187991A	A_008125
US202117189233A	A_000129
US202117190003A	A_006703
US202117190003A	A_009562
US202117190172A	A_007705
US202117191184A	A_007705
US202117191397A	A_007705
US202117193687A	A_005587
US202117195270A	A_022403
US202117195374A	A_007705
US202117195669A	A_035956
US202117197351A	A_022585
US202117197679A	A_005469
US202117198228A	A_009911
US202117199327A	A_008042
US202117200122A	A_022403
US202117200231A	A_024616
US202117200344A	A_006695
US202117203344A	A_007705
US202117203632A	A_008042
US202117204753A	A_022403
US202117205730A	A_007705
US202117206290A	A_034748
US202117207297A	A_008042
US202117209851A	A_007705
US202117210133A	A_007705
US202117210192A	A_007705
US202117211024A	A_007705
US202117211291A	A_007705
US202117211591A	A_007705
US202117211649A	A_007705
US202117212961A	A_008042
US202117216004A	A_024497
US202117217579A	A_007705
US202117217691A	A_008113
US202117219234A	A_007790
US202117219292A	A_007790
US202117221631A	A_007705
US202117223453A	A_007705
US202117223749A	A_013558
US202117223820A	A_007705
US202117224391A	A_000129
US202117224962A	A_009973
US202117225681A	A_024353
US202117225952A	A_007705
US202117226732A	A_007705
US202117226871A	A_007705
US202117228065A	A_007705
US202117228071A	A_007705
US202117228191A	A_024235
US202117229227A	A_007705
US202117229330A	A_007705
US202117229756A	A_007705
US202117230611A	A_007705
US202117230620A	A_007705
US202117231266A	A_007705
US202117232002A	A_007705
US202117232462A	A_007705
US202117235962A	A_035956
US202117240245A	A_007705
US202117240314A	A_024548
US202117240331A	A_009911
US202117241984A	A_007705
US202117243205A	A_007705
US202117243278A	A_007705
US202117243325A	A_007705
US202117244673A	A_007705
US202117244763A	A_028115
US202117244763A	A_036241
US202117246059A	A_036174
US202117246059A	A_024450
US202117248102A	A_007705
US202117248169A	A_007705
US202117248335A	A_007705
US202117248714A	A_009969
US202117248774A	A_036242
US202117249129A	A_007705
US202117249929A	A_007705
US202117282887A	A_036243
US202117301084A	A_007705
US202117301175A	A_007705
US202117301416A	A_007705
US202117301536A	A_007705
US202117301798A	A_007705
US202117301920A	A_007705
US202117301922A	A_007705
US202117302066A	A_007705
US202117302341A	A_007705
US202117302485A	A_007705
US202117302639A	A_007705
US202117302804A	A_007705
US202117302815A	A_007705
US202117302816A	A_036244
US202117302852A	A_007705
US202117303006A	A_007705
US202117303008A	A_007705
US202117303011A	A_007705
US202117303019A	A_007705
US202117303065A	A_007705
US202117303078A	A_007705
US202117303119A	A_007705
US202117303559A	A_007705
US202117303737A	A_007705
US202117303756A	A_007705
US202117303797A	A_007705
US202117303818A	A_024353
US202117303827A	A_007705
US202117304734A	A_007705
US202117304744A	A_024787
US202117304814A	A_007705
US202117305067A	A_007705
US202117305133A	A_007705
US202117305204A	A_007705
US202117305360A	A_006695
US202117305777A	A_007705
US202117305779A	A_007705
US202117305791A	A_007705
US202117305793A	A_007705
US202117305923A	A_007705
US202117305924A	A_007705
US202117305981A	A_007705
US202117305988A	A_007705
US202117305998A	A_007705
US202117307652A	A_008379
US202117307933A	A_036245
US202117307949A	A_007661
US202117308318A	A_007705
US202117308681A	A_007705
US202117308720A	A_007705
US202117308981A	A_007705
US202117313702A	A_022403
US202117313924A	A_022445
US202117314658A	A_036246
US202117315142A	A_007705
US202117315578A	A_024580
US202117315578A	A_008042
US202117315672A	A_007790
US202117316191A	A_007705
US202117317310A	A_036247
US202117317595A	A_007705
US202117317784A	A_007705
US202117319001A	A_007705
US202117320054A	A_007705
US202117321560A	A_008042
US202117321572A	A_036200
US202117321572A	A_008042
US202117322077A	A_006703
US202117323206A	A_007705
US202117323504A	A_007705
US202117323744A	A_007705
US202117323776A	A_007733
US202117324539A	A_008125
US202117324982A	A_007705
US202117325058A	A_007705
US202117325330A	A_005857
US202117325981A	A_007705
US202117326256A	A_009973
US202117328203A	A_019875
US202117328222A	A_007705
US202117328455A	A_007705
US202117328759A	A_036248
US202117330492A	A_007705
US202117332089A	A_007705
US202117332285A	A_035976
US202117332840A	A_007705
US202117334950A	A_005857
US202117335001A	A_007705
US202117335849A	A_005857
US202117337021A	A_006695
US202117338392A	A_006695
US202117338886A	A_007705
US202117339758A	A_007705
US202117341269A	A_007705
US202117341404A	A_006223
US202117342318A	A_007705
US202117344755A	A_007705
US202117348635A	A_007705
US202117352541A	A_036200
US202117352541A	A_008042
US202117352637A	A_007705
US202117353292A	A_007705
US202117354262A	A_024548
US202117355033A	A_022374
US202117355056A	A_022374
US202117356385A	A_006695
US202117356396A	A_007705
US202117357117A	A_019878
US202117357358A	A_007790
US202117357691A	A_024353
US202117357832A	A_007705
US202117358585A	A_006695
US202117360811A	A_007705
US202117362672A	A_009973
US202117362737A	A_007705
US202117363683A	A_007705
US202117363943A	A_007705
US202117364169A	A_005587
US202117364466A	A_007705
US202117365355A	A_007705
US202117367326A	A_036249
US202117368560A	A_007705
US202117368644A	A_007705
US202117369515A	A_007705
US202117369518A	A_007705
US202117369724A	A_007705
US202117370801A	A_028092
US202117370991A	A_007705
US202117370993A	A_007705
US202117371029A	A_007661
US202117371070A	A_035969
US202117371895A	A_005857
US202117372079A	A_007705
US202117372709A	A_036250
US202117372750A	A_006703
US202117373552A	A_007705
US202117374295A	A_036251
US202117374742A	A_007705
US202117375094A	A_006695
US202117375603A	A_024098
US202117376647A	A_005469
US202117376786A	A_008042
US202117377050A	A_007705
US202117377140A	A_007705
US202117377855A	A_022412
US202117378452A	A_008042
US202117379877A	A_007705
US202117379941A	A_007705
US202117379990A	A_007705
US202117380620A	A_007705
US202117381434A	A_022411
US202117383201A	A_007705
US202117384941A	A_008042
US202117385659A	A_007705
US202117386949A	A_005857
US202117387610A	A_007705
US202117387631A	A_005481
US202117387858A	A_007705
US202117388670A	A_024098
US202117389164A	A_007705
US202117389708A	A_022445
US202117390334A	A_007705
US202117390618A	A_022585
US202117390677A	A_022445
US202117390894A	A_005857
US202117392084A	A_007705
US202117392181A	A_007705
US202117392515A	A_007705
US202117392751A	A_013124
US202117393302A	A_007705
US202117393811A	A_006703
US202117395008A	A_008379
US202117395853A	A_007705
US202117396139A	A_006695
US202117396152A	A_006695
US202117398884A	A_007705
US202117398908A	A_007705
US202117399377A	A_036252
US202117399986A	A_024573
US202117400684A	A_024307
US202117400975A	A_007705
US202117403675A	A_007705
US202117407772A	A_007805
US202117410917A	A_036253
US202117411008A	A_007705
US202117411015A	A_036254
US202117411797A	A_000099
US202117412069A	A_007705
US202117412143A	A_007705
US202117412594A	A_007705
US202117437788A	A_025037
US202117437794A	A_025037
US202117438214A	A_022403
US202117438242A	A_022403
US202117438274A	A_022403
US202117438443A	A_022403
US202117441244A	A_022403
US202117443108A	A_007705
US202117443111A	A_007705
US202117443154A	A_007705
US202117443220A	A_024353
US202117443881A	A_007705
US202117443884A	A_007705
US202117443911A	A_007705
US202117443923A	A_007705
US202117444028A	A_007705
US202117444110A	A_007705
US202117444126A	A_007705
US202117444145A	A_007705
US202117444267A	A_007705
US202117444426A	A_007705
US202117444448A	A_007705
US202117444449A	A_007705
US202117444537A	A_007705
US202117444540A	A_007705
US202117445033A	A_007705
US202117445255A	A_007705
US202117445325A	A_007705
US202117445329A	A_007705
US202117445366A	A_007705
US202117445706A	A_007705
US202117446034A	A_007705
US202117446565A	A_007705
US202117446785A	A_007705
US202117446789A	A_007705
US202117446792A	A_007705
US202117446806A	A_007705
US202117446811A	A_007705
US202117446887A	A_007705
US202117446916A	A_007705
US202117446936A	A_007705
US202117447036A	A_007705
US202117447120A	A_007705
US202117447423A	A_009903
US202117447512A	A_007705
US202117447535A	A_007705
US202117447666A	A_007705
US202117447682A	A_007705
US202117447768A	A_007705
US202117447778A	A_007705
US202117447897A	A_007705
US202117447985A	A_007705
US202117448505A	A_024353
US202117448624A	A_007705
US202117448666A	A_007705
US202117448960A	A_036255
US202117449045A	A_007705
US202117449048A	A_007705
US202117449083A	A_007705
US202117449449A	A_007705
US202117449568A	A_007705
US202117449645A	A_007705
US202117449708A	A_007705
US202117449761A	A_007705
US202117449775A	A_007705
US202117449780A	A_007705
US202117450018A	A_007705
US202117450023A	A_007705
US202117450637A	A_007705
US202117450641A	A_007705
US202117450748A	A_006695
US202117450947A	A_007705
US202117451058A	A_006695
US202117451076A	A_007705
US202117451080A	A_007705
US202117451543A	A_007705
US202117451749A	A_007705
US202117452057A	A_007705
US202117452282A	A_007705
US202117452323A	A_007705
US202117452457A	A_007705
US202117452501A	A_022493
US202117452621A	A_007705
US202117452758A	A_007705
US202117452901A	A_007705
US202117452924A	A_007705
US202117452985A	A_007705
US202117453308A	A_007705
US202117453360A	A_008042
US202117453360A	A_024580
US202117453404A	A_008042
US202117453694A	A_007705
US202117453722A	A_007705
US202117453735A	A_007705
US202117453788A	A_007705
US202117454559A	A_024353
US202117454684A	A_007705
US202117454787A	A_007705
US202117455505A	A_009911
US202117455523A	A_007705
US202117455569A	A_007705
US202117455712A	A_022609
US202117456200A	A_007705
US202117456939A	A_007705
US202117457174A	A_007705
US202117457177A	A_007705
US202117457272A	A_008125
US202117457542A	A_007705
US202117458212A	A_007705
US202117459696A	A_005473
US202117460065A	A_022445
US202117462646A	A_006703
US202117463384A	A_009973
US202117463412A	A_024514
US202117464271A	A_027953
US202117465469A	A_007705
US202117465602A	A_007705
US202117465632A	A_007705
US202117465800A	A_007705
US202117466336A	A_036256
US202117467298A	A_035969
US202117467366A	A_000492
US202117468321A	A_007705
US202117469331A	A_007790
US202117469771A	A_007705
US202117470239A	A_014276
US202117470311A	A_024235
US202117471796A	A_035538
US202117473909A	A_007705
US202117475670A	A_006695
US202117477031A	A_006703
US202117478026A	A_007705
US202117479734A	A_022353
US202117480910A	A_007790
US202117481105A	A_007705
US202117482773A	A_007790
US202117482949A	A_007790
US202117483644A	A_007705
US202117484024A	A_022403
US202117484743A	A_007790
US202117485139A	A_009973
US202117485540A	A_035969
US202117488101A	A_007705
US202117488268A	A_022445
US202117488278A	A_036257
US202117489419A	A_007705
US202117490319A	A_022493
US202117490408A	A_006703
US202117490803A	A_007705
US202117491048A	A_007705
US202117491371A	A_007705
US202117491427A	A_007705
US202117492357A	A_028114
US202117492404A	A_007705
US202117494700A	A_008263
US202117497241A	A_025587
US202117497717A	A_007705
US202117498306A	A_022397
US202117498601A	A_036258
US202117499094A	A_036259
US202117499094A	A_007790
US202117499862A	A_036260
US202117501235A	A_008125
US202117502422A	A_022403
US202117502568A	A_008042
US202117504362A	A_007705
US202117506412A	A_036261
US202117507181A	A_000099
US202117508462A	A_006695
US202117508864A	A_007705
US202117509092A	A_035969
US202117510689A	A_029372
US202117512330A	A_000047
US202117513870A	A_008145
US202117522236A	A_009274
US202117523745A	A_007705
US202117524428A	A_010017
US202117524581A	A_007705
US202117524687A	A_007705
US202117526841A	A_009973
US202117529831A	A_006703
US202117529831A	A_007262
US202117530322A	A_007705
US202117530445A	A_036262
US202117530548A	A_024352
US202117531413A	A_014276
US202117532592A	A_025555
US202117534234A	A_005857
US202117534457A	A_005496
US202117534790A	A_005591
US202117534790A	A_005532
US202117536128A	A_035969
US202117537105A	A_008125
US202117537491A	A_005496
US202117539236A	A_036247
US202117539749A	A_007661
US202117540015A	A_008243
US202117540015A	A_000069
US202117540613A	A_007790
US202117541621A	A_036263
US202117541621A	A_007705
US202117541955A	A_024991
US202117542091A	A_006695
US202117544184A	A_022411
US202117544748A	A_022585
US202117546945A	A_035863
US202117547661A	A_022290
US202117547679A	A_022290
US202117550686A	A_022585
US202117550936A	A_007790
US202117552993A	A_005622
US202117553918A	A_024698
US202117554916A	A_022585
US202117555196A	A_022585
US202117555559A	A_007790
US202117556244A	A_006695
US202117556497A	A_007790
US202117556728A	A_024698
US202117556738A	A_007790
US202117556813A	A_006703
US202117557062A	A_035969
US202117557265A	A_013656
US202117557733A	A_006695
US202117558391A	A_007790
US202117560900A	A_024698
US202117561897A	A_007790
US202117562427A	A_006695
US202117562588A	A_009973
US202117563119A	A_022452
US202117564040A	A_036264
US202117564605A	A_022445
US202117565204A	A_007661
US202117626572A	A_006223
US202117643103A	A_007705
US202117643280A	A_036265
US202117643810A	A_007705
US202117644218A	A_024353
US202117644300A	A_007705
US202117644454A	A_007705
US202117645167A	A_007705
US202117645169A	A_007705
US202117645171A	A_007705
US202117645262A	A_007705
US202117645590A	A_007705
US202117646420A	A_009973
US202117646567A	A_022290
US202117758326A	A_006695
US202117758429A	A_006695
US202117758684A	A_007705
US202117758737A	A_006695
US202117758867A	A_006695
US202117759145A	A_036266
US202117759148A	A_007705
US202117759186A	A_006695
US202117759339A	A_024450
US202117759428A	A_007705
US202117759763A	A_006695
US202117759774A	A_006695
US202117760061A	A_006695
US202117760383A	A_006695
US202117765463A	A_025037
US202117776737A	A_022403
US202117782917A	A_006695
US202117783165A	A_006695
US202117785244A	A_006695
US202117785597A	A_006695
US202117787498A	A_006695
US202117792082A	A_006695
US202117792126A	A_006695
US202117792821A	A_006695
US202117794446A	A_024353
US202117794771A	A_006703
US202117795522A	A_024450
US202117795852A	A_006695
US202117796574A	A_006695
US202117796627A	A_006695
US202117796821A	A_024353
US202117797045A	A_006695
US202117797092A	A_006695
US202117797371A	A_024450
US202117797693A	A_006695
US202117797850A	A_006695
US202117797928A	A_006695
US202117798294A	A_000099
US202117798313A	A_005496
US202117798626A	A_006695
US202117798785A	A_000099
US202117798845A	A_025569
US202117798888A	A_005496
US202117798967A	A_006695
US202117798985A	A_000099
US202117799155A	A_006083
US202117799227A	A_006695
US202117799345A	A_024751
US202117799483A	A_006695
US202117800757A	A_006695
US202117800882A	A_006695
US202117801007A	A_006695
US202117801437A	A_006695
US202117904086A	A_007705
US202117904912A	A_024353
US202117905382A	A_006695
US202117905396A	A_007705
US202117905579A	A_006695
US202117905855A	A_008190
US202117905966A	A_006695
US202117906107A	A_006695
US202117906528A	A_006695
US202117907942A	A_006695
US202117908188A	A_036139
US202117908830A	A_000099
US202117909410A	A_007962
US202117910269A	A_006695
US202117910367A	A_007383
US202117910874A	A_025569
US202117911298A	A_006695
US202117912039A	A_008190
US202117912332A	A_024450
US202117915491A	A_025639
US202117915491A	A_026282
US202117915951A	A_006695
US202117916269A	A_007383
US202117916296A	A_036267
US202117916534A	A_006695
US202117916771A	A_024353
US202117916960A	A_025037
US202117917448A	A_006083
US202117917546A	A_007705
US202117917739A	A_006703
US202117917833A	A_006695
US202117917896A	A_024450
US202117917975A	A_006695
US202117917976A	A_006695
US202117918939A	A_022403
US202117919083A	A_024450
US202117919187A	A_005623
US202117919408A	A_000099
US202117919442A	A_022585
US202117919903A	A_022411
US202117920246A	A_006695
US202117920285A	A_000099
US202117920444A	A_025037
US202117920945A	A_007719
US202117920980A	A_006695
US202117921031A	A_006695
US202117921075A	A_022585
US202117921586A	A_007705
US202117922597A	A_008252
US202117922746A	A_007705
US202117922796A	A_005496
US202117922831A	A_006695
US202117923040A	A_006695
US202117923603A	A_024655
US202117924068A	A_025570
US202117924068A	A_024751
US202117924099A	A_024450
US202117924276A	A_024450
US202117924501A	A_024450
US202117924817A	A_006695
US202117924828A	A_008252
US202117924894A	A_000099
US202117925252A	A_006695
US202117925255A	A_006695
US202117925260A	A_025570
US202117925260A	A_024751
US202117925283A	A_006695
US202117925523A	A_006695
US202117925803A	A_006695
US202117927016A	A_024655
US202117928707A	A_024353
US202117995039A	A_007705
US202117995350A	A_024450
US202117996494A	A_007705
US202117996587A	A_007705
US202117997257A	A_007705
US202117997481A	A_024353
US202117998319A	A_024450
US202117998853A	A_022585
US202117999264A	A_024751
US202117999264A	A_036175
US202117999611A	A_007705
US202117999927A	A_007705
US202118000151A	A_007705
US202118000213A	A_022585
US202118000344A	A_007705
US202118000523A	A_007705
US202118001682A	A_007705
US202118001723A	A_005496
US202118001825A	A_007705
US202118001877A	A_005484
US202118002026A	A_007705
US202118002607A	A_007705
US202118002764A	A_024353
US202118003059A	A_036268
US202118003059A	A_007705
US202118003062A	A_024450
US202118003528A	A_036269
US202118003564A	A_024450
US202118004483A	A_006695
US202118004779A	A_007705
US202118004839A	A_007705
US202118004878A	A_008252
US202118005140A	A_006695
US202118005463A	A_006695
US202118007293A	A_006294
US202118007845A	A_024751
US202118007845A	A_025570
US202118007865A	A_006695
US202118009570A	A_000048
US202118009577A	A_006695
US202118009707A	A_006695
US202118010765A	A_022585
US202118010980A	A_006695
US202118011197A	A_005496
US202118011427A	A_024450
US202118011456A	A_006695
US202118011481A	A_022585
US202118011908A	A_000099
US202118011924A	A_000099
US202118013098A	A_025570
US202118013098A	A_024751
US202118013722A	A_022585
US202118013727A	A_006695
US202118013771A	A_006695
US202118013797A	A_000099
US202118013860A	A_006695
US202118013910A	A_008190
US202118014332A	A_024450
US202118014638A	A_006695
US202118014668A	A_006695
US202118015431A	A_024450
US202118015599A	A_006695
US202118015848A	A_006703
US202118015978A	A_007383
US202118016166A	A_007383
US202118016463A	A_005506
US202118016463A	A_005507
US202118016848A	A_007705
US202118017105A	A_022411
US202118017211A	A_024450
US202118017559A	A_006695
US202118017735A	A_006695
US202118018023A	A_006695
US202118018396A	A_006695
US202118018454A	A_024450
US202118018728A	A_006695
US202118019352A	A_006695
US202118019422A	A_006695
US202118019456A	A_006695
US202118019520A	A_036270
US202118019661A	A_006695
US202118019694A	A_036223
US202118019998A	A_024450
US202118020035A	A_022585
US202118020667A	A_000099
US202118020877A	A_022585
US202118021344A	A_006695
US202118021550A	A_006695
US202118022027A	A_007719
US202118023210A	A_007383
US202118023333A	A_006695
US202118023699A	A_007790
US202118024084A	A_024839
US202118024510A	A_005526
US202118024613A	A_022585
US202118024876A	A_006223
US202118025613A	A_006695
US202118025946A	A_025336
US202118026310A	A_024450
US202118026414A	A_006695
US202118026784A	A_008252
US202118026855A	A_005622
US202118026855A	A_036271
US202118027322A	A_024450
US202118027745A	A_006695
US202118028102A	A_024450
US202118029410A	A_006695
US202118029666A	A_024655
US202118029749A	A_006703
US202118029854A	A_036272
US202118030216A	A_006695
US202118030437A	A_006695
US202118031528A	A_006695
US202118031892A	A_005496
US202118032382A	A_006703
US202118032388A	A_008252
US202118032622A	A_000099
US202118032622A	A_025542
US202118032969A	A_000099
US202118033182A	A_006695
US202118033236A	A_007719
US202118033318A	A_006695
US202118034324A	A_006695
US202118034347A	A_007962
US202118034438A	A_036273
US202118034838A	A_000099
US202118035490A	A_024353
US202118035544A	A_013124
US202118038166A	A_024450
US202118038352A	A_008252
US202118039451A	A_006703
US202118040338A	A_000099
US202118040576A	A_013124
US202118040741A	A_006695
US202118040772A	A_008252
US202118040875A	A_008190
US202118041309A	A_024450
US202118042099A	A_007705
US202118042131A	A_007705
US202118042627A	A_005496
US202118043887A	A_006703
US202118044327A	A_006695
US202118044888A	A_005496
US202118245118A	A_036274
US202118245461A	A_006695
US202118246343A	A_036275
US202118246343A	A_036139
US202118246665A	A_022585
US202118246752A	A_024450
US202118247688A	A_022411
US202118248217A	A_008396
US202118249165A	A_024751
US202118249165A	A_036175
US202118249629A	A_006695
US202118249789A	A_036276
US202118250177A	A_008252
US202118251802A	A_006695
US202118251946A	A_007705
US202118251957A	A_006695
US202118252292A	A_005526
US202118252333A	A_007705
US202118252500A	A_008252
US202118252708A	A_007705
US202118252850A	A_007705
US202118253575A	A_007705
US202118253590A	A_007705
US202118253895A	A_024353
US202118253963A	A_027461
US202118254291A	A_006695
US202118254317A	A_007705
US202118254455A	A_007705
US202118254513A	A_007705
US202118254726A	A_000099
US202118255210A	A_007705
US202118255923A	A_005496
US202118256028A	A_007705
US202118256609A	A_006703
US202118257511A	A_008252
US202118257717A	A_005496
US202118257991A	A_022585
US202118258668A	A_036140
US202118259118A	A_006695
US202118259676A	A_006083
US202118259880A	A_022376
US202118260094A	A_013124
US202118260130A	A_006083
US202118260228A	A_007705
US202118260571A	A_007705
US202118260690A	A_036140
US202118260695A	A_007705
US202118260733A	A_024353
US202118260866A	A_013124
US202118260900A	A_007705
US202118261170A	A_022403
US202118261228A	A_007705
US202118261359A	A_036140
US202118261374A	A_013124
US202118261658A	A_007705
US202118262432A	A_007705
US202118262617A	A_007705
US202118263445A	A_006083
US202118263589A	A_007705
US202118264294A	A_036230
US202118265764A	A_006695
US202118266799A	A_006695
US202118267320A	A_006703
US202118268180A	A_006695
US202118268213A	A_008252
US202118268871A	A_006703
US202118269397A	A_006695
US202118270655A	A_006695
US202118271151A	A_006223
US202118272245A	A_036140
US202118272392A	A_013124
US202118278315A	A_006083
US202118278743A	A_006223
US202118282340A	A_006223
US202118288737A	A_006223
US202118288936A	A_006695
US202118290639A	A_006695
US202118291080A	A_006083
US202118291709A	A_007705
US202118292163A	A_007705
US202118292829A	A_008252
US202118294127A	A_007705
US202118546667A	A_007383
US202118546705A	A_007705
US202118546744A	A_007705
US202118547272A	A_007705
US202118547500A	A_007705
US202118547941A	A_006083
US202118548193A	A_007705
US202118548960A	A_007705
US202118549113A	A_022585
US202118549883A	A_007705
US202118550135A	A_036277
US202118550370A	A_007705
US202118551096A	A_007705
US202118551147A	A_007705
US202118551519A	A_007705
US202118552800A	A_006083
US202118552804A	A_013124
US202118552868A	A_036278
US202118552868A	A_036139
US202118552868A	A_032977
US202118552868A	A_036275
US202118553125A	A_007705
US202118553353A	A_007705
US202118553714A	A_036275
US202118553714A	A_036233
US202118553714A	A_036139
US202118553714A	A_032977
US202118554526A	A_036230
US202118554966A	A_007705
US202118557025A	A_007705
US202118557776A	A_007705
US202118557885A	A_006695
US202118558518A	A_013124
US202118558866A	A_006083
US202118558887A	A_007705
US202118560426A	A_032977
US202118560426A	A_036278
US202118560426A	A_036139
US202118561860A	A_007705
US202118562226A	A_007705
US202118562371A	A_007705
US202118563020A	A_007705
US202118563196A	A_006695
US202118563547A	A_007705
US202118564830A	A_013124
US202118566022A	A_007705
US202118566280A	A_007383
US202118567289A	A_007705
US202118567309A	A_006083
US202118567768A	A_007383
US202118570514A	A_006695
US202118571879A	A_006083
US202118571982A	A_007705
US202118572035A	A_007705
US202118572592A	A_007383
US202118572755A	A_013124
US202118573081A	A_006083
US202118573218A	A_007705
US202118573269A	A_022585
US202118574252A	A_007705
US202118574552A	A_007705
US202118575106A	A_007705
US202118575121A	A_007705
US202118575678A	A_007705
US202118575881A	A_013124
US202118577024A	A_006695
US202118577852A	A_007383
US202118577852A	A_036231
US202118578187A	A_007383
US202118580009A	A_036279
US202118580430A	A_006083
US202118580471A	A_007705
US202118681006A	A_022585
US202118681481A	A_007705
US202118682571A	A_006223
US202118684378A	A_022585
US202118684493A	A_007705
US202118685100A	A_007705
US202118686324A	A_007705
US202118690615A	A_007705
US202118691010A	A_024450
US202118691010A	A_036280
US202118692252A	A_006695
US202118692763A	A_007705
US202118693839A	A_006083
US202118694179A	A_006083
US202118694679A	A_007705
US202118696099A	A_007705
US202118696430A	A_007705
US202118696607A	A_006223
US202118696680A	A_006695
US202118696688A	A_006695
US202118697755A	A_006223
US202118698577A	A_022585
US202118699175A	A_007705
US202118702762A	A_007705
US202118704802A	A_006083
US202118704820A	A_006083
US202118706985A	A_006223
US202118707066A	A_006083
US202118707686A	A_022585
US202118710225A	A_013124
US202118712657A	A_024450
US202118714388A	A_013124
US202118719188A	A_007705
US202118719209A	A_013124
US202118719884A	A_013124
US202118721507A	A_006083
US202118722348A	A_006223
US202118723303A	A_006223
US202217567550A	A_006695
US202217567743A	A_022403
US202217568162A	A_000099
US202217569089A	A_024287
US202217570631A	A_007790
US202217572211A	A_024928
US202217572290A	A_000099
US202217573408A	A_005587
US202217574376A	A_007705
US202217575271A	A_006695
US202217575271A	A_036281
US202217575417A	A_007705
US202217576568A	A_006695
US202217577786A	A_006703
US202217577918A	A_006703
US202217578040A	A_006695
US202217578077A	A_006695
US202217578751A	A_008274
US202217580343A	A_007705
US202217584128A	A_006703
US202217587562A	A_006695
US202217587584A	A_010017
US202217588214A	A_035956
US202217590720A	A_013124
US202217591537A	A_007705
US202217647746A	A_007705
US202217647806A	A_007705
US202217647830A	A_006695
US202217648370A	A_024353
US202217648789A	A_007705
US202217648999A	A_007705
US202217649253A	A_008042
US202217649317A	A_007705
US202217649868A	A_013262
US202217649914A	A_024353
US202217650058A	A_007705
US202217650276A	A_024353
US202217650321A	A_024353
US202217650435A	A_007705
US202217650560A	A_007705
US202217650809A	A_007705
US202217651165A	A_007705
US202217651546A	A_006703
US202217651889A	A_006703
US202217652141A	A_007705
US202217652720A	A_007705
US202217653236A	A_007705
US202217653241A	A_024353
US202217654013A	A_007705
US202217654179A	A_024353
US202217654184A	A_007705
US202217654649A	A_007705
US202217654675A	A_007705
US202217654715A	A_007705
US202217654780A	A_007705
US202217654798A	A_000129
US202217655742A	A_024700
US202217656180A	A_007705
US202217656806A	A_010015
US202217657022A	A_007705
US202217657031A	A_007705
US202217657574A	A_024353
US202217657881A	A_007705
US202217658014A	A_007705
US202217658219A	A_006703
US202217658578A	A_006703
US202217658785A	A_008042
US202217658814A	A_007705
US202217659319A	A_007705
US202217659433A	A_024353
US202217660059A	A_006695
US202217660174A	A_007705
US202217660255A	A_000492
US202217660410A	A_007705
US202217660509A	A_024353
US202217660537A	A_006703
US202217660804A	A_006703
US202217660956A	A_007705
US202217661220A	A_006695
US202217661544A	A_025037
US202217662011A	A_007705
US202217662019A	A_007705
US202217662597A	A_024450
US202217662739A	A_007705
US202217662757A	A_007705
US202217663346A	A_007705
US202217664827A	A_006703
US202217665331A	A_022403
US202217665841A	A_008379
US202217667824A	A_036282
US202217667824A	A_036283
US202217669018A	A_007705
US202217669391A	A_035969
US202217669801A	A_005857
US202217670100A	A_005857
US202217670171A	A_036255
US202217670328A	A_007661
US202217670642A	A_022493
US202217671083A	A_024557
US202217671124A	A_006695
US202217671293A	A_006695
US202217671470A	A_036284
US202217671598A	A_036146
US202217672136A	A_006703
US202217672348A	A_006695
US202217673564A	A_006703
US202217674399A	A_027464
US202217674399A	A_027465
US202217675272A	A_007790
US202217675932A	A_036285
US202217675980A	A_007705
US202217678879A	A_036286
US202217680113A	A_013592
US202217680124A	A_006703
US202217681577A	A_007705
US202217684428A	A_005507
US202217685573A	A_000099
US202217685782A	A_006695
US202217686318A	A_007661
US202217688675A	A_024201
US202217689095A	A_008274
US202217689234A	A_008125
US202217689482A	A_006703
US202217689811A	A_024201
US202217690003A	A_035956
US202217692874A	A_006703
US202217693207A	A_022585
US202217697127A	A_006703
US202217698943A	A_022403
US202217701420A	A_006695
US202217702449A	A_024098
US202217703918A	A_006703
US202217705683A	A_000129
US202217706018A	A_007705
US202217707140A	A_007705
US202217707652A	A_024353
US202217708257A	A_006703
US202217708535A	A_006703
US202217708572A	A_007719
US202217709368A	A_005506
US202217709368A	A_005507
US202217709382A	A_007705
US202217709544A	A_036287
US202217710014A	A_006703
US202217711714A	A_007705
US202217711776A	A_007705
US202217713127A	A_007705
US202217713816A	A_006695
US202217714889A	A_006695
US202217716709A	A_006703
US202217716824A	A_022403
US202217717653A	A_006703
US202217717788A	A_006703
US202217718270A	A_007705
US202217719159A	A_007705
US202217719261A	A_007705
US202217720806A	A_006703
US202217722841A	A_006695
US202217727072A	A_007790
US202217727113A	A_007719
US202217728723A	A_007705
US202217730616A	A_006703
US202217730658A	A_008042
US202217731493A	A_022493
US202217731869A	A_007705
US202217732543A	A_035969
US202217732972A	A_025037
US202217733727A	A_008379
US202217733963A	A_007705
US202217734666A	A_006703
US202217734854A	A_006703
US202217736512A	A_006703
US202217736750A	A_005857
US202217737215A	A_007719
US202217737603A	A_022403
US202217737706A	A_022403
US202217737986A	A_036288
US202217738723A	A_006703
US202217739015A	A_013124
US202217740368A	A_035969
US202217740812A	A_006703
US202217741030A	A_006703
US202217741288A	A_007705
US202217742894A	A_006703
US202217744761A	A_035956
US202217746777A	A_005741
US202217747650A	A_036199
US202217747724A	A_007705
US202217748012A	A_035969
US202217748013A	A_022290
US202217749554A	A_008252
US202217749636A	A_006703
US202217749636A	A_009608
US202217749903A	A_006703
US202217749903A	A_017287
US202217751108A	A_006695
US202217751123A	A_036223
US202217758868A	A_006695
US202217791429A	A_006695
US202217804243A	A_024353
US202217804964A	A_007705
US202217805123A	A_007705
US202217805475A	A_024272
US202217805593A	A_007705
US202217805911A	A_005577
US202217808047A	A_007705
US202217808284A	A_006703
US202217808721A	A_007705
US202217808872A	A_007705
US202217809689A	A_007705
US202217809954A	A_007705
US202217810632A	A_036289
US202217811218A	A_007705
US202217811228A	A_007705
US202217811423A	A_007705
US202217811427A	A_007705
US202217811472A	A_009973
US202217811493A	A_024353
US202217812010A	A_024353
US202217812403A	A_005572
US202217812611A	A_007705
US202217813267A	A_036290
US202217813457A	A_005882
US202217813826A	A_024353
US202217813841A	A_007705
US202217814197A	A_006703
US202217814713A	A_007705
US202217816471A	A_024353
US202217816611A	A_007705
US202217817214A	A_007705
US202217817230A	A_007705
US202217817630A	A_006703
US202217817819A	A_007705
US202217818590A	A_007705
US202217818620A	A_007719
US202217819225A	A_006703
US202217819264A	A_007705
US202217819579A	A_007705
US202217820057A	A_007705
US202217820421A	A_022445
US202217820709A	A_007705
US202217820853A	A_007719
US202217821388A	A_007705
US202217821419A	A_024700
US202217822500A	A_022403
US202217823103A	A_007705
US202217823201A	A_008042
US202217823917A	A_007705
US202217824112A	A_005473
US202217825390A	A_007719
US202217825390A	A_036291
US202217827829A	A_035969
US202217833141A	A_006703
US202217833442A	A_007996
US202217836064A	A_013124
US202217836931A	A_024700
US202217837611A	A_006703
US202217837692A	A_013589
US202217839959A	A_036116
US202217841505A	A_007705
US202217842848A	A_007996
US202217844582A	A_022585
US202217845575A	A_007383
US202217846506A	A_008042
US202217848348A	A_035956
US202217852720A	A_022445
US202217852987A	A_006695
US202217854810A	A_006703
US202217855159A	A_007383
US202217855441A	A_007661
US202217856716A	A_025037
US202217860456A	A_010064
US202217860456A	A_036292
US202217862530A	A_006695
US202217862653A	A_008396
US202217862888A	A_006703
US202217863259A	A_036293
US202217863639A	A_036294
US202217864107A	A_025618
US202217864107A	A_022384
US202217864950A	A_010017
US202217866298A	A_024836
US202217866318A	A_009973
US202217866584A	A_036295
US202217866757A	A_007996
US202217869277A	A_007705
US202217869436A	A_005622
US202217870940A	A_007790
US202217871703A	A_024353
US202217874571A	A_007705
US202217875306A	A_007733
US202217876767A	A_008114
US202217878216A	A_022403
US202217878856A	A_007705
US202217878944A	A_008021
US202217879019A	A_007996
US202217879602A	A_036296
US202217879602A	A_036297
US202217880895A	A_007661
US202217881840A	A_006703
US202217882094A	A_007996
US202217883465A	A_022403
US202217884102A	A_006703
US202217885282A	A_024353
US202217886453A	A_005857
US202217886739A	A_005857
US202217887052A	A_035538
US202217887171A	A_025911
US202217889254A	A_007705
US202217890054A	A_024201
US202217891878A	A_006695
US202217894950A	A_007705
US202217894959A	A_024353
US202217895332A	A_007383
US202217895800A	A_006695
US202217897075A	A_007661
US202217897483A	A_007705
US202217903695A	A_007705
US202217903776A	A_006695
US202217918864A	A_006695
US202217929137A	A_024353
US202217929640A	A_025911
US202217929653A	A_008396
US202217929899A	A_008042
US202217930140A	A_007705
US202217930564A	A_022413
US202217931069A	A_024353
US202217931712A	A_007705
US202217931977A	A_008125
US202217932111A	A_007705
US202217932164A	A_006695
US202217932171A	A_007705
US202217932516A	A_007705
US202217932910A	A_007705
US202217933226A	A_024450
US202217933303A	A_007705
US202217933400A	A_007705
US202217934284A	A_007705
US202217934397A	A_007705
US202217934542A	A_024353
US202217936557A	A_006695
US202217937343A	A_007719
US202217938419A	A_007719
US202217938621A	A_006703
US202217939200A	A_007719
US202217939800A	A_006695
US202217941085A	A_007026
US202217941085A	A_036298
US202217941970A	A_024708
US202217945117A	A_035969
US202217945431A	A_007705
US202217945482A	A_022403
US202217945948A	A_005628
US202217946589A	A_006695
US202217946954A	A_024450
US202217948765A	A_022290
US202217948978A	A_022290
US202217949877A	A_006695
US202217949910A	A_022403
US202217951542A	A_022403
US202217952837A	A_007719
US202217952867A	A_007719
US202217957155A	A_006695
US202217957432A	A_006835
US202217959012A	A_022403
US202217959114A	A_022290
US202217959944A	A_024541
US202217962058A	A_008146
US202217963021A	A_036289
US202217963574A	A_036139
US202217963574A	A_036299
US202217966200A	A_006703
US202217966200A	A_036300
US202217968044A	A_022403
US202217969091A	A_010017
US202217969156A	A_006695
US202217970834A	A_007719
US202217971244A	A_008414
US202217971499A	A_007705
US202217971888A	A_007719
US202217972098A	A_022374
US202217972372A	A_006695
US202217973160A	A_025037
US202217973205A	A_006703
US202217973685A	A_005857
US202217974291A	A_024450
US202217974498A	A_035969
US202217974641A	A_036301
US202217975629A	A_035969
US202217976002A	A_007719
US202217976399A	A_006695
US202217976718A	A_005473
US202217977527A	A_036200
US202217978408A	A_006703
US202217978814A	A_006695
US202217980197A	A_006703
US202217981363A	A_036302
US202217982783A	A_000050
US202217984774A	A_006695
US202217985395A	A_006695
US202217985714A	A_022585
US202217988619A	A_036303
US202217988619A	A_036304
US202217988619A	A_036305
US202217988619A	A_036306
US202217988619A	A_036307
US202217989727A	A_006835
US202217989868A	A_000099
US202217990630A	A_006695
US202217990998A	A_020650
US202217991211A	A_007790
US202217994915A	A_022290
US202218003861A	A_007719
US202218009904A	A_007719
US202218017233A	A_006703
US202218034818A	A_024450
US202218045132A	A_007719
US202218045610A	A_024353
US202218047404A	A_024450
US202218047464A	A_024541
US202218047814A	A_027042
US202218047814A	A_036308
US202218047814A	A_036309
US202218047814A	A_036310
US202218048779A	A_036311
US202218049377A	A_008042
US202218050042A	A_010066
US202218051339A	A_024353
US202218051754A	A_024353
US202218052051A	A_007705
US202218052184A	A_007705
US202218052617A	A_024836
US202218053310A	A_009973
US202218053913A	A_007705
US202218054552A	A_036312
US202218054569A	A_005496
US202218055119A	A_007705
US202218055629A	A_008125
US202218057948A	A_007705
US202218058547A	A_006703
US202218059769A	A_024450
US202218059827A	A_008098
US202218059827A	A_036313
US202218059827A	A_036314
US202218063512A	A_007705
US202218063835A	A_011349
US202218064165A	A_024201
US202218064806A	A_022411
US202218065062A	A_009973
US202218065097A	A_009973
US202218066717A	A_007705
US202218066919A	A_035954
US202218068419A	A_009973
US202218068961A	A_007705
US202218069101A	A_008042
US202218069101A	A_036200
US202218070821A	A_006294
US202218072365A	A_024541
US202218073532A	A_024353
US202218074365A	A_024353
US202218075218A	A_008098
US202218076823A	A_007719
US202218077627A	A_024450
US202218078423A	A_006703
US202218079584A	A_036315
US202218080332A	A_024450
US202218080802A	A_036316
US202218081833A	A_036317
US202218081833A	A_036318
US202218082146A	A_024874
US202218083406A	A_036319
US202218083548A	A_024801
US202218086559A	A_024353
US202218087684A	A_022374
US202218088442A	A_007790
US202218089509A	A_007705
US202218090971A	A_006695
US202218145382A	A_007719
US202218146196A	A_006695
US202218146916A	A_008379
US202218147732A	A_036320
US202218147776A	A_007705
US202218148287A	A_007705
US202218245862A	A_006703
US202218252677A	A_007705
US202218255032A	A_007705
US202218256601A	A_007705
US202218258085A	A_024450
US202218259362A	A_007705
US202218260648A	A_007383
US202218261195A	A_022585
US202218261224A	A_006695
US202218261230A	A_006695
US202218261459A	A_006695
US202218261742A	A_022585
US202218261974A	A_007705
US202218262147A	A_006703
US202218262166A	A_007705
US202218262367A	A_006703
US202218262661A	A_006695
US202218262673A	A_006703
US202218262885A	A_007705
US202218263070A	A_013124
US202218263272A	A_022585
US202218263685A	A_007705
US202218264964A	A_006703
US202218270656A	A_006695
US202218270815A	A_006223
US202218271147A	A_006703
US202218271164A	A_008252
US202218271207A	A_008252
US202218271963A	A_006695
US202218271981A	A_000099
US202218271989A	A_000099
US202218272167A	A_006695
US202218272232A	A_007383
US202218272314A	A_006695
US202218272542A	A_006695
US202218275914A	A_006695
US202218276292A	A_000099
US202218276522A	A_005622
US202218276770A	A_006703
US202218277437A	A_000099
US202218279248A	A_005507
US202218279523A	A_007383
US202218279821A	A_006703
US202218280134A	A_007790
US202218280149A	A_007790
US202218280435A	A_006695
US202218280533A	A_006695
US202218281128A	A_006703
US202218281360A	A_006695
US202218281629A	A_000099
US202218283161A	A_006703
US202218284599A	A_006223
US202218284650A	A_000099
US202218284715A	A_006703
US202218284746A	A_006703
US202218285070A	A_006695
US202218285260A	A_008252
US202218285951A	A_006695
US202218286203A	A_006695
US202218286402A	A_000099
US202218286449A	A_006083
US202218287340A	A_006695
US202218287436A	A_006695
US202218288509A	A_006695
US202218288523A	A_006703
US202218289067A	A_006703
US202218289591A	A_007383
US202218289600A	A_035960
US202218289675A	A_006703
US202218289700A	A_024450
US202218289861A	A_006695
US202218289989A	A_006695
US202218290120A	A_006695
US202218290339A	A_007790
US202218290414A	A_006695
US202218290428A	A_006695
US202218290617A	A_006695
US202218290667A	A_006695
US202218290672A	A_006703
US202218290970A	A_022585
US202218291066A	A_006695
US202218291376A	A_006695
US202218291847A	A_006695
US202218293085A	A_007383
US202218293123A	A_000099
US202218293319A	A_006695
US202218293587A	A_006695
US202218293998A	A_000099
US202218294028A	A_000099
US202218294043A	A_006703
US202218294141A	A_006695
US202218546224A	A_022585
US202218546815A	A_006695
US202218547131A	A_022585
US202218547149A	A_006703
US202218547841A	A_007705
US202218548041A	A_022585
US202218548292A	A_007705
US202218549413A	A_007705
US202218550045A	A_006703
US202218550080A	A_022585
US202218550204A	A_022585
US202218550310A	A_006703
US202218550665A	A_022585
US202218550856A	A_007790
US202218550864A	A_022585
US202218551387A	A_006695
US202218551478A	A_007383
US202218552082A	A_006695
US202218552193A	A_005496
US202218552337A	A_006695
US202218552390A	A_006703
US202218552574A	A_007383
US202218552582A	A_006703
US202218553152A	A_006703
US202218553163A	A_006703
US202218553650A	A_022585
US202218553919A	A_036321
US202218553919A	A_036322
US202218554313A	A_006703
US202218554802A	A_005496
US202218554807A	A_005496
US202218555435A	A_006083
US202218555565A	A_005507
US202218555809A	A_006695
US202218555841A	A_008396
US202218556271A	A_036323
US202218556271A	A_036324
US202218556271A	A_025542
US202218556482A	A_022411
US202218556620A	A_006703
US202218556765A	A_007705
US202218556787A	A_000099
US202218556989A	A_000099
US202218557797A	A_006695
US202218558316A	A_006695
US202218558400A	A_007383
US202218558972A	A_006695
US202218559001A	A_007705
US202218559174A	A_022585
US202218559232A	A_006695
US202218559235A	A_024450
US202218559295A	A_006703
US202218559547A	A_006703
US202218559824A	A_006703
US202218559860A	A_036325
US202218559949A	A_006695
US202218560038A	A_006695
US202218560231A	A_022585
US202218560318A	A_008252
US202218560356A	A_022585
US202218561532A	A_006083
US202218563226A	A_000099
US202218563592A	A_006695
US202218563724A	A_007790
US202218564238A	A_006703
US202218564267A	A_007383
US202218564555A	A_007962
US202218564768A	A_006703
US202218564950A	A_007705
US202218565347A	A_006703
US202218565369A	A_006695
US202218565740A	A_007383
US202218565978A	A_006695
US202218566231A	A_036326
US202218566419A	A_006695
US202218568210A	A_006294
US202218568217A	A_032479
US202218568397A	A_006223
US202218569051A	A_000099
US202218569163A	A_006703
US202218569269A	A_007383
US202218569541A	A_006695
US202218570343A	A_006703
US202218570939A	A_007705
US202218571030A	A_006695
US202218571251A	A_036327
US202218571613A	A_006695
US202218572552A	A_006703
US202218573219A	A_006703
US202218573261A	A_006703
US202218573909A	A_006695
US202218574251A	A_006695
US202218574375A	A_007383
US202218574679A	A_006703
US202218574781A	A_000099
US202218574781A	A_025542
US202218575012A	A_006703
US202218575680A	A_006703
US202218575716A	A_006695
US202218575792A	A_007790
US202218576003A	A_006695
US202218576393A	A_005496
US202218576631A	A_006294
US202218576674A	A_006695
US202218576824A	A_007383
US202218577344A	A_025542
US202218577483A	A_007383
US202218577645A	A_006703
US202218577784A	A_032998
US202218577784A	A_027870
US202218577897A	A_007705
US202218578560A	A_007383
US202218578678A	A_006695
US202218578950A	A_006695
US202218578983A	A_006695
US202218579238A	A_006695
US202218579241A	A_006695
US202218579246A	A_006695
US202218579399A	A_007383
US202218579789A	A_006695
US202218579825A	A_006695
US202218580055A	A_006695
US202218681348A	A_000099
US202218681349A	A_036328
US202218681349A	A_006703
US202218681422A	A_006695
US202218681428A	A_006695
US202218681445A	A_006695
US202218681464A	A_006695
US202218681752A	A_006695
US202218681754A	A_006695
US202218682492A	A_007383
US202218682679A	A_036233
US202218682679A	A_032977
US202218684144A	A_006703
US202218684243A	A_006223
US202218684318A	A_022585
US202218684476A	A_006695
US202218685746A	A_007705
US202218685755A	A_007705
US202218687082A	A_006695
US202218688922A	A_006695
US202218689254A	A_006695
US202218689640A	A_000099
US202218690030A	A_006695
US202218690663A	A_007705
US202218690764A	A_007383
US202218690949A	A_006695
US202218691256A	A_007705
US202218692047A	A_007383
US202218692639A	A_006695
US202218692650A	A_006695
US202218692680A	A_006695
US202218692726A	A_006695
US202218692771A	A_006695
US202218692776A	A_006695
US202218693689A	A_000099
US202218693821A	A_007705
US202218693910A	A_000099
US202218693929A	A_006695
US202218694592A	A_006703
US202218694668A	A_006703
US202218694731A	A_006695
US202218695093A	A_006703
US202218695610A	A_000099
US202218695712A	A_006695
US202218696056A	A_007383
US202218696210A	A_007383
US202218696284A	A_006294
US202218696445A	A_007383
US202218696873A	A_006695
US202218697126A	A_000099
US202218697250A	A_007383
US202218697298A	A_036328
US202218697298A	A_006703
US202218697319A	A_006695
US202218697718A	A_006695
US202218697936A	A_006294
US202218698627A	A_006695
US202218698791A	A_005496
US202218699029A	A_006223
US202218699234A	A_006695
US202218699801A	A_007383
US202218699859A	A_006083
US202218699978A	A_005496
US202218700090A	A_007383
US202218700498A	A_006703
US202218701521A	A_006695
US202218701527A	A_007383
US202218701773A	A_007705
US202218701968A	A_008252
US202218702568A	A_008252
US202218702622A	A_006695
US202218702956A	A_007383
US202218703049A	A_008252
US202218703051A	A_008252
US202218703083A	A_006695
US202218703094A	A_007383
US202218703167A	A_006703
US202218705247A	A_006695
US202218705440A	A_006695
US202218705683A	A_007383
US202218706162A	A_036329
US202218706162A	A_007705
US202218707013A	A_006703
US202218707028A	A_007705
US202218707338A	A_006695
US202218707342A	A_006695
US202218707441A	A_006695
US202218707443A	A_006695
US202218707546A	A_006703
US202218707757A	A_007705
US202218708122A	A_006695
US202218708456A	A_007383
US202218708841A	A_013124
US202218708958A	A_006695
US202218709240A	A_007705
US202218709280A	A_006695
US202218710807A	A_007705
US202218711485A	A_006695
US202218712537A	A_007705
US202218712888A	A_006703
US202218713039A	A_007705
US202218713414A	A_007705
US202218713474A	A_006695
US202218713781A	A_006294
US202218713879A	A_007705
US202218715445A	A_006695
US202218715562A	A_007705
US202218715790A	A_007383
US202218716426A	A_007705
US202218716714A	A_007705
US202218717002A	A_006223
US202218717700A	A_007705
US202218718355A	A_000008
US202218718362A	A_013124
US202218718730A	A_006703
US202218719661A	A_006695
US202218721017A	A_006703
US202218721087A	A_006695
US202218721807A	A_007705
US202218722594A	A_005496
US202218722934A	A_006695
US202218724019A	A_006695
US202218725963A	A_006695
US202218726012A	A_006083
US202218726386A	A_009903
US202218727035A	A_006695
US202218727366A	A_006083
US202218727894A	A_006703
US202218728302A	A_013124
US202218728340A	A_006695
US202218728666A	A_007705
US202218730580A	A_035941
US202218832233A	A_007383
US202218833656A	A_007705
US202218834110A	A_007705
US202218834399A	A_007705
US202218834405A	A_007705
US202218835318A	A_007705
US202218836625A	A_006083
US202218837160A	A_007705
US202218838273A	A_013124
US202218838375A	A_007705
US202218838553A	A_007705
US202218839313A	A_022403
US202218839437A	A_036330
US202218839555A	A_007705
US202218839900A	A_007705
US202218839906A	A_007705
US202218840283A	A_007705
US202218840386A	A_007705
US202218840395A	A_007705
US202218841135A	A_035941
US202218841512A	A_007705
US202218841774A	A_007705
US202218841782A	A_006223
US202218842069A	A_007705
US202218842250A	A_007705
US202218842355A	A_007705
US202218844273A	A_006083
US202218845048A	A_013124
US202218846044A	A_006083
US202218847762A	A_007705
US202218847803A	A_007705
US202218847924A	A_007705
US202218848270A	A_007705
US202218848708A	A_007705
US202218848732A	A_007705
US202218849194A	A_006083
US202218849379A	A_007705
US202218849868A	A_006083
US202218851007A	A_007705
US202218852323A	A_007705
US202218852611A	A_013124
US202218853297A	A_006083
US202218853832A	A_006083
US202218854740A	A_022403
US202218855380A	A_006223
US202218856296A	A_022411
US202218856366A	A_007705
US202218856444A	A_006083
US202218857588A	A_007705
US202218857740A	A_006695
US202218858276A	A_022403
US202218858558A	A_027251
US202218858558A	A_013595
US202218858606A	A_022403
US202218859022A	A_006083
US202218859508A	A_022403
US202218860078A	A_006223
US202218860384A	A_022403
US202218860613A	A_022403
US202218861265A	A_007705
US202218861357A	A_007705
US202218861768A	A_007705
US202218862135A	A_006695
US202218862443A	A_013124
US202218862931A	A_007705
US202218863630A	A_035538
US202218863800A	A_007705
US202218867404A	A_007705
US202218870895A	A_007705
US202218870970A	A_013124
US202218873140A	A_007705
US202218873551A	A_007705
US202218874546A	A_007705
US202218874582A	A_007705
US202218875976A	A_007705
US202218876857A	A_006223
US202218878749A	A_007705
US202218879515A	A_006223
US202218879957A	A_007705
US202218880329A	A_007705
US202218881585A	A_006223
US202218881895A	A_007705
US202218993941A	A_013124
US202218995448A	A_013124
US202218998372A	A_013124
US2023019932W	A_000099
US2023064118W	A_007705
US202318094622A	A_006695
US202318095274A	A_007719
US202318095462A	A_006695
US202318097613A	A_036331
US202318097613A	A_024810
US202318098253A	A_005587
US202318099248A	A_036332
US202318099248A	A_036333
US202318099775A	A_013124
US202318099964A	A_026028
US202318101040A	A_006695
US202318101775A	A_006835
US202318104838A	A_010046
US202318107790A	A_036334
US202318107790A	A_036335
US202318107790A	A_032977
US202318107790A	A_036139
US202318108077A	A_000099
US202318108424A	A_006695
US202318108502A	A_006695
US202318110801A	A_022585
US202318111325A	A_006695
US202318111608A	A_035969
US202318112393A	A_006695
US202318112404A	A_006695
US202318112908A	A_006695
US202318113975A	A_036336
US202318114083A	A_006695
US202318115524A	A_036337
US202318115524A	A_032977
US202318118202A	A_006835
US202318119466A	A_024210
US202318120200A	A_010064
US202318122855A	A_036338
US202318122855A	A_036339
US202318123634A	A_006703
US202318124449A	A_025037
US202318125118A	A_024926
US202318126499A	A_005622
US202318129629A	A_036340
US202318129629A	A_019878
US202318132412A	A_035969
US202318132598A	A_000099
US202318134926A	A_022290
US202318135531A	A_036341
US202318135531A	A_036342
US202318135597A	A_036343
US202318137846A	A_006695
US202318140620A	A_035956
US202318140788A	A_036247
US202318141626A	A_006695
US202318142342A	A_000099
US202318143130A	A_008098
US202318150338A	A_007705
US202318150445A	A_007719
US202318151679A	A_008042
US202318151679A	A_024580
US202318151844A	A_007705
US202318151970A	A_007822
US202318151970A	A_036344
US202318152073A	A_000099
US202318152405A	A_006695
US202318153521A	A_008042
US202318153987A	A_007705
US202318154604A	A_006703
US202318156152A	A_010017
US202318156188A	A_007705
US202318156705A	A_022493
US202318157258A	A_005496
US202318157679A	A_007719
US202318158373A	A_036255
US202318158442A	A_007705
US202318158490A	A_007705
US202318158506A	A_007705
US202318158706A	A_024450
US202318158881A	A_025911
US202318159110A	A_007705
US202318159946A	A_006703
US202318159957A	A_007705
US202318160772A	A_007705
US202318162089A	A_008042
US202318162560A	A_006695
US202318163661A	A_024353
US202318164022A	A_022493
US202318165064A	A_006695
US202318165526A	A_007705
US202318165828A	A_008049
US202318166063A	A_007705
US202318167377A	A_024353
US202318167583A	A_024800
US202318168268A	A_035954
US202318168436A	A_036345
US202318168942A	A_007705
US202318168953A	A_007705
US202318169106A	A_007705
US202318169197A	A_007661
US202318169428A	A_007705
US202318169940A	A_007705
US202318170160A	A_007705
US202318170731A	A_005857
US202318170896A	A_006703
US202318171064A	A_007705
US202318171706A	A_008042
US202318172041A	A_006695
US202318172092A	A_007705
US202318172735A	A_022509
US202318172838A	A_007705
US202318172853A	A_007705
US202318173531A	A_007705
US202318173603A	A_022336
US202318174435A	A_007705
US202318174682A	A_024655
US202318175192A	A_028142
US202318175722A	A_036346
US202318176032A	A_007705
US202318176632A	A_007705
US202318176648A	A_024815
US202318177372A	A_007719
US202318177401A	A_007705
US202318177665A	A_036347
US202318177942A	A_024353
US202318178555A	A_005496
US202318178616A	A_007705
US202318178624A	A_007705
US202318180285A	A_028143
US202318181244A	A_007705
US202318182885A	A_005857
US202318183194A	A_007705
US202318183343A	A_007705
US202318184914A	A_007705
US202318186080A	A_007705
US202318186132A	A_007661
US202318186972A	A_036348
US202318189198A	A_006835
US202318189898A	A_007705
US202318190036A	A_000037
US202318192484A	A_006703
US202318192596A	A_007705
US202318193164A	A_022373
US202318194531A	A_007705
US202318194569A	A_008042
US202318197326A	A_006294
US202318197726A	A_025911
US202318198851A	A_036349
US202318198851A	A_036350
US202318199562A	A_006402
US202318200964A	A_006695
US202318201689A	A_036351
US202318202486A	A_022290
US202318205167A	A_036287
US202318206023A	A_007705
US202318207381A	A_036335
US202318207381A	A_036275
US202318207381A	A_036139
US202318208061A	A_036352
US202318210909A	A_025029
US202318211203A	A_025013
US202318212547A	A_014276
US202318215215A	A_005496
US202318216316A	A_006223
US202318217489A	A_036353
US202318217988A	A_036354
US202318217988A	A_036355
US202318217996A	A_036354
US202318217996A	A_036355
US202318218068A	A_036289
US202318218341A	A_007383
US202318221105A	A_005857
US202318221823A	A_006695
US202318222143A	A_006223
US202318223303A	A_010017
US202318227229A	A_007719
US202318229088A	A_024450
US202318229298A	A_022336
US202318230935A	A_006695
US202318231107A	A_006695
US202318231329A	A_036356
US202318231790A	A_035956
US202318233321A	A_024979
US202318233614A	A_006703
US202318234048A	A_014276
US202318234653A	A_024568
US202318238359A	A_006695
US202318238707A	A_006294
US202318238997A	A_013601
US202318238997A	A_024565
US202318240009A	A_006695
US202318240375A	A_024782
US202318240518A	A_007705
US202318242395A	A_022336
US202318242583A	A_036357
US202318242667A	A_006223
US202318242953A	A_020617
US202318244692A	A_006695
US202318280125A	A_006695
US202318280568A	A_006695
US202318280854A	A_006695
US202318280856A	A_006695
US202318296129A	A_007705
US202318296406A	A_008042
US202318296826A	A_007705
US202318297151A	A_007705
US202318299574A	A_024353
US202318299983A	A_007705
US202318300996A	A_009911
US202318301168A	A_007661
US202318303597A	A_036358
US202318303889A	A_036359
US202318304002A	A_006695
US202318305651A	A_008042
US202318305738A	A_007719
US202318305995A	A_036316
US202318305995A	A_036360
US202318307347A	A_007705
US202318307697A	A_006703
US202318308317A	A_005857
US202318308871A	A_007705
US202318309562A	A_007705
US202318309581A	A_007705
US202318310673A	A_036361
US202318311603A	A_024372
US202318311603A	A_022459
US202318311706A	A_022585
US202318311782A	A_007719
US202318311808A	A_007705
US202318311932A	A_024353
US202318312271A	A_007719
US202318312856A	A_022493
US202318313047A	A_005741
US202318313917A	A_007661
US202318314145A	A_035954
US202318314521A	A_036362
US202318315094A	A_007719
US202318315231A	A_000037
US202318315771A	A_006703
US202318315977A	A_007705
US202318316501A	A_022377
US202318316588A	A_036363
US202318316695A	A_024353
US202318317789A	A_022585
US202318318580A	A_024353
US202318318872A	A_007705
US202318320538A	A_022376
US202318322867A	A_022585
US202318323052A	A_005857
US202318323807A	A_007705
US202318324205A	A_007705
US202318324458A	A_005857
US202318325415A	A_007719
US202318325454A	A_005857
US202318325554A	A_005857
US202318325643A	A_007705
US202318326646A	A_007705
US202318326892A	A_007705
US202318327015A	A_007705
US202318327644A	A_024532
US202318329569A	A_007705
US202318330235A	A_033328
US202318332283A	A_007705
US202318332405A	A_005857
US202318332412A	A_007705
US202318332568A	A_007705
US202318333118A	A_006703
US202318333217A	A_007705
US202318333502A	A_005857
US202318334722A	A_008114
US202318335021A	A_007705
US202318335407A	A_005857
US202318335700A	A_024619
US202318335814A	A_005857
US202318335902A	A_007705
US202318335981A	A_007705
US202318336004A	A_005857
US202318336664A	A_007705
US202318337435A	A_036364
US202318337435A	A_036365
US202318337520A	A_005857
US202318338353A	A_005857
US202318338951A	A_005857
US202318339022A	A_024800
US202318339474A	A_005857
US202318339990A	A_024836
US202318340298A	A_007705
US202318340490A	A_006695
US202318341231A	A_033952
US202318341231A	A_033951
US202318342679A	A_036366
US202318343485A	A_024991
US202318343918A	A_024353
US202318350722A	A_024798
US202318350722A	A_022507
US202318351086A	A_007705
US202318352287A	A_024655
US202318352499A	A_005496
US202318353702A	A_022445
US202318354960A	A_022445
US202318355422A	A_005496
US202318356234A	A_036367
US202318360468A	A_000099
US202318361504A	A_005857
US202318361792A	A_007705
US202318361901A	A_024800
US202318362784A	A_007705
US202318363643A	A_007705
US202318363643A	A_036368
US202318363909A	A_036369
US202318363925A	A_007719
US202318363935A	A_024928
US202318364765A	A_006703
US202318366457A	A_024353
US202318367301A	A_005636
US202318367350A	A_015032
US202318368317A	A_028290
US202318368573A	A_035969
US202318372431A	A_022411
US202318373044A	A_028290
US202318375675A	A_007705
US202318379729A	A_007700
US202318380442A	A_006695
US202318380539A	A_006695
US202318381768A	A_005559
US202318385571A	A_020650
US202318386685A	A_036370
US202318386836A	A_006703
US202318388387A	A_036371
US202318391717A	A_028147
US202318393331A	A_007705
US202318394229A	A_028923
US202318398473A	A_007705
US202318398918A	A_000129
US202318399038A	A_007705
US202318399166A	A_005857
US202318399309A	A_023120
US202318400430A	A_022493
US202318400730A	A_005857
US202318400837A	A_024928
US202318446333A	A_006703
US202318446349A	A_006703
US202318449204A	A_024450
US202318449271A	A_006703
US202318450073A	A_007705
US202318452391A	A_007705
US202318452762A	A_007705
US202318454004A	A_024353
US202318455289A	A_007705
US202318455547A	A_024353
US202318456381A	A_022445
US202318458620A	A_005857
US202318458675A	A_007705
US202318458880A	A_025911
US202318460048A	A_007705
US202318460087A	A_024800
US202318460349A	A_024353
US202318460613A	A_005857
US202318461111A	A_006695
US202318461674A	A_008125
US202318464263A	A_024655
US202318464582A	A_022403
US202318464916A	A_024800
US202318465044A	A_008379
US202318465937A	A_007705
US202318466441A	A_007705
US202318466552A	A_022377
US202318466621A	A_036372
US202318467478A	A_007705
US202318467862A	A_005585
US202318468660A	A_006703
US202318468865A	A_024353
US202318469198A	A_006703
US202318469245A	A_007705
US202318469379A	A_024353
US202318470108A	A_007705
US202318470851A	A_007705
US202318472090A	A_024353
US202318472476A	A_006703
US202318472505A	A_022336
US202318473510A	A_005857
US202318474247A	A_005857
US202318476204A	A_006703
US202318476874A	A_000099
US202318476880A	A_005857
US202318478044A	A_005857
US202318482468A	A_006703
US202318482635A	A_022403
US202318484411A	A_024353
US202318486564A	A_007705
US202318487389A	A_006703
US202318487691A	A_022403
US202318488014A	A_005857
US202318489857A	A_005496
US202318490407A	A_036373
US202318492301A	A_024353
US202318494287A	A_022376
US202318495453A	A_000099
US202318496273A	A_024800
US202318496458A	A_005857
US202318496512A	A_005857
US202318496825A	A_024800
US202318497841A	A_006703
US202318498306A	A_022493
US202318500153A	A_005857
US202318501475A	A_007719
US202318501890A	A_006703
US202318504166A	A_035969
US202318504529A	A_007705
US202318504770A	A_022401
US202318505443A	A_006703
US202318505501A	A_025911
US202318506443A	A_024650
US202318506599A	A_036374
US202318506773A	A_005857
US202318506998A	A_007661
US202318508984A	A_007705
US202318509074A	A_022336
US202318509337A	A_036349
US202318509337A	A_036333
US202318509970A	A_007705
US202318510671A	A_005496
US202318511227A	A_006703
US202318511709A	A_025911
US202318513701A	A_036375
US202318513707A	A_022471
US202318513707A	A_025600
US202318520016A	A_036376
US202318520016A	A_036377
US202318522425A	A_005857
US202318522463A	A_008042
US202318523340A	A_036349
US202318523340A	A_036378
US202318523535A	A_007705
US202318524176A	A_000099
US202318525017A	A_028290
US202318525659A	A_025911
US202318525765A	A_005857
US202318527159A	A_036379
US202318528638A	A_036380
US202318529872A	A_005857
US202318529963A	A_005857
US202318531142A	A_028290
US202318531446A	A_022411
US202318531845A	A_005857
US202318535172A	A_006695
US202318537420A	A_036381
US202318538474A	A_022290
US202318538853A	A_022493
US202318538954A	A_008379
US202318539257A	A_007661
US202318540259A	A_007705
US202318543018A	A_005622
US202318545012A	A_005857
US202318545490A	A_008114
US202318549156A	A_006695
US202318572084A	A_006695
US202318688331A	A_006695
US202318715655A	A_006695
US202318718589A	A_007705
US202318718651A	A_006703
US202318722955A	A_006703
US202318723600A	A_007383
US202318724253A	A_006223
US202318724866A	A_006703
US202318725278A	A_007383
US202318725361A	A_006695
US202318725693A	A_022515
US202318726655A	A_006703
US202318726760A	A_006695
US202318726839A	A_005496
US202318726844A	A_032477
US202318726962A	A_008252
US202318727024A	A_006703
US202318727236A	A_006703
US202318727558A	A_006703
US202318727566A	A_006695
US202318727779A	A_013124
US202318728326A	A_006703
US202318728522A	A_006223
US202318728542A	A_007705
US202318728752A	A_006703
US202318729029A	A_006695
US202318729774A	A_007383
US202318729790A	A_007383
US202318730132A	A_006703
US202318730271A	A_007705
US202318832061A	A_007790
US202318832390A	A_006703
US202318832436A	A_006695
US202318833101A	A_006695
US202318833103A	A_007705
US202318833502A	A_000099
US202318833549A	A_022585
US202318833650A	A_006703
US202318833712A	A_006703
US202318833714A	A_000099
US202318833843A	A_006703
US202318834348A	A_006703
US202318834830A	A_006703
US202318834850A	A_007705
US202318834858A	A_000099
US202318834935A	A_006695
US202318834951A	A_006695
US202318835093A	A_000099
US202318835245A	A_006695
US202318835627A	A_006695
US202318835679A	A_007383
US202318835822A	A_000099
US202318835908A	A_006703
US202318836207A	A_006703
US202318836637A	A_006703
US202318836686A	A_022585
US202318836692A	A_006703
US202318837048A	A_006703
US202318837291A	A_000099
US202318837329A	A_022585
US202318837440A	A_000099
US202318837543A	A_006703
US202318837747A	A_006703
US202318837869A	A_007705
US202318838156A	A_025810
US202318838238A	A_005496
US202318838968A	A_022585
US202318840169A	A_005622
US202318841196A	A_008252
US202318841720A	A_007705
US202318841771A	A_007705
US202318841826A	A_007383
US202318841914A	A_000099
US202318841952A	A_022585
US202318842168A	A_013124
US202318842197A	A_006703
US202318843918A	A_006703
US202318844194A	A_006223
US202318844398A	A_005496
US202318844815A	A_022585
US202318845173A	A_032477
US202318845482A	A_006223
US202318845730A	A_022515
US202318846091A	A_006703
US202318846171A	A_006695
US202318846853A	A_006695
US202318847119A	A_007705
US202318847423A	A_007705
US202318848024A	A_022515
US202318848931A	A_007383
US202318849154A	A_007705
US202318849262A	A_006703
US202318849765A	A_006703
US202318849831A	A_006703
US202318849914A	A_006695
US202318849981A	A_006703
US202318849997A	A_006703
US202318850141A	A_007383
US202318850340A	A_006703
US202318850366A	A_006703
US202318850696A	A_000099
US202318850828A	A_022376
US202318850949A	A_006695
US202318851398A	A_006695
US202318851808A	A_000099
US202318852006A	A_007705
US202318852051A	A_006703
US202318852083A	A_006703
US202318852255A	A_006695
US202318852377A	A_000099
US202318852636A	A_007790
US202318852739A	A_006223
US202318852858A	A_006703
US202318852976A	A_006703
US202318853252A	A_008252
US202318853287A	A_008396
US202318853298A	A_006695
US202318853399A	A_008252
US202318853615A	A_007383
US202318853837A	A_007705
US202318853882A	A_006695
US202318853935A	A_007383
US202318854256A	A_000099
US202318854366A	A_006695
US202318854749A	A_006703
US202318854983A	A_005496
US202318855200A	A_007705
US202318855255A	A_008252
US202318855555A	A_006695
US202318855955A	A_006695
US202318856027A	A_006695
US202318856475A	A_006695
US202318856488A	A_006695
US202318856815A	A_000099
US202318856854A	A_006695
US202318857349A	A_007383
US202318857423A	A_006695
US202318857446A	A_006695
US202318857786A	A_006703
US202318858094A	A_006703
US202318858160A	A_006695
US202318858268A	A_006695
US202318858348A	A_005496
US202318858547A	A_007790
US202318858903A	A_006695
US202318858938A	A_008252
US202318859019A	A_006695
US202318859058A	A_006695
US202318859086A	A_006695
US202318859108A	A_006695
US202318859131A	A_008252
US202318859149A	A_008252
US202318859231A	A_006695
US202318859344A	A_006703
US202318859366A	A_006695
US202318859392A	A_006703
US202318859484A	A_006703
US202318859494A	A_006695
US202318859522A	A_006695
US202318859746A	A_006703
US202318859784A	A_006703
US202318860112A	A_022515
US202318860145A	A_006703
US202318860268A	A_022515
US202318860300A	A_006695
US202318860387A	A_022515
US202318860433A	A_006695
US202318860492A	A_000099
US202318860497A	A_006695
US202318860756A	A_000099
US202318860912A	A_007705
US202318860950A	A_006703
US202318861004A	A_006703
US202318861329A	A_006695
US202318861825A	A_006695
US202318862041A	A_006703
US202318862110A	A_006703
US202318862122A	A_006703
US202318862129A	A_006703
US202318862130A	A_006703
US202318862278A	A_005625
US202318862278A	A_005626
US202318862338A	A_006703
US202318862416A	A_006703
US202318862485A	A_006703
US202318862748A	A_006703
US202318863436A	A_007383
US202318863447A	A_022376
US202318863481A	A_007383
US202318864372A	A_006703
US202318864798A	A_006695
US202318865230A	A_022585
US202318865564A	A_006703
US202318865693A	A_005496
US202318866212A	A_022515
US202318867089A	A_008252
US202318867299A	A_006695
US202318867410A	A_008396
US202318867502A	A_006223
US202318868796A	A_005496
US202318868803A	A_000099
US202318869232A	A_008252
US202318869859A	A_006223
US202318870187A	A_006703
US202318870229A	A_006695
US202318870571A	A_006703
US202318871120A	A_006695
US202318871305A	A_006695
US202318871759A	A_006695
US202318871773A	A_006695
US202318872089A	A_006703
US202318872864A	A_007383
US202318873249A	A_006695
US202318873697A	A_006695
US202318874538A	A_006703
US202318874555A	A_006695
US202318874776A	A_022376
US202318875334A	A_007383
US202318875969A	A_006703
US202318876042A	A_006703
US202318876049A	A_006695
US202318876899A	A_006223
US202318877027A	A_006703
US202318877393A	A_007705
US202318877513A	A_005496
US202318878441A	A_006703
US202318879177A	A_006703
US202318879195A	A_006703
US202318879599A	A_006703
US202318879676A	A_007705
US202318881154A	A_006695
US202318881211A	A_006703
US202318881656A	A_006695
US202318881728A	A_007705
US202318881764A	A_006223
US202318993323A	A_000099
US202318993907A	A_006695
US202318994492A	A_000099
US202319099776A	A_005496
US202319111273A	A_006695
US202319121001A	A_007383
US202319126470A	A_006703
US202319126470A	A_036382
US202319145035A	A_007383
