PatentID	AssigneeID
KR20210163792A	A_023679
CN202210682992.5	A_000636
CN202311077187.0	A_004050
CN202310775421.0	A_000685
RU2020123778A	A_024130
KR20210059196A	A_023598
CN202311100117.2	A_022073
US202218085736A	A_022653
CN202111194535.3	A_021329
CN202310321795.5	A_021901
CN201880056552.0	A_020659
KR20190028997A	A_009633
CN202111519852.8	A_021424
US201917051066A	A_024407
CN202011503093.1	A_018546
CN202111616248.7	A_021447
CN202110688332.3	A_000985
KR2022005517W	A_023748
CN202310340017.0	A_021904
CN202311291151.2	A_014578
US202117464853A	A_009973
US202318222940A	A_024968
US202017088455A	A_024565
CN202310666160.9	A_000679
US202318339444A	A_006835
KR2020009839W	A_006695
KR20230188604A	A_013434
CN202110589371.8	A_008682
CN202380014072.9	A_020715
KR20180012316A	A_023204
KR2020007406W	A_023457
CN201980033604.7	A_014498
ES202290008A	A_022526
CN202310014966.X	A_020752
CN202211385311.5	A_020715
EP18164451A	A_013124
US202017102480A	A_024577
CN202310624809.0	A_014821
CN202011271292.4	A_020896
JP2023204283A	A_023167
CN202511052152.0	A_020715
CN202211012982.7	A_011723
CN201911148779.0	A_000294
KR20220151754A	A_023492
KR20200128794A	A_009606
CN202211552603.3	A_021774
CN202311644251.9	A_008801
US2020062753W	A_024438
JP2019205247A	A_005507
CN202310165072.0	A_000255
US201916277175A	A_006402
JP2023092039A	A_022992
US2023085514W	A_022403
CN202110612085.9	A_001099
CN202311191075.8	A_001676
KR20180109873A	A_019442
CN202111485487.3	A_021418
EP21172871A	A_022419
CN202311199985.0	A_022100
CN202211586543.7	A_000218
US202016748921A	A_006226
US202318467643A	A_025013
CN201811280179.5	A_020729
CN202311191126.7	A_021403
CN202310522817.4	A_015358
CN202011432481.5	A_003238
JP2018147094A	A_006059
US202117492220A	A_009973
CN202211084194.9	A_011516
CN202311327237.6	A_003315
CN202011412834.5	A_012878
CN202311848563.1	A_002472
CN202110219889.2	A_020767
KR20190045860A	A_023347
US201916283019A	A_000121
CN202011474139.1	A_011493
TW110128516A	A_024180
US201815900038A	A_007700
CN202210786422.0	A_015660
CN202111110784.X	A_021341
CN202310625316.9	A_001613
CN202311377223.5	A_003033
KR2018003668W	A_006703
CN202011203968.6	A_003168
US202016935988A	A_006226
KR20190122560A	A_006695
CN201811570061.6	A_020719
US202318124815A	A_022344
JP2023020753W	A_006361
GB202212811A	A_013124
CN202111354063.3	A_000384
US2020062753W	A_024437
CN202210366523.2	A_000182
US202217937635A	A_008252
KR20220133195A	A_022408
US201916589100A	A_024375
CN201811201792.3	A_020720
CN202311412448.X	A_022160
CN201910645052.7	A_020723
CN202311008917.1	A_004047
KR20230197709A	A_023693
DE102022110106A	A_022340
US202117536433A	A_024722
CN202010661349.5	A_000294
KR20230188787A	A_024077
CN202311319249.4	A_002141
CN202310431635.6	A_021233
CN202110939911.0	A_002992
CN202210755488.3	A_000273
EP25184663A	A_022520
KR20220138533A	A_023825
KR20220114824A	A_023801
US201916549815A	A_006695
US202117528277A	A_022509
CN202380026144.1	A_022306
CN202110749529.3	A_021282
CN202210423323.6	A_021549
CN202010970455.1	A_000299
US202318348456A	A_024993
CN202310879277.5	A_015255
DE102023112016A	A_022344
CN202111057974.X	A_021331
US201917781430A	A_006223
CN202311742600.0	A_000326
KR2019005842W	A_009587
CN202210491338.6	A_000380
US202318447891A	A_005857
KR20180012316A	A_023209
CN202123321300.4	A_021447
IN202211076865	A_005936
JP2020545486A	A_023005
CN202111503701.3	A_021420
US2022077082W	A_007996
US2020055743W	A_013656
CN201810574584.1	A_020680
CN202111085888.X	A_000384
CN202110707336.1	A_021276
CN202211390408.5	A_021741
CN202310436011.3	A_000134
CN202211194257.6	A_000517
KR20210189344A	A_023714
CN202311293886.9	A_000304
CN2023074204W	A_021845
CN202210592454.7	A_004157
CN2018108401W	A_000129
CN202311151278.4	A_022090
CN202310469744.7	A_000345
CN202310625123.3	A_021958
CN202310721207.7	A_021985
IB2023054365W	A_022587
US201816135646A	A_024262
IN202047002395	A_007705
CN201911188087.9	A_020890
CN202310678936.9	A_021975
CN202210152480.8	A_021502
CN202011535040.8	A_020719
IN202321075441	A_022870
EP21782012A	A_007962
EP18704561A	A_000113
US201816181829A	A_024272
CN202110760101.9	A_021284
CN202110835831.0	A_012192
US201916724936A	A_006255
CN202310482377.4	A_000139
CN201910977770.4	A_000253
CN202210075108.1	A_000863
CN202310079593.4	A_010122
CN202210252498.5	A_000966
CN202210085038.8	A_002913
CN202310718154.3	A_003688
CN202210776349.9	A_004133
CN202110190547.2	A_001029
CN202111405275.X	A_004100
IN202131013270	A_022712
US201816114756A	A_022400
US202318343453A	A_005577
CN202011504246.4	A_020767
KR20220172998A	A_006759
EP19765908A	A_022400
JP2022110104A	A_006322
CN202310977127.8	A_022047
JP2020175660A	A_022983
CN202111236971.2	A_001991
KR20210026107A	A_006593
CN202311342703.8	A_000416
US201816132144A	A_024261
KR20200118166A	A_023487
AU2019202129A	A_020570
CN202320631347.0	A_000636
KR20220168167A	A_012455
CN202311788653.6	A_022091
CN201810531008.9	A_002132
CN202211359202.6	A_000273
CN202111116418.5	A_020752
US202117306300A	A_008042
CN202211320085.2	A_021725
CN202310172972.8	A_000182
KR20200161770A	A_006493
US202117551620A	A_024728
CN201811602408.0	A_001574
CN2022127307W	A_012652
CN201911236923.6	A_000543
US202117561882A	A_005587
KR20210078698A	A_023607
EP21889612A	A_006695
CN202310077504.2	A_000610
CN202310857318.0	A_003814
CN202280102677.9	A_021840
KR2020009839W	A_006694
US202318447402A	A_024642
US201916554412A	A_006695
KR20200079816A	A_023463
US202217930764A	A_011143
CN202311297331.1	A_003676
KR20200110041A	A_006703
KR2023022052W	A_024092
US202318174742A	A_020646
CN201811554322.5	A_002505
US202217677544A	A_009973
US202016743862A	A_024450
US202217679018A	A_009973
US202117194646A	A_008274
CN202210456023.8	A_004703
TW107112664A	A_024165
KR20180012316A	A_023208
US202016790985A	A_024463
CN202310292198.4	A_003033
CN201920945315.1	A_020915
CN201811221643.3	A_020719
CN202310354991.2	A_014745
US202117174442A	A_008042
JP2023204587A	A_006110
CN202011404228.9	A_021128
CN202111630748.6	A_000315
CN202111155472.0	A_000134
CN2018108423W	A_020692
FR2110498A	A_022539
CN202211575124.3	A_002613
JP2021080206A	A_022928
US202318130250A	A_022781
CN202010691927.X	A_000384
CN202311365309.6	A_002793
US202217749386A	A_006531
CN202010257497.0	A_011755
FR1914350A	A_005680
CA3211662A	A_020650
CN202311270611.3	A_000979
CN201910255573.1	A_000756
CN202211505894.0	A_011860
CN202110783689.X	A_000182
US202318188193A	A_007700
CN202010518778.7	A_000292
ES20761880T	A_000048
CN2019129324W	A_020726
US201816179223A	A_007841
CN202211412113.3	A_017063
US202217961507A	A_007661
DE112018003225T	A_007824
KR20180046830A	A_023225
KR20180067894A	A_023237
CN202210603532.9	A_003255
KR20220102472A	A_023745
CN202010043670.7	A_020752
US201916503543A	A_024348
US2023084444W	A_022336
CN202310495913.4	A_000336
IN201821044118	A_022611
CN202211495083.7	A_011506
CN202011285803.8	A_001455
CN202111090780.X	A_021338
CN202211328701.9	A_000299
US201916701607A	A_007747
CN202310573698.5	A_021946
KR20230162125A	A_023738
CN202311460929.8	A_020752
US202318218053A	A_024304
KR20210159562A	A_023675
US202218082489A	A_009973
US202217855769A	A_008234
US202218073790A	A_024869
CN201910646515.1	A_001659
TW108102688A	A_024164
CN202111488160.1	A_000139
KR20230163439A	A_023716
DE102021213798A	A_022337
CN202311130033.3	A_016582
CN202210046866.0	A_004133
CN202210441893.8	A_020767
CN201911349822.X	A_020723
CN201910456031.0	A_020826
CN201810493720.4	A_000407
CN202080004531.1	A_020920
KR20180147827A	A_023289
KR20210154388A	A_006571
CN2021076259W	A_021180
KR20210024877A	A_023560
US202217568162A	A_000099
CN202110476545.X	A_020967
US2023084442W	A_022336
US202318316002A	A_024985
US202117352459A	A_024098
CN202180079144.9	A_021475
EP21163577A	A_022417
JP2022502631A	A_006128
CN202310489020.9	A_003827
IN202011025812	A_022629
KR20220047602A	A_023750
US202318493270A	A_025023
US202318544782A	A_007705
US202217691723A	A_022336
KR20220163299A	A_010976
CN202310601611.0	A_021955
US202318304576A	A_022437
KR20230182251A	A_023791
CN201810060429.8	A_020657
US2019068149W	A_007705
US201916382878A	A_013668
CN202310964289.8	A_010601
JP2018004469A	A_006313
US201816637828A	A_024283
CN201811116540.0	A_020713
US202318216304A	A_007700
CN202310021781.1	A_003779
KR20220127308A	A_012488
CN202111275603.9	A_020967
US202218564617A	A_024887
US202017063208A	A_008141
CN202210560717.6	A_021574
KR20230179006A	A_007352
CN202011622274.6	A_019176
JP2023034445A	A_023121
IN202311042363	A_000045
CN201910583440.7	A_000452
CN202111267660.2	A_001139
EP21816260A	A_007705
US202318460269A	A_024098
US201815953970A	A_024210
KR20180077990A	A_023245
CN201880031704.1	A_020768
IN202141027839	A_022728
JP2021080206A	A_022930
US202117381611A	A_007996
CN202110903638.6	A_003267
KR20220116072A	A_006936
JP2023044711A	A_023127
US202217957987A	A_007790
CN202311190103.4	A_022097
KR20207035694A	A_023545
US202117924309A	A_000099
KR20200085199A	A_006500
US202016988854A	A_009973
IN202241027371	A_006035
CN202211306075.3	A_021722
CN202110147736.1	A_000509
CN202310202132.1	A_021882
US202318540576A	A_007700
CN202211433892.5	A_000371
KR20220179841A	A_023875
CN202210462165.5	A_003116
US202117526007A	A_024716
EP21830401A	A_022473
CN201810852951.X	A_000381
KR20210142773A	A_023658
CN201810362152.4	A_000725
KR20210002315U	A_023546
JP2023072580A	A_006312
CN202210687775.5	A_021594
US202017103049A	A_006695
US201816032238A	A_007705
TW109105830A	A_024178
CN202210823931.6	A_021613
CN202311578857.7	A_000276
US202017098118A	A_024572
JP2023528006A	A_023177
KR20210152830A	A_006703
IN202311069290	A_013237
KR20210044595A	A_019458
KR20200161770A	A_006491
CN202111543416.4	A_015516
US202016909495A	A_000129
CN202210368380.9	A_000735
KR20190143639A	A_023376
CN2023108655W	A_005857
JP2019092132A	A_022943
KR20190099975A	A_006694
KR20200165118A	A_012456
CN202010512952.7	A_021007
US202117475748A	A_013558
US202318490040A	A_009973
CN202310627154.2	A_021960
US202017078148A	A_024558
US201916287947A	A_024311
JP2022566234A	A_015031
CN202211721969.9	A_001835
CN2023106311W	A_001762
CN202210379365.4	A_000252
CN201811534505.0	A_020724
CN202310591358.5	A_000203
CN202010332782.4	A_019298
US202117151918A	A_000129
IN202021055433	A_022668
CN202011078653.3	A_020752
JP2022116732A	A_005628
US202318490616A	A_024352
US202318523433A	A_022413
IL2019051095W	A_022594
IN202341007553	A_022880
CN202311355644.8	A_018997
KR20230195322A	A_024087
CN201910742486.9	A_020723
CN201811563990.4	A_003171
CN202211611275.X	A_021778
CN202211229050.8	A_001613
CN202310859586.6	A_003916
US202218575929A	A_005404
CN202310015179.7	A_020828
KR20180165194A	A_007027
CN202211171519.7	A_000182
JP2023132443A	A_023080
CN202210776563.4	A_001129
JP2023563006A	A_023181
US202217900502A	A_022396
CN202211082825.3	A_021671
CN202110727133.9	A_021278
KR20217014480A	A_023720
KR20230061167A	A_023941
US202217806451A	A_024817
CN202311679389.2	A_000744
CN202311750873.X	A_022251
CN202311066973.0	A_003074
AU2020103294A	A_020586
US202318342971A	A_024800
US201816141098A	A_005577
KR20190098001A	A_006694
CN202080050773.4	A_021171
US201916381189A	A_007705
JP2020175660A	A_022982
CN202311622397.3	A_003873
US202318208675A	A_024802
CN2023123230W	A_012652
CN202010517174.0	A_000196
US202117508253A	A_000037
CN201910024269.6	A_020726
JP2020190213A	A_022994
KR20210036710A	A_006765
CN201880032934.X	A_020726
KR20210043459A	A_023580
JP2021157480A	A_023044
IN202241037444	A_022805
CN202211561107.4	A_002268
CN201910509302.4	A_014948
KR20210067667A	A_023457
US202217721667A	A_024802
SK572023A	A_024147
TR2020051315W	A_024151
AU2021107088A	A_020602
JP2023001506A	A_023117
CN202310294164.9	A_001676
CN202011606183.3	A_021150
BR102021011921A	A_020637
CN202210262592.9	A_000947
CN202210245836.2	A_021521
RU2021105060U	A_024132
CN201910834056.X	A_000177
US202318498583A	A_007705
US202017001021A	A_020615
US201916395410A	A_005809
US202117506549A	A_022373
US201916710448A	A_024384
CN201910175932.2	A_020723
US202016951900A	A_024516
CN202110848178.1	A_000756
KR20190125030A	A_006780
AU2020102305A	A_020574
KR20230194076A	A_024021
KR20230186746A	A_006937
CN202311311166.0	A_003450
CN202110672413.4	A_001770
CN202211604172.0	A_020752
CN202211418489.5	A_001485
CN202110516984.9	A_021248
CN202311670199.4	A_004121
CN202311160428.8	A_000196
CN202310748600.5	A_020752
CN202110413678.2	A_000315
AU2020103294A	A_020588
IN202141039960	A_022742
CN202210693115.8	A_001029
CN202110918758.3	A_000276
CN201980064013.6	A_000260
CN202311698328.0	A_022233
US201816174525A	A_000022
DE102018218256A	A_005404
KR20227046102A	A_006695
US202217721497A	A_006703
KR20210106462A	A_023628
CN202311469612.0	A_021740
AU2021100672A	A_020597
US202218711826A	A_007798
KR20190147983A	A_009739
EP22216084A	A_007790
US202318096093A	A_007705
KR20220121445A	A_023810
US202217987524A	A_014255
CN201910775103.8	A_020855
CN202010567537.1	A_021012
US2023084445W	A_022336
US202016791203A	A_024464
KR20230002623A	A_006880
EP21758916A	A_007705
CN202210226012.0	A_000294
JP2023036556A	A_023122
EP20701650A	A_022437
CN202111195167.4	A_021348
KR20197030696A	A_023419
CN202111463215.3	A_000294
KR20220045507A	A_023744
CN202310545900.3	A_021940
CN202210105782.X	A_000375
CN202211030888.4	A_020767
CN202210738503.3	A_001133
CN202111565612.1	A_021435
CN202010331448.7	A_020983
US201916658605A	A_024386
US202117171128A	A_006703
KR2018002567W	A_009570
KR20180019534A	A_023213
KR20220141469A	A_006664
CN202210679206.6	A_020720
IN202311057022	A_005933
CN202210600474.4	A_019260
US202117397393A	A_009973
EP20958157A	A_022457
CN202010198544.9	A_000198
CN202310582646.4	A_021950
CN201810219565.7	A_000996
JP2023154539A	A_023144
CN202210769132.5	A_020982
EP24156444A	A_022517
KR20210110201A	A_023631
CN202311667592.8	A_000315
CN202280056775.3	A_021838
KR2022020213W	A_006876
AU2022206663A	A_020622
US2018037142W	A_024201
KR20180119848A	A_009634
IN2022050511W	A_022759
KR20210132585A	A_007317
IB2018060153W	A_022567
KR20220053275A	A_023751
CN202311170669.0	A_014933
CN202311769643.8	A_012652
US202318497857A	A_025024
CN202311371352.3	A_000749
US201816029465A	A_024250
GB201808435A	A_022333
US201917616976A	A_007383
CN202311678962.8	A_003677
CN202011208642.2	A_021105
KR20220092427A	A_023783
JP2022185750A	A_006312
CN201811306304.5	A_020732
EP19213648A	A_020649
US2022028869W	A_022374
IN202311065885	A_022851
US202117348861A	A_024663
EP19744977A	A_007790
CN202110212015.4	A_001123
CN201910555209.7	A_020838
KR20190162018A	A_006694
CN202110848629.1	A_021297
KR20190098353A	A_023365
CN202110454639.7	A_021237
CN202311653781.X	A_022224
US202118020279A	A_024751
CN201910115003.2	A_020726
CN202011096886.6	A_002933
CN2022114043W	A_012652
CN202211018634.0	A_002639
IN201947022852	A_005428
KR20190096952A	A_006695
CN202311759731.X	A_002787
EP20769617A	A_022448
US202217660195A	A_009973
US202016851279A	A_024490
CN202311543973.5	A_022118
US202217722930A	A_005854
KR20230091444A	A_023980
JP2022041031A	A_006056
US202117209542A	A_024645
US201815904282A	A_012627
US202318541028A	A_025038
CN202311819424.6	A_000371
KR20210125253A	A_006780
CN202110600483.9	A_021263
KR20220022940A	A_007245
JP2023145770A	A_019414
CN201910137717.3	A_000326
KR20220166817A	A_023859
US202117193059A	A_024633
KR20190068245A	A_006694
CN202011044327.0	A_021079
US202318397921A	A_024801
CN202110602795.3	A_021266
CN202210918501.2	A_003691
CN2020073652W	A_020726
JP2023026112W	A_005618
EP22162529A	A_022479
US202016999209A	A_024528
KR20190103528A	A_006694
US202318353727A	A_024801
US202117464911A	A_005636
US202318179971A	A_024582
CN202211299187.0	A_001103
CN202080003279.2	A_021162
KR20257010832A	A_024102
IN202311064507A	A_013595
TW107142893A	A_024172
CN202311699242.X	A_022234
CN202211651886.7	A_004772
TR2023/000111	A_024160
US202017111470A	A_007705
KR20230111036A	A_006751
US201816163146A	A_007700
US201916254272A	A_000129
CN202110909513.4	A_001639
US202217849133A	A_009973
CN202210918045.1	A_021014
IL28493221A	A_022603
CN201811598037.3	A_020747
IN202011056466	A_022652
KR20230070393A	A_023964
US201815957243A	A_007700
CN202080040490.1	A_021168
US202218576625A	A_013124
CN202311195794.7	A_021117
EP19190726A	A_006703
CN201910862731.X	A_004955
IN202141061006	A_022757
CN201910221244.5	A_020798
US202318490178A	A_006703
IN202341009564	A_022889
CN201910440969.3	A_000861
IN202011051493	A_000045
US201815976267A	A_007841
DE102018001533A	A_005525
EP22777881A	A_007705
CN202010028260.5	A_020883
JP2022015148W	A_023063
CN202110955636.1	A_003085
IN202311053270	A_022837
CN202311171065.8	A_022093
KR20230154017A	A_024034
US202217942821A	A_009973
CN202310854162.0	A_022018
IN202217025899	A_022774
CN202080011231.6	A_021164
CN202111625378.7	A_000514
US201916521637A	A_024229
CN201810721960.5	A_000995
US202318244149A	A_000086
KR20210149442A	A_007164
US202217749386A	A_006703
KR20180125836A	A_023274
CN202111357023.4	A_011200
KR20230103888A	A_009735
JP2023153054A	A_023143
IN202227041718	A_007705
KR20190090637A	A_023362
US202117407373A	A_010021
CN202210096074.4	A_021493
JP2020087060A	A_022974
CN202210096568.2	A_001087
CN202211676407.7	A_003165
US201815863669A	A_024206
CN202311208094.7	A_016582
CN202011493005.4	A_001570
US202117515127A	A_024710
KR20210010655A	A_023550
CN202310565792.6	A_021945
CN202210610804.8	A_021582
EP18834335A	A_006294
CN202311518943.9	A_020752
JP2021189276A	A_023053
CN201911119545.3	A_000294
KR20190104364A	A_006694
CN202210177552.4	A_021507
CN201910260017.3	A_020803
KR2023005063W	A_023276
CN201980019304.3	A_020921
US202017108976A	A_024434
CN202210197541.2	A_002872
US201916450565A	A_024344
JP2020565666A	A_023006
CN202311606191.1	A_022211
CN202280075172.8	A_020715
CN201910725012.3	A_020723
CN202211000295.3	A_000182
JP2021070349A	A_006138
CN202311398533.5	A_010618
KR20220152525A	A_023835
KR20257009984A	A_005636
CN202110545256.0	A_019770
JP2020195360A	A_022977
CN202310741356.X	A_021607
US202117155532A	A_024618
CN202210988843.1	A_003130
CN202211112467.6	A_021679
KR20230170784A	A_023523
EP18195438A	A_022370
KR20220072535A	A_023767
CN202311683504.3	A_001765
CN201810980326.3	A_001485
KR20200143598A	A_006555
KR20200075913A	A_023458
CN201910204723.6	A_020794
KR20200088899A	A_023469
US202318477844A	A_007790
IN202341007553	A_022883
KR20180157428A	A_023303
CN201880098100.9	A_020778
KR20180065198A	A_023235
CN202380090417.9	A_022309
CN202211457295.6	A_021752
KR20210015036A	A_023553
US202217885959A	A_024368
CN202310690849.5	A_001017
CN202210232646.7	A_015915
US202318833948A	A_025041
KR20180105100A	A_006702
US202117530572A	A_014431
KR20230137626A	A_006834
EP18902838A	A_005576
CN202023011011.X	A_000636
KR20210036710A	A_006766
US201816630658A	A_007963
CN2020077481W	A_020753
CN202311809903.X	A_000474
US202217960784A	A_022336
IN202311065885	A_022852
CN202010629415.0	A_014519
IN202341009564	A_022888
US202016777828A	A_024457
KR20230050496A	A_023930
CN202210344212.6	A_005002
CN201811222454.8	A_020719
US201815939500A	A_008054
CN202311418943.1	A_000134
CN201810193223.2	A_020665
US202117866396A	A_022468
CN202110863405.8	A_021300
US202016997437A	A_024527
CN202011265676.5	A_021110
CN202110587688.8	A_010857
CN201911119545.3	A_014792
CN202110045561.3	A_021190
CN202211280071.2	A_021712
CN202311048783.6	A_022061
KR20247019152A	A_024097
KR20220113963A	A_006936
CN202210444183.0	A_000294
CN202010652125.8	A_000294
CN202322341243.9	A_000416
US202318093944A	A_024912
CN202310706055.3	A_021981
US202217662334A	A_022413
CN202211367704.3	A_021690
US202117470291A	A_024690
CN2021084725W	A_000128
IN202141030415	A_022733
US201815946209A	A_007705
KR20230051333A	A_006760
CN201910291949.4	A_012652
KR20220053275A	A_007042
US201816173669A	A_022509
KR20190173119A	A_006695
CN202011142515.7	A_021096
CN202310005355.9	A_021329
US202217953106A	A_024848
KR20200085199A	A_006501
KR20180157428A	A_023302
CN201821770781.2	A_020760
CN202110157827.3	A_020665
KR20180097690A	A_023258
EP21189018A	A_007790
CN2022099839W	A_012652
US201917264699A	A_024408
US202217804289A	A_022459
US202318289349A	A_024984
JP2021144745A	A_006284
KR20190159618A	A_012497
US202318296442A	A_008401
JP2022211709A	A_006206
CN202310576536.7	A_021949
CN202210614744.7	A_014475
US202117237268A	A_024642
CN201910948851.1	A_001455
CN202310429983.X	A_004302
IN201927012789	A_000020
US201916720906A	A_024397
CN202311513474.1	A_022184
CN202110683898.7	A_004051
CN202010415124.1	A_003168
CN202110835831.0	A_012191
IN202241032220	A_017321
US202318182160A	A_024946
US202318168247A	A_005577
CN202311193895.0	A_020752
CN201810232999.0	A_000339
KR20190039134A	A_008099
CN201911246879.7	A_015648
KR20190073095A	A_006695
CN202310572043.6	A_020752
CN202011115554.8	A_000384
US2023036790W	A_000099
TW107120802A	A_024164
US201917292345A	A_005496
US202017088455A	A_013601
CN202011203316.2	A_001640
CN201811199959.7	A_000182
CN202311365309.6	A_000384
CN202310007898.4	A_001139
JP2018018306A	A_012396
JP2023106133A	A_023140
CN202211118713.9	A_001770
CN202310486128.2	A_021289
CN202311499547.6	A_021113
CN202211494792.3	A_000162
CN202310627943.6	A_021935
CN202010466779.1	A_012652
DE102020002939A	A_022330
KR20197020228A	A_006695
IN202121059295	A_022701
KR20220160144A	A_006829
KR20190149345A	A_023390
CN202010084820.9	A_020752
US201816018911A	A_022374
CN202080005138.4	A_000128
CN201811649068.7	A_002935
CN201910724830.1	A_020723
CN202210472300.4	A_003660
US202117336205A	A_024658
US202318514826A	A_025026
US202217942898A	A_022509
CN202111101601.8	A_021339
CN202311652008.1	A_022223
CN202211696588.X	A_000554
US202016801072A	A_009973
CN202310992117.1	A_003625
CN202210785448.3	A_000793
US202318321935A	A_022484
JP2023145770A	A_019413
KR20210042156A	A_023574
CN202110097730.8	A_021198
CN202310811478.1	A_022007
CN202111578176.1	A_021440
US2023016946W	A_007790
KR20230048698A	A_023920
CN201810762537.X	A_020690
KR20200017801A	A_023430
CN202311617433.7	A_003168
US202017095669A	A_024571
KR20230018358A	A_023907
CN202010091834.3	A_013765
CN201980016415.9	A_014498
EP23190112A	A_022506
US202118017259A	A_024748
CN201910058735.2	A_020785
KR20230183472A	A_024009
CN2021104202W	A_012652
CN2022078997W	A_005857
US201916449230A	A_005577
KR20180056604A	A_023232
US202117540829A	A_008042
CN202310775974.6	A_021996
US201816232148A	A_024210
CN202011272801.5	A_021111
CN202080021995.3	A_002239
US201916978434A	A_024404
CN202121390678.7	A_021463
KR20210170313A	A_023696
US2023063194W	A_008113
CN202011640462.1	A_021152
US202117503541A	A_008145
KR20230020104A	A_007135
IN202141039960	A_022741
US201916449127A	A_005809
KR20230161586A	A_024055
US202318235613A	A_024980
US201816173918A	A_022377
CN202310209878.5	A_000507
US202016822801A	A_006835
CN202111360123.2	A_021394
AU2023203325A	A_020625
US202117359806A	A_024667
US202318343485A	A_024991
US202016899864A	A_000037
CN201911107795.5	A_018529
CN201980070460.2	A_020928
KR20220171139A	A_023642
US202217813286A	A_009973
JP2022156314A	A_006153
JP2019152476A	A_006059
US201816051673A	A_024254
JP2021212983A	A_006215
JP2023014613A	A_006327
IN202341061341	A_018130
US202318318943A	A_024985
CN202010716404.6	A_002897
KR20230103303A	A_007183
US201916281290A	A_007705
CN202110477134.2	A_002486
CN202110769129.9	A_021285
KR20217014480A	A_023719
IN202311061807	A_005935
CN202310220971.6	A_000507
CN202110529675.5	A_021249
IN202311057022	A_022848
CN202311835914.5	A_000198
CN2020135971W	A_021153
KR20180165182A	A_006504
US2022042441W	A_013128
CN202311785475.1	A_013698
CN201810096958.3	A_000161
KR20180146996A	A_023284
CN202311336675.9	A_000936
CN201980033189.5	A_000128
CN202010452017.6	A_000915
JP2021154198A	A_023042
CN201980003627.3	A_020919
CN202010388930.4	A_020996
US202217959199A	A_024808
KR20210151380A	A_023664
US202318300955A	A_024801
KR20230179533A	A_023646
KR20220040050A	A_023741
CN202110982779.1	A_000533
DE102021117809A	A_007790
EP25194460A	A_022521
US202318533727A	A_009973
CN202311534726.9	A_008933
KR20230020104A	A_007136
CN202010102248.4	A_020752
CN202011124853.8	A_021091
CN202210451319.0	A_021554
CN201911251292.5	A_001304
IN202011045249	A_022631
US202217890004A	A_022393
CN202310250828.1	A_003011
CN202410550152.2	A_020767
US202017079355A	A_022403
CN201810485686.6	A_000756
CN202110415127.X	A_000304
EP21818811A	A_013124
CN202311263244.4	A_000253
US201815898984A	A_000037
KR20190004874A	A_023318
CN202380023156.9	A_000910
CN202110511878.1	A_021245
CN202010317207.7	A_000947
KR2019015509W	A_023293
CN202210230865.1	A_018913
CN202110201334.5	A_000351
KR20230186746A	A_007073
US202017074464A	A_024555
JP2023150752A	A_023151
KR20210193378A	A_007044
CN202311112136.7	A_022077
CN202210096568.2	A_000384
US201916527264A	A_008001
US202217819468A	A_012627
JP2021177855A	A_023051
CN202210481131.0	A_021557
EP23207731A	A_000037
CN202211679954.0	A_001139
KR20180160144A	A_023305
CN202380060877.7	A_002239
US201816198497A	A_005577
IN202241063090	A_022817
CN202311252858.2	A_016189
IN202311066664	A_022855
IN202141030415	A_022730
CN2019110146W	A_020723
CN202311850241.0	A_022286
CN202310351837.X	A_021906
EP21191835A	A_005882
CN202211268023.1	A_021461
IN202321089373	A_017296
JP2021028842A	A_006079
US201916508136A	A_007705
CN201980092973.3	A_020937
IN202221063524	A_022783
CN201910891952.X	A_000543
CN202211521091.4	A_004721
CN202210857095.3	A_021620
CN202310158945.5	A_021149
CN202311393740.1	A_000406
KR20200056209A	A_023450
IN202211008478	A_022768
CN202311375017.0	A_022149
CN202010129720.3	A_020876
US202318483697A	A_022336
KR2023005063W	A_023277
US202118007299A	A_007962
JP2020087060A	A_022975
US202217974649A	A_020556
US202217578566A	A_006223
US2020049139W	A_024430
US202217955841A	A_022336
US202318337819A	A_009973
US202017137020A	A_007751
CN202310216882.4	A_021886
US202117539904A	A_024725
US202218723784A	A_024898
CN201880002473.1	A_020726
CN202311676475.8	A_022212
JP2022104623A	A_023083
IN202311086372	A_000045
CN202310629209.3	A_021961
JP2022015289W	A_006234
AU2021107439A	A_020611
CN202311453965.1	A_022168
IB2022000393W	A_022584
GB201905256A	A_022548
US202217975585A	A_008014
CN202311439313.2	A_003905
CN2020122716W	A_012652
KR20200049803A	A_023447
CN202210401660.5	A_021546
CN202080040489.9	A_020715
CN202211122671.6	A_021539
CN202210364675.9	A_021540
CN202211083483.7	A_000182
CN202311707575.2	A_000452
US202217726391A	A_024098
US202017762826A	A_024599
CN202311077842.2	A_003801
US202016819898A	A_024477
KR20220126306A	A_006702
CN202311122604.9	A_003789
CN202121390678.7	A_021465
KR20200138232A	A_006703
US202016951900A	A_024517
US201816150018A	A_009871
CN202311775041.3	A_022259
CN202210425687.8	A_000182
KR20190160644A	A_006694
JP2020089067A	A_006284
EP21704412A	A_022465
US202318468168A	A_025014
KR20220112908A	A_023799
JP2019566476A	A_006084
KR20220181222A	A_023877
CN202310904523.8	A_022031
US2023081039W	A_024907
JP2021193096A	A_015021
CN202210755759.5	A_020752
US202318455940A	A_024248
KR20227010968A	A_023886
CN202211112467.6	A_021015
CN202311742024.X	A_001075
JP2021184277A	A_006114
CN202210878561.6	A_020752
US202117531776A	A_024718
US202117552411A	A_024730
CN202311284455.6	A_015426
JP2023150752A	A_023158
US202318227257A	A_024974
JP2023506576A	A_023174
CN201880030467.7	A_020767
CN202211660348.4	A_021789
CN202310790256.6	A_009080
US202217969514A	A_022336
US202117498651A	A_007705
CN201880016197.4	A_020762
KR20220188648A	A_007258
CN201910293190.3	A_020723
US201916451202A	A_024345
JP2022559033A	A_014154
CN202211388882.4	A_000416
CN202010232246.7	A_020969
CN202211012380.1	A_015568
US202117380592A	A_024672
CN202110801050.X	A_020752
KR20190012900A	A_023327
EP22215375A	A_022488
US201916569660A	A_024370
CN202210149587.7	A_005351
FR1800307A	A_005680
JP2023109014A	A_005628
JP2021077891A	A_009509
CN202310362925.X	A_019298
CN202310594851.2	A_000182
US202016991344A	A_024497
CN202210398040.0	A_000139
DE102022128030A	A_022336
CN202211238074.X	A_000252
US201916573751A	A_008358
CN202010206871.4	A_000452
IN202121047159	A_022697
CN202310184039.2	A_021116
CN202180040830.5	A_020767
KR20200070721A	A_023455
IN202227044098	A_007705
EP20748260A	A_022443
CN202110290914.6	A_021214
CN2023074204W	A_021843
US202218063028A	A_024526
KR20210164516A	A_023681
KR2022020213W	A_023881
CN202110931817.0	A_002997
CN202210042332.0	A_020783
US201917264699A	A_024409
CN202011395703.0	A_000856
CN202310579091.8	A_000198
US202217829616A	A_024825
CN201811363678.0	A_000268
KR20210038110A	A_023569
CN201821018019.9	A_020755
CA3065781A	A_020647
US202016819826A	A_024476
US2023084326W	A_024910
CN202111401112.4	A_005266
DE102023125558A	A_022349
US202117795998A	A_006188
KR20220131435A	A_023817
CN202310698095.8	A_000326
KR20220162799A	A_023853
CN202311153020.8	A_022091
US202217863075A	A_024802
CN202010275526.6	A_020972
US202118038085A	A_024754
US202217652304A	A_007682
DK18778956T	A_022369
CN202110566991.X	A_002293
US2023082864W	A_015130
CN201910226732.5	A_000756
US202117563014A	A_024732
CN201810219766.7	A_020669
CN202211331200.6	A_000198
JP2023207214A	A_023013
IN202311047075	A_009416
US202017604727A	A_024592
CN202280048604.6	A_020921
JP2019231829A	A_014154
US202217835582A	A_024828
IN202241006146	A_022794
CN202111217167.X	A_000543
KR20227023244A	A_023718
IB2018001107W	A_022566
CN202311536040.3	A_022190
US202217708627A	A_009973
US202217585163A	A_024780
CN202311750293.0	A_005122
DE112020002709T	A_005496
KR20180049823A	A_023228
JP2021575363A	A_023030
JP2020135891A	A_022978
KR20190014902A	A_007258
CN201820284409.4	A_020754
CN202110182132.0	A_014500
US202318529659A	A_025035
US201815994955A	A_007705
JP2020543190A	A_023002
CN202311577880.4	A_001280
KR20180046141A	A_006702
KR20230018946A	A_006976
US202118002488A	A_024745
CN202110884850.2	A_020900
US201815907453A	A_007805
US202016819267A	A_024474
US201916256795A	A_024306
IN202044035082	A_022419
CN202111354063.3	A_021390
CN202111428552.9	A_015568
KR20230142744A	A_009782
US202117162339A	A_024620
CN202110314938.0	A_021159
US202117149854A	A_024616
KR20230179399A	A_023642
US202217973205A	A_006703
CN202110464030.8	A_021241
CN201911249957.9	A_020896
CN202311209833.4	A_003804
CN202210881394.0	A_021628
CN202110244970.6	A_003002
KR20207034189A	A_023542
CN202311732901.5	A_012218
JP2022546572A	A_023109
CN202010185811.9	A_019262
CN202111223444.8	A_021366
KR20230154503A	A_023879
CN202320280798.4	A_022295
CN202011435692.4	A_003439
KR20257008969A	A_006694
EP20704011A	A_007383
US2023072140W	A_007841
CN201880011996.2	A_000128
CN202080063798.8	A_021172
US2023082665W	A_024908
KR20210047991A	A_023586
EP20710564A	A_005497
JP2023072580A	A_006313
KR20180025818A	A_023218
US2018062075W	A_007705
US202117378887A	A_008028
CN201910671015.3	A_000384
KR20230139666A	A_024016
US202217659633A	A_022336
JP2021058902A	A_023020
CN202210780486.X	A_021608
CN202210109162.3	A_002001
CN202110320464.0	A_000856
US202117449778A	A_007705
KR20230045090A	A_023917
CN202210867253.3	A_021623
CN202010066954.8	A_000139
US2021027787W	A_024611
KR20210173532A	A_006722
CN202011464932.3	A_020970
US202017101193A	A_008125
FR1800787A	A_005680
CN202110439928.X	A_021232
CN202210362383.1	A_004323
CN202310787050.8	A_020909
KR20190072509A	A_023358
US202318227811A	A_024975
KR20257021396A	A_024109
KR20190153784A	A_023398
CN202310493813.8	A_018502
CN2023077843W	A_021846
CN202211658475.0	A_016778
US202117395295A	A_009973
CN202110253313.8	A_000279
JP2020114061A	A_005487
JP2021077883A	A_023027
CN202111545932.0	A_000196
CN202111181310.4	A_021356
US201916399860A	A_020615
CN202311727067.0	A_022242
US202218067840A	A_024865
CN202211328989.X	A_021727
CN202320631347.0	A_019039
CN202311489887.0	A_022175
CN202110179090.5	A_021204
US201916284186A	A_007790
CN202111197959.5	A_000947
KR20220179841A	A_023874
US202217969057A	A_005587
US2019057272W	A_024300
JP2023041387A	A_023124
CN202110321459.1	A_000213
US201815896921A	A_024215
CN202311629141.5	A_022215
CN201811005375.1	A_000421
CN202211693537.1	A_000609
CN202010969798.6	A_021072
DE102018205804A	A_022325
US202318334811A	A_022376
CN202311870691.6	A_022281
TW110128954A	A_024181
US201917414760A	A_005404
US202217817659A	A_024820
US202217953317A	A_024849
KR20227010968A	A_023885
CN202311697139.1	A_008801
US201815914868A	A_024220
US201916529946A	A_007822
CN202011273463.7	A_020896
JP2020168964A	A_022981
CN201810160942.4	A_020661
US202016877417A	A_024352
CN2023125148W	A_022294
CN201880037903.3	A_000128
JP2023020753W	A_006359
JP2022143107A	A_023095
IN202127060061	A_022706
CN202210772640.9	A_021603
CN202211005289.7	A_021653
JP2018039908A	A_022930
CN202010692749.2	A_000966
CN202011613732.X	A_021059
US201916365186A	A_000129
US202117237407A	A_024652
CN202410173562.X	A_022211
CN202210264690.6	A_021525
US202016780071A	A_024098
KR20200171286A	A_023533
CN202311026568.6	A_000134
CN202310497479.3	A_021928
CN2023119787W	A_020989
KR20220114824A	A_023800
KR20180012316A	A_023206
US202318879217A	A_006068
BR102022021824A	A_020639
US202016926449A	A_000047
JP2022093892A	A_022486
CN202080018327.5	A_021165
KR20210098372A	A_007104
KR20190053580A	A_023354
CN202210487860.7	A_001574
US202117558465A	A_009973
CN202111371935.7	A_001109
CN202220950668.2	A_021827
TW107136221A	A_024170
CN202210519388.0	A_000514
US202318166121A	A_022336
US202218090639A	A_006185
US202017107812A	A_005577
CN202311742514.X	A_004575
AU2018204317A	A_020566
CN201910703451.4	A_020752
CN202310017792.2	A_000838
US202016906297A	A_006703
US202218083546A	A_022336
CN202211165720.4	A_021529
CN202011308185.4	A_021116
CN202210377260.5	A_000393
US202117394086A	A_008220
CN202010306306.5	A_000223
CN202010344387.8	A_020989
KR20210178423A	A_012457
US202217833359A	A_006340
CN202110753667.9	A_001756
KR2021000768W	A_013431
US202318187622A	A_007700
KR20200086712A	A_023468
TW112118728A	A_024189
US202318469890A	A_024353
KR20190151404A	A_006555
IN201941035691	A_022620
CN202311299290.X	A_015516
CN201811087841.5	A_020710
CN201810359449.5	A_020041
CN202311526232.6	A_010602
CN202211477001.6	A_003106
CN2023113573W	A_012652
CN202180100204.0	A_021059
CN202310993101.2	A_020752
KR20230021269A	A_006702
KR2022008338W	A_023773
CN202210880785.0	A_021627
US201916359341A	A_024320
CN202211408484.4	A_021627
CN202211259179.3	A_021705
US202018001548A	A_024608
CN201811473003.1	A_000177
US201816211009A	A_005809
CN202011412454.1	A_000218
CN202211674867.6	A_000384
CN202311398838.6	A_022157
CN202110993730.6	A_000371
US201816050298A	A_007682
EP21759502A	A_007705
US201916278042A	A_000129
CN202011079450.6	A_008869
KR20230194076A	A_024084
US202016739920A	A_024442
EP20859652A	A_022453
CN202111486358.6	A_021016
EP20701650A	A_022438
CN202211379913.X	A_021411
CN202311195827.8	A_002942
CN201910995125.5	A_020875
CN202510062531.1	A_022318
US202217676563A	A_024790
EP22189247A	A_007790
KR20200093694A	A_013398
US202017071680A	A_007996
EP2022086708W	A_022431
KR20180011947A	A_023201
KR20210042156A	A_023572
KR20200110041A	A_006702
CN202211692414.6	A_004031
CN202311612643.7	A_014927
US202218081677A	A_022504
EP21740380A	A_020616
US202016990361A	A_005809
CN2021117414W	A_000128
CN202111033825.X	A_021328
US201815956541A	A_007700
RO202100789A	A_024122
US201916457929A	A_007790
CN202310173464.1	A_000315
US202117481113A	A_005809
CN202010003211.6	A_001750
CN202210355592.3	A_000371
CN202011327500.8	A_000550
CN202280098072.7	A_000910
US202016999297A	A_022419
CN201910677541.0	A_002168
US202318396199A	A_024985
IN202141061006	A_022751
JP2020069862A	A_022973
CN202110521035.X	A_003296
US201916422498A	A_024337
CN202210362383.1	A_001179
US202117551567A	A_007829
CN201811470100.5	A_020737
US202117469999A	A_000037
KR20180147827A	A_023286
US202318850694A	A_007383
US202117210254A	A_024646
US202217837164A	A_008042
US202318297053A	A_009911
US202117758411A	A_024736
EP22920708A	A_006695
KR20210057868A	A_023594
CN201910208251.1	A_020795
US202318184459A	A_022336
US202318156210A	A_007962
CN202210557467.0	A_001902
KR20180065198A	A_023236
KR20230103303A	A_007181
US202217950755A	A_005741
CN202211413834.6	A_021745
IN202021035553	A_022655
JP2021161438A	A_023049
CN201810807503.8	A_000162
CN202111407236.3	A_004100
KR20190164048A	A_023407
KR20190174506A	A_006694
PH12022050064A	A_024119
CN202310522808.5	A_021934
US202217709279A	A_008186
CN2022125114W	A_021822
CN202311471294.1	A_000533
JP2024513797A	A_023184
CN202310502767.3	A_000253
JP2021523573A	A_023057
US202117185068A	A_024630
JP2023140243A	A_014154
CN202210103108.8	A_001087
CN201810845840.6	A_001044
CN202210285744.7	A_021400
CN202210210763.3	A_003255
KR20230049184A	A_023924
KR20180025348A	A_023214
CN202210227357.8	A_001455
US202016986236A	A_024518
US202318120844A	A_024923
KR20180160144A	A_023306
AU2020102305A	A_020582
CN202111442274.2	A_021389
CN202311268541.8	A_010161
CN202280096707.X	A_020779
US202117219129A	A_010017
KR20210034531A	A_007188
US202217652415A	A_009973
AU2021351490A	A_020616
CN202211297480.3	A_021718
CN202111164169.7	A_021351
CN202311778705.1	A_000198
IN202241042004	A_022809
US202318484306A	A_022336
CN202111677412.5	A_020977
US201916365660A	A_024324
CN202110914560.8	A_000326
CN202310591899.8	A_003349
CN202011617797.1	A_001770
KR20200117102A	A_006765
KR20230150961A	A_006703
EP23185915A	A_007986
KR20180147827A	A_023285
CN202211419973.X	A_021746
KR20220057672A	A_023755
CN202310870869.0	A_000636
US202117190631A	A_024632
CN201910412708.0	A_020723
CN201911107090.3	A_004496
KR20220118704A	A_023805
IN202227041242	A_007705
EP18765267A	A_022376
CN202211364986.1	A_000294
US202117328734A	A_024656
KR2022020213W	A_006877
CN202110788976.X	A_021289
CN202111029184.0	A_001709
US202016847399A	A_009969
CN202310446386.8	A_021922
KR20230002575A	A_023888
CN202011518154.1	A_021144
KR20180140281A	A_006534
CN202210773604.4	A_004157
US201816189512A	A_020622
KR20230133538A	A_023997
US202117522238A	A_024712
CN202211716067.6	A_021809
KR20230188787A	A_024076
JP2022153897A	A_005487
KR20200129478A	A_023494
US202117342853A	A_005587
CN202010556136.6	A_001765
CN202111652224.7	A_020767
CN202311536313.4	A_014904
CN202011227963.7	A_001327
US201816122121A	A_007986
KR20230049642A	A_023928
CN202380018919.0	A_020767
CN202010699868.0	A_021031
IN202247052060	A_007705
US202318487800A	A_022336
CN202210207048.4	A_021515
US201916720551A	A_007705
CN201980033554.2	A_000128
CN201910089314.6	A_000829
KR20230077966A	A_023923
US201816051005A	A_024253
US202217973314A	A_009274
US201916671078A	A_008421
CN202211106309.X	A_021676
CN202111618171.7	A_021446
CN202210587198.2	A_021577
IN202141008351	A_022717
BR102022021824A	A_015125
CN202311240464.5	A_001173
IB2023054365W	A_022589
CN201980029897.1	A_020922
US201917413520A	A_005496
CN202210767257.4	A_019182
CN202211553152.5	A_021775
CN202020389835.1	A_010122
KR20207035694A	A_023544
EP20153261A	A_022418
KR20190026159A	A_006702
KR20220121445A	A_023808
KR20210184652A	A_023710
CN202210820807.4	A_020783
CN202311630745.1	A_012652
EP18752762A	A_022377
CN202210013687.7	A_001821
CN201910096126.6	A_016496
CN202110744506.3	A_021279
US202117487081A	A_024699
CN202320280798.4	A_021146
CN202310331816.1	A_001314
CN202211307345.2	A_021723
US202217839527A	A_022370
CN202011202816.4	A_021103
CN202311042806.2	A_000317
US202117315225A	A_024611
CN202111242316.8	A_021373
CN202310142202.9	A_000234
CN202110447755.6	A_016804
CN202110838362.8	A_002268
KR20210175349A	A_023701
EP19871470A	A_022408
CN202321866688.2	A_022300
CN202011305590.0	A_020752
CN202321573647.4	A_022296
US202318326927A	A_024502
US201816218420A	A_005565
US202318534401A	A_008034
CN202011238824.4	A_021106
US202117537369A	A_024723
CN202010568720.3	A_000543
CN202211003374.X	A_012652
CN202110271888.2	A_000452
US202117484153A	A_024697
KR20200151325A	A_006702
CN202310992611.8	A_022051
US202016846575A	A_005636
JP2023162930A	A_014156
CN202111422011.5	A_021403
CN202311029568.1	A_015535
CN202310961569.3	A_021596
CN202110052479.3	A_021193
CN202111222524.1	A_000384
KR20230197709A	A_024089
IN202341077570	A_006035
US202318483480A	A_025018
US202217702669A	A_024798
US201916397685A	A_022504
US202217648399A	A_009973
CN202110324814.0	A_021217
EP22751033A	A_022492
US201816049810A	A_024252
IN202217001775	A_022416
JP2019092132A	A_006703
CN202110744506.3	A_021280
EP20722667A	A_022440
CN202110398811.1	A_000507
CN202211471809.3	A_021753
MX2018000085W	A_024115
US202016800064A	A_024468
CN202110983603.8	A_010519
US202217689857A	A_009973
KR20190146105A	A_023378
CN202211136321.5	A_000182
CN2020071857W	A_000128
KR20237007073A	A_006695
EP20155437A	A_022419
KR20190132209A	A_006765
US201816485797A	A_024278
KR20230039987A	A_006703
US202217971535A	A_022504
CN202311585023.9	A_000294
CN202310861675.4	A_022020
KR20220138533A	A_023826
CN202211371137.9	A_021738
AU2020103294A	A_020584
US202016883670A	A_007790
CN202211684285.6	A_000315
US202217989263A	A_024861
US202318226565A	A_024973
CN202310944284.9	A_000315
IL2022050905W	A_022597
US202318453943A	A_024098
KR20190148263A	A_023380
CN202111130254.1	A_003986
EP20906140A	A_022456
CN202311439950.X	A_000294
CN202010055258.7	A_000304
CN201910680789.2	A_000709
US202217689109A	A_020556
CN202011196825.7	A_021102
KR20190149345A	A_023389
KR2022015121W	A_006695
JP2019115508A	A_006322
US202017000561A	A_005577
US202117356043A	A_007790
KR20230092178A	A_023982
KR20220003240A	A_006759
CN202010895916.3	A_000182
CN2022139520W	A_021811
IN201814014170	A_006703
US201916294536A	A_024314
CN202311349117.6	A_015440
CN202110249076.8	A_000936
ES22205446T	A_022508
JP2019536242A	A_022966
CN202311364873.6	A_021015
EP22207329A	A_006703
US201816128728A	A_022941
KR20210018469A	A_007205
CN202311153020.8	A_011681
CN202310870021.8	A_000135
KR20200003253A	A_023423
CN202310119200.8	A_012652
US202217690610A	A_024796
KR20230147419A	A_024022
KR20247042291A	A_022374
US201916554332A	A_009973
KR20220057672A	A_023754
CN202211491514.2	A_021755
CN201911420099.X	A_000299
KR20200050908A	A_023449
CN202010694141.3	A_020989
KR20230177466A	A_024069
CN202210833600.0	A_021615
CN202311588902.7	A_022206
CN202310271427.4	A_000861
KR20210098745A	A_023618
US201916385097A	A_019495
CN202210048866.4	A_020767
EP19905518A	A_000492
CN202310798628.X	A_021999
KR20230148536A	A_006930
CN201910646202.6	A_020846
CN202211164062.7	A_021685
US202318392297A	A_006402
KR20180003942A	A_006702
CN202311213707.6	A_022111
KR20180133077A	A_023279
KR20210072774A	A_006894
US202318170016A	A_007682
US202016837017A	A_024485
US202117461527A	A_009973
EP19191178A	A_006703
JP2022104623A	A_023084
IN201924002838	A_022616
JP2021191376A	A_006156
CN201910182414.3	A_000134
US201816059564A	A_006703
CN202211047405.1	A_021662
KR20190162352A	A_023404
KR20220021313A	A_023732
JP2021107164A	A_023030
CN202311527544.9	A_022187
CN201880051149.9	A_000910
CN202011169847.4	A_000517
CN202380079928.0	A_022311
CN202010062264.5	A_003744
US202017108976A	A_024435
CN202111453753.4	A_021411
CN201910676122.5	A_000260
CN202310409740.X	A_002615
CN202380084749.6	A_021288
US202017075733A	A_024333
JP2022156314A	A_023097
KR20210089229A	A_006702
KR20190162352A	A_023405
US202017005158A	A_024353
CN202311214170.5	A_004865
KR20190151119A	A_023394
JP2022093892A	A_023080
KR20230091444A	A_006644
KR20230076637A	A_019861
CN202310977505.2	A_014083
KR20210133461A	A_023642
CN202010778287.6	A_002346
DE102023212875A	A_022350
EP19184647A	A_022391
CN2022136777W	A_005857
KR20200048457A	A_006702
US201816141492A	A_022403
CN202311724594.6	A_010857
US202017074292A	A_007700
KR20230115473A	A_023597
CN202310788152.1	A_000464
US202217887124A	A_009920
CN201811149658.3	A_020715
CN202211666345.1	A_021794
KR20210078967A	A_023609
KR20180118076A	A_023269
KR20200180593A	A_023534
CN202310335621.4	A_021329
IN202341007553	A_022886
KR20180012316A	A_023205
KR20230103303A	A_007182
US202318522075A	A_022517
KR20180165182A	A_007025
CN202210631137.1	A_021587
KR20230162125A	A_023739
FR1902310A	A_005680
US202218064430A	A_007824
KR20220061363A	A_006826
JP2025526710A	A_006382
CN202010025820.1	A_020941
CN202210000110.2	A_000304
IN202211002250	A_022761
CN2020135971W	A_021154
CN202010091091.X	A_000384
KR20230010736A	A_013486
US201916557489A	A_022419
KR20230112081A	A_023990
KR20230154017A	A_024036
US2019015796W	A_007705
CN202310681444.5	A_020752
US201815896488A	A_024214
KR20210139256A	A_023655
CN202210626275.0	A_000294
IN202311053270	A_022844
US202117240961A	A_024653
CN202310542570.2	A_011200
CN202211716989.7	A_021810
CN202010896152.X	A_000177
JP2023111498A	A_023143
IN202041013421	A_022669
CN2022125114W	A_002446
CN202210943706.6	A_021644
CN202311130565.7	A_022077
US202117221827A	A_024651
CN202280075170.9	A_020715
CN202011434542.1	A_000203
CN202310069440.1	A_004302
CN202110395279.8	A_002472
CN202310001717.7	A_020752
CN202311223579.3	A_022114
CN202010167880.7	A_020954
CN202110269419.7	A_000182
US202117182685A	A_006223
CN202080037833.9	A_020774
KR20180148362A	A_023292
CN202011300874.0	A_021114
KR20220030779A	A_009747
US202016820440A	A_024330
CN202211486881.3	A_003267
CN202110931817.0	A_002998
CN202310800589.2	A_022000
CN202110723550.6	A_000326
US202318483404A	A_022336
CN202111567636.0	A_021436
CN201910401602.0	A_002615
CN202011431548.3	A_000276
US202016840530A	A_024098
CN202310085529.7	A_003901
CN201911060743.7	A_020880
CN202023011011.X	A_021160
US202017431134A	A_005882
CN202010400283.4	A_000253
KR20200129478A	A_023499
CN202011285672.3	A_001455
KR20230129930A	A_023562
KR20200015691A	A_023429
CN202210584900.X	A_000326
CN201910746108.8	A_020723
CN202111425221.X	A_021404
CN202310453734.4	A_000384
US202217726115A	A_005625
CN202010650687.9	A_001567
CN201810334753.4	A_020676
KR20210108084A	A_007262
CN202311439313.2	A_001498
CN202310403335.7	A_021338
CN2019114713W	A_000128
CN202210336847.1	A_021490
KR20230126578A	A_024001
DE102023121593A	A_022336
CN202210513071.6	A_003082
CN202210680819.1	A_000947
US2022042115W	A_009973
KR20180134938A	A_006636
CN202323267400.2	A_018734
CN202211676470.0	A_000735
KR20220086304A	A_006702
US201916541088A	A_006695
KR20200129478A	A_023497
CN202211406328.4	A_021743
CN202210842134.2	A_002109
CN202210046866.0	A_002616
EP19902550A	A_022413
CN202311082911.9	A_022065
IN202141061006	A_022756
IN202021055433	A_022666
CN202111199642.5	A_001600
JP2022098905A	A_022984
CN202110997903.1	A_021315
US201916601418A	A_024382
CN202310560244.4	A_021944
DE202022105964U	A_022359
US201815998684A	A_024241
CN202011295809.3	A_020896
CN202080011203.4	A_021163
US2019053539W	A_024299
CN2023074204W	A_021842
CN201810202375.4	A_020667
IN201817029232	A_007705
CN202311225942.5	A_021212
KR20220003913A	A_006779
JP2021204405A	A_006286
US202117188938A	A_024631
CN202311747948.9	A_021588
CN202110830687.1	A_003255
CN2019075707W	A_000128
US201916528104A	A_024304
EP20185965A	A_022425
CN202111388669.9	A_003131
CN202210530365.X	A_021566
SE2450424A	A_024143
CN202211701736.2	A_001155
CN202010142990.8	A_020752
CN202310226682.7	A_000218
JP2023092039A	A_022993
JP2020073569A	A_006156
KR20200075916A	A_023458
KR20180082032A	A_023246
CN202311816509.9	A_000223
JP2021077851A	A_009509
EP20753625A	A_007705
CN202210833600.0	A_021614
CN202111539681.5	A_000134
US202017774640A	A_024604
US202117566268A	A_024735
CN202011350152.6	A_021120
KR20200153568A	A_023515
CN202310084645.7	A_021863
US202318319140A	A_006703
CN2019109473W	A_020869
CN202211093346.1	A_003116
US201916266108A	A_024308
KR20180150703A	A_023294
CN201910500076.3	A_020832
CN202323013399.0	A_022301
KR2019008795W	A_006694
KR20190149345A	A_023386
JP2021177855A	A_005426
US202017089343A	A_010017
US202217577787A	A_024557
CN202111315616.4	A_021381
JP2022188052A	A_023100
CN201810982009.5	A_020701
US201916552816A	A_007824
US202318493633A	A_022605
CN202011073830.9	A_002418
US2019059425W	A_024302
CN202111476397.8	A_000223
IL29569122A	A_022606
CN202110991888.X	A_011804
CN2023113573W	A_022145
KR20180097690A	A_023256
US2018047775W	A_024203
US202016858217A	A_024496
CN202210149563.1	A_021501
US201916711060A	A_024271
CN202210231830.X	A_001099
KR20200047985A	A_023445
KR20200189900A	A_006702
US202117228162A	A_024235
CN202310279990.6	A_021895
KR20230006910A	A_006703
CN202110928045.5	A_001205
US202117234749A	A_006695
US202217812625A	A_005469
CN202311200120.1	A_000198
CN202311778984.1	A_000384
KR20220189554A	A_006877
US202217742865A	A_007790
CN202111584214.4	A_021444
US202117539159A	A_024724
CN2020135924W	A_020572
KR20190170923A	A_023411
US202318526046A	A_025034
CN201910556880.3	A_000182
US202016825442A	A_000129
IN202341048255	A_022908
CN202210238437.3	A_021519
US202117199010A	A_024639
KR20220024088A	A_023733
US202217866300A	A_009973
US202318345431A	A_022509
CN202110214840.8	A_010313
CN202310534928.7	A_021936
US202217931093A	A_022403
KR20190151242A	A_006694
CN202280017726.9	A_000260
AU2022247649A	A_007778
CN2022114459W	A_012652
CN202211059825.1	A_021665
CN202010244427.1	A_002455
CN202311489887.0	A_022178
CN201811274656.7	A_010122
CN201811128665.5	A_000417
JP2023541026A	A_023180
CN202120931779.4	A_021460
KR20210182110A	A_010977
CN2019098657W	A_000129
KR20230070393A	A_023961
KR20230145354A	A_015103
US202017027039A	A_024541
JP2023150752A	A_023161
JP2021176629A	A_006215
KR20257007839A	A_022403
CN202310279990.6	A_021894
IN202141025792	A_022721
CN202311244399.3	A_001087
KR20230103888A	A_009736
CN202110109172.2	A_015735
CN202210622959.3	A_000134
KR20230143021A	A_007192
CN202211636576.8	A_008930
EP22879204A	A_022499
CN202010973416.7	A_021073
CN201980072234.8	A_020929
US202016922775A	A_000121
CN202310881663.8	A_016483
CN202310630402.9	A_001347
US202218082885A	A_022374
CN202210126099.4	A_021496
EP22180501A	A_022481
CN202280061995.5	A_000318
US202217710503A	A_000050
CN202310010876.3	A_002056
KR20230166690A	A_024058
CN202210493029.2	A_002854
CN202110041955.1	A_015473
US202016814578A	A_006695
CN201910131289.3	A_001613
CN2023119787W	A_022290
US201916362272A	A_024323
US202217942725A	A_009973
CN202310675717.5	A_010808
KR20200136613A	A_023507
KR20257001208A	A_006694
JP2021117321A	A_010944
CN201810028333.3	A_020655
IB2018060630W	A_022568
US202016779297A	A_022403
US202318515909A	A_025027
CN202211391724.4	A_000260
KR20230062551A	A_023943
KR2023000318W	A_023891
US202017062724A	A_005469
US202016736942A	A_022338
KR20190108039A	A_006694
CN202011309470.8	A_000318
CN202210904278.6	A_010121
CN202210217080.0	A_021516
US202318191709A	A_024948
AU2021107088A	A_020605
CN202310315237.8	A_019314
KR20210152098A	A_007136
US202318360300A	A_007700
US201916721132A	A_007674
JP2019005910A	A_006703
KR20230177466A	A_024068
CN201910628929.1	A_020845
US202217728119A	A_009948
CN202111450273.2	A_000241
IN202014002171	A_022418
JP2021161438A	A_023047
US202318173099A	A_008364
US202318482839A	A_025016
CN202210868213.0	A_021626
KR20230191618A	A_024078
KR20210160021A	A_006555
KR20230193439A	A_024083
KR20210086650A	A_006268
CN202311748403.X	A_000351
KR20210045063A	A_023582
KR20210164762A	A_012487
CN202211014426.3	A_021200
CN202311698946.5	A_001824
KR20230138342A	A_024014
CN202211560110.4	A_005287
KR20200061799A	A_023454
CN202111505678.1	A_003690
CN202210971923.6	A_018521
JP2022104168A	A_023082
CN202011477934.6	A_000134
TW108137508A	A_024175
CN202111392428.1	A_020767
CN202010759876.X	A_021045
CN202210958756.1	A_000315
KR20180140281A	A_006533
KR20210169103A	A_006766
CN202111444616.4	A_001103
TW107125997A	A_024164
CN202310670520.2	A_000991
CN202210101985.1	A_012652
AU2022202429A	A_007986
CN202110818992.9	A_021295
JP2022503981A	A_023101
US2021054489W	A_022563
CN202111391807.9	A_000345
US202217700003A	A_024797
US202017108954A	A_024272
CN202210776349.9	A_021607
KR20180037547A	A_023222
US201817288869A	A_024293
CN201910319617.2	A_010122
TW114127301A	A_024193
CN202111030629.7	A_021327
US202117377251A	A_020615
IN202327040106	A_007705
US201916597411A	A_024379
CN202010137005.4	A_020951
DE102022106939A	A_005587
KR20237043173A	A_006695
US202318173863A	A_005552
CN201811570361.4	A_003727
CN202210056344.9	A_002360
CN202010333502.1	A_020985
CN201910710454.0	A_020850
CN202310744465.7	A_021990
US202217897053A	A_009973
US202318387962A	A_022504
KR20180109873A	A_019443
US202318314359A	A_007705
CN202310202132.1	A_016763
CN202111465719.9	A_021414
IN202011056466	A_022642
CN202211007901.4	A_011723
CN202211364352.6	A_021737
CN201911033006.8	A_020877
CN202111068940.0	A_000182
CN202210330727.0	A_001344
US202318180077A	A_024944
KR20230186051A	A_012487
IL28493221A	A_022602
CN202011082916.8	A_002141
KR20180064459A	A_023234
KR20220113963A	A_006703
CN202110126127.8	A_021199
CN202311286306.3	A_022132
KR20220103631A	A_023790
CN202310107754.6	A_021868
CN202210906484.0	A_016582
CN202110914018.2	A_021305
CN201911092326.0	A_012652
CN202110687502.6	A_000203
US202217956175A	A_007711
IN202111029711	A_022676
CN201810586568.4	A_015296
US202016742831A	A_024449
US202318181717A	A_024945
CN202010642900.1	A_021020
CN202110386195.8	A_020783
CN202011575060.8	A_016009
CN202010753912.1	A_021044
US202217994115A	A_006703
EP18826119A	A_005577
DE102021131749A	A_005415
US202318378988A	A_007700
US202117173732A	A_007790
CN202210795548.4	A_021610
IN202141061006	A_022753
CN202111235343.2	A_018521
JP2021523573A	A_023058
US202217976178A	A_024858
CN202010769384.9	A_021048
IN202141008351	A_022715
US202217829861A	A_009973
US202117140785A	A_009973
CN202010332204.0	A_020984
CN201910272728.2	A_015433
KR20220170410A	A_006702
CN202010307650.6	A_020978
CN201980081195.8	A_000910
KR20190143639A	A_023377
JP2021158613A	A_013293
KR20207034189A	A_023543
IB2020000520W	A_022576
CN202210776709.5	A_001600
CN202080062796.7	A_001517
US202318216086A	A_024497
KR20200166198A	A_006935
US202016739920A	A_022563
CN202110376657.8	A_000198
CN202110078737.5	A_021195
US202318170729A	A_022336
CN201910308883.5	A_000898
CN202110397172.7	A_000856
GB202305423A	A_022555
IB2023056558W	A_022592
CN202311411653.4	A_000380
CN202311243294.6	A_021740
CN202111117421.9	A_000326
KR20180049823A	A_023226
US202217988422A	A_020616
KR20180019534A	A_023212
US202016733201A	A_024439
KR20230067897A	A_023596
CN202111625009.8	A_020967
FR2214318A	A_005680
JP2023528006A	A_023175
CN201910511054.7	A_002415
US202218288306A	A_024885
EP20748260A	A_022444
US202318372511A	A_000115
KR20190000932A	A_006702
CN202120620895.4	A_021458
US202217587928A	A_007700
US202017017197A	A_024534
US202117354460A	A_005552
CN202010000879.5	A_000182
US202117485233A	A_009973
US202117540235A	A_008413
US202016841865A	A_007705
CN202210796600.8	A_002423
CN202280025663.1	A_020767
CN202411946243.4	A_000407
CN202111356785.2	A_001568
CN202211043806.X	A_021658
JP2023089770A	A_005487
US202217571598A	A_024776
CN201811450728.9	A_020723
CN201910143490.3	A_020791
CN202311185491.7	A_000692
JP2021158613A	A_006056
CN202010621183.4	A_000177
CN202111495683.9	A_000294
CN202210420934.5	A_010258
KR20210141709A	A_023602
CN202311810136.4	A_022270
CN202310611183.X	A_021956
CN201980039701.7	A_000128
CN201810534077.5	A_003072
CN202210271316.9	A_020767
CN202310002940.3	A_021848
EP21210974A	A_022461
US202217591548A	A_009973
CN201910982426.4	A_000198
CN202210231500.0	A_020974
IN202141008351	A_022716
CN202310844076.1	A_022015
CN202080047648.8	A_020921
KR20210171028A	A_005625
US202016795532A	A_024466
KR20210164516A	A_023685
CN201911357463.2	A_001136
CN202210483534.9	A_000324
KR20230166649A	A_013477
CN202211684374.0	A_020767
CN202310080666.1	A_000223
CN201910467770.X	A_002642
US202217898160A	A_009973
US202017069556A	A_024554
US201815993294A	A_005469
US202318304576A	A_024987
KR20190000757A	A_023314
CN202210204250.1	A_019176
US202217890960A	A_020650
CN202211008846.0	A_000315
CN202211545086.7	A_002615
CN2023080929W	A_021847
US202318304576A	A_000113
TR2023/004922	A_024161
CN202310165072.0	A_000254
CN202311214166.9	A_014475
US202217956940A	A_005467
CN201910819020.4	A_020723
CN201811201792.3	A_020721
KR20230166293A	A_013443
CN2019127659W	A_000128
JP2025508880A	A_005857
US202318388077A	A_005548
CN202111329694.X	A_000164
US202117320274A	A_024654
US202017119657A	A_007790
US202217675723A	A_024789
KR20230191427A	A_023602
CN202311204636.3	A_022103
CN202110320985.6	A_001103
CN202311845879.5	A_011723
KR20220166319A	A_023857
CN202311536313.4	A_016698
KR20210164516A	A_023686
CN202210824888.5	A_003450
CN202211012380.1	A_011518
CN202380013445.0	A_020715
US202318225267A	A_022336
CN202011254212.4	A_020752
CN202311820308.6	A_015516
KR20230153097A	A_006703
CN202211530042.7	A_000273
KR20230045090A	A_023918
US202217955841A	A_024851
CN202310550273.2	A_001018
US201916715565A	A_009973
AU2021107439A	A_020612
KR20190174506A	A_006695
IN202217000105	A_017250
US202318126153A	A_024814
EP24198018A	A_000037
KR20220176922A	A_023345
CN202311794391.4	A_022264
CN202311605505.6	A_018591
CN202110572819.5	A_021257
US202016808347A	A_024469
US202117165714A	A_024621
US202117468264A	A_009973
CN202010449115.4	A_001451
IN202321071605A	A_022867
CN202210483922.7	A_021483
CN2019077896W	A_000128
CN202310083900.6	A_021861
US2018047775W	A_024204
CN202222090980.1	A_021829
US2018045372W	A_007705
US202217978489A	A_006703
CN202380094180.1	A_020767
KR20247003035A	A_024096
JP2021161438A	A_023050
CN202310354849.8	A_000326
US202117390843A	A_024679
CN201910804112.5	A_000273
JP2021213802A	A_005628
CN202280029728.X	A_021170
CN202111601879.1	A_020685
US202117398259A	A_024304
KR20210105104A	A_023622
US202016997833A	A_021846
KR2020007406W	A_023456
CN201910185925.0	A_001770
CN2020098181W	A_000128
KR20230008479A	A_023896
CN202310517660.6	A_003152
KR20220160919A	A_023845
CN202210256543.4	A_000182
KR20180127222A	A_023276
CN202311224483.9	A_020096
US201815874066A	A_005469
AU2021107088A	A_020604
CN202110680030.1	A_015580
KR20220064474A	A_023760
CN202110643955.9	A_020977
EP22188561A	A_006703
IB2018001107W	A_022564
CN202111405222.8	A_010202
CN202211268716.0	A_000384
CN202110236925.6	A_000157
US202117382658A	A_007705
IN202121047159	A_022694
CN202311503266.3	A_000198
CN201910931108.5	A_010122
IN202111012567	A_022624
KR20230002623A	A_009726
JP2023502696A	A_007682
US202017107192A	A_007795
CN202011474139.1	A_004298
CN202310855285.6	A_018979
US202117200718A	A_009998
US202217734155A	A_007996
KR20230103873A	A_023646
KR2023022052W	A_024091
CN201810189728.1	A_001229
KR20200026610A	A_023435
JP2020034260A	A_006114
US202217820547A	A_024817
CN2019130962W	A_000128
US202117631201A	A_009973
US202217841982A	A_005809
CN201880039855.1	A_000128
CN202210658805.X	A_021590
IN202327035740	A_007705
CN202010583530.9	A_021013
DE102020003188A	A_022331
CN202311775563.3	A_000389
US2020062753W	A_024435
KR20190111340A	A_006694
CN202211006997.2	A_021654
KR20230182251A	A_024071
KR20210152830A	A_006702
CN202311524738.3	A_010693
CN202210835230.4	A_002199
CN202111422304.3	A_000831
IN202021046516	A_022658
CN2023099688W	A_005857
CN202311245903.1	A_001099
EP2020057148W	A_013068
CN202111267210.3	A_021377
CN201910625442.8	A_020723
CN202110866653.8	A_001173
CN202211262597.8	A_019300
US202118257020A	A_024757
CN202210350029.7	A_001029
US201815890027A	A_024211
KR20180125836A	A_023275
IN202121016180	A_022689
US202016858217A	A_024494
CN202210571926.0	A_021523
KR20190093501A	A_006695
KR20180153634A	A_011322
EP19160127A	A_022388
CN202310641180.0	A_021967
CN201810393557.4	A_000234
US202017012715A	A_024531
US202318526383A	A_023182
US202217822448A	A_007682
US202117155532A	A_024617
IB2023055374W	A_022590
US202016951213A	A_024515
EP18895000A	A_022383
CN202311395893.X	A_000182
CN202210796600.8	A_000315
CN202010742468.3	A_020989
US202318520169A	A_009973
KR20220162800A	A_023854
CN202110672081.X	A_021269
KR2022021243W	A_006703
CN202210705168.7	A_021595
CN202310689278.3	A_021976
JP2023563006A	A_023182
US202318867084A	A_008252
CN202311278756.8	A_022130
CN202311536313.4	A_022191
KR20230134169A	A_024012
JP2023118555A	A_023146
CN202111388646.8	A_001099
US202318847850A	A_025044
KR20190147983A	A_006586
JP2023150752A	A_023150
CN202011028820.3	A_000345
US201916563497A	A_007986
CN202310288672.6	A_001167
KR20220047526A	A_023750
CN202211014436.7	A_021656
US201816188752A	A_005587
KR20257018330A	A_024108
US201916586433A	A_006695
KR20230131576A	A_024008
CN202210672078.2	A_002318
CN201811634859.2	A_000292
CN202010851675.2	A_000377
US202217965868A	A_024854
KR20180012316A	A_006591
US2022034307W	A_024765
US201816167193A	A_007705
US202217938517A	A_000492
CN202010733886.6	A_021041
CN201911041239.2	A_000729
IN202341009564	A_022891
US202218048714A	A_023114
CN202011496340.X	A_021143
CN202310057497.X	A_000509
CN201811306304.5	A_020731
CN202311506991.6	A_000345
CN202211410007.1	A_011664
KR2022020213W	A_023882
CN202311827108.3	A_022279
CN202311116754.9	A_022079
CN202211190061.X	A_021692
CA2020050342W	A_020642
CN201811351029.9	A_002268
CN202210720164.6	A_021598
KR20210173797A	A_023698
CN202211104688.9	A_021675
US202017087545A	A_024564
US201916503878A	A_024304
US2018044560W	A_024202
JP2018232575A	A_006062
KR20230195322A	A_024088
CN202111465719.9	A_003152
US202016891267A	A_024229
KR20200129478A	A_023492
KR20230182251A	A_024072
CN202110782921.8	A_000317
KR20200003253A	A_007257
CN202010295474.9	A_020689
KR20190099980A	A_006694
CN202110471718.9	A_001668
CN202310093944.7	A_002590
KR2018003687W	A_006703
US202318370218A	A_022504
CN202310572049.3	A_001190
CN202311338624.X	A_000477
US202318698277A	A_009973
JP2020157257A	A_010941
US202218066248A	A_007719
AU2023203063A	A_020624
CN202210174578.3	A_019284
CN202180085752.0	A_000910
CN202111217560.9	A_021364
US201916352185A	A_006703
CN202210868161.7	A_020767
IN202241051679	A_007790
IN202121047159	A_022691
CN202023319677.1	A_003346
CN202110881270.8	A_003875
CN202323452629.3	A_022304
CN202210256828.8	A_001770
JP2018138958A	A_006090
IN202221005538	A_022777
JP2019163507A	A_006198
CN202210498737.5	A_020767
US202017247790A	A_007751
CN202380092800.8	A_021059
US202318098588A	A_000050
US202318220097A	A_024966
CN202310769349.0	A_021994
CA3065731A	A_020646
KR20210021467A	A_023558
EP18933853A	A_013595
US202318339461A	A_024353
KR20180118076A	A_023267
KR20230081149A	A_023971
US202117455473A	A_009911
US202016749200A	A_024455
CN202211425592.2	A_008975
CN202011436119.5	A_021031
CN202010603024.1	A_000315
IB2019061250W	A_022574
CN202310826980.X	A_010128
US202318302386A	A_022512
JP2018206529A	A_006114
US202217740160A	A_007661
CN202210622959.3	A_001003
AU2021107439A	A_020608
CN202111040829.0	A_020665
CN202211557263.3	A_000895
CN202111559823.4	A_020767
CN201880043257.1	A_012652
CN202111340113.2	A_021386
CN202210403246.8	A_021547
CN201880098130.X	A_020780
US202217956940A	A_007958
CN201811492747.8	A_000756
KR20190111340A	A_006695
DE112018001447T	A_007778
US201916279357A	A_024309
KR20230019954A	A_007162
JP2021012898A	A_017589
CN201910254872.3	A_000304
CN202311751863.8	A_001363
CN202311208490.X	A_008801
CN202111143286.5	A_021328
CN202311724249.2	A_019370
KR20230010209A	A_006493
JP2019182805A	A_022956
CN202310797280.2	A_000177
KR20230106070A	A_023989
CN202111044664.4	A_001366
CN201910945757.0	A_020723
US202318161999A	A_022445
CN202110925104.3	A_020752
CN201910031685.9	A_020783
US201916252543A	A_024305
US202117518012A	A_005577
KR20220106370A	A_023794
US202318196986A	A_024272
CN202310769349.0	A_000384
KR20210177093A	A_023702
CN201811073251.7	A_020707
CN201811215787.8	A_020722
KR20190174654A	A_006945
JP2020034274A	A_006114
CN202311761928.7	A_001372
CN202211652066.X	A_001613
CN202211101549.0	A_001613
CN202211434486.0	A_021749
CN202211521784.3	A_021522
US202016990411A	A_024521
CN2021104202W	A_005857
IN2021051186W	A_022674
CN202280099860.8	A_021839
KR20220157890A	A_007025
CN202311449591.6	A_004005
US202217957256A	A_008393
CN202110879618.X	A_000182
IN202311019288	A_013214
CN202310967219.8	A_022045
KR20190098353A	A_023363
CN202311675335.9	A_022228
CN202311326053.8	A_001634
US202117155532A	A_024619
US201916297364A	A_024316
CN202010819487.1	A_000294
DE202023103973U	A_022361
CN202210773604.4	A_021605
CN202011031428.4	A_021078
CN202211634246.5	A_000260
CN202110025542.4	A_010333
KR20230155469A	A_024044
CN202310356107.9	A_021909
US202318527162A	A_005809
KR20180110867A	A_006716
KR20220103067A	A_006661
CN202210870765.5	A_001363
CN202311486013.X	A_022172
KR20210154663A	A_023672
US201815989489A	A_006703
US202017027039A	A_024538
CA3104119A	A_020648
JP2022533395A	A_023107
US201815960640A	A_024232
IN202217011296	A_022585
US201816643991A	A_007719
KR20210118140A	A_023637
CN202323334230.5	A_000864
CN202310632190.8	A_018657
CN202110948248.0	A_001071
CN202111624638.9	A_021452
FR2309595A	A_022541
CN202211243569.1	A_021702
CN202311787387.5	A_022261
CN202110784002.4	A_021288
KR20210086650A	A_006267
JP2023184817A	A_005618
BR112020013972A	A_007705
US202118270397A	A_018178
CN202111540584.8	A_021430
EP19908505A	A_013124
CN202210426803.8	A_019128
CN202311035820.X	A_022057
US202017107736A	A_024580
CN202311364873.6	A_022147
DE102023117466A	A_022345
KR20220176573A	A_023867
CN202311279033.X	A_021212
KR20200128794A	A_009605
KR20180129143A	A_010976
US201815963143A	A_005809
US202218294155A	A_024886
CN202310138675.1	A_001865
CN202310539666.3	A_021937
CN202111441490.5	A_021410
CN202180005307.9	A_021471
CN201910315522.3	A_011662
US201916731891A	A_024399
US202318099776A	A_007824
JP2021193096A	A_013319
CN2022132390W	A_021824
JP2022520207A	A_023103
CN201810603814.2	A_020683
CN202310988332.4	A_004080
JP2020540392A	A_023001
US202118252169A	A_015130
EP22828870A	A_007383
CN202311437213.6	A_001060
CN202311051000.X	A_000326
KR20210175349A	A_023700
US202117461252A	A_022484
JP2022080016A	A_023077
CN201810404931.6	A_020677
US202017076579A	A_005469
CN202310214501.9	A_021885
CN202010518074.X	A_000292
CN201810750002.0	A_000182
IN202311048893	A_022835
CN2023124352W	A_022292
EP19807665A	A_022404
CN202211524233.2	A_000384
US202118705126A	A_007383
US202318226565A	A_024972
CN202211664790.4	A_003114
US201916712502A	A_006703
CN202310760615.3	A_021992
JP2020122143A	A_005604
CN202110383706.0	A_021220
JP2020107230A	A_006313
CN202111044664.4	A_000292
US201916242520A	A_007705
KR20190151848A	A_023397
CN202310983553.2	A_001099
IN202121016180	A_022687
CN202510522997.5	A_021242
CN202210135087.8	A_021498
CN202111024520.2	A_021320
CN202110046360.5	A_003130
CN202110247254.3	A_012656
CO2018000021W	A_022320
CN202211636977.3	A_021782
IN201817011149	A_022607
JP2019022675A	A_005604
US202117755086A	A_024593
CN202110600483.9	A_021265
US202017067276A	A_005469
CN202011466964.7	A_021139
US202217944094A	A_005577
US202318241075A	A_024271
CN202210246271.X	A_002872
KR20230049485A	A_023925
US201917756674A	A_007824
KR20210050734A	A_023588
CN202310665646.0	A_003875
KR20190125030A	A_006779
KR20257021396A	A_024110
CN202110749529.3	A_021281
LU501248A	A_024112
TW112104021A	A_024188
KR20200117102A	A_012471
KR20220166817A	A_023858
CN202180002248.X	A_012652
CN202311200125.4	A_022101
US202117201419A	A_024642
CN201811179366.4	A_020717
CN202310456470.8	A_000756
CN202311691103.2	A_000384
CN202211487009.0	A_021754
CN202211693979.6	A_010259
CN202311696236.9	A_015420
CN202211065961.1	A_003256
CN202310128657.5	A_020812
CN201910620768.1	A_020723
CN202311854141.5	A_022287
JP2022067096A	A_023073
IN202331062418	A_022874
KR20190173119A	A_006694
CN202010197757.X	A_004005
US202217683125A	A_022517
CN2020078629W	A_000492
EP20788571A	A_022449
CN202310094129.2	A_018907
KR20230194013A	A_010991
CN201810825689.X	A_000198
US202318219886A	A_022400
KR20210157133A	A_007790
US202117525246A	A_024713
US202318114453A	A_024545
CN202222480733.2	A_003095
CN202010510683.0	A_021006
KR20180143850A	A_023283
EP21196602A	A_007790
AU2021107439A	A_020610
US202318165120A	A_022336
CN202110464398.4	A_001676
CN202010107027.6	A_000308
DE202023103973U	A_022362
KR20230012578A	A_023900
JP2023528006A	A_023176
CN201910587455.0	A_001821
US2023084447W	A_022336
CN202011133499.5	A_021086
JP2023078671A	A_023132
KR20230018276A	A_006702
CN201811123247.7	A_000198
KR20220140502A	A_006702
CN201811518727.3	A_020742
CN201910218449.8	A_020797
US202117483944A	A_024696
US202318173421A	A_007700
KR2019012391W	A_023369
CN202111103703.3	A_021340
CN202211636576.8	A_008931
US202217892339A	A_005548
CN201910467770.X	A_016582
CN202110592734.3	A_014927
CN202110317561.4	A_020967
CN201911400504.1	A_020909
JP2019231829A	A_022964
US201815993280A	A_024240
CN202010642437.0	A_020752
CN202310266803.0	A_021892
CN202111449863.3	A_000273
CN202211728523.9	A_021814
US202017078148A	A_024560
CN201910009101.8	A_020726
KR20230145354A	A_015104
CN202111471473.6	A_001027
JP2019194549A	A_000037
JP2022109168A	A_017588
CN202311518616.3	A_000315
AU2020102305A	A_020577
CN202311321842.2	A_000384
CN202311638040.4	A_016770
US202218148268A	A_005809
KR20200020826A	A_006694
CN202211380952.1	A_000863
CN202211030529.9	A_000196
US201815912316A	A_014421
CN202311823232.2	A_022276
CN202310183698.4	A_001676
CN201980092470.6	A_020935
US202117391395A	A_022336
CN201920821228.5	A_020914
CN202311362019.6	A_020752
CN202210577574.X	A_003155
CN202010704859.6	A_021033
CN202311486013.X	A_022173
IN202311086871	A_000045
KR20257016415A	A_024104
CN202211014426.3	A_021656
KR2019008572W	A_006695
CN2018124346W	A_000128
CN202310804647.9	A_022002
CN202111603196.X	A_000831
JP2025518350A	A_023190
KR20220084058A	A_023775
IN202341083886	A_017376
DE112023000383T	A_022336
KR20230152300A	A_023845
CN202210067388.1	A_001017
EP18156807A	A_000112
CN202211319263.X	A_003042
CN201811392270.6	A_020723
IN202241037444	A_022798
CN202311781202.X	A_000406
CN202311366689.5	A_001568
CN202311097477.1	A_000509
CN201811549441.1	A_002933
KR20230155829A	A_024045
KR20230186530A	A_012487
CN202110901991.0	A_021304
CN202011021830.4	A_021077
JP2021509055A	A_005496
US202117794636A	A_005496
US202117504711A	A_007790
US202318545141A	A_005809
CN201810299122.3	A_001229
CN202311816957.9	A_021686
CN202011253124.2	A_021107
US2020012833W	A_007705
KR20180108168A	A_023264
CN202010603574.3	A_000315
KR20180127222A	A_006556
JP2022091665A	A_008252
US202318471858A	A_000005
US202318191704A	A_005857
KR20190102525A	A_006695
CN202110827342.0	A_001600
CN202311571862.5	A_001568
CN202180090039.5	A_021476
KR20210110201A	A_023632
US201816144694A	A_024265
US202218272965A	A_024882
CN202110707119.2	A_000292
CN202310347799.0	A_021905
IN202227038502	A_007705
KR20230095104A	A_023825
CN202311699657.7	A_022235
EP21806901A	A_007705
IN202021055433	A_022664
CN202310594954.9	A_021953
US202217858579A	A_009973
CN201811458041.X	A_020723
CN202010928979.4	A_021068
US202318470359A	A_022403
CN202310172835.4	A_020715
US202016739920A	A_024444
US202117196438A	A_013592
JP2021179865A	A_023028
CN202310560996.0	A_001071
IN202311033111	A_022834
KR20210160022A	A_006555
CN202321866688.2	A_022299
US202016777815A	A_024456
KR20210175313A	A_023698
CN202311827471.5	A_019528
CN202010661482.0	A_001366
US202117182102A	A_024629
CN202011383103.2	A_001568
KR20230064529A	A_023945
IN202211039391	A_005811
CN202311149466.3	A_022070
US202117400975A	A_007705
KR20230179006A	A_007351
CN201911319821.0	A_020904
KR20230153666A	A_024030
CN202010326763.0	A_020981
CN202010822885.9	A_021059
CN202111234265.4	A_021369
CN202311114802.0	A_022078
EP21151029A	A_006703
US201916568462A	A_024368
KR2021006359W	A_006694
US202218057039A	A_022336
US202017124413A	A_022484
CN201911372187.7	A_020908
KR20210024877A	A_023561
KR20220003240A	A_005626
CN202311338942.6	A_014087
KR20230161586A	A_024056
IN202227023688	A_007705
US202318212462A	A_024961
EP19725096A	A_005404
CN202210339366.6	A_014568
US202318492048A	A_024878
CN202010441686.3	A_000198
US202117478649A	A_000057
AU2022202867A	A_020621
JP2023150752A	A_023153
US202117774194A	A_024737
CN202280100266.6	A_020659
CN202311556266.X	A_001363
KR20210161920A	A_023678
CN2019126040W	A_000226
KR20230002575A	A_023889
US201815956175A	A_024230
CN202310881575.8	A_022025
JP2022116732A	A_006302
CN202010442497.8	A_021001
KR20200015691A	A_023428
CN202310021781.1	A_021853
CN202311052967.X	A_002168
US202117498248A	A_024580
CN202010769384.9	A_021046
KR20200104464A	A_023470
US202318540426A	A_022336
KR20230179399A	A_023646
IN202211008478	A_022767
CN202011141786.0	A_021095
CN202310580934.6	A_000301
JP2022088042A	A_006151
CN202211733378.3	A_021818
KR20200189900A	A_006703
KR20210160022A	A_006556
US202318241553A	A_024982
CN202210312372.2	A_021528
CN202210506022.X	A_000337
CN201910315522.3	A_020811
CN202310028015.8	A_021855
CN202311413477.8	A_019128
US202118701065A	A_013124
US202017101297A	A_024574
KR20230015450A	A_023646
CN202010244594.6	A_004382
CN201880054143.7	A_000910
JP2021558600A	A_023062
US202218712338A	A_024897
KR20220159449A	A_023842
CN202111546267.7	A_021431
US202217931416A	A_009973
CN202211353135.7	A_000260
US201917604700A	A_024419
US202117524909A	A_022445
CN202110974842.7	A_020977
US202318467403A	A_023642
KR20230152300A	A_023846
CN202111105771.3	A_020727
FR1870395A	A_022530
CN202010129553.2	A_020752
IN202311001753	A_022831
US202016851426A	A_024492
US202318510811A	A_005809
CN202310392547.X	A_000299
CN202211146873.4	A_000271
US202017110853A	A_006835
JP2018079448A	A_022933
CN202310540229.3	A_021938
CN202310047220.9	A_014490
KR20230085388A	A_023977
CN202311629336.X	A_000845
CN202010332204.0	A_000171
JP2023055643A	A_023071
IN2020050083W	A_022622
CN202211624636.4	A_021779
IN202341009564	A_022892
KR20230115991A	A_017621
KR2022005517W	A_023753
CN201910616614.5	A_020841
KR20230049184A	A_023923
CN202380095701.5	A_022315
CN202211428489.3	A_011668
CN201910116109.4	A_020787
CN202011171771.9	A_021101
JP2021194710A	A_005618
CN202010558359.6	A_021011
CN202311627840.6	A_000182
CN202311116754.9	A_022080
KR20220140501A	A_006703
CN201810392430.0	A_000258
IN202231054142	A_022786
KR20220000416A	A_006581
EP21762159A	A_008113
CN202111081731.X	A_003152
KR20200132652A	A_023504
CN202210605405.2	A_000304
US2018013468W	A_024196
KR20190112083A	A_023306
CN202111569461.7	A_021271
CN201811338415.4	A_016582
CN202211510534.X	A_000134
US202117348408A	A_024662
US201916373051A	A_024098
KR20200171241A	A_023531
US202117326963A	A_024655
KR20230049007A	A_023921
KR20180080961A	A_012457
US202217735458A	A_009973
CN2022123602W	A_007790
KR20210147757A	A_023660
CN202310636278.7	A_021965
CN2021138702W	A_020724
CN201810182396.4	A_020663
US201916700055A	A_008042
US201916963836A	A_024400
CN201910745141.9	A_020723
CN202210610804.8	A_001485
US201816497419A	A_006703
KR20230114725A	A_023992
CN202311658407.9	A_022226
US202016993038A	A_024525
CN201910293748.8	A_020723
US202217728465A	A_005587
JP2019541770A	A_022969
KR20210058694A	A_006826
CN201811592246.7	A_020723
CN202210275988.7	A_002684
DE102022211501A	A_005426
JP2023207759A	A_005487
JP2019560814A	A_006196
CN202010000373.4	A_000304
CN202311076176.0	A_018756
US201916584119A	A_000037
US202218072566A	A_007661
US202318141545A	A_024271
CN202211643646.2	A_021785
US202318110803A	A_007705
CN202011496196.X	A_000977
US202117188938A	A_005618
CN202311709886.2	A_000213
US202017098660A	A_020641
US202117378393A	A_024671
US202318201490A	A_024954
RU2022133019A	A_007545
US2022031427W	A_022336
US202318470347A	A_022403
JP2019115508A	A_006169
CN202311129335.9	A_000326
US202318353586A	A_022336
CN202010929972.4	A_001029
CN202210046866.0	A_021484
US201816162508A	A_007705
CN201810873782.8	A_020694
KR20200114865A	A_023482
US202318543015A	A_025039
CN202311336750.1	A_000416
CN202210655824.7	A_000979
CN202210674915.5	A_021592
KR20227023244A	A_009973
CN202311470640.4	A_001676
CN202310395908.6	A_003116
CN202010335557.6	A_020986
US202218279396A	A_024884
US202217667756A	A_024098
KR20230013654A	A_023642
KR20200168830A	A_023529
CN201910623996.4	A_002433
US202017115983A	A_022400
US202017085634A	A_022509
US202017780009A	A_024607
CN201811494297.6	A_000845
JP2023135749A	A_022964
US2021052833W	A_024613
CN201911066306.6	A_020881
CN202111062329.7	A_001123
CN202311589564.9	A_022207
EP19722981A	A_022397
CN202110863082.2	A_002360
CN202010031878.7	A_000134
CN202311574131.6	A_013744
CN202111272515.3	A_020719
CN202011165485.1	A_021100
CN201910787859.4	A_020685
KR2021000768W	A_013432
US202218070569A	A_024263
CN202080002022.5	A_021161
US202017011630A	A_009973
CN202310084309.2	A_021862
CN202011480427.8	A_000543
CN201911066983.8	A_001750
EP21169013A	A_005469
US202017092237A	A_022509
US202117159986A	A_024098
CN201811598711.8	A_020749
CN202211414880.8	A_021745
KR20210164993A	A_007262
CN202210703105.8	A_001770
CN202310876130.0	A_000509
KR20210164876A	A_006480
CN202211125757.4	A_021681
KR20230103303A	A_007186
CN202011112224.3	A_000543
KR20180025323A	A_010954
JP2022155162A	A_023096
IN202311016657	A_022766
KR20217042277A	A_009973
CN202011144731.5	A_021098
JP2022203538A	A_005507
US201916424191A	A_020615
KR20180142375A	A_023280
IN202241066484	A_022826
IB2020056896W	A_022581
CN201910761588.5	A_000299
JP2023531450A	A_005496
US202117492172A	A_024702
CN202110928645.1	A_000139
CN202111479890.5	A_021396
CN202311386521.0	A_000896
EP22198159A	A_022484
DE202022105964U	A_022358
KR20190048329A	A_006637
CN202110127611.2	A_002305
KR20220092941A	A_006722
US201816140554A	A_024263
CN202310010866.X	A_021851
CN202010779989.6	A_001087
IN202331073120A	A_005857
CN202310592510.1	A_000223
CN202310821131.5	A_022010
US202217983191A	A_024860
CN202210255754.6	A_000294
JP2019123695A	A_022951
CN202011404228.9	A_021129
US201815974016A	A_024236
CN202110935558.9	A_021310
KR20210171028A	A_006759
CN202210997535.5	A_001347
CN202310438776.0	A_000213
CN202310646951.5	A_001613
KR20217005597A	A_009973
CN202011268445.X	A_001003
EP22863760A	A_007682
KR20230066369A	A_023949
CN202211504644.5	A_000384
US202016791627A	A_024465
AU2018286646A	A_020567
US202217689098A	A_024795
CN202310161507.4	A_003916
CN202311412448.X	A_022162
KR20220003913A	A_006780
US202117552347A	A_020616
CN202310800725.8	A_000979
US201916678827A	A_007705
JP2023150752A	A_023156
CN202110636073.X	A_000182
US202318331715A	A_024871
CN202210843396.0	A_000301
CN202311641052.2	A_016922
CN202110637876.7	A_001123
US202318180207A	A_007829
CN202310034767.5	A_015461
KR20210164516A	A_023683
US202117497997A	A_024707
US201916580200A	A_000037
CN201911163852.1	A_020752
CN202180014806.4	A_020715
CN201980004932.4	A_020659
US201815879686A	A_013124
CN2018088988W	A_000128
CN201910636339.3	A_020723
CN202010666486.8	A_001659
IN202121047159	A_022690
US202217880168A	A_006402
US202016856759A	A_007996
CN202310583664.4	A_021952
US202318324349A	A_024989
CN202311210430.1	A_000315
US202117502897A	A_009911
US202117928207A	A_024743
CN202110854863.5	A_009133
CN202211668829.X	A_000514
CN202010758637.2	A_001029
TR2021016197U	A_024154
DE102023134057A	A_009973
CN202211666427.6	A_011842
KR2023005063W	A_023932
CN201811475041.0	A_020726
JP2024562331A	A_020640
IN202011056466	A_022639
CN202210772899.3	A_021604
CN202110360038.X	A_002168
CN202110046360.5	A_003131
CN201811274054.1	A_010122
CN202010747273.8	A_021043
KR20257010124A	A_005636
CN202311003217.3	A_002176
KR20190080963A	A_007257
US201916555928A	A_006695
KR20210067653A	A_010969
CN202010664026.1	A_021026
KR20230010209A	A_006491
CN202110157469.6	A_021202
US201916658238A	A_024385
CN202323132629.5	A_003002
CN2018103580W	A_000226
CN202010659147.7	A_000273
KR20200086749A	A_009746
CN202210451305.9	A_021553
CN202010344398.6	A_020990
US201917255497A	A_013357
KR20230147237A	A_024021
CN202210204279.X	A_019176
KR20200187143A	A_023540
CN202210785448.3	A_000315
CN202210151871.8	A_001099
CN202311220017.3	A_001676
CN202110002537.1	A_015473
IN202141027839	A_022727
US2018044912W	A_005467
KR20210163173A	A_005588
IN202127060061	A_008252
US202318208763A	A_024957
US202016739920A	A_024445
US201816117271A	A_007733
KR20200161999A	A_023525
CN202210969860.0	A_021649
US202117390595A	A_024271
KR20237028511A	A_024095
CN2023077843W	A_000294
US202118011108A	A_022427
CN202111390810.9	A_002872
US201916447799A	A_024343
EP22893762A	A_009973
JP2023014258W	A_023119
CN2023115476W	A_005857
KR20200187144A	A_023541
CN202311796027.1	A_001676
CN202310436909.0	A_021920
US202318168538A	A_008221
CN201880083795.3	A_020775
CN202311565230.8	A_000991
US202217994796A	A_008385
JP2021107164A	A_022351
US202217955814A	A_024801
FR2209587A	A_022540
CN202010228134.4	A_020965
DE102022120389A	A_022343
CN202011356028.0	A_021122
CN202310529852.9	A_012218
IN201941020477	A_022619
US202117544439A	A_006703
SG11201906699W	A_024144
CN202110006278.X	A_013765
CN202210588899.8	A_021578
KR2019008795W	A_006695
US201916239046A	A_006703
US202016983030A	A_006703
US202016738143A	A_024440
US202318508915A	A_009973
IN202021025784	A_005882
CN202110323376.6	A_021216
US202016788054A	A_024462
US202117233097A	A_024098
KR20200115341A	A_014176
CN201911163463.9	A_018587
CN202110900587.1	A_020767
CA3034834A	A_020645
CN201910288355.8	A_020808
CN202111632391.5	A_021454
US202318209341A	A_005809
CN202311589331.9	A_001485
CN202010703266.8	A_000947
US202117220832A	A_005499
CN202010800103.1	A_021054
CN201921989191.3	A_020917
CN202211043894.3	A_021659
JP2018039908A	A_022928
US201816015333A	A_006226
CN202310600494.6	A_011461
US202218083352A	A_022488
CN202210217354.6	A_001071
CN202310854345.2	A_000203
US202117434314A	A_006703
KR20190050313A	A_023352
EP21917804A	A_006695
KR20220075366A	A_023320
CN202110614575.2	A_001756
US202318477651A	A_022336
CN202310495601.3	A_002913
CN202311566567.0	A_022198
US202016947926A	A_022413
JP2018539449A	A_022942
CN201811536154.7	A_020724
TR2023007770A	A_024158
CN2019075707W	A_000129
CN201911396401.2	A_001138
CN202011501416.3	A_012868
US201816756614A	A_006083
CN202010690289.X	A_000778
EP2019063750W	A_022428
US2020045319W	A_007841
US201815934870A	A_024225
CN202110477130.4	A_001770
CN202010336978.0	A_000294
KR20230066271A	A_023523
US202117211509A	A_024648
KR2019017296W	A_023414
JP2022088042A	A_010941
CN202210019796.X	A_000735
CN202110953805.8	A_021312
CN201910214205.2	A_000294
US202117502375A	A_024271
CN201911080634.1	A_020882
CN202211268130.4	A_002590
US202217578750A	A_024777
US202016820572A	A_024478
CN202210339366.6	A_021536
CN201922019715.2	A_020918
CN202211146873.4	A_000936
KR20220136978A	A_023702
EP19178374A	A_022389
CN202311272726.6	A_001655
TW112149564A	A_024190
CN2021095551W	A_000128
US201916730652A	A_006695
US2021025474W	A_024610
US202017108976A	A_024438
CN202311201646.1	A_012652
CN202111520821.4	A_001821
US202318398657A	A_025007
US201917280238A	A_006223
KR20220162791A	A_023851
US202117525839A	A_024098
US202217935465A	A_022336
CN202210552178.1	A_021573
CN202110345378.5	A_000273
US202016814583A	A_024472
IN202341045619	A_022904
CN202110344018.3	A_001765
CN202010126905.9	A_020685
KR20200162415A	A_023527
CN201910318028.2	A_020812
IN202221019791	A_013262
CN201910753662.9	A_008526
KR20230066369A	A_023954
CN202311116754.9	A_019300
JP2021077851A	A_023027
US201816237044A	A_009973
CN202210243404.8	A_001574
CN202311041018.1	A_019281
CN202211579032.2	A_018561
KR20210164800A	A_006766
CN201811076049.X	A_000384
US202017119576A	A_009973
CN202211338504.5	A_021728
CN202311533467.8	A_022189
US202218577256A	A_024890
CN202311486658.3	A_011240
US202017013377A	A_024533
CN202310998160.9	A_000955
CN201910806797.7	A_020859
US202018001622A	A_024609
IN202341063596	A_022919
KR20220157683A	A_006594
CN202311741519.0	A_012858
NL2031012A	A_024117
CN202311672653.X	A_002282
CN202010682845.9	A_021028
KR20200132410A	A_023502
CN201910999717.4	A_000636
US201815979872A	A_024238
KR20230002573A	A_023889
AU2020275846A	A_020593
US202016803463A	A_007682
KR20200181794A	A_023536
DE112021006744T	A_006170
CN202210419345.5	A_013029
US202217847977A	A_024835
CN202211139277.3	A_021683
CN202011298262.2	A_000469
KR20230051664A	A_023933
CN201810463947.4	A_000292
US201916283180A	A_007751
JP2018199505A	A_022936
US202217855595A	A_024522
CN202110608863.7	A_001377
CN202111070360.5	A_000995
DE102018125966A	A_022324
CN202310406721.1	A_010617
CN202311736897.X	A_000294
US202117244734A	A_009973
CN202310108884.1	A_001018
KR20220092941A	A_006663
CN202310236520.1	A_008469
SK500072023A	A_007581
US202318515416A	A_005585
US202017119785A	A_007790
EP21773247A	A_007705
US202318093581A	A_007719
CN202110448797.1	A_021235
KR20200010670A	A_006695
KR20230158972A	A_006703
JP2023512405A	A_020640
CN201910753662.9	A_020853
CN201910710454.0	A_000514
CN202311675101.4	A_021162
CN202211097536.0	A_000276
US202217960750A	A_014993
CN202010380930.X	A_000260
CN202110515931.5	A_021247
IN202311033111	A_022833
CN202111632391.5	A_021453
US201916593499A	A_024378
CN202310718154.3	A_021984
US201917049859A	A_007976
US201816170881A	A_024098
KR20200030145A	A_023438
CN202311300272.9	A_022134
CN202180005307.9	A_021472
CN202310181121.X	A_021880
CN202011624931.0	A_020719
CN202011470928.8	A_012218
JP2023078671A	A_020621
IN202131001783	A_022710
CN202310534928.7	A_000756
DE102019127229A	A_022329
US202217570468A	A_024774
CN202210973707.5	A_021650
US202217735057A	A_024497
CN202211672028.0	A_021797
CN202211319263.X	A_021724
US201815963783A	A_007835
CN201811457866.X	A_020726
IN202241066484	A_022827
CN202210486920.3	A_000384
US202016742145A	A_000129
KR20220092427A	A_023782
KR20230050496A	A_023929
CN201910131557.1	A_000942
CN202210103828.4	A_021494
KR20180068211A	A_023239
CN202011019957.2	A_021076
CN202211276583.1	A_021711
KR20230180351A	A_017622
CN202211658926.0	A_015660
CN202011330418.0	A_020752
US202017060140A	A_024544
CN202311365902.0	A_000294
CN202010735117.X	A_003951
CN202310328766.1	A_021902
IB2023061010W	A_007383
US202117179521A	A_007996
CN202111119157.2	A_004121
CN202010422871.8	A_002859
CN2022099839W	A_005857
JP2023150752A	A_023157
CN202210608186.3	A_021581
CN201910578663.4	A_020767
CN202310779784.1	A_000134
CN202310481630.4	A_021925
CN202211413283.3	A_021744
IN202341007553	A_022881
US202117566198A	A_024734
IN202127059404	A_022702
US202217758332A	A_009973
US201916291843A	A_008252
US201916457075A	A_024347
US202218080568A	A_009973
KR2021000523W	A_006694
CN202111114080.X	A_021342
US202016830395A	A_024480
CN202211446962.0	A_021556
CN201811104859.1	A_020712
KR20220072535A	A_023768
US201815912951A	A_005809
AU2021360758A	A_020619
JP2018052719A	A_006286
KR20180025818A	A_023216
EP21803141A	A_022472
US202318315229A	A_008401
CN202110261337.8	A_000692
CN202110353157.2	A_000315
CN202010316880.9	A_001567
KR20230051333A	A_005625
US202016843932A	A_020572
US202318484209A	A_010063
US202217903096A	A_024642
DE112023004259T	A_022341
CN201920860856.4	A_004161
CN2018118007W	A_000128
CN202210220494.9	A_012652
CN202310249124.2	A_011210
KR20257016415A	A_024105
CN202210361956.9	A_021539
CN202310992866.4	A_022052
US202318182086A	A_022336
KR20197035126A	A_007782
KR20230069242A	A_006550
KR20200045976A	A_006835
US201816217896A	A_024275
US201816650135A	A_024284
US202318124467A	A_007700
CN202311517407.7	A_020752
IN201941003216	A_022617
CN202010894265.6	A_003084
CN202110442697.8	A_021233
KR20230103303A	A_012496
KR20210112831A	A_023634
EP21723764A	A_022467
CN201810163870.9	A_000294
CN202310483467.5	A_021864
CN202211638510.2	A_021783
DE202023105341U	A_022365
CN202311711078.X	A_000756
US201815964644A	A_024235
CN202211248998.8	A_021353
US202318168681A	A_006703
CN202111084424.7	A_021335
US201916408917A	A_005618
CN202211186421.9	A_000315
CN201910369420.X	A_020820
US202118257020A	A_024756
KR20220160321A	A_006930
CN202110083050.0	A_000947
KR20190050603A	A_006936
CN201810188883.1	A_013819
US202318533807A	A_006695
EP22925194A	A_009973
CN202310291577.1	A_011872
CN202111394961.1	A_000709
JP2023020814A	A_006206
CN201980083138.3	A_000910
CN201910569557.X	A_020839
CN202210087058.9	A_000991
JP2022017348A	A_023066
US2022013993W	A_024763
CN202211172700.X	A_021688
JP2021031695W	A_006223
JP2022088424A	A_023030
US201916505730A	A_024350
KR20210138494A	A_023651
CN202211511271.4	A_020752
KR20220084776A	A_023777
CN202311437328.5	A_022164
CN202110907843.X	A_020767
CN202310814661.7	A_000273
JP2022080016A	A_023078
CN202211330461.6	A_008959
CN201810895156.9	A_020696
US202217693754A	A_024098
JP2019138291A	A_022953
US201916359841A	A_022504
US201917044596A	A_024405
CN202011263242.1	A_021109
CN202311515943.3	A_020723
CN202111668486.2	A_000203
CN202310624269.6	A_002378
US202318340423A	A_005572
IN201817049481	A_022610
US202217658904A	A_007705
KR20210123537A	A_023640
CN202310983553.2	A_000936
CN202111196412.3	A_002439
CN201910233985.5	A_020752
US202217834900A	A_024524
CN2019081027W	A_000128
CN202010693500.3	A_021029
KR20220003240A	A_005625
US201816108742A	A_024235
JP2021174889A	A_023027
US202318385184A	A_005548
CN202310656680.1	A_021973
US201816196098A	A_006703
CN202211248998.8	A_008877
CN202211159057.7	A_000681
CN202211085149.5	A_001668
CN202311471294.1	A_005302
CN202110078737.5	A_021196
US201916262708A	A_024307
CN202210484750.5	A_021558
CN2018075538W	A_013557
US202217842320A	A_024833
US2023084326W	A_024785
CN202111521034.1	A_000223
KR20230008183A	A_006754
CN202211552328.5	A_003162
CN202311369886.2	A_014648
CN202210314324.7	A_002168
KR20220081812A	A_006766
CN202311788653.6	A_022263
KR20230141750A	A_024020
IN202141020624	A_022720
KR20180029479A	A_023221
CN202111026439.8	A_020752
CN202110680030.1	A_016566
US202016890030A	A_022393
CN202211636576.8	A_000384
CN202110582120.7	A_021258
CN202210171613.6	A_001205
US202318295358A	A_007711
CN202210529560.0	A_013765
CN202211581708.1	A_011202
CN202310410380.5	A_005121
CN202311625120.6	A_022213
IL27834120A	A_022600
JP2023052064A	A_005618
US201916577865A	A_006695
KR20200117770A	A_023485
CN202310796111.7	A_016259
US202017789752A	A_005496
CN202310741335.8	A_021607
KR20237007080A	A_006694
CN201810066755.X	A_000134
CN202222328497.2	A_021831
US201816218442A	A_005565
JP2021150654A	A_006157
CN202121954486.4	A_021467
US202218084299A	A_024670
CN201910817892.7	A_020723
US201916243406A	A_024303
CN202311285546.1	A_000831
KR20220128033A	A_006877
CN202210020637.1	A_004157
CN201811215820.7	A_020723
AU2023390313A	A_020629
CN201811490220.1	A_020726
CN202121146878.8	A_004111
US201917059010A	A_006703
US202016860368A	A_007821
US201815976517A	A_024237
US202318316980A	A_022344
US202016826678A	A_024479
CN201910146313.0	A_013698
JP2021156330A	A_006310
CN202010022388.0	A_020940
CN202311707575.2	A_021971
JP2023059177A	A_006196
CN202210843027.1	A_021616
US202117597985A	A_009973
CN202010653600.3	A_021023
CN201921894436.4	A_020916
CN202310279257.4	A_000756
US202117537253A	A_007661
CN202111076651.5	A_021334
DE202020105099U	A_022354
CN202311546343.3	A_022195
CN202210401660.5	A_020752
EP2022052712W	A_007383
CN202110218473.9	A_021208
US202218876145A	A_007705
CN202311742819.0	A_022250
US202217574794A	A_007986
CN202210939940.1	A_000177
EP21703185A	A_022464
CN201911195639.9	A_002913
IN202321042437	A_022863
US201815942789A	A_024227
CN202111428307.8	A_001366
KR20180160706A	A_023308
US202217663139A	A_009973
CN202311232241.4	A_022116
CN202010468941.3	A_000988
US202016997542A	A_007705
CN202310400213.2	A_020967
CN2019124580W	A_000128
CN202210436924.0	A_002630
CN202111505642.3	A_003691
US2019015218W	A_005809
KR2019008675W	A_006695
IN201947013456	A_005809
IN202131001783	A_022708
CN202280062872.3	A_000910
CN201911250399.8	A_001183
IN202341075779	A_018130
KR20220076577A	A_023770
CN202310809640.6	A_001710
CN202311694704.9	A_001433
US201815902400A	A_024218
CN202311578095.0	A_000543
CN202110350008.0	A_000692
CN202380098864.9	A_012652
JP2022105546A	A_006069
SE2018051295W	A_024141
CN202311734808.8	A_003436
CN201910844223.9	A_000273
CN202111285956.7	A_005035
CN201911275864.3	A_020719
KR20217005597A	A_023718
TW107131587A	A_024164
IN202241042004	A_022813
US202318397399A	A_009973
FR1908548A	A_022534
GB201905242A	A_005809
CN202311632023.X	A_022219
CN202311528480.4	A_000255
CN202311727147.6	A_022243
KR20210123537A	A_014394
CN202310668270.9	A_000304
CN202111010802.7	A_002448
CN202310703473.7	A_021979
AU2020103294A	A_020589
CN202310960707.6	A_010601
CN202311743263.7	A_000931
CN202311625177.6	A_022214
KR20210164762A	A_012488
CN201910986667.6	A_003688
JP2020078247A	A_010941
CN202111505678.1	A_000182
US202218091502A	A_024878
KR20230017518A	A_023818
KR20220189554A	A_006876
US202318304223A	A_007682
JP2022120572A	A_006286
CN202311083274.7	A_022068
CN202110678752.3	A_020752
US201916556838A	A_022504
KR20210074322A	A_006834
US201916669288A	A_005587
CN202410721499.9	A_021011
CN202211661737.9	A_021791
CN201911245318.5	A_000292
CN202111259453.2	A_021375
KR20230186051A	A_024074
CN202011144677.4	A_021097
KR20190024645A	A_023338
FR2009581A	A_005680
KR20190153884A	A_023399
CN202110802831.0	A_001676
CN202311436094.2	A_020752
CN202211014424.4	A_021656
CN202311213464.6	A_000389
CN202310315214.7	A_000326
CN202210413081.2	A_021548
CN202311588919.2	A_004157
CN202310989860.1	A_001099
US202318451509A	A_008359
CN202311799653.6	A_005107
US202217968687A	A_007661
JP2021067013A	A_023023
US202318466233A	A_008379
CN202310156315.4	A_021876
US202217965622A	A_000050
KR20230066369A	A_023952
KR20200138232A	A_006702
AU2023443525A	A_020631
KR20230013882A	A_006703
JP2022083197A	A_022403
US202118268060A	A_006223
CN202310123079.6	A_000337
US202218275301A	A_024883
CN202310200598.8	A_017027
CN202311817710.9	A_000514
CN201810938663.6	A_001055
KR20230156789A	A_024050
KR20220140089A	A_023349
CN202010884720.4	A_000253
CN202010296174.2	A_020975
US202017017104A	A_022509
CN201910071671.X	A_020726
KR20220105749A	A_023792
KR20190026231A	A_023339
US202117361324A	A_005587
JP2018208503A	A_022937
CN202011336236.4	A_001404
US202016950596A	A_024514
KR20190028479A	A_023341
US202017622310A	A_006223
CN202180090039.5	A_021478
CN202010225912.4	A_020719
CN202380069074.8	A_001520
CN202011386581.9	A_000182
CN201810298872.9	A_020674
EP23724364A	A_008449
CN202310825156.2	A_000452
CN202211587872.3	A_012360
IN202321042437	A_022862
IN202241037444	A_022799
CN202210476407.6	A_000641
CN202310184373.8	A_021781
US202318112457A	A_024918
KR20220059962A	A_023757
JP2022078880A	A_023030
US202318211476A	A_009973
KR20220186173A	A_023880
CN202011429992.1	A_012724
CN202310525866.3	A_000182
CN202311203972.6	A_001087
US202318123222A	A_022336
US201816118529A	A_024260
CN2018109951W	A_012652
KR20220133195A	A_023823
CN201910294776.1	A_020810
CN202311004759.2	A_002433
KR20180171308A	A_010965
CN202210993568.2	A_020767
JP2024562331A	A_023056
US202318395222A	A_009973
DE102022103059A	A_022338
CN201911395066.4	A_000901
EP19831666A	A_007383
CN202111170023.3	A_000292
KR20200079651A	A_023461
US202117507884A	A_008014
IN202341063225	A_018130
CN202311488624.8	A_022174
CN202310313411.5	A_013698
US202318154699A	A_005704
CN202010054020.2	A_004721
CN202211203268.6	A_018521
KR20230142744A	A_006754
US202217826611A	A_022336
CN201910743220.6	A_020723
US201916695249A	A_020572
US2020044910W	A_024428
US201916978261A	A_024403
US201816609973A	A_000022
EP2023084750W	A_022433
US201916405637A	A_007705
CN202211704058.5	A_021806
CN202211503154.3	A_020752
KR20180150703A	A_023293
KR20180124740A	A_006835
JP2022554528A	A_023111
KR20190178944A	A_023418
JP2022159739A	A_022353
CN202211320085.2	A_002268
CN202210914447.4	A_021640
KR20190033524A	A_006555
KR20200061799A	A_023453
CN202010229641.X	A_003044
IN202341080353	A_009402
KR20220176867A	A_023868
CN202310105524.6	A_021867
US202117157303A	A_009973
US202016745394A	A_024451
US202117535052A	A_008170
JP2019205247A	A_022960
CN202210339366.6	A_001772
IB2023053859W	A_007383
KR20180147827A	A_023287
IN202024002510	A_022418
US202017112503A	A_024582
KR20230060777A	A_023691
JP2025522634A	A_023194
CN201811578471.5	A_020746
CN202210228094.2	A_002091
CN202310541615.4	A_021939
CN202010173558.5	A_001237
CN202310874685.1	A_000134
CN202311734930.5	A_022247
EP19759456A	A_008252
KR20210172964A	A_023678
KR20180102888A	A_006710
US202016788054A	A_024461
US202117208889A	A_024643
CN201810037008.3	A_000294
IN202141027839	A_022726
CN202210315473.5	A_003072
CN202210988843.1	A_003131
KR20230174337A	A_006750
CN202010022564.0	A_000514
CN202211523716.0	A_000384
CN201980039061.X	A_000128
CN2023112229W	A_022113
CN202311616497.5	A_011546
CN202010245436.2	A_013765
KR20230138342A	A_024013
US202318366394A	A_022336
CN201910979630.0	A_020873
CN202010117318.3	A_000636
CN202010973416.7	A_010633
US202217961874A	A_018177
KR20227046102A	A_006694
US202117174582A	A_006835
KR20220132548A	A_023822
CN201811362045.8	A_020735
CN201910105186.X	A_001154
US202017008904A	A_008039
US202217956862A	A_024852
CN202311840618.4	A_003119
IN202121016180	A_022684
KR20247040755A	A_006694
US202218090764A	A_007790
CN202310256264.2	A_020752
CN202310642530.5	A_000299
US202218082242A	A_024875
CN202010107342.9	A_020752
CN202310789376.4	A_000992
CN202111185757.9	A_000279
CN202311098271.0	A_001613
RU2021112739A	A_024133
US202016787264A	A_006703
JP2024556542A	A_007705
CN202110448009.9	A_000134
KR20230045090A	A_023919
CN202111428552.9	A_011518
EP21197965A	A_007790
US201815962714A	A_024233
CN202111129644.7	A_021328
US202117479266A	A_008125
JP2021160688A	A_006170
US202217874033A	A_009973
US2021044554W	A_024612
KR20190151115A	A_023393
CN202011588101.7	A_012652
CN202111647166.9	A_010565
US202117199146A	A_024641
CN202211290849.8	A_021385
EP18727996A	A_005572
US202218848015A	A_006695
IN202141039960	A_022737
JP2021575363A	A_022351
CN201880020181.0	A_000260
US202318337620A	A_008125
KR20230166649A	A_013476
KR20210117775A	A_011338
KR20237037033A	A_023657
CN202011389362.6	A_000793
US202217895696A	A_009973
JP2018138958A	A_009547
US201916419906A	A_022377
US202218059133A	A_005882
CN202011204079.1	A_017044
CN202110781518.3	A_021286
JP2021031695W	A_006169
OA1202300199	A_024118
CN202010925782.5	A_010122
EP18213808A	A_022373
CN202210988843.1	A_021651
CN202010401595.7	A_020998
CN202111481985.0	A_021416
JP2023191284A	A_023164
US202217727986A	A_009973
BE202200002A	A_020632
CN202110814260.2	A_000330
CA3164554A	A_020649
KR20200010670A	A_006694
CN202311870691.6	A_002463
EP20829549A	A_005404
US202017119257A	A_024585
CN202311343885.0	A_010362
CN2023115476W	A_012652
US202217812050A	A_011125
CN202211168084.0	A_002109
IN202341029768	A_022896
CN201921083289.2	A_000810
JP2021117320A	A_010945
CN202311840596.1	A_011515
US201916571071A	A_022459
IN202127044675	A_022576
CN202010751602.6	A_021007
CN202311643992.5	A_000198
CN202310034767.5	A_000304
CN202311516364.0	A_013698
CN202122047151.0	A_021468
CN202211362100.X	A_021735
EP21966324A	A_006083
KR20200047985A	A_023444
CN202080035114.3	A_020715
KR20230162907A	A_007082
US201916361530A	A_007682
IN202141061006	A_022748
JP2023131604A	A_023149
KR20220126963A	A_006703
IB2021059400W	A_022582
IN202121016180	A_022686
CN202210625694.2	A_021585
CN201910554969.6	A_000304
JP2019152476A	A_000037
CN202280031394.X	A_021835
US202318531374A	A_022336
US201815982490A	A_000129
CN202010126965.0	A_000778
CN202011394631.8	A_021127
KR20190098869A	A_006694
IN202227041980	A_007705
US202318102246A	A_005809
CN202211248613.8	A_000389
US202016854960A	A_013545
CN202210339366.6	A_021535
CN202011404228.9	A_000384
JP2021558600A	A_006703
US202016993966A	A_007996
US202218070858A	A_005882
CN202110911033.1	A_001154
KR20230155469A	A_024041
KR20190116997A	A_006694
CN201810874300.0	A_020695
KR20230133538A	A_023996
KR20230082373A	A_023972
IN202141030415	A_022731
IN202211027052	A_022771
CN202210968767.8	A_021648
CN202210459242.1	A_002168
CN202010280895.4	A_004992
CN202311522850.3	A_011860
US202318151175A	A_022336
CN202010490445.8	A_021004
CN202210867780.4	A_021624
IB2020053083W	A_022577
IN202241063090	A_022816
CN202110205807.9	A_010633
US202017133876A	A_007790
CN202210264690.6	A_003117
IN202121006780	A_022683
CN202311583304.0	A_020767
US201916537607A	A_024356
US202218067654A	A_005577
CN202210858985.6	A_020715
CN202111406783.X	A_020019
US202017776345A	A_006185
KR20210112831A	A_023635
CN202110858525.9	A_001574
JP2019022273W	A_022945
CN202310801406.9	A_004491
JP2021076203A	A_023025
CN202211523716.0	A_021767
CN202211538664.4	A_010445
US202217902808A	A_007008
IN202221005538	A_022778
CN202311179192.2	A_005045
US202217878098A	A_024793
CN202010208111.7	A_002268
CN202110151354.6	A_000988
CN202310303205.6	A_021490
CN202210693310.0	A_000177
CN202222165414.2	A_021830
CN202210585605.6	A_016778
CN2022075579W	A_021480
JP2023013899A	A_006090
CN202311667519.0	A_000778
CN202011331054.8	A_020752
CN202311517360.4	A_001799
KR20230066657A	A_023646
CN201910819013.4	A_020723
US202017027039A	A_024537
KR20190085509A	A_023212
CN202211679325.8	A_000315
KR20230070393A	A_023960
EP18165893A	A_006703
CN201810362173.6	A_000725
IN202311049907	A_000045
JP2023139435A	A_006302
CN202221223883.9	A_008702
CN202311814756.5	A_019370
KR20210090250A	A_009699
CN202311074453.4	A_004005
US201916720130A	A_007850
US202016783923A	A_005467
IN202341048255	A_022905
CN201810327673.6	A_000240
CN202310846016.3	A_022016
KR20210117775A	A_011339
US202218051114A	A_022336
JP2019022273W	A_022944
CN202311605505.6	A_000326
CN202011147629.0	A_013698
CN201911360210.0	A_020907
CN202310705565.9	A_021980
JP2021157480A	A_023043
CN202210971422.8	A_002178
CN201810596880.1	A_020682
KR20190050603A	A_006702
US202217823443A	A_009973
CN201910745314.7	A_020723
KR20190015710A	A_023330
CN202210626339.7	A_000304
JP2022107561A	A_023089
CN202311205987.6	A_022105
KR20220086304A	A_006703
CN2023135709W	A_012652
IN201817011149	A_015130
US202318449567A	A_007705
CN202310051326.6	A_001613
KR20210106046A	A_023624
CN202411362236.X	A_020715
CN202211288276.5	A_021714
IN202341087161A	A_022922
KR20190126195A	A_006695
US201916442370A	A_024341
EP22172265A	A_005469
KR20220126811A	A_023816
CN201910129652.8	A_020788
RU2019129223A	A_024127
US202016950759A	A_000113
US202117551024A	A_009973
CN202310502767.3	A_021930
CN202211321579.2	A_000979
CN201910326657.X	A_020815
KR20210101937A	A_023621
KR20210151177A	A_006910
DE102021130626A	A_022336
JP2018208503A	A_022938
EP19884235A	A_022410
CN201911369146.2	A_015592
CN202011361273.0	A_021123
US202016910559A	A_024316
CN201910803497.3	A_003012
CN202110562167.7	A_001710
US201916585058A	A_000054
US202017774707A	A_005614
CN202310286272.1	A_003168
CN2020092645W	A_000492
US202218076792A	A_020646
US202318356539A	A_024098
CN202310407420.0	A_001433
CN202380069326.7	A_021522
AU2019237372A	A_020571
JP2020041802A	A_000129
KR20200117770A	A_023484
CN202111356785.2	A_000384
IB2019061250W	A_022573
CN202311207437.8	A_022107
CN202311693476.3	A_000315
CN202311035820.X	A_000384
KR20190160644A	A_006695
CN202121390678.7	A_021462
US202217661847A	A_005469
US201916563287A	A_006695
DE102021127175A	A_022336
CN202311171065.8	A_015426
EP21862704A	A_022474
DE102021209043A	A_005426
CN202110651171.0	A_001017
CN202010088743.4	A_003267
SE2023050328W	A_007383
IN202341063596	A_022918
US202217962016A	A_020646
US201916569660A	A_024369
JP2021144745A	A_006286
CN202211570756.0	A_003121
KR20200048457A	A_006703
CN201880066962.3	A_020767
CN202310377548.7	A_021913
CN202010350455.1	A_020715
CN202011127063.5	A_001613
CN202380084216.8	A_000910
CN202311527607.0	A_022188
KR20210153927A	A_023668
CN202310488272.X	A_021926
EP19275095A	A_000048
CN202010129553.2	A_000609
CN202311038567.3	A_000294
JP2018211564A	A_022940
EP20168511A	A_022421
CN201980040485.8	A_020923
CN202011265676.5	A_000294
CN201910458113.9	A_020827
KR20190099980A	A_006695
CN202311398838.6	A_022156
IN202241066484	A_022829
CN202311585967.6	A_022204
KR20230125663A	A_006581
CN202311824276.7	A_001485
AU2020204166A	A_005500
TR202000857A	A_024149
JP2021077891A	A_023027
TW110139345A	A_024184
CN201810535906.1	A_000260
IN202241063901	A_005900
CN201911122468.7	A_020886
US202217960750A	A_007978
CN202311821577.4	A_022273
CN202211319263.X	A_000384
CN202210884619.8	A_000294
US202318117306A	A_024921
CN202311489754.3	A_010693
US201816130866A	A_022396
CN202011053213.2	A_021082
CN202010206871.4	A_020958
CN202211299681.7	A_000979
US201816756316A	A_024285
CN202310120959.8	A_001710
JP2018199505A	A_022935
CN202310921040.9	A_022033
IN201917027701	A_022374
CN202110270558.1	A_021211
CN202111124320.4	A_021344
US201915733658A	A_007963
CN201911066983.8	A_014611
KR20200117046A	A_006935
US202016739920A	A_024448
US2018042896W	A_005809
CN202110013510.2	A_021183
CN202311280215.9	A_022131
CN202111319956.4	A_021382
KR20190170923A	A_023412
CN202010717432.X	A_020326
US202117141769A	A_024098
CN202210793476.X	A_000326
CN202210608754.X	A_016011
KR20220051703A	A_006739
CN202311525055.X	A_004766
CN202211687359.1	A_021802
US201816763987A	A_024288
US202318209937A	A_024304
JP2019143695A	A_006058
US202318116797A	A_024920
US202117240723A	A_009973
CN201910128689.9	A_000985
CN202110785415.4	A_012656
CN202280031521.6	A_020767
US201917050846A	A_020572
CN201811397300.2	A_020736
US202217963657A	A_009911
US201916441480A	A_024340
JP2023052064A	A_006114
CN202210017409.9	A_021148
CN201980086899.4	A_020933
KR20230006910A	A_006702
US202318110582A	A_024916
CN202210103108.8	A_002768
CN201910226552.7	A_020719
US202016798887A	A_007705
US202318351452A	A_024098
CN202010641397.8	A_020752
GB202006358A	A_022549
CN202211268716.0	A_001499
CN202011204481.X	A_021104
CN202111180896.2	A_020973
KR20197020081A	A_006695
CN202311177502.7	A_005266
US202217890849A	A_022336
CN202111230826.3	A_000279
CN202111135848.1	A_021346
CN202311659082.6	A_001839
IB2023061400W	A_007383
US202017132888A	A_024587
KR20180108168A	A_023263
CN202111406313.3	A_015317
CN202211387111.3	A_000326
CN202311378806.X	A_001099
EP22215375A	A_012612
CN202110060594.5	A_000947
US202016739920A	A_024441
US202217814758A	A_024819
KR20230153666A	A_024031
CN202310727549.X	A_021987
IN202141039960	A_022736
KR20190106710A	A_006694
US202217739921A	A_008263
CN202111284632.1	A_000543
US201916557503A	A_024363
CN202310366473.2	A_021912
KR2023004515W	A_007253
CN202010583529.6	A_001127
IN202021055433	A_022661
US201916569150A	A_007682
US202117525246A	A_024714
EP21191292A	A_022460
CN2021076259W	A_021179
US202318319689A	A_022336
CN202010475356.6	A_001601
DE102021210593A	A_005519
CN202211552328.5	A_000162
CN201911300756.7	A_000543
KR20190053580A	A_023353
CN202211718990.3	A_001103
KR20220181222A	A_023876
KR20210190144A	A_023716
US202318203059A	A_024955
US201816482357A	A_006703
PT2018050042W	A_024121
US202017080876A	A_024562
CN202111051756.5	A_021329
US2020012653W	A_024423
US202118259684A	A_022463
KR20210180945A	A_023705
JP2023216396A	A_023170
US202217669608A	A_024788
KR20230141750A	A_024019
CN202311612286.4	A_021808
KR20190034924A	A_009650
CN202111298096.0	A_021379
CN201910936106.5	A_020859
CN202210946277.8	A_010601
KR20230051333A	A_006759
US202016833200A	A_007790
GB202306651A	A_022557
CN202310296371.8	A_000384
EP23168879A	A_022504
AU2020102305A	A_020579
CN202011329752.4	A_020767
US202017097318A	A_024258
AU2021360758A	A_020618
IB2023054115W	A_007383
EP19796734A	A_000050
KR20237010974A	A_006695
US202218088676A	A_024877
CN202211509912.2	A_002274
JP2023502696A	A_023172
CN2020073417W	A_020572
US202318194389A	A_024949
KR20190010198A	A_023322
CN202010817004.4	A_021057
CN202210039208.9	A_001756
US202217731522A	A_024500
CN202210236743.3	A_021518
US201916967405A	A_024401
CN202210903345.2	A_021635
CN202310485617.6	A_000139
CN201910017216.1	A_000484
CN202011290425.2	A_000182
JP2022020494A	A_006114
KR20210072774A	A_006827
EP22816701A	A_022497
US202217895064A	A_024365
US202017636841A	A_024596
EP20819294A	A_022450
KR20200153326A	A_023514
CN202010690289.X	A_000384
CN202211348203.0	A_013765
EP22164358A	A_007790
EP20819468A	A_022451
CN202211154202.2	A_001991
KR20220061363A	A_006825
KR20200161266A	A_023523
JP2023193555A	A_023015
US202016909352A	A_024507
CN201980068824.3	A_020927
US201816112132A	A_024257
KR20200129478A	A_023501
US202117195005A	A_007996
CN202111556782.3	A_003011
US202217677321A	A_011143
CN202210997535.5	A_000315
IN202311045094	A_005932
JP2018070133A	A_001108
KR20210125253A	A_006779
CN202211429979.5	A_021748
IN202041027026	A_022670
US202218695619A	A_007962
CN202311522850.3	A_022185
CN202210205255.6	A_021348
CN202310487646.6	A_011860
JP2021142963A	A_006310
KR20190127920A	A_023371
CN202311824276.7	A_021759
KR20230082373A	A_023973
CN202380029689.8	A_022307
CN202210819811.9	A_000955
CN202310279990.6	A_021897
JP2020565666A	A_023007
CN201910260017.3	A_020804
CN202010615825.X	A_021018
CN202211166059.9	A_021687
EP19926726A	A_022416
CN202010051099.3	A_020945
US202318352989A	A_024801
JP2018242584A	A_022941
CN2019124580W	A_000129
CN202310395908.6	A_000315
JP2020195270A	A_022996
US201917041660A	A_006223
CN202111116094.5	A_000177
CN202311691056.1	A_002872
CN2020073652W	A_020572
US201917260954A	A_006695
DE102022115322A	A_007733
CN202110956929.1	A_002872
US202318208763A	A_024958
EP24186084A	A_022518
JP2018010277W	A_022923
US201916370141A	A_005469
KR20230069242A	A_006655
JP2023106133A	A_023139
CN202310688677.8	A_000636
KR20190159215A	A_006694
US202017035149A	A_009973
US202117240680A	A_024098
CN202211412113.3	A_000947
CN202310027816.2	A_021854
CN202311188225.X	A_022096
US201816209641A	A_007700
JP2020203710A	A_022997
US201916675709A	A_006703
JP2020078247A	A_006151
IL26727819A	A_022598
KR20237028511A	A_024094
CN201910117903.0	A_000884
CN2022083108W	A_000128
CN202111194533.4	A_021329
CN201810033463.6	A_000260
CN202110899050.8	A_002414
CN202110394113.4	A_000294
KR20230092974A	A_023984
CN202111188880.6	A_021361
US202217731699A	A_014248
CN202310929015.5	A_000452
CN202310058537.2	A_000213
CN202010340381.3	A_020987
CN202380008239.0	A_021162
KR20230171692A	A_023717
IN202011056466	A_022645
KR20230021269A	A_006703
CN201910742350.8	A_020723
US202016831518A	A_024482
IN201817017257	A_007705
CN2020122856W	A_000226
US201916289458A	A_024312
KR2018009485W	A_006703
CN202011181759.6	A_000923
CN202010548412.4	A_020683
CN202111027241.1	A_000494
GB202308077A	A_022558
CN201810959346.2	A_020700
CN202210498147.2	A_021559
IN202127050056	A_007705
CN201910686677.8	A_020850
KR20210064814A	A_007003
KR20220121445A	A_023809
KR20180134938A	A_006637
KR20180050182A	A_023230
CN202121993367.X	A_011494
JP2022559033A	A_022964
CN202310972291.X	A_014568
CN201910880434.8	A_020861
CN202111319956.4	A_000856
CN202110857029.1	A_011681
KR20210064814A	A_006547
CN202310761539.8	A_015646
US201916714251A	A_006695
KR20190151242A	A_006695
KR20230179533A	A_023642
JP2021027412A	A_006128
US202318519311A	A_009973
US202016746805A	A_024453
US201815965174A	A_024098
CN202211650046.9	A_020767
KR20220018086A	A_023724
US202318452364A	A_022336
CN202010345760.1	A_020992
CN202311710451.X	A_000198
CN202311667519.0	A_002440
KR20210050733A	A_023589
KR20230136791A	A_011347
CN201811251801.X	A_020726
US2018047775W	A_007790
CN202010316880.9	A_001568
KR20180166464A	A_023310
US202017004609A	A_000129
IN202011056466	A_022651
CN202311797667.4	A_002859
KR20190093041A	A_006694
CN201980005222.3	A_000128
KR20230084960A	A_023974
CN202210547615.0	A_021570
CN202310627154.2	A_021116
CN202110662591.9	A_021268
US202318190485A	A_022411
CN202380077532.2	A_020767
KR20230066369A	A_023953
US201916709879A	A_024307
US202117493450A	A_024704
CN202111505642.3	A_000294
CN202211214463.9	A_020752
US201916505730A	A_024351
KR20180097101A	A_023252
CN202210362148.4	A_000304
DE102020132384A	A_005402
CN202011064721.0	A_001756
CN201810584613.2	A_000182
KR20210128585A	A_006700
CN202211406328.4	A_000384
US201916725170A	A_009274
CN201910740483.1	A_020752
KR20190125640A	A_012471
EP23210154A	A_022377
RU2019108817A	A_024126
CN202011032433.7	A_000294
JP2018037008W	A_022926
CN201811275902.0	A_020727
CN202111433760.8	A_021408
KR20230126578A	A_024002
US201916255073A	A_024235
CN201811015421.6	A_000304
JP2023505454A	A_023173
US202217872162A	A_006703
US201916279277A	A_022445
CN202311322712.0	A_022137
CN202310917686.X	A_022032
US202318400294A	A_024353
CN202210228630.9	A_000326
JP2021128185A	A_022943
KR20200137956A	A_023510
KR20237037033A	A_023658
CN202310811089.9	A_022006
KR20220103631A	A_023789
CN202211043894.3	A_021661
CN202210552201.7	A_002312
US202217930034A	A_009973
CN201821755937.X	A_000128
CN202210968401.0	A_016582
KR20230006923A	A_022503
DE202023105341U	A_022366
CN202310578108.8	A_000636
KR20210050734A	A_023589
KR20190088922A	A_006694
CN202010363703.6	A_020876
CN202311593733.6	A_003688
US202217993280A	A_006703
KR20220145384A	A_023829
JP2023053246A	A_023128
KR20190151404A	A_006556
CN202210103108.8	A_000384
JP2020027190W	A_006170
JP2023036556A	A_023123
US202117340272A	A_005704
US202118257870A	A_024758
KR20230125663A	A_006550
US202117373301A	A_009973
CN202310705696.7	A_000406
CN202010490445.8	A_021005
CN202211169894.8	A_001595
IN202011056466	A_022647
CN202010415191.3	A_003168
KR20230062435A	A_006694
CN201910681228.4	A_020685
IN202241066484	A_022824
US202117481572A	A_007790
US202016917708A	A_024449
US202318124760A	A_024304
IN202011025812	A_022630
US202217584332A	A_007705
CN202311505497.8	A_022103
US202318527713A	A_007705
CN202110411797.4	A_021224
CN2022139520W	A_021826
CN202311433232.1	A_001485
CN201810329238.7	A_001659
CN202211390408.5	A_019234
KR20220131439A	A_023818
CN202210213493.1	A_021427
IN202321028137	A_022859
KR20180097313A	A_023254
KR20200132151A	A_006702
CN202311486217.3	A_012652
US202318212462A	A_024962
JP2021000546A	A_023010
JP2022159739A	A_023098
KR20180101618A	A_023261
JP2021109881A	A_023031
CN202310520400.4	A_021932
US202217722930A	A_024806
JP2021176421A	A_023027
US202318170194A	A_024304
US202017275567A	A_009973
IN202247071900	A_022830
CN202311650097.6	A_003779
KR20180011948A	A_023201
CN201810150231.9	A_020659
CN202110998804.5	A_021240
CN202310450223.7	A_000641
KR20220132548A	A_023820
US2020060659W	A_024433
CN202210023102.X	A_001029
CN202110390010.0	A_000641
EP18851006A	A_022382
CN202311293225.6	A_000134
US202217722930A	A_024804
EP23150196A	A_022502
CN202010393944.5	A_000384
KR20230049007A	A_023922
KR20230158972A	A_006702
JP2022107561A	A_023090
CN202310358754.3	A_021910
KR20180097313A	A_023255
CN202020285568.3	A_000339
KR20220100004A	A_006547
CN202210886996.5	A_003262
CN202010114364.8	A_020949
US202218089010A	A_009973
US202016749173A	A_024454
KR20190146105A	A_023379
CN202110337942.9	A_000304
CN201910052234.3	A_000196
EP22761518A	A_022494
KR20210172796A	A_006550
US201816756465A	A_022409
CN202311684466.3	A_001765
JP2023505454A	A_020616
CN202311840618.4	A_011515
CN2020140729W	A_021155
CN201810978590.3	A_002132
US201815933743A	A_022419
US202318101391A	A_024914
CN202010374982.6	A_020995
JP2023200985A	A_019414
US202016739920A	A_024443
IN202121047159	A_022698
US202318220093A	A_022336
CN202011600516.1	A_021149
CN202311452714.1	A_004121
KR20210149442A	A_006799
KR20210184652A	A_023712
CN202310421509.2	A_000253
CN202311439313.2	A_001179
CN201910440969.3	A_020822
CN202380067715.6	A_022309
KR2021018109W	A_006695
CN202111151538.9	A_021348
US202217592096A	A_022336
CN201910620068.2	A_020843
SE2150218A	A_024142
JP2023112599A	A_022942
US202017113368A	A_024304
US202318450367A	A_010066
IN202331066476A	A_017300
KR20230194074A	A_024084
CN202110420236.0	A_000514
US202318468209A	A_022336
KR20220159449A	A_023841
KR20230007886A	A_023894
EP20716791A	A_022439
US202217656291A	A_024784
CN202210462165.5	A_000315
JP2024516780A	A_009973
US202217843639A	A_009973
US201816048909A	A_005577
IN202241063090	A_022820
CN202310804647.9	A_016116
CN202110514830.6	A_020752
KR20230070393A	A_023957
CN202310698648.X	A_000936
CN202311298865.6	A_000875
JP2021118608A	A_006156
CN202311522831.0	A_010693
CN202010779989.6	A_000778
CN202210734091.6	A_012195
CN201811592204.3	A_020723
IN202221059890	A_005882
KR20200126000A	A_023491
CN201910261963.X	A_020805
US202218081352A	A_022653
JP2021077883A	A_009509
IN202011056466	A_022637
CN202010231088.3	A_020967
CN202311778984.1	A_004444
CN2020073656W	A_000128
CN202210924238.8	A_001112
US202217893427A	A_007732
US202118283054A	A_024761
CN202211648891.2	A_021786
JP2022185750A	A_006313
KR20180095423A	A_023251
KR20180127222A	A_006555
DE102019206147A	A_005404
KR2022008438W	A_023611
CN202080106667.3	A_021178
CN202111270090.2	A_021049
KR20220040050A	A_023740
CN201911378116.8	A_003729
CN201811133359.0	A_012878
CN202211391811.X	A_001574
CN201920050600.7	A_020911
CN202210505518.5	A_020767
KR20190129741A	A_006694
US202318180476A	A_022336
CN202211371179.2	A_021739
US202318128934A	A_024925
AU2020262292A	A_005500
KR20230148834A	A_024025
CN202321573647.4	A_022297
US202016837017A	A_024484
KR20200118166A	A_023486
CN202111356785.2	A_021046
KR20190025161A	A_006702
US202017065605A	A_024549
CN202311272726.6	A_022129
KR20220144298A	A_023828
KR20220124979A	A_023811
AU2019250103A	A_020572
IN202121006780	A_022679
CN202210277740.4	A_002398
CN202011436119.5	A_001455
US2019016091W	A_005809
CN202111318952.4	A_002282
US202117347692A	A_009274
CN202311326053.8	A_000315
KR20210189344A	A_023715
CN202310315237.8	A_014931
US202318452596A	A_025010
CN202210951128.0	A_020752
CN202310475462.8	A_000514
EP18159939A	A_005472
CN202110900575.9	A_003077
KR20210167585A	A_023693
CN201811474770.4	A_020726
CN202110143657.3	A_000636
CN202311007313.5	A_022054
CN202210654991.X	A_005351
CN202011472214.0	A_021141
JP2023089818A	A_023133
CN202111252271.2	A_021374
CN202311699416.2	A_022234
CN2021076259W	A_000955
CN202310985549.X	A_022049
US202318138480A	A_024933
CN202280100260.9	A_020659
KR20220160919A	A_023846
CN201810048865.3	A_020656
US202016788275A	A_008034
US202117369209A	A_024669
CN2023118269W	A_005857
CN202210677772.3	A_003970
CN2023128915W	A_005857
US202117533603A	A_024580
KR20257017665A	A_024106
IN202111029711	A_022677
KR20200129478A	A_023500
KR20210138494A	A_023653
CN202311841565.8	A_022283
CN201911330655.4	A_020859
CN202011017557.8	A_000276
US202016739920A	A_024447
CN202310048920.X	A_000182
CN202311601803.8	A_000294
KR20197020081A	A_006694
CN202111484956.X	A_021417
US202318170966A	A_017800
US202318118246A	A_024671
CN202310366770.7	A_000756
US202217663702A	A_007841
CN202211491514.2	A_001799
US202318381138A	A_025003
US202017618991A	A_024594
CN202211291592.8	A_021530
EP19190726A	A_022392
DE102021123618A	A_022335
CN202011329509.2	A_020975
JP2023571880A	A_023183
EP25166423A	A_022519
CN201910841009.8	A_020752
CN202010866776.7	A_021065
JP2023111498A	A_023144
US202117341320A	A_000129
US202218692927A	A_022576
CN202310173464.1	A_002423
US201917413342A	A_024412
CN202010937248.6	A_001122
CN202111119650.4	A_021343
CN202111153531.0	A_021349
CN201910396867.6	A_020719
CN202011271277.X	A_020896
CN202210750209.4	A_000182
CN202311265393.4	A_022126
CN202011373402.8	A_004479
CN201810253227.5	A_020673
IN201917021798	A_006703
CN201880100512.1	A_020683
IN202241036655	A_022796
CN201910916980.2	A_020866
CN202311296345.1	A_022047
US202318501738A	A_025025
EP21723764A	A_022466
US202318153486A	A_022397
CN202010493078.7	A_000845
US202318304576A	A_024986
CN202311861763.0	A_022288
AU2022051585W	A_020620
CN202110391631.0	A_012652
CN202211664409.4	A_021793
CN201811104859.1	A_001179
US202117165714A	A_024622
CN202210049821.9	A_021486
US202318545131A	A_023642
KR20230106960A	A_006702
EP18898155A	A_022384
US202017429816A	A_024590
JP2022020495A	A_006114
CN201811572663.5	A_020745
CN202110279451.3	A_021212
CN202110583903.7	A_020752
CN202111423198.0	A_008740
CN201811489482.6	A_001765
KR20210048591A	A_023587
CN202311151777.3	A_000828
CN201980050918.8	A_001519
CN202110462257.9	A_020967
CN202310240781.0	A_000198
KR20210020236A	A_023555
CN202111234265.4	A_021371
US201916416055A	A_007733
CN202010207255.0	A_020958
CN202211342063.6	A_020752
JP2021109881A	A_023032
CN202111307856.X	A_020967
CN201910267513.1	A_000915
KR20190158101A	A_023400
AT2018172289T	A_005882
KR20230155469A	A_024042
CN202111601975.6	A_000182
CN202310259657.9	A_021890
CN202211284235.9	A_021713
US202017102557A	A_007733
US201916382878A	A_024331
JP2023194677A	A_005628
JP2022511759A	A_006169
CN202311558641.4	A_000157
JP2021190702A	A_023054
CN202111569461.7	A_002292
US202318140586A	A_024934
CN201911107090.3	A_002616
US202217865102A	A_009973
CN202311477463.2	A_022170
CN202211243535.2	A_021701
CN202210109162.3	A_000384
CN202310156686.2	A_001676
KR20230001007A	A_023887
CN202310410111.9	A_021918
US202117456980A	A_009973
US202117498248A	A_008042
KR20220020540A	A_006702
KR20237000794A	A_006694
IB2019052223W	A_022571
KR20230013599A	A_023904
US202017626694A	A_014296
JP2021520081A	A_006196
JP2022540325A	A_023108
CN202110218500.2	A_021208
CN202110600387.4	A_021261
JP2023095934A	A_023137
AU2021100672A	A_020596
CN202110364109.3	A_000304
EP23173605A	A_022505
CN202211350359.2	A_010693
KR20220017019A	A_023722
CN202111205160.6	A_004024
KR20210166456A	A_023689
EP23758004A	A_022515
EP23718915A	A_005636
US202217735058A	A_024809
TW107110051A	A_024163
IN202241042004	A_013225
CN202210769132.5	A_001129
CN202211012380.1	A_000384
KR20230193799A	A_023646
CN202110683982.9	A_000336
US202318158525A	A_005809
CN202210936465.2	A_020767
CN202311504700.X	A_000345
CN2018124346W	A_000129
EP22216503A	A_022489
US202217585320A	A_024781
CN202310146206.4	A_010808
CN201911251292.5	A_020897
CN201810382529.2	A_000856
US202318127960A	A_007790
KR20210086650A	A_006759
KR20230143021A	A_007193
US202217952723A	A_024098
CN202311850746.7	A_005045
CN201810925974.9	A_020699
CN202310032053.0	A_002927
CN202110553890.9	A_021255
CN202010953191.9	A_021070
US202218045561A	A_007682
US202016878861A	A_007790
CN201811081708.9	A_020709
CN202310552457.2	A_000793
US202016904033A	A_024506
KR20190022357A	A_023334
EP23195843A	A_022507
KR20190174654A	A_006480
CN201910782216.0	A_003923
CN201810611918.8	A_020684
US202318839622A	A_007962
JP2021015306A	A_023013
IN201921035526	A_022613
CN202510040616.X	A_000261
TW111138301A	A_024186
CN201911107090.3	A_000384
KR20220126963A	A_006702
DE102021206235A	A_022336
CN202011089713.1	A_021086
US202217805296A	A_024815
US202117330509A	A_024295
CN202111514378.X	A_000681
KR20220035728A	A_023739
US202016800064A	A_024467
US201916530301A	A_024200
CN202311153020.8	A_010476
CN202310507861.8	A_000466
CN201910130821.X	A_020789
CN202111433843.7	A_001103
IN202341045619	A_022902
KR20190151848A	A_023396
US202217660928A	A_024786
US202218719526A	A_022531
CN202010366056.4	A_000292
US202117165792A	A_024623
CN201910555209.7	A_020837
CN202280032139.7	A_020767
CN202211390408.5	A_012004
JP2023041387A	A_023125
CN202211694361.1	A_021805
CN202311609687.4	A_002334
GB2018052402W	A_022542
US202318351039A	A_006703
CN202111474505.8	A_021415
US202218564617A	A_024888
CN202310266610.5	A_021049
EP18825419A	A_006226
CN201910136312.8	A_000182
CN201910747969.8	A_020723
CN202211674867.6	A_003681
CN202310533242.6	A_003255
KR20190014366A	A_007254
CN202110308211.1	A_021073
US202318457140A	A_009728
CN202010832716.3	A_000326
US201816137153A	A_006184
CN2018095499W	A_020654
US201816620328A	A_000008
EP22167108A	A_022480
DE102022121472A	A_009973
KR20190107798A	A_006695
CN202011282013.4	A_000793
CN202311149313.9	A_022089
CN202311082911.9	A_022067
KR20220049359A	A_006936
CN202311605788.4	A_000182
KR20210134884A	A_023650
CN202110338394.1	A_000968
US202318487950A	A_025021
CN202310912282.1	A_021815
CN202210901535.0	A_021483
KR20210193378A	A_007045
CN202210027080.4	A_000351
CN202311392636.0	A_020798
JP2023011947A	A_009547
KR20220162800A	A_023853
CN202110051743.1	A_021192
US2019050264W	A_024298
US202017924125A	A_007383
CN201811166453.6	A_000528
CN202110024413.3	A_021187
CN202111065830.9	A_020967
CN201810480881.X	A_001710
IN202311066664	A_022854
JP2022114100A	A_023092
US202217740885A	A_024216
US202117525246A	A_024715
CN202311736259.8	A_020752
CN202310285293.1	A_000947
KR20190093501A	A_006694
CN202310403994.0	A_000294
US202318352224A	A_007790
CN202210648564.0	A_021589
US202318217510A	A_024965
CN202110394016.5	A_000865
CN202010704173.7	A_000947
US202117477784A	A_006703
CN202210776709.5	A_001602
CN202210710673.0	A_002168
US2018056552W	A_007705
JP2023089771A	A_005487
US201816107738A	A_007822
CN201910336562.6	A_002293
JP2022041031A	A_013302
CN202311420143.3	A_022163
KR20210155479A	A_010991
KR2018000210W	A_006703
KR20200114005A	A_006703
CN202210593200.7	A_021579
CN202111388669.9	A_001314
CN202011082916.8	A_000384
KR20210072150A	A_023604
CN202311206083.5	A_022106
US202017116229A	A_022336
CN202110533752.4	A_021251
CN202211529332.X	A_020967
KR20230007564A	A_007081
US201916697556A	A_000129
CN202211401173.5	A_021620
KR20190139450A	A_006969
KR20230066657A	A_023642
CN202210539204.7	A_000681
IN202341087966	A_005869
US202016842618A	A_008151
KR20220003715A	A_012462
CN201911041964.X	A_000299
US202117168975A	A_007751
US202318333281A	A_022336
CN202211023605.3	A_001426
KR20200009811A	A_023424
US201917413342A	A_024413
CN202311813691.2	A_022271
US202016837529A	A_007682
KR20220018430A	A_023726
EP22166658A	A_006703
CN202010817006.3	A_021057
CN202310740932.9	A_000182
JP2021190702A	A_005426
CN201910755816.8	A_020723
CN202311249601.1	A_011855
CN202010823012.X	A_021060
JP2022029255A	A_023067
CN202110755912.X	A_020767
CN201910089314.6	A_000279
GB202008870A	A_009998
IN202121047159	A_022693
JP2021174889A	A_009509
US202117397882A	A_024680
KR20210192601A	A_006828
CN202010776018.6	A_021049
CN2019083723W	A_020572
CN202310941819.7	A_016692
KR20220047526A	A_023749
US201916600445A	A_024381
CN202310767294.X	A_016975
KR20180025348A	A_023215
CN201910239669.9	A_001005
CN202010800039.7	A_001682
CN202011137105.3	A_021093
CN202310508864.3	A_000162
CN202311566567.0	A_000947
CN202110027953.7	A_021188
CN201880016197.4	A_020764
CN202311144627.X	A_022088
IN202321072972	A_022869
CN202311723940.9	A_000252
US201815950955A	A_007705
KR20210174642A	A_006480
CN202211326592.7	A_021162
TW111116213A	A_024185
CN201910529463.X	A_000988
CN202310381902.3	A_021914
AU2020102305A	A_020575
US202016815456A	A_024473
US202318342780A	A_022592
US202218056559A	A_022336
CN202211348468.0	A_021732
JP2022073732A	A_023076
US202318452770A	A_025011
KR20220144298A	A_023827
CN202211075195.7	A_001099
US201916428048A	A_005577
CN202010226673.4	A_020964
KR20220154100A	A_023838
JP2020175660A	A_022985
US201816198295A	A_007754
US202016858602A	A_024499
IN202217029055	A_022775
CN202210381485.8	A_000856
US2019047921W	A_024297
CN2022117222W	A_021437
CN202211717591.5	A_000406
CN201810670062.1	A_000345
US201916368286A	A_024327
US202017074464A	A_024556
US202117922280A	A_007790
CN202010220527.0	A_020962
CN202010566355.2	A_021012
CN202010129042.0	A_012739
CN202120879956.9	A_015883
DE112021004576T	A_005680
IN202041041090	A_022672
KR20230141643A	A_024017
US202218079772A	A_022336
IN202211041210	A_005918
CN202011458952.X	A_017063
CN202210914538.8	A_001671
CN202311806392.6	A_019234
CN202310836663.6	A_022012
JP2023218480A	A_011403
CN202210365357.4	A_004393
US202318180027A	A_024107
US202217591551A	A_009973
US202217652909A	A_007705
EP19154860A	A_022387
CN202210238878.3	A_000979
CN202211452838.5	A_001455
KR2022020213W	A_023884
CN201910278641.6	A_001962
JP2020175660A	A_022984
US202017080365A	A_024561
CN202211303431.6	A_002793
US202318134385A	A_024930
CN202010456397.0	A_021002
US2018021697W	A_005809
US201917263116A	A_022411
CN202311788137.3	A_022262
CN202211310449.9	A_004721
US202217663800A	A_009973
CN202310233622.8	A_018464
CN202010819055.0	A_000514
CN201911093360.X	A_008632
JP2023020753W	A_006358
JP2023000458A	A_023115
CN202310234720.3	A_001613
CN201811625704.2	A_020723
KR20180029344A	A_013486
CN202311768143.2	A_020967
CN202210243256.X	A_021200
IN202321072614A	A_005882
CN201880001318.8	A_020726
US201916428540A	A_024338
IN201847041921	A_007705
CN202111085888.X	A_021336
RU2020123778A	A_024131
CN202111322804.X	A_001485
KR20180033491A	A_012544
CN202211513937.X	A_015822
US201916452636A	A_007700
CN202111253951.6	A_000182
CN201811554242.X	A_020744
CN201910237503.3	A_020800
AT2022060396W	A_020563
CN202111417719.1	A_021402
US202218711826A	A_024895
JP2023112599A	A_023145
KR20230193439A	A_024082
IN202014003588	A_022418
CN202311219762.6	A_004062
CN202310820294.1	A_020752
US2021056960W	A_024098
KR20210152098A	A_007135
IN201827002100	A_000020
JP2024516780A	A_023186
JP2020540392A	A_023000
US202318523478A	A_009973
CN202310296371.8	A_003042
CN201911097298.1	A_020884
CN202010231230.4	A_020968
CN201811217286.3	A_000543
KR20180152557A	A_006556
CN202311205987.6	A_022104
IN202141008351	A_022719
CN202310815341.3	A_022009
US202318453313A	A_023642
JP2022091665A	A_023079
KR20190178944A	A_023417
CN201910041340.1	A_020784
CN202210738503.3	A_004323
CN202010164167.7	A_000509
US202016746667A	A_024452
US202218081468A	A_009973
IN202131013270	A_022713
CN202311673510.0	A_002438
EP20729186A	A_022441
KR20220171139A	A_023646
CN202111096413.0	A_002268
US202318357886A	A_023642
KR20180152557A	A_006555
US201816615257A	A_006703
IN202011056466	A_022649
KR20220091318A	A_006702
KR2022008338W	A_023772
CN202310967328.X	A_021667
KR20220172998A	A_005626
EP20821013A	A_000113
JP2022546572A	A_023110
US202217955011A	A_024850
CN202010244594.6	A_000384
IN201921035526	A_022614
TW112208123U	A_024192
CN202210462992.4	A_001659
US202217849367A	A_024098
JP2020175828A	A_006137
CN202011466024.8	A_021138
CN202111560205.1	A_021433
CN2023123230W	A_005857
JP2023034445A	A_023120
CN202311681659.3	A_000332
EP23171088A	A_007790
CN201910237944.3	A_010153
US201916360312A	A_008125
CN202211494792.3	A_003162
US201917421084A	A_024417
CN201811456735.X	A_020723
JP2023109401A	A_023142
KR20220152788A	A_023837
US201916259281A	A_005809
EP19737645A	A_007705
CN202111501609.3	A_021391
US201916351038A	A_024318
CN202310656028.X	A_000294
CN202310500567.4	A_003255
CN202211724381.9	A_003165
CN202010876077.0	A_000742
CN202110226697.4	A_021209
US202217814395A	A_009973
US202017061187A	A_024545
CN202110323376.6	A_002784
US202217657558A	A_000050
US202016949353A	A_024513
CN202111145496.8	A_020715
US202318339504A	A_024353
US202217750326A	A_022374
KR20230096970A	A_019860
KR20200009811A	A_023425
KR20227029363A	A_009973
CN202311513474.1	A_003916
AU2021100864A	A_020601
EP22197924A	A_022482
EP23183378A	A_006402
KR20210015036A	A_023554
CN202110914538.3	A_021306
JP2021125233A	A_022996
CN202311700350.4	A_022236
CN202010154383.3	A_020953
CN202011112708.8	A_002897
US202318386983A	A_006695
CN202311738525.0	A_022248
KR20230171692A	A_023716
US201916405551A	A_007705
KR20180098615A	A_006479
US201916412294A	A_024335
US202318456016A	A_024700
KR20230055317A	A_023938
EP19804289A	A_006703
CN202210199577.4	A_021512
US202117556908A	A_009973
US202117240471A	A_009973
CN202310366844.7	A_001962
JP2022155162A	A_022960
KR20210139267A	A_023655
CN201911013848.7	A_000273
CN202311607174.X	A_022212
KR20210171028A	A_006760
CN202010733886.6	A_021042
US202217975450A	A_024801
KR20180067894A	A_023238
CN202310840521.7	A_022014
US201916577924A	A_006695
CN201910291184.4	A_020809
KR2018008731W	A_006936
CN202011199906.2	A_000663
CN202211278838.8	A_000198
CN202111491910.0	A_000198
CN202380073194.5	A_000910
CN202111323605.0	A_021384
CN201810078674.1	A_020658
US201916416783A	A_022403
KR20247015340A	A_024093
CN202311413879.8	A_018561
KR20200049191A	A_007073
KR20180012316A	A_023210
KR20230072717A	A_006722
CN202311618148.7	A_001071
IN202341082660	A_022921
CN202110582074.0	A_000253
CN201911037194.1	A_012780
IN202221063524	A_022782
US202017109672A	A_008150
US202318133877A	A_024929
CN202210744817.4	A_010633
CN202211573994.7	A_001347
US202017085726A	A_007996
KR20190143199A	A_006695
CN201910939419.6	A_020859
US202318393539A	A_025006
US202118272627A	A_022592
KR20210064080A	A_023602
KR20190014902A	A_007257
US202117348392A	A_007998
KR20180143850A	A_023282
IN202011025812	A_022628
US202318338797A	A_023642
CN202210205071.X	A_003155
CN201910021208.4	A_002168
EP23877126A	A_005496
KR20190098353A	A_023364
CN202311824440.4	A_022278
KR20210182474A	A_023708
US202117633523A	A_009973
CN202280072509.X	A_021838
JP2022540325A	A_005857
KR20190130120A	A_006694
CN201810361245.5	A_000725
CN202011312789.6	A_001756
JP2023150752A	A_023154
CN201811456719.0	A_020723
KR20210104317A	A_014222
US201815958438A	A_007705
CN201910179295.6	A_019314
KR20180046830A	A_023224
US202318199397A	A_024953
CN202211108488.0	A_021678
KR20210099052A	A_023619
US201916409056A	A_022336
CN201811100697.4	A_000234
KR20190164144A	A_006550
CN202210067056.3	A_021488
CN202311331018.5	A_000528
CN202110363438.6	A_001029
CN202210492442.7	A_000198
KR20200114005A	A_006702
KR20200117770A	A_023483
CN201811295781.6	A_000304
CN202111419948.7	A_011515
IN202011056466	A_022644
US202318237279A	A_024981
CN202020175668.0	A_003862
CN202111624230.1	A_021451
CN202210630722.X	A_002494
US202217738851A	A_022374
CN202110023710.6	A_021186
JP2020215588A	A_022999
JP2021067013A	A_023024
US202117502793A	A_008252
CN202310154695.8	A_021875
CN2018104025W	A_012652
CN202110690807.2	A_002132
KR20190010198A	A_009646
CN202211559260.3	A_013698
US202118028028A	A_024752
CN202011059966.4	A_020736
KR20190158101A	A_023401
US202016952163A	A_007996
KR20190151319A	A_023395
CN202311043677.9	A_022059
IB2023055374W	A_022591
CN2020128292W	A_020752
CN201910617165.6	A_020842
CN202110723829.4	A_000299
US2018056587W	A_024205
CN202210489038.4	A_011822
CN202311043677.9	A_022060
DE102023111505A	A_022333
US202117344328A	A_000069
CN202211209990.0	A_020767
CN201911037194.1	A_000384
DE202023105341U	A_022364
US202217745066A	A_007733
CN201811450696.2	A_020723
US201816106507A	A_024256
CN202210330867.8	A_000979
KR20220114971A	A_023803
CN202010224463.1	A_020876
CN202111616884.X	A_021448
IN202311053270	A_022847
JP2023207214A	A_023168
CN201911025404.5	A_000198
KR20180150907A	A_023296
US202117491229A	A_024098
US201916701607A	A_008175
IN202021055433	A_022660
CN202010572679.7	A_000253
KR20230049485A	A_006828
IN202311053270	A_022838
US202217804289A	A_024372
CN201810712872.9	A_002970
CN202310867315.5	A_002341
KR20200029956A	A_023437
CN202311207437.8	A_016582
CN202311631565.5	A_022217
CN202210871261.5	A_000509
CN202111641818.8	A_014934
US2018042383W	A_005809
CN202311832006.0	A_000389
CN202111029184.0	A_021326
CN202211604035.7	A_000134
CN202311489887.0	A_022179
CN202211256378.9	A_021523
IN202341063596	A_022916
KR20220124979A	A_023812
CN202110856111.2	A_020767
CN2022117222W	A_021813
EP20733230A	A_022442
KR20190078866A	A_006694
US202217931592A	A_008042
KR20180119054A	A_006703
US201816764128A	A_024289
US2018028643W	A_024198
CN202310495231.3	A_016898
TR202009210A	A_024152
CN202311334787.0	A_001027
CN202211596042.7	A_020752
KR20210129324A	A_023644
EP22836272A	A_022498
CN202210231489.8	A_000299
US202117529067A	A_000037
KR20230085386A	A_023977
IN202341060122	A_018130
IN202241006146	A_022793
CN202310557383.1	A_021942
IN202341036798	A_022900
CN202311517360.4	A_003033
CN202210944699.1	A_021645
JP2025520182A	A_023192
JP2022098905A	A_022982
CN201811444129.6	A_020685
US202217991410A	A_024862
CN202311451913.0	A_022166
IN202011056466	A_022641
KR20190176540A	A_023351
US201916588367A	A_024360
CN202311361640.0	A_001856
CN202011053519.8	A_011860
CN201820520170.6	A_000689
CN202211168084.0	A_015612
KR20230163439A	A_023717
CN202211408390.7	A_000177
CN202210320422.1	A_021529
KR20230117415A	A_023997
DE102018209316A	A_009274
DE202023105341U	A_022367
US202217674510A	A_022509
IB2023054365W	A_022586
CN202110495380.0	A_020967
US202117318871A	A_022336
CN201911358086.4	A_020896
US202117531581A	A_009973
JP2019569277A	A_022970
CN202021852319.4	A_021158
IB2020053083W	A_022580
CN201910420274.9	A_020723
IN202341029768	A_022895
CN202311337419.1	A_020812
KR20230188353A	A_023523
EP22207258A	A_007790
US202318154130A	A_022509
CN202210125579.9	A_020967
KR20200079651A	A_023460
CN202210958756.1	A_002423
KR20247040755A	A_006695
US201816956254A	A_006703
CN202310315237.8	A_001141
CN202211294542.5	A_021717
US202017119231A	A_024584
EP18156212A	A_005882
JP2020087285A	A_006231
IN202017008971	A_022653
CN202311266962.7	A_022127
KR20220163299A	A_006841
IL28958822A	A_022605
US202218082146A	A_024874
US201815946693A	A_005576
US202016924045A	A_024511
CN201921886251.9	A_000477
CN202210188230.X	A_000875
CN202311475743.X	A_001314
US201816767921A	A_024290
US201916400479A	A_024332
US202117339935A	A_024661
CN2020092645W	A_000226
CN202210116789.1	A_003255
KR20210174479A	A_009564
IN202341036798	A_022901
CN202011407061.1	A_021131
US202117390843A	A_024678
CN202010088859.8	A_020863
CN202210676065.2	A_000895
US202318460905A	A_007705
CN202311765183.1	A_000451
CN202211532562.1	A_021773
KR20237007073A	A_006694
KR20200099350A	A_023431
CN202311416363.9	A_002970
CN201910636077.0	A_020723
KR20230155469A	A_024043
US202017100257A	A_007751
CN202211173252.5	A_004718
IN202311065885	A_022853
CN202110023710.6	A_001750
KR20257023962A	A_008324
US202117560709A	A_008379
SE2023050681W	A_007383
US2018035118W	A_024200
US202117316893A	A_006703
CN202110551735.3	A_001154
KR20230117415A	A_023996
CN202110592734.3	A_000294
CN202310089578.8	A_011462
KR20180071799A	A_023241
CN2020098181W	A_000129
CN201910508537.1	A_011719
EP18752884A	A_008150
CN201911019575.7	A_020752
GB202306651A	A_022556
CN202010640270.4	A_000609
CN202211093346.1	A_000315
US202117460395A	A_024688
CN202311588296.9	A_022205
KR20220018430A	A_023727
CN202310406721.1	A_013774
EP20162621A	A_022420
US202218083886A	A_006402
CN202211301223.2	A_021720
US202217580935A	A_024778
KR20230158420A	A_006550
CN202210900123.5	A_001179
US202117336999A	A_024098
KR20220045470A	A_023744
CN202011428895.0	A_021134
CN202311531662.7	A_011210
US202017005143A	A_007705
US202017098320A	A_006486
US201916700489A	A_013599
CN202311809699.1	A_022268
KR20230152725A	A_024028
CN202311865410.8	A_022289
CN202211106309.X	A_002400
CN202210543200.6	A_021569
CN2019104924W	A_020830
CH15082022A	A_020651
CN202211008633.8	A_021655
KR20190100079A	A_006694
CN202111010802.7	A_021316
JP2021044300A	A_023017
CN201811510551.7	A_020740
US201916279357A	A_022388
CN202211220070.9	A_004121
CN202211013962.1	A_000315
CN202211730309.7	A_021815
CN202310069813.5	A_004157
CN202211693438.3	A_001568
CN202310639153.X	A_000756
CN202210891737.1	A_021630
JP2021204405A	A_006284
CN201880012524.9	A_000128
CN202111563081.2	A_021434
KR20190098353A	A_023366
CN202311294231.3	A_021917
CN202010622371.9	A_020967
JP2021027412A	A_006235
US202117457956A	A_007824
CN202311637928.6	A_003155
CN202311737926.4	A_001676
CN202310812134.2	A_001137
US202217969287A	A_024773
KR20200146773A	A_023513
CN202311846442.3	A_022285
CN202311810119.0	A_022269
GB202401219A	A_022562
KR20220168167A	A_012456
US201816198104A	A_007824
IN202011025812	A_022627
CN2021072977W	A_020726
CN202210430896.1	A_001029
CN202410678476.4	A_020767
DE102020204981A	A_005404
US202318328124A	A_024848
US202016804419A	A_005577
CN202380026290.4	A_020727
US202218081267A	A_022653
CN202311719971.7	A_000315
CN202311061587.2	A_022062
IN202341026013	A_022894
CN202110939836.8	A_000252
KR20220112908A	A_023798
KR20190175364A	A_007043
CN2018095499W	A_020653
CN202111679359.2	A_021457
US202318381264A	A_025004
US202318534398A	A_025037
US202117556550A	A_009973
CN202211475095.3	A_002168
CN202110947070.8	A_021311
CN202111184947.9	A_000182
EP20198740A	A_007986
CN202311163222.0	A_005239
CN202011458952.X	A_000947
US2022072636W	A_009973
JP2020175962A	A_022987
US202318165660A	A_008402
KR20190089907A	A_023360
US201916571071A	A_024372
US202217670038A	A_008358
CN202110783784.X	A_021287
CN202110916258.6	A_021307
CN201880047753.4	A_020770
US202117227593A	A_007996
KR20190001574A	A_023316
KR20190010198A	A_023325
CN202080000932.X	A_003709
KR20220121445A	A_023807
US202218061407A	A_024107
CN202111275914.5	A_000517
CN202380071787.8	A_000910
KR20230039987A	A_006702
KR20220132548A	A_023821
JP2021079403A	A_023028
DE102018215563A	A_007986
JP2021160688A	A_006169
CN2023080929W	A_000947
CN202311691103.2	A_014605
CN202310322770.7	A_001103
CN202210223565.0	A_021329
CN202011162436.2	A_002438
CN202210209912.4	A_000400
US202117929015A	A_024744
IN202311053270	A_022840
US202017023513A	A_007732
CN202211396824.6	A_020767
EP22214457A	A_022377
CN202211655026.0	A_000134
KR20180008465A	A_023200
CN202311015010.8	A_000384
CN202210556614.2	A_020005
CN202211632122.3	A_021781
US202016914803A	A_022413
KR20220121445A	A_023806
KR20230155267A	A_024039
KR20210020236A	A_023556
CN202111590547.8	A_000276
CN202311507326.9	A_022181
CN202111052058.7	A_019528
KR20217042277A	A_023718
IN202127060061	A_022707
US202117199010A	A_024635
US202217709031A	A_022336
KR20230045090A	A_023916
IN202311068114	A_000045
KR20257009984A	A_015109
US202217720199A	A_024801
US202218568256A	A_022403
JP2021184277A	A_005618
CN201811174173.X	A_012652
KR20230013599A	A_023903
CN202211075991.0	A_021670
US201815879033A	A_024208
CN202310633809.7	A_000326
KR20210061111A	A_023601
KR20210035361A	A_023568
CN201910752567.7	A_020852
CN202311414752.8	A_001229
US2023084394W	A_008421
ES202330130A	A_022528
KR20210134884A	A_006523
US202318208144A	A_006703
IN202341029768	A_022897
CN201880037251.3	A_000128
US201916519538A	A_007705
IN202341046230	A_009401
US202318535844A	A_008379
CN201910971896.0	A_020871
CN201910596703.8	A_000477
CN202110217882.7	A_021207
CN202211504644.5	A_021757
JP2019005910A	A_022943
CN202210587259.5	A_002942
KR20220038660A	A_006524
US201815947032A	A_005576
CN202311823232.2	A_022274
CN202311734470.6	A_022245
CN202210227821.3	A_021517
CN202111354063.3	A_021391
IN202241042004	A_022810
CN202211629322.3	A_021780
IN202011045249	A_022633
IN202241063090	A_022821
US202117371990A	A_024670
BR102020016217	A_020634
CN202011142674.7	A_001818
US202217688491A	A_000122
IN202311048893	A_022836
US202218699927A	A_005496
CN201811176059.0	A_020716
JP2021143626A	A_023039
KR20210170313A	A_023695
US202117195151A	A_008379
JP2023557156A	A_023079
CN202010520588.9	A_000351
CN202280004507.7	A_021162
CN202110657179.8	A_010161
US202117509156A	A_020616
US201816756316A	A_014296
CN202111056764.9	A_021330
US202017776099A	A_006185
US202117196764A	A_024634
CN202211684285.6	A_002353
US201916562758A	A_005882
CN202310852710.6	A_000326
CN201810094988.0	A_011615
CN202311691103.2	A_001176
US2018064862W	A_007824
CN202211181778.8	A_001363
KR20210094649A	A_023349
CN202210173003.X	A_011860
CN201811567206.7	A_020718
CN202111629230.0	A_000474
KR20180157427A	A_023300
CN202010658155.X	A_021024
CN202110353278.7	A_000315
CN202311234036.1	A_005287
CN202311137007.3	A_011824
JP2021133884A	A_023035
CN202311144222.6	A_022087
US202117382437A	A_024674
CN202011207822.9	A_000353
JP2021543218A	A_006293
CN202211688240.6	A_003011
CN201911261163.4	A_020896
GB202314149A	A_022559
US202117556924A	A_009973
JP2023139435A	A_005628
IN202141027839	A_022729
US202118716070A	A_024609
US202217864933A	A_010017
CN202111070360.5	A_021333
CN202210479878.2	A_020767
CN202110385043.6	A_002854
CN202311054481.X	A_001498
IN202341069636A	A_014140
US202218055820A	A_020572
CN201811014678.X	A_000421
US201816107136A	A_007705
JP2018079448A	A_022932
CN202310145500.3	A_015473
CN202311693810.5	A_022231
US202318386911A	A_009973
CN202310108020.X	A_000906
CN202311400149.4	A_001231
CN202211378473.6	A_001485
CN202110958598.5	A_002400
EP22751994A	A_007705
JP2019221604A	A_022963
US202318132145A	A_024928
KR20210031244A	A_023363
CN202311738144.2	A_021605
KR20190024645A	A_023337
CN202210410822.1	A_002332
KR20230081149A	A_023970
CN202111025882.3	A_020977
KR20220075366A	A_023769
CN202111164729.9	A_021352
CN202310803643.9	A_022001
KR20190152364A	A_010991
US202117452751A	A_022336
KR20210019343A	A_006763
JP2023132443A	A_022486
IN202011045249	A_022635
CN202110887264.3	A_021303
CN202311762743.8	A_022258
CN202011263242.1	A_021108
KR20220002186A	A_023646
CN202210119799.0	A_001135
CN202310582698.1	A_021951
US202217949921A	A_024847
CN202110530019.7	A_021250
CN2022111681W	A_012652
CN202210324548.6	A_012345
US202117477214A	A_022336
KR20230158417A	A_006685
CN202380051418.2	A_000910
US202117447625A	A_024685
US202217726675A	A_008274
EP23708107A	A_007705
EP22827279A	A_005857
CN202321781187.4	A_022298
CN202110244628.6	A_016582
KR20180056604A	A_023231
KR20230132282A	A_024009
EP22153254A	A_000112
JP2022579731A	A_023113
KR20190102525A	A_006694
US201815921744A	A_007824
CN202110551735.3	A_021253
JP2019536242A	A_022967
IN202241006146	A_022789
CN202080047348.X	A_021059
TW110102731A	A_024179
US201916690921A	A_006695
US202117446746A	A_009973
US202017067228A	A_007986
CN202010130319.1	A_000652
CN201910420283.8	A_020723
US202318539240A	A_007661
CN202210453955.7	A_021555
KR20230194074A	A_024021
CN202210616779.4	A_001552
CN202311041778.2	A_022058
US201916623347A	A_024383
CN201911136344.4	A_012652
CN202311773020.8	A_014665
KR20200120024A	A_023489
US202117319891A	A_022336
KR20220184034A	A_023840
EP21191771A	A_007790
CN202010653600.3	A_000337
CN202311695302.0	A_022232
CN202010561751.6	A_001765
US202218711826A	A_007841
JP2020571892A	A_006151
CN202311501965.4	A_022180
CN202110707336.1	A_021277
KR20220179841A	A_023872
US2019055205W	A_009871
CN201911318745.1	A_020903
CN202111019579.2	A_021319
CN202411098751.1	A_022316
CN202311817845.5	A_000477
US202217962705A	A_024703
CN202111664859.9	A_003676
KR20190135154A	A_023374
KR20230055290A	A_023936
CN202011337605.1	A_021119
IN202021011865	A_022654
CN202010508865.4	A_012825
CN202110375858.6	A_000777
US201815960437A	A_024231
CN202310974219.0	A_022046
KR20220054854A	A_009739
GB2022050439W	A_022551
US202117559861A	A_005503
CN201910377070.1	A_000223
CN202010857536.0	A_021064
CN202210271032.X	A_021472
CN202211524233.2	A_002768
JP2022502631A	A_006235
KR20200171241A	A_023530
US202016987124A	A_024514
EP19906605A	A_022414
IN202121016180	A_022685
IN202141061006	A_022755
CN202011344704.2	A_021120
CN202210899699.4	A_001676
EP20786359A	A_007824
JP2023118555A	A_023147
US202016953384A	A_007824
KR20210035361A	A_023567
CN202111318812.7	A_021349
KR20200113283A	A_023478
CN201811396269.0	A_000387
CN202211520578.0	A_020752
CN202211552328.5	A_021756
CN202111028947.X	A_002616
US201815894214A	A_024213
CN201811543168.1	A_000177
US201816029056A	A_009890
CN202111524339.8	A_000276
KR20210169103A	A_006765
US202318159898A	A_024938
BR102021011921A	A_020636
CA3108705A	A_013106
IN202141039960	A_022740
US201916537607A	A_024357
CN202110179090.5	A_021205
KR20190048258A	A_023349
CN201910495997.5	A_020831
US201916405158A	A_024334
CN202311240699.4	A_022118
KR20210072606A	A_006485
CN202010032544.1	A_020943
CN202210262593.3	A_000947
CN202310941819.7	A_002132
IN202017024792	A_007383
KR20190125640A	A_006765
CN202210843396.0	A_021617
CN202210006641.2	A_021482
DE102022119203A	A_022338
CN202310472873.1	A_000756
CN201910949100.1	A_020859
KR2019008675W	A_006694
KR20220045507A	A_023745
CN202310043426.4	A_001614
US202117564524A	A_024733
KR20230051333A	A_005626
CN202211661837.1	A_021792
CN202211164052.3	A_000375
EP23382875A	A_022513
CN202111556782.3	A_001109
US202117181712A	A_009973
CN201910779407.1	A_008682
CN202011050704.1	A_000371
IN202331000697	A_022872
CN202010888482.4	A_002418
KR20200050908A	A_023448
CN202310534738.5	A_001099
CN202210353508.4	A_021538
KR20180112441A	A_023265
CN202111371935.7	A_000294
JP2022073230A	A_012431
CN202210261786.7	A_000895
JP2023035624W	A_006169
US202217583908A	A_024271
CN202110835879.1	A_000198
US201916351725A	A_007733
IN202141039960	A_022744
CN202310347799.0	A_021506
CN201810941563.9	A_000294
US202017076979A	A_024557
CN202211262597.8	A_021706
JP2023135749A	A_014154
CN202210327655.4	A_000252
CN202110460574.7	A_021240
KR20220047324A	A_023747
KR20220176573A	A_023866
KR20190137075A	A_023375
CN202110884519.0	A_021302
US202218058751A	A_023642
CN202310624809.0	A_021957
US202117565891A	A_022329
KR20200028555A	A_013441
US201916444201A	A_013124
US202016819782A	A_008141
US201916703705A	A_024395
US202318184011A	A_005488
CN202110857092.5	A_021298
CN202010538989.7	A_021009
US202318329341A	A_024098
CN202110422013.8	A_021228
CN2019112012W	A_000128
CN202311652692.3	A_000196
KR20220094183A	A_023784
JP2021144745A	A_015021
US2018047951W	A_007824
KR20247006882A	A_006695
CN202310126143.6	A_021120
EP21736567A	A_007383
KR20210154663A	A_023671
CN202010231230.4	A_001018
CN202010244437.5	A_002455
CN202310299003.9	A_001821
US2021013428W	A_007795
IN2022050162W	A_022758
JP2023217924A	A_006311
IN202311066664	A_022856
CN202311548932.5	A_022196
CN202110682705.6	A_002292
US202016992088A	A_024524
US202318103100A	A_024796
CN202311486510.X	A_019234
KR20230065529A	A_023947
CN202311453965.1	A_022167
US202016945969A	A_007824
CN202111060574.4	A_021332
JP2023093096A	A_006312
CA3051096A	A_005809
CN202210971422.8	A_021647
CN202210126139.5	A_001762
CN202211406704.X	A_000177
CN202310587781.8	A_003436
US202016885214A	A_020572
US202017033722A	A_007790
KR20190158132A	A_023402
US2023013274W	A_024901
KR2019005842W	A_006703
CN202111014698.9	A_021318
US2022075412W	A_009973
CN202311668731.9	A_002199
US202218072887A	A_024866
CN202111514378.X	A_021422
IN201821048031	A_005882
CN202011566471.0	A_021146
CN202011603068.0	A_020767
IN202341048255	A_022906
US202217704013A	A_024799
US202318379270A	A_008414
CN202310300997.1	A_000337
KR20200159758A	A_023521
US202017078148A	A_024559
CN202111008419.8	A_013033
CN202311285175.7	A_003386
IN201947012782	A_005809
KR2023000318W	A_023892
CN202010958813.7	A_000509
US202117159048A	A_007733
US202016991944A	A_024523
CN202310862988.1	A_022021
CN202311814756.5	A_000337
CN202311127732.2	A_022086
KR20220102472A	A_023744
US202017032509A	A_022509
US202016874266A	A_024501
CN202210946277.8	A_010602
KR20220076577A	A_023771
CN202211219560.7	A_021696
KR20180049823A	A_023227
KR20200142104A	A_006882
CN202311496042.4	A_005287
US202318391276A	A_022336
US201916573021A	A_005503
EP21854761A	A_005526
CN202010603011.4	A_000315
KR20230103303A	A_007185
KR20210105104A	A_023623
CN202210436924.0	A_001099
KR20190099975A	A_006695
KR20230077901A	A_023968
CN202311781417.1	A_022032
CN202210684445.0	A_010561
KR20230155267A	A_024040
CN202310530777.8	A_003321
CN202310927521.0	A_001485
CN202310685229.2	A_001574
US202016733676A	A_007790
IN202011033404	A_013214
IN202014002648	A_022418
CN202310147580.6	A_021694
IN202141010955	A_005883
KR20230158417A	A_006571
DE102023117999A	A_022346
CN202210973131.2	A_000517
CN202010653600.3	A_004096
US202217681805A	A_005618
KR20220103631A	A_023791
US202217579070A	A_005469
KR20230103303A	A_012495
CN202310933117.4	A_015857
CN202110205807.9	A_021073
KR20210074322A	A_006835
CN202110973275.3	A_021314
CN201821275479.X	A_020757
US202217966319A	A_024855
JP2023044711A	A_023126
CN202311629466.3	A_022216
US202318178269A	A_005577
KR20210084848A	A_023613
KR20220135210A	A_006702
CN202010954401.6	A_000213
CN202311701581.7	A_000928
KR20237007045A	A_006695
EP23712412A	A_022514
JP2021000546A	A_023011
US201815919170A	A_024221
CN202310172207.6	A_020752
CN202111599488.0	A_000543
CN202010167880.7	A_000337
CN201921313558.X	A_020852
CN202011115554.8	A_021090
CN201911380375.4	A_020767
CN202010548732.X	A_004809
CN202310362925.X	A_004050
CN202110538023.8	A_000337
CN202210156492.8	A_000134
CN2022091260W	A_021481
IN202141061006	A_022754
CN202311534752.1	A_008933
KR20210023909A	A_019448
KR20220138037A	A_006937
US202318327643A	A_022336
KR20190129741A	A_006695
CN202311393148.1	A_022154
IN202241037444	A_022797
US202217581585A	A_024779
IN202341063596	A_022910
CN202010686373.4	A_000636
KR20220124979A	A_023814
JP2023089818A	A_023134
CN202211425973.0	A_021747
KR2022007049W	A_006695
JP2022520207A	A_022341
CN202322341243.9	A_003714
JP2021081641A	A_006302
CN202211409069.0	A_002168
JP2020109001A	A_006313
US201917047906A	A_006083
CN202311520105.5	A_001347
CN202010130319.1	A_000315
US201916582672A	A_007829
US202017640742A	A_024285
CN202110510136.7	A_000134
CN202211037183.5	A_001676
CN202010979248.2	A_003003
US202318539161A	A_009973
CN202111349888.6	A_000384
CN201810261331.9	A_000613
IN202321042437	A_022861
US201916439407A	A_007790
JP2022041494A	A_006286
KR2020015562W	A_023517
CN201910318970.9	A_001251
KR20200137956A	A_023511
KR20220166319A	A_023856
US202218070856A	A_022455
EP21790705A	A_007705
US202016819826A	A_024475
CN202210891737.1	A_000162
US201817252101A	A_013124
CN202311484425.X	A_000252
KR20220155296A	A_023840
US202117306419A	A_009973
KR20200037285A	A_023443
CN202011140224.4	A_008702
CN202111027241.1	A_003023
DE202022105964U	A_022355
KR20210032454A	A_023565
US202318312660A	A_023658
FR1906376A	A_022533
IN202041041090	A_022671
US202318182669A	A_009998
CN202211013962.1	A_000316
KR20220021313A	A_023731
KR20190014366A	A_007253
KR20220157890A	A_023471
KR2019015509W	A_023294
US202017134438A	A_024588
CN202180090536.5	A_021479
US202218263858A	A_024881
CN202211253965.2	A_021703
KR20230112081A	A_023991
CN201910775103.8	A_020854
CN202010946810.1	A_021069
CN202011326682.7	A_000326
JP2021558418A	A_005618
JP2021511446A	A_006294
CN202110955636.1	A_003082
CN202010513538.8	A_002951
CN202210739727.6	A_001756
CN202310365930.6	A_021911
US202117391378A	A_022336
CN202310186140.1	A_000134
JP2020135891A	A_022979
CN202211364129.1	A_021736
CN201910751191.8	A_000510
KR20180171308A	A_006470
KR20190148686A	A_023383
CN202110411326.3	A_021223
EP19907516A	A_022415
CN202311300948.4	A_003007
EP18701907A	A_022374
CN202311707042.4	A_022239
CN202211383226.5	A_004121
CN202211433675.6	A_000294
CN202311385265.3	A_022150
KR20180077681A	A_023243
CN202111168408.6	A_021354
TR2023051850W	A_024159
CN202210051986.X	A_020752
CN201811095230.5	A_020711
CN202310050734.X	A_000507
EP23305383A	A_022511
CN201910902842.9	A_020723
US201816104622A	A_024255
IN202227050576	A_007705
KR20230188353A	A_023522
CN201810721960.5	A_020689
US202117354533A	A_005577
JP2020572969A	A_009998
CN201811321756.0	A_013774
IN202341063596	A_022911
IN202241042004	A_022811
CN202310474211.8	A_000517
EP21762229A	A_007705
KR20200093694A	A_013397
KR20220098704A	A_023786
CN202010659871.X	A_021025
CN202310682196.6	A_003116
KR20220126306A	A_006703
KR20180165194A	A_007025
CN202111432025.5	A_021406
US202217892542A	A_024843
CN202311648831.5	A_022221
CN2023074204W	A_021841
US202218711192A	A_000048
KR20200037285A	A_023442
JP2021543218A	A_006294
CN202210965882.X	A_020767
CN202010205552.1	A_020957
KR20220091318A	A_006703
US202217693634A	A_024766
US202217690231A	A_006635
JP2024556542A	A_023187
KR20210003836A	A_019448
JP2023184817A	A_006114
CN202111526258.1	A_021426
CN202210399528.5	A_002872
CN202311164084.8	A_022092
CN202310932860.8	A_022035
CN202010704859.6	A_013765
EP2021069944W	A_022430
CN202210874554.9	A_021627
CN202310574794.1	A_000394
CN202310632190.8	A_016950
CN202210591462.X	A_000162
US202218865512A	A_007383
US2023063185W	A_008113
KR20230131135A	A_024006
JP2022115997A	A_009547
CN202311508560.3	A_022182
KR20180119100A	A_006703
US202217872805A	A_007790
KR20220170410A	A_006703
US201816013418A	A_024247
EP20762984A	A_022447
TR2018050847W	A_024148
CN202010220663.X	A_020963
IN202121006780	A_022680
CN202011293623.4	A_001099
US201816493277A	A_007719
US202318400337A	A_025008
CN202210280959.X	A_021526
US202117563356A	A_010025
CN202311755202.2	A_012724
US201916535091A	A_024355
US202117448828A	A_007705
CN201910747898.1	A_020723
CN201810589304.4	A_001575
KR20190012135A	A_006702
CN201910032058.7	A_000162
US202218711826A	A_024896
IN202241058188	A_006703
CN202010451564.2	A_003676
KR20200112890A	A_023476
KR20230197583A	A_023739
US202017777671A	A_024606
EP22190134A	A_022370
US202318319546A	A_022336
CN202210313902.5	A_010607
CN202211655026.0	A_021787
CN201810924226.9	A_020698
US202318843021A	A_025043
JP2021098984A	A_023029
CN202111159649.4	A_021346
CN202210231500.0	A_001087
KR20210153927A	A_023665
KR20220079814A	A_006703
KR20230194959A	A_024085
US202217821482A	A_007963
CN202310741356.X	A_000636
US201916575873A	A_024373
US201916293925A	A_007829
US202318104086A	A_022291
CN201910684793.6	A_000253
IN202141061006	A_022752
CN201820496118.1	A_000652
CN202111549558.1	A_021432
KR20230115991A	A_017622
KR20180095423A	A_023250
US202217647699A	A_009973
CN202210458604.5	A_021556
CN202311521705.3	A_000609
US202118293813A	A_022592
CN201910141501.4	A_010708
US202117146776A	A_024615
CN202110457606.8	A_000636
TW110132907A	A_024182
US202318456681A	A_025012
CN202110859551.3	A_009080
US202318120491A	A_024802
US202218700906A	A_024894
CN202311397551.1	A_002422
US202117477124A	A_024694
CN202111406783.X	A_002793
KR20190149345A	A_023391
US202017091224A	A_024568
CN2021081051W	A_000128
CN202323013399.0	A_022302
KR20230066369A	A_023950
JP2019229938A	A_017589
CN202110772153.8	A_010302
KR20190024576A	A_023336
CN202110933442.1	A_021309
US201916265873A	A_007824
CN202210984081.8	A_001327
JP2020059791A	A_006057
JP2023089771A	A_006215
KR20230183472A	A_024010
US2019015043W	A_022374
CN201911311109.6	A_020902
KR20210175313A	A_023697
CN202010731771.3	A_021040
KR20230181823A	A_023759
CN202210199760.4	A_021513
KR20180121295A	A_023270
CN201910741705.1	A_000223
US202016909149A	A_024304
CN202310682196.6	A_000315
EP19275096A	A_000048
JP2021027191A	A_023016
KR20190097384A	A_006694
CN202111344647.2	A_000182
CN202280096707.X	A_020780
US202217895336A	A_022336
US2018017038W	A_024197
CN201910649741.5	A_020847
IN202241060554	A_022815
KR20230085388A	A_023976
TR2022010250A	A_024156
KR20230023016A	A_012456
US202318150889A	A_022336
KR20200187143A	A_023541
CN202210783544.4	A_003113
CN2023108655W	A_012652
IN202127052569	A_014296
KR20230095104A	A_023826
CN202311442358.5	A_002615
US202318522075A	A_025031
CN202010393807.1	A_000294
US202318502551A	A_007719
US202217688491A	A_006402
TW107118268A	A_024168
CN202210987618.6	A_000315
FR2003444A	A_000112
JP2020572969A	A_023009
CN202211507326.4	A_021760
CN202211449025.0	A_000406
CN202111569577.0	A_001568
KR2021007899W	A_006695
CN202010801960.3	A_004157
CN202311632023.X	A_022218
CN202210486056.7	A_003787
CN202110203869.6	A_001122
KR20180071799A	A_007179
IN202341063596	A_022917
KR20180165182A	A_007027
CN202311255809.4	A_000979
CN201911066852.X	A_020851
TW111214031U	A_024187
US202017123879A	A_022338
CN202310742767.0	A_021989
CN202311335079.9	A_022141
AU2019101822A	A_020568
CN202010386129.6	A_000294
KR20230186746A	A_007147
CN202280100320.7	A_020659
CN201920592023.4	A_020912
CN202211009757.8	A_004496
KR20230158841A	A_007265
KR20230128615A	A_024003
CN202080040039.X	A_000128
US202217652854A	A_007705
JP2022053129A	A_023070
JP2020570570A	A_023008
CN202011289514.5	A_021112
US202117492740A	A_024703
CN202210058008.8	A_002615
US202117533603A	A_008042
US202318093944A	A_008028
IB2023053133W	A_007383
JP2021076203A	A_023026
US202318344893A	A_023642
CN202110755666.8	A_021283
CN202010120410.5	A_000139
CN202311755202.2	A_000315
US201916297706A	A_024317
KR20230091444A	A_006745
CN202211497182.9	A_004044
US202318133031A	A_013124
KR20220169660A	A_023791
KR20190089907A	A_023361
CN202180068019.8	A_021474
KR20220181417A	A_023878
IN202021055433	A_022663
US202318225074A	A_024969
CN202311046291.3	A_004024
JP2020073569A	A_006157
CN202010340381.3	A_020988
US202318340547A	A_024848
CN2023125148W	A_022293
KR20220169660A	A_023860
CN202311837321.2	A_022282
US202117552347A	A_024729
KR20190026231A	A_023340
US202117479916A	A_007705
CN202310987010.8	A_022050
IN202341007553	A_022882
KR2018002559W	A_006703
US202017102425A	A_022419
IN202321068214	A_022866
CN202311321541.X	A_001772
KR20220145384A	A_023830
CN202311567054.1	A_022199
CN202310647068.8	A_005127
CN202210818468.6	A_003884
CN202011348434.2	A_021121
CN202111521905.X	A_021425
KR20230028270A	A_023909
CN202210436477.9	A_021551
CN202110123374.2	A_004035
KR20220136978A	A_023703
JP2023116729A	A_023139
US202117366444A	A_007996
US201916291735A	A_008008
CN2022105180W	A_020967
US202217861233A	A_009973
CN202210138340.5	A_020752
KR20230162907A	A_007081
CN202311291630.4	A_000326
KR2018002559W	A_006702
US202318128969A	A_024926
CN202110965319.8	A_021313
KR20230180351A	A_017621
CN202210849784.X	A_021619
US202318450346A	A_025009
CN2019086003W	A_010153
US202218053433A	A_007682
US202318170572A	A_024943
US202218058132A	A_009973
CN202210658805.X	A_021591
CN202011595178.7	A_020767
CN202111271501.X	A_011675
AU2019363031A	A_005857
IN202141008351	A_022714
CN202210804444.5	A_001552
US202318522004A	A_005625
CN202311604723.8	A_003970
JP2022523846A	A_022351
CN2023112229W	A_022112
CN202210046007.1	A_000326
TR2023/005089	A_024162
CN202310031398.4	A_021857
CN201811621244.6	A_020723
CN202211005713.8	A_002353
CN202011064409.1	A_021084
JP2020050059A	A_022972
CN202110039057.2	A_000466
CN202211273444.3	A_019716
EP23382192A	A_022512
US201815891608A	A_024212
JP2022143107A	A_023094
DE202023105341U	A_022368
US202017260959A	A_009973
US202218069790A	A_007733
CN202211535093.9	A_003476
US201916411576A	A_000050
CN202210751599.7	A_021602
US202117208999A	A_024644
CN202010128968.8	A_020896
CN202310904428.8	A_022030
DE112023000493T	A_022336
CN202110044732.0	A_020983
CN202311598210.0	A_022209
US201816010839A	A_024246
US202318180053A	A_024107
US202117523694A	A_005587
AU2020103294A	A_020587
KR20237007080A	A_006695
CN202311765404.5	A_020967
CN202210687775.5	A_000198
CN202011631683.2	A_020719
US202018035468A	A_006458
US202217812985A	A_022336
US201815909999A	A_024219
US202118283054A	A_024760
CN202311612367.4	A_000253
US201816217524A	A_000129
CN202011381523.7	A_010313
US202318104007A	A_009973
CN202010091834.3	A_013764
CN202311578497.0	A_022202
CN202110397163.8	A_000856
IN202147051483	A_007705
CN202311750873.X	A_022252
CN202110838840.5	A_021208
ES202330130A	A_022527
CN202311272726.6	A_021964
KR20220031210A	A_023734
KR20200126000A	A_023490
US201816769982A	A_024291
US202117398804A	A_024304
CN2020078629W	A_000226
CN202311766708.3	A_003907
CN202210972306.8	A_001099
CN202010161349.9	A_000339
CN202211262597.8	A_021708
EP19859096A	A_012627
US202318382806A	A_000050
KR20220106370A	A_023795
CN201911378277.7	A_000636
CN202010583529.6	A_021013
CN202311719971.7	A_003116
CN202111532682.7	A_021428
AU2023222971A	A_007778
KR20220020540A	A_006703
US202217842320A	A_024834
US201816163565A	A_024270
US202218073790A	A_023140
CN202311292266.3	A_012652
US202318348850A	A_024994
JP2019566476A	A_006083
AU2021221444A	A_020613
CN201910217800.1	A_020796
KR20220177731A	A_023871
CN202210444183.0	A_021552
CN202210657179.2	A_000514
EP21189268A	A_005882
CN202211005713.8	A_000315
CN202111288516.7	A_000182
CN201980047034.7	A_020924
CN202210474688.1	A_021153
US202117171914A	A_024625
IN202121038175	A_005882
CN202310839191.X	A_022013
CN202310127545.8	A_021872
CN202310938781.8	A_022038
CN202111203931.8	A_001600
OA1202200211	A_007383
CN202210920526.6	A_000182
US201816617057A	A_024281
KR20210150283A	A_023662
US202017247791A	A_007751
US2022053968W	A_024770
CN201822126419.8	A_002933
US2022054029W	A_024771
EP18829141A	A_022379
CN202110001781.6	A_021182
KR20210043196A	A_023578
KR20190149345A	A_023385
CN202210028207.4	A_021288
AU2022247142A	A_020623
KR20180105100A	A_006703
CN202311767795.4	A_003901
US202318209183A	A_000112
CN202111575372.3	A_005270
CN202211521091.4	A_021766
KR20230120934A	A_023998
US202017090043A	A_024567
US202016900151A	A_024505
US201815995953A	A_006703
CN202211611242.5	A_000509
CN202310354570.X	A_000458
US202217867101A	A_007700
KR20220131439A	A_023817
CN201910460861.0	A_000198
CN202311323486.8	A_000458
JP2022053129A	A_023071
US201816756771A	A_024286
CN202211243495.1	A_000458
CN202011371441.4	A_021125
CN202111349134.0	A_020685
CN202310643611.7	A_021969
US202016885786A	A_024502
IB2023054365W	A_022588
KR20220079814A	A_006702
CN202011378398.4	A_000202
CN202210546347.0	A_014651
EP21216303A	A_000037
CN201910629417.7	A_020723
US202117399287A	A_024681
KR20230077901A	A_023967
IB2019061250W	A_022575
US202318483294A	A_025017
IN202227005514	A_007705
KR20230182251A	A_023790
US202218695971A	A_024893
US202318386410A	A_014255
US202318545361A	A_007705
US201916669694A	A_009976
KR20230154017A	A_024033
CN202010374154.2	A_020994
CN202310025316.5	A_000388
CN202310020405.0	A_021852
US202318137015A	A_024932
EP20173104A	A_009274
CN201910625698.9	A_020844
CN202111292214.7	A_002312
KR20230191618A	A_024081
KR20210032454A	A_023235
CN202510269552.0	A_000177
US201916563552A	A_024366
US202017272113A	A_009973
US202318130758A	A_024927
KR20210154349A	A_023670
CN202380086312.6	A_000910
KR20220048680A	A_006702
KR20200017801A	A_023431
CN202010485102.2	A_021003
CN201910941466.4	A_020868
US2022072635W	A_009973
CN202311093295.7	A_022071
CN202311658407.9	A_010703
CN201811217963.1	A_000543
IB2019052223W	A_022572
CN202310960581.2	A_001167
JP2019196993A	A_022957
US202117214145A	A_005469
FR2018052934W	A_022538
US202217853836A	A_000113
CN201911289421.X	A_020899
IN202027027686	A_005857
CN202211669918.6	A_021796
US201916568104A	A_024367
KR20230092974A	A_023983
US202318531515A	A_005556
US202217688304A	A_024700
KR20220140501A	A_006702
CN202310754204.3	A_004157
US202017005079A	A_024514
CN202311174479.6	A_002872
KR20230023016A	A_012455
US202217896788A	A_006703
JP2023109401A	A_023141
US202318509587A	A_009973
CN202211303431.6	A_021721
JP2022048127W	A_006068
US202118252989A	A_024755
CN202210068906.1	A_021490
IN202141025792	A_022723
KR20230077898A	A_023968
US202117325082A	A_008029
US202217587640A	A_024782
CN202011094017.X	A_000304
CN202110419325.3	A_021226
CN202010279789.4	A_014624
US202117497487A	A_024705
CN202110420155.0	A_001770
US201916959844A	A_000099
CN201910279639.0	A_000948
CN202310028596.5	A_001237
US202217887813A	A_009973
EP23178660A	A_019399
US202318879251A	A_006068
CN202210870382.8	A_016364
CN202311841920.1	A_022284
CN202211672034.6	A_021798
CN202110023710.6	A_000384
CN202211454051.2	A_002783
EP22702373A	A_022374
CN202311203972.6	A_000242
KR20220172998A	A_005625
CN202110797472.4	A_004006
CN202210133912.0	A_002613
CN202110727123.5	A_021278
KR20180003675A	A_023195
JP2023194677A	A_006302
CN202010808602.5	A_021056
CN202111005887.X	A_000134
US202117451161A	A_024687
US201816141558A	A_024264
CN202221369342.7	A_002864
GB201902722A	A_022546
US201916505620A	A_024349
KR20237016588A	A_015109
JP2021196198A	A_023055
US202016949452A	A_009973
IN202341004788	A_022877
JP2019065374A	A_022950
IN202141010955	A_005884
US202217971246A	A_024514
CN202111381158.4	A_021395
IN202011056466	A_022646
JP2019124246A	A_006166
KR20210018469A	A_007204
CN201811036858.8	A_002872
US202016781907A	A_024460
CN201810540558.7	A_020679
US202318222936A	A_022336
CN202010599603.3	A_021017
US202218047310A	A_007733
IN202011045249	A_022632
CN202011295739.1	A_021113
US2018045379W	A_007705
US201916266108A	A_005518
US202217573214A	A_009973
CN202210642889.8	A_020767
CN202211206797.1	A_011519
CN202011393836.4	A_000897
CN202211078606.8	A_002423
CN202211296427.1	A_000384
EP22214141A	A_022487
ES19860170T	A_022524
CN201910587644.8	A_001821
CN202010450427.7	A_000253
CN202310259657.9	A_021891
CN201910386566.5	A_002318
CN202010788407.0	A_000337
US2023084326W	A_024909
CN202210467070.2	A_020752
CN202210504323.9	A_012652
CN201910537538.9	A_020836
US202017442427A	A_024591
JP2020009407W	A_005612
CN201910239669.9	A_002522
CN202111181490.6	A_021359
CN202310769349.0	A_021995
US202016734715A	A_006703
CN2020140729W	A_000339
CN201911338879.X	A_001634
CN201911218131.6	A_000596
US202117490500A	A_024701
KR20230030793A	A_010969
KR20180033491A	A_006550
US201916690365A	A_006184
KR20237010974A	A_006694
CN202011213921.8	A_000936
KR20180097690A	A_006591
CN201820496118.1	A_002939
KR20190118483A	A_023367
CN202111014483.7	A_021317
US202318856830A	A_007963
CN202310102292.9	A_021866
KR20200117770A	A_009560
JP2023053246A	A_023129
GB202202279A	A_022351
CN202010701602.5	A_001031
US202117190507A	A_009969
EP23877127A	A_005496
CN202211531447.2	A_004146
US201916653053A	A_024384
KR20180028362A	A_023220
KR20180037547A	A_023223
US202318167862A	A_024941
KR20230139664A	A_024016
IN202341045619	A_022903
US2019031283W	A_024296
EP20750893A	A_022445
US202217845166A	A_008396
CN202211008846.0	A_001347
KR20210118140A	A_023636
KR20220054878A	A_023658
KR20190151318A	A_023395
CN202210076711.1	A_021491
KR20230137626A	A_010969
CN201910138792.1	A_020790
US201916586242A	A_005577
CN201811047779.7	A_001770
US202117215888A	A_024650
CN202310639397.8	A_021966
CN202010668385.4	A_020752
CN2021076259W	A_021181
CN202311191051.2	A_022098
CN202311430030.1	A_003436
US201916457075A	A_024346
JP2022517526A	A_006196
JP2022108607A	A_006156
KR20220106870A	A_023796
US202217850754A	A_024836
CN202010395451.5	A_020997
CN202110041653.4	A_020715
CN2019098657W	A_000128
US202217751333A	A_020646
KR20210118324A	A_023639
US202318186104A	A_024532
US202117533508A	A_024719
CN202111537535.9	A_000543
US201916375795A	A_007705
US202217586975A	A_017800
CN202311801357.5	A_000182
SA521422066A	A_006888
CN202210625073.4	A_021583
US2023033534W	A_022403
US202318838458A	A_025042
CN202311269495.3	A_020892
CN202111401594.3	A_021398
CN202310759699.9	A_000326
EP20876483A	A_022454
IN202241037444	A_013212
EP18833369A	A_007705
KR20220008796A	A_023721
KR20190001574A	A_023315
US202117382086A	A_024673
JP2023140243A	A_022964
CN201811081796.2	A_020709
US202217568985A	A_024773
KR20247035064A	A_024097
US2019058049W	A_009871
CN202010864844.6	A_001574
CN2021091767W	A_000128
US202117355806A	A_024665
CN202311412448.X	A_022161
US202016781907A	A_024459
JP2019026914W	A_022947
CN202110903027.1	A_020752
EP20700050A	A_022435
EP23217522A	A_022373
CN202310364802.X	A_002374
CN202311717986.X	A_022240
EP20204029A	A_019399
KR20230001007A	A_022503
JP2018039811W	A_005628
CN202011186129.8	A_008869
RU2021103087A	A_020572
JP2021193096A	A_006286
CN201910689309.9	A_000337
CN202210946600.1	A_021646
CN201910402787.7	A_020723
US202318228197A	A_000129
CN201980005550.3	A_000128
KR20230197709A	A_024090
KR20230012819A	A_023901
US202218703832A	A_022376
US202117199010A	A_024637
CN202111646573.8	A_000979
US201916676345A	A_024390
KR20230156163A	A_024048
CN202210744817.4	A_000895
PL44048122A	A_024120
CN202110023285.0	A_021185
CN202110256230.4	A_021210
EP20193531A	A_022429
US202218045375A	A_020616
US202217967348A	A_000112
KR20210184652A	A_023711
IN202141025792	A_022722
CN202311675763.1	A_001087
CN201910464019.4	A_020828
CN202211316842.9	A_020659
KR20210143754A	A_006826
CN202311326719.X	A_022138
US202318380638A	A_000492
IN202141039960	A_022738
US201816053659A	A_009232
US202016831401A	A_007753
IN202341004788	A_022879
CN202010840441.8	A_021062
US202117477124A	A_024693
CN202180006348.X	A_002239
KR20210172964A	A_023677
CN202311548509.5	A_021544
CN202080046680.4	A_021169
KR20190097435A	A_006694
KR20190015710A	A_023331
CN202011023462.7	A_000318
US201916728832A	A_000129
KR20210041492A	A_013379
US201916725759A	A_024398
CN201910685108.1	A_020849
EP23212062A	A_022509
US201815864871A	A_007705
KR20180121295A	A_023271
CN202310879277.5	A_022024
CN202080030165.7	A_020773
US201916295921A	A_024315
CN202010650687.9	A_002768
CN202311775041.3	A_021526
CN202311716052.4	A_004323
KR20230012578A	A_023899
US202117457081A	A_024507
US202016891015A	A_024503
CN202310354991.2	A_016204
US202318178010A	A_007705
JP2020189526A	A_022992
GB201918826A	A_005693
CN2023076515W	A_012652
CN202310952052.8	A_022043
TR202009210A	A_024153
KR20190039134A	A_005625
KR20210097788A	A_023616
KR20190122560A	A_006694
US202318320629A	A_007661
US202318197186A	A_024951
KR20220170755A	A_023861
CN202210022342.8	A_002168
US202318222940A	A_024967
CN202111627783.2	A_003730
CN202211693438.3	A_021803
EP23220696A	A_022486
CN202010344398.6	A_018615
CN202210165534.4	A_021505
CN201811621262.4	A_020723
IN202341063596	A_022914
CN201910542307.7	A_000203
KR20200020826A	A_006695
KR20230182251A	A_024070
CN202380022232.4	A_000910
US201816050170A	A_013558
US202218053453A	A_007828
CN202310629466.7	A_021962
CN202210931595.7	A_003096
CN202211357701.1	A_021733
CN201810803266.8	A_020685
CN202211193593.9	A_002141
EP22912458A	A_022501
KR20180097690A	A_023259
JP2025522634A	A_023193
JP2023093715A	A_023136
CN202310598297.5	A_000294
RU2021131930A	A_024134
IN202141039960	A_022739
CN202310710722.5	A_020798
US201916554411A	A_006695
CN202380091979.5	A_000910
CN202011008679.0	A_021075
US201815860928A	A_007705
CN202010355522.9	A_020993
CN202010817404.5	A_021057
CN2023113573W	A_022146
RU2018145842A	A_024125
CN201880087333.9	A_020767
CN202210476277.6	A_000947
CN202010667632.9	A_000134
KR20220177731A	A_023870
KR20230007564A	A_007082
CN202011039086.0	A_000179
CN202210251103.X	A_021522
IN202111020181	A_005469
CN202311127732.2	A_022085
CN202010925838.7	A_001770
CN201811474803.5	A_020738
IN202241042004	A_022807
AU2021100672A	A_020599
KR20180127222A	A_023277
CN201911124102.3	A_020887
CN202210684349.6	A_001750
KR20190035632A	A_006942
US2019029895W	A_024295
US201816112169A	A_024258
CN202211067658.5	A_021668
CN201980092470.6	A_020936
US202218579388A	A_022493
EP18786166A	A_005503
CN202310706524.1	A_003436
CN201910272728.2	A_015434
US202217863291A	A_007661
CN202011372355.5	A_013904
US202016808347A	A_024470
KR20220047602A	A_023749
CN201910222786.4	A_020799
EP23849134A	A_005857
IN202141026804	A_022725
EP18798687A	A_022378
CN202210719338.7	A_001676
CN202310950554.7	A_000895
IL2022050618W	A_022595
EP20178564A	A_000037
AU2021107088A	A_020603
US202318216618A	A_024964
US202017758439A	A_024598
CN202010393944.5	A_004323
DE102023213360A	A_005411
US202217647261A	A_005469
IN202241063090	A_022822
KR20230070393A	A_023959
KR20200061786A	A_006550
CN202110727270.2	A_000304
KR20237007045A	A_006694
CN201911142736.1	A_000543
CN201911242937.9	A_020894
CN202011268691.5	A_020767
US201916521166A	A_024354
CN202110077771.0	A_008801
DE102018216561A	A_022327
US202217694467A	A_007705
CN202310384577.6	A_010601
CN201910803497.3	A_005266
KR20220172998A	A_006760
CN202111388669.9	A_003130
US202318126707A	A_020617
KR2020018462W	A_023539
DE102020103665A	A_022332
US202217959940A	A_024801
US202318314683A	A_023642
CN202310260423.6	A_020752
KR20210106053A	A_023626
CN202310279990.6	A_021893
CN202211229050.8	A_021697
KR20257003799A	A_023455
KR20230154017A	A_024037
US202016829163A	A_024353
KR20200151325A	A_006703
KR20230010005A	A_023897
US202017068340A	A_024552
JP2022138771A	A_006151
US202017094387A	A_024570
US202117480915A	A_024695
CN201811275984.9	A_000234
US202016809820A	A_024471
CN201810158853.6	A_020660
CN201980056822.2	A_020920
CN202310423031.7	A_012218
IN202341007553	A_022885
KR20210045063A	A_023583
US202217740827A	A_009973
CN202011412786.X	A_001485
US202117359057A	A_024666
IN202241031010	A_009274
CN202311486510.X	A_021741
CN202110233533.4	A_020967
CN202310499993.0	A_000139
IL29784622A	A_022605
CN202211268130.4	A_021710
US201816168224A	A_024271
JP2021080206A	A_022927
CN202311210430.1	A_022108
KR20190043498A	A_023346
KR20230096517A	A_011332
IN202331062418	A_022875
KR20200141915A	A_013486
CN202210049105.0	A_020967
US202217722930A	A_024805
CN202210966593.1	A_002178
US201816110730A	A_005809
CN202111199729.2	A_000177
CN202311693810.5	A_022230
KR20200146773A	A_023512
US202017063593A	A_024547
US202217684041A	A_024792
KR20200086530A	A_023445
CN202110330765.1	A_020790
KR20230170926A	A_024063
KR20257010832A	A_024103
KR20210138494A	A_023652
TW110119405A	A_024180
KR20220114971A	A_023802
CN2020081223W	A_020938
CN202110022439.4	A_021184
KR20230037304A	A_023911
CN201810813562.6	A_020691
CN202010650687.9	A_001568
IN202341004788	A_022876
CN202311387795.1	A_003183
JP2021558418A	A_006114
AU2021353084A	A_020617
EP22795548A	A_022495
CN202280028207.2	A_020715
IN202241037444	A_022800
IN202211027052	A_022769
US202318301932A	A_022605
CN202211741240.8	A_021821
CN202211068031.1	A_014633
CN202010185811.9	A_020955
CN202110448009.9	A_021234
CN202211581197.3	A_021777
US202117335305A	A_024657
US202318235133A	A_009973
CN202220265877.3	A_011244
CN202311313249.3	A_022135
CN202311300083.1	A_022133
CN202211488812.6	A_000507
US202118017989A	A_024749
US202117324198A	A_007788
CN202110133522.9	A_021201
CN202110308211.1	A_010633
CN202111271501.X	A_000384
CN202210541461.4	A_021568
CN202211023483.8	A_020767
CN202311449591.6	A_018756
CN202011456194.8	A_011932
CN202311332415.4	A_022139
KR20220174074A	A_023865
US201916260923A	A_007992
CN202210802470.4	A_016282
KR20247035064A	A_024096
KR20200177003A	A_009760
CN202210424063.4	A_021397
CN202011147477.4	A_020896
CN202210867979.7	A_021625
EP20152391A	A_022417
CN202211085981.5	A_021673
KR20230157061A	A_024052
US201917626724A	A_006083
US202016858217A	A_024495
US202217805984A	A_024816
CN202311029104.0	A_021385
KR20210059196A	A_023596
EP20751611A	A_022446
KR20230096970A	A_019861
CN201811076248.0	A_020708
US202217656380A	A_022514
EP2018066626W	A_022423
CN202110928645.1	A_021308
US202017108976A	A_024436
CN202111349888.6	A_003051
CN202211146873.4	A_001750
US202117457945A	A_024272
CN202111451052.7	A_001029
CN202311240464.5	A_015631
IN202021046516	A_022656
EP21844092A	A_007705
US202217938651A	A_006703
KR20200120024A	A_023488
JP2019026914W	A_022948
CN201910001855.9	A_020723
CN202311137007.3	A_000406
CN202010946775.3	A_021069
CN202111566561.4	A_000755
CN202310057840.0	A_000218
KR20180007353A	A_023197
KR20220053275A	A_007043
IN202011056466	A_022650
CN201880026964.X	A_020766
CN202010182180.5	A_020752
CN202121450392.3	A_000299
US202217816249A	A_006703
CN202310432170.6	A_000464
US202217702669A	A_022507
EP18198517A	A_005469
CN201910725178.5	A_020723
KR20230067897A	A_009739
US2022053968W	A_024769
CN201811024682.4	A_020704
CN202310611941.8	A_021014
KR20210010590A	A_023548
US202217728180A	A_024808
IN202211002250	A_022760
IN202321042437	A_022864
CN202111535313.3	A_021429
US201916703720A	A_007705
CN202310662571.0	A_000198
CN202310888073.8	A_000316
CN202110447134.8	A_000326
KR20220031210A	A_023735
CN202311796419.8	A_003179
KR20247028438A	A_024098
IN202341082660	A_022920
CN202010583530.9	A_001127
CN202011235336.8	A_020429
US202318315870A	A_010017
KR20180097690A	A_023257
KR20230019954A	A_009650
US202217568585A	A_024695
CN202310601611.0	A_015612
CN202310940455.0	A_000292
US202318224557A	A_022504
US202217745792A	A_024813
JP2022015289W	A_006235
AU2020100917A	A_020573
US202318217003A	A_007719
US201916597197A	A_008410
AU2018200976A	A_008252
CN2018085094W	A_000129
CN202311437697.4	A_000292
CN202111181265.2	A_020977
US202217726255A	A_009973
CN202310806353.X	A_015592
KR20220098704A	A_023787
CN202310250878.X	A_021874
CN202210900123.5	A_021633
CN202011051868.6	A_021081
CN202111659058.3	A_000543
CN202310619913.0	A_000326
CN202210226012.0	A_002913
US202017103768A	A_024578
US202318368488A	A_024999
CN202210625073.4	A_021584
CN202211709314.X	A_021807
US202017034093A	A_024543
JP2023011947A	A_006090
US202217868631A	A_013668
KR20210094649A	A_023350
EP23177231A	A_006294
IN2020050925W	A_022623
IN202241066484	A_022828
KR20200036433A	A_006703
US202218574807A	A_024889
CN202311059413.2	A_013698
CN201980008957.1	A_014498
CN202011253124.2	A_003082
KR20200189900A	A_006531
CN202210748685.2	A_002615
US201816218428A	A_005565
CN202321011097.7	A_013698
KR20210126344A	A_023642
KR20210182474A	A_023707
US202218059710A	A_005882
CN202111545871.8	A_000339
EP23200113A	A_022387
US202117551620A	A_024727
CN202211243706.1	A_021104
KR20200166198A	A_006936
CN202210891565.8	A_000947
KR20180147827A	A_023290
US202017099092A	A_024573
KR20210058694A	A_006942
KR2022012707W	A_006731
US202318196842A	A_007790
JP2019124246A	A_006167
CN202310847756.9	A_000223
CN202111571592.9	A_017212
CN202210836824.7	A_001029
US202117308663A	A_022336
KR20230085386A	A_023976
CN202110624901.8	A_001029
IN202241037444	A_022801
CN202011465989.5	A_015731
KR20190149345A	A_023388
CN202010798420.4	A_000292
US201916667643A	A_006695
KR20230007886A	A_023893
CN202010318986.2	A_000294
US202318843581A	A_005428
CN201810865285.3	A_020693
CN202110793808.X	A_021291
CN202111193281.3	A_002463
AU2023272796A	A_000050
CN202310926065.8	A_002132
KR20200132652A	A_023503
JP2022136652A	A_006325
KR20210021467A	A_023557
KR20230045090A	A_023914
CN202310924514.5	A_000756
CN202210572286.5	A_002168
CN201911262011.6	A_000223
KR20210172139A	A_006731
US202318161502A	A_022397
KR20220121445A	A_009666
KR20220019511A	A_023728
CN202210709836.3	A_003089
JP2023154539A	A_023143
CN202311082911.9	A_022066
CN202310136377.9	A_000337
US202318156352A	A_024936
CN201911211331.9	A_020892
CN202310939854.5	A_021808
US202218691075A	A_024892
KR20230054652A	A_022999
US202117190204A	A_024229
US202318520098A	A_022336
CN202110364651.9	A_000315
KR20220056765A	A_006774
GB201806628A	A_022543
JP2022554528A	A_022605
CN202010954830.3	A_020977
US201916668459A	A_022338
KR20230089579A	A_023979
CN201880069257.9	A_000128
CN202223350436.2	A_003618
US202218063028A	A_024864
IN202111013589	A_013214
KR20210167138A	A_023691
CN202210265565.7	A_002872
CN202210871230.X	A_001347
KR20210164516A	A_023684
CN202011172312.2	A_011273
CN202310977905.3	A_022048
CN202310601247.8	A_021954
UA2023000020W	A_024195
JP2021213802A	A_006302
CN201910014299.9	A_020781
US2020022940W	A_020639
CN201910620766.2	A_020723
US201815990469A	A_007705
CN202111347193.4	A_004106
CN202010101115.5	A_001455
CN202010267251.1	A_000336
JP2021117321A	A_010945
IN202341048255	A_022907
KR20210192601A	A_006829
CN202380087323.6	A_022313
US2020030840W	A_024098
CN202111440665.0	A_021409
US201816179223A	A_005587
KR20220163299A	A_006840
CN201811315966.9	A_013774
CN202211530042.7	A_021770
EP22757256A	A_022493
CN202311571862.5	A_002768
US202117522973A	A_005585
KR20257007839A	A_024101
CN202210144225.9	A_021500
US202217976512A	A_024098
CN202010909570.8	A_013698
CN202111625244.5	A_003082
US202318866110A	A_024754
KR20190116997A	A_006695
CN202211693979.6	A_001152
KR20220188648A	A_007257
KR20200030257A	A_006780
US202217895328A	A_024272
KR20220103067A	A_006662
JP2019182805A	A_022955
CN202110582120.7	A_000936
CN202211018881.0	A_001821
US202117199010A	A_012591
KR20180071799A	A_006857
CN202110395279.8	A_021222
US202117200231A	A_024616
CN202211146873.4	A_020732
CN202111171135.0	A_000253
US202217748644A	A_009973
JP2022058523A	A_006453
CN202280037092.3	A_021836
US202217731100A	A_009973
KR20210027789A	A_023562
KR20220133420A	A_023824
GB2022051374W	A_022552
CN2022117222W	A_021812
US202218086509A	A_024876
CN202311463762.0	A_022169
CN201810407292.9	A_000261
KR20230156163A	A_024047
US202218057661A	A_000050
CN202311122379.9	A_022082
JP2020544504A	A_023003
US201916967380A	A_022394
CN202110097191.8	A_020967
KR20230049485A	A_006829
KR20190008393A	A_023320
US202217891495A	A_006703
KR20237025127A	A_024093
EP21163577A	A_022459
CN202110857029.1	A_011682
US202217896032A	A_007700
CN202111515239.9	A_021423
CN202111438434.6	A_004382
CN202311428417.3	A_003082
US202017086227A	A_024563
KR20210139267A	A_023656
DE102018000643A	A_022323
US201916459762A	A_022419
CN202310180269.1	A_001600
US201816126292A	A_019399
US201916535322A	A_007700
US202117211873A	A_024649
KR20230071124A	A_006766
CN202210320085.6	A_001099
CN202311709587.9	A_002268
US2022070073W	A_020572
KR20210050733A	A_023588
CN202310153691.8	A_002312
US201815886989A	A_006703
CN202211491429.6	A_002590
CN202210046866.0	A_000384
KR20200115341A	A_014177
CN202110567571.3	A_000326
US202217878296A	A_024840
CN202011289514.5	A_002438
CN202210434654.X	A_015501
TW108133643A	A_024174
CA3216255A	A_000097
CN202011060679.5	A_021083
US201917047377A	A_006703
US202117795368A	A_005487
CN202211504644.5	A_000636
KR20180153634A	A_011321
US202117405615A	A_024683
CN202210321872.2	A_021530
US201916396427A	A_009911
US202118004219A	A_007998
US202318350247A	A_024996
US201816010295A	A_024245
IN202211039391	A_005937
US202117228056A	A_007996
JP2023179424A	A_023162
CN202311656940.1	A_022225
US201816609451A	A_024280
KR20210003836A	A_023547
US202217694561A	A_006703
CN202310815607.4	A_000294
CN201911085730.5	A_002312
CN202310627154.2	A_021959
CN202210966593.1	A_021647
CN202010091091.X	A_020948
KR20180169119A	A_015104
CN202211731742.2	A_021816
CN202210261651.0	A_003267
CN202211654102.6	A_004313
US202017019125A	A_007705
CN202310121563.5	A_021871
US2018030368W	A_005467
CN202311108969.6	A_003949
KR20210031244A	A_023564
CN202310078774.5	A_001139
US202218081304A	A_022653
CN201980068079.2	A_012652
EP21217802A	A_022463
US201916654027A	A_006226
CN202210250711.9	A_000198
US202016804390A	A_008001
DE102019114970A	A_007790
US202218067916A	A_005469
CN201810789039.4	A_012652
JP2021142963A	A_006311
CN202310816055.9	A_001602
CN202380081589.X	A_012652
CN202310279990.6	A_021896
KR20200161266A	A_023522
JP2022109168A	A_017589
KR20220160919A	A_023844
CN202310939361.1	A_022039
JP2022104623A	A_023085
CN202311629194.7	A_002455
KR20230084960A	A_023975
CN202280054166.4	A_000910
CN202210324682.6	A_000451
CN202211655201.6	A_000337
CN202310856669.X	A_022019
CN2022130532W	A_021823
US202117524814A	A_009973
EP19219535A	A_022394
US202017029306A	A_007682
US202217963657A	A_024853
CN202111622968.4	A_021450
US202117313504A	A_020615
CN202311387796.6	A_022152
KR20190039392A	A_023344
KR20247040596A	A_024099
CN202110498185.3	A_017851
IB2021061553W	A_022583
KR20200030257A	A_006779
KR20230156789A	A_024049
CN202311618148.7	A_000538
CN202010174163.7	A_002565
EP23781629A	A_020617
EP19728098A	A_022398
JP2021015306A	A_023014
US202318352579A	A_022336
CN202311652070.0	A_000198
US201816012701A	A_023018
US202318150243A	A_010046
IN202141030415	A_022734
CN202311079752.7	A_022063
US202318095885A	A_024271
US2021039607W	A_024609
CN202311537570.X	A_022192
KR20180142375A	A_023281
CN202310633348.3	A_000177
KR20210070629A	A_023603
CN202311030067.5	A_022056
CN201810185972.0	A_003779
CN202011645448.0	A_000543
CN202010440017.4	A_010122
CN202310481620.0	A_012652
CN202110268491.8	A_000881
CN202310736894.X	A_000273
US202318233152A	A_024978
US202117520824A	A_024711
CN202311164655.8	A_000609
CN201811598037.3	A_020748
US202016917227A	A_008125
KR20180102888A	A_006709
US2023063968W	A_022336
CN201810790066.3	A_000474
US201916545605A	A_006695
US202318130153A	A_007700
US202318320716A	A_022336
JP2021114800A	A_023033
JP2023200985A	A_019413
US202117515325A	A_022445
US202217835587A	A_024828
CN202311433232.1	A_021759
US202318119605A	A_024922
CN202080102141.8	A_021177
CN202311606892.5	A_000276
CN202011083230.0	A_021085
EP22751033A	A_022411
CN202111350315.5	A_021388
CN202210048242.2	A_001676
CN201911273395.1	A_020898
AU2020102305A	A_020576
CN201910506682.6	A_020835
CN202311247867.2	A_000304
CN202410315445.2	A_000260
CN202111413442.5	A_021400
CN202311393148.1	A_000384
US2021056835W	A_022408
IN201821035845	A_005882
CN202311068460.3	A_000134
EP22785646A	A_000125
JP2022566234A	A_015032
CN202310089578.8	A_021864
KR20220091832A	A_023781
JP2022078880A	A_022351
CN2023076515W	A_005857
CN202310573698.5	A_021947
KR20220024973A	A_023249
KR20220141469A	A_006665
CN202310459251.5	A_000452
JP2018032663A	A_022925
US201815957756A	A_014421
CN202111633172.9	A_000793
JP2021133884A	A_023037
US202318244095A	A_006703
KR2020018462W	A_023538
JP2021150654A	A_006156
CN202310202132.1	A_001412
IN202141039960	A_022745
CN202010293284.3	A_001099
DE102023208366A	A_005411
IN202211076713	A_005876
US202318337052A	A_023642
KR20230048698A	A_023191
US201916675249A	A_024389
US201816147043A	A_007790
CN201811488125.8	A_001765
US202318320265A	A_022336
CN202210738503.3	A_003875
IL2022050759W	A_022596
CN202110157469.6	A_021203
CN202311370721.7	A_022148
US202117330136A	A_007824
CN202210859885.5	A_021621
CN202311268136.6	A_022128
CN2021143625W	A_012652
KR20220149657A	A_006702
CN201880015441.5	A_020761
US202318389334A	A_022374
US202117558035A	A_009973
CN202121448575.1	A_003011
CN202311388369.X	A_022153
CN202311076176.0	A_004005
CN201810076376.9	A_013698
US201916729193A	A_020572
JP2023026112W	A_006114
IN202341009564	A_022893
CN201910406775.1	A_020723
CN202280002944.5	A_021162
CN202110617673.1	A_012656
CN201910075812.5	A_020726
US201916522235A	A_005572
US202016866243A	A_009973
CN201910300260.3	A_001135
AU2018050346W	A_020565
KR20210123537A	A_014393
JP2021000659A	A_023012
CN202010405041.4	A_020998
CN201911036226.6	A_020878
KR20220162780A	A_023850
US201917416461A	A_024416
US201816185854A	A_024274
KR2022018624W	A_006695
AU2020102305A	A_020580
CN202210515775.7	A_001770
CN202311738144.2	A_004157
CN202311823232.2	A_022275
KR20210042156A	A_023577
JP2021161438A	A_023046
CN202311139858.1	A_003801
CN202010336320.X	A_000234
GB201903136A	A_022547
CN202310138675.1	A_021873
CN2022132390W	A_021825
US202217944091A	A_022336
KR20220160919A	A_023843
CN202110179090.5	A_021206
US202117337829A	A_024660
JP2020034260A	A_005618
CN202011051731.0	A_000543
US201816002961A	A_024243
CN201910779274.8	A_020726
US202318323767A	A_022336
KR20220064788A	A_023762
US202117509963A	A_007824
CN202010125469.3	A_000134
CN202311695327.0	A_015457
KR20230047900A	A_023344
US202318447633A	A_024353
US202318520014A	A_005585
US201916687824A	A_022941
IB2022056961W	A_022585
CN202310066932.5	A_001613
KR20190028479A	A_023342
US202018250897A	A_022585
CN202211359202.6	A_021734
CN201880048818.7	A_020771
US202217842320A	A_024832
US202117387736A	A_024676
CN201910998909.3	A_000385
CN202011383103.2	A_002768
US201916545656A	A_022403
GB202219702A	A_007373
IN202241006146	A_022791
CN201920484304.8	A_020808
US202318137820A	A_009973
BR112020013972A	A_020640
KR20230067558A	A_023956
JP2022503981A	A_023102
US201916355736A	A_005404
KR20210163173A	A_006480
CN202211121134.X	A_000875
US201916281410A	A_013558
KR20230103877A	A_006703
IN201817035543	A_022609
IN202241037922	A_022806
CN202010955548.7	A_021071
CN202110355358.6	A_021218
US202117645184A	A_009973
US202017612978A	A_014296
CN202111174404.9	A_003384
CN202280061771.4	A_020920
CN202310949047.1	A_022042
KR20190105090A	A_006694
KR20210173143A	A_006934
CN202080015583.9	A_003221
CN202210918508.4	A_021641
KR20200080646A	A_023466
CN202111654187.3	A_002446
KR20230018946A	A_006975
US201916438905A	A_007682
CN202080095374.X	A_021175
US202117553682A	A_007661
KR20190149345A	A_023387
EP21911791A	A_007790
KR20210052222A	A_023590
CN202010077029.5	A_020859
JP2023150752A	A_023155
US202218723842A	A_024899
KR20257008969A	A_006695
US201816018074A	A_024249
CN202211504644.5	A_000995
KR20200079816A	A_023462
US202318482157A	A_007682
KR20247042291A	A_024100
US202318160694A	A_022336
US201815883290A	A_024209
CN202311678962.8	A_000384
US2023060736W	A_024906
EP22879204A	A_022500
CN202211555741.7	A_012218
CN202111085888.X	A_001179
CN202211354690.1	A_000279
CN202110489078.4	A_001071
DE102020126906A	A_022333
US202017622365A	A_024595
CN202310944284.9	A_002353
CN201910247682.9	A_020802
CN201910949879.7	A_020870
KR20200137178A	A_023508
US202318104941A	A_015032
CN202010874049.5	A_021066
CN202211348203.0	A_021730
IB2023062099W	A_022593
CN202110671163.2	A_003155
CN202211733378.3	A_021819
CN202310551032.X	A_002282
CN202310748727.7	A_003532
JP2019026914W	A_022946
CN201910849702.X	A_001765
KR20190010198A	A_023324
CN201820509263.9	A_000414
EP23192220A	A_022482
CN202323452629.3	A_022305
CN202110873102.4	A_001099
CN202111540584.8	A_000609
KR20200136439A	A_023505
JP2021066536A	A_023021
CN202311765183.1	A_011269
IN202021003758	A_005882
US202117382675A	A_007705
DE112023000487T	A_022336
CN201910782134.6	A_020856
CN202011122094.1	A_012724
CN2022078997W	A_012652
JP2022114100A	A_023091
CN202211324033.2	A_000134
CN202311015010.8	A_021864
US202318525180A	A_022653
CN202020326678.X	A_021157
CN201810241018.9	A_000316
CN202311104263.2	A_000182
JP2020161248A	A_022980
CN202310453734.4	A_021923
US201816770170A	A_024292
KR20230044784A	A_023913
DE102019105398A	A_005426
US202318125595A	A_009973
CN202310145406.8	A_021874
CN202110420236.0	A_021227
KR20230131576A	A_024007
CN202010688147.X	A_018529
KR20230193799A	A_023642
US202117349829A	A_022504
US202217976494A	A_024859
EP19765341A	A_022399
US202117327309A	A_007705
KR20210129324A	A_023645
US202117484455A	A_024698
CN202210051033.3	A_000198
EP18773318A	A_007705
US202318381825A	A_022503
US202217709279A	A_007801
US202117219087A	A_009274
US202117513913A	A_023658
KR20230064529A	A_023944
CN202010345760.1	A_020991
US202217870262A	A_024837
CN202211655026.0	A_021759
KR20210098372A	A_007103
JP2019119885A	A_006097
US202117328843A	A_000002
US201916352201A	A_023543
CN202210710965.4	A_021596
CN202211084516.X	A_000856
JP2021532912A	A_023059
CN202310622969.1	A_011712
US202318545561A	A_024514
KR2022008438W	A_023610
CN202311405990.2	A_022159
CN202211434486.0	A_004051
CN201810652044.0	A_020687
CN202311129335.9	A_001614
CN202111428552.9	A_021405
CN202211047405.1	A_021663
ES21210686T	A_022529
KR20200117046A	A_006936
US202318173099A	A_008365
KR20190014869A	A_023328
CN202210346610.1	A_000543
US201815934870A	A_024224
US202117499258A	A_024709
KR20180033491A	A_019461
US202217678835A	A_022336
KR20230191427A	A_023395
CN202311785675.7	A_000371
CN202010344398.6	A_010302
JP2023039787W	A_005526
CN202211451123.8	A_001363
EP20889688A	A_022455
CN202311329363.5	A_003779
CN202110437892.1	A_018831
KR20220066865A	A_009699
EP21776108A	A_022471
KR20200022695A	A_006731
CN202311386521.0	A_010742
CN202110427339.X	A_000345
KR20230101790A	A_006703
KR20220131435A	A_023818
KR20190102937A	A_006479
DE102021207502A	A_005404
CN202110006278.X	A_021033
US202117162470A	A_024620
CN202110883251.9	A_000847
KR20210167585A	A_023694
TW107122993A	A_024169
EP18206212A	A_022371
US201815994754A	A_007705
KR20220152525A	A_023834
CN202211425592.2	A_003086
CN202010773141.2	A_000198
US201815921753A	A_024222
JP2022105546A	A_006068
KR20230190899A	A_006703
KR20210182110A	A_010976
CN202211446962.0	A_000384
CN202211290849.8	A_021716
JP2023166518A	A_010922
US201816631388A	A_024282
KR20190107798A	A_006694
IN202141059724	A_006035
KR20200049191A	A_006765
KR20197031657A	A_023420
CN202210433584.6	A_011519
CN202111417719.1	A_021401
US202016830395A	A_024481
EP18714614A	A_022375
CN202310891841.5	A_022027
US202318219969A	A_022336
JP2019200217A	A_022958
CN202111217127.5	A_021363
FR2000357A	A_022536
IN202311033111	A_022832
KR20210015036A	A_023552
IN202011056466	A_022643
CN202210292762.8	A_021527
CN2022105180W	A_021561
US202117452749A	A_022336
CN201810362164.7	A_000725
CN202111139242.5	A_021347
KR20220035728A	A_023738
KR20230013882A	A_006702
KR20200020997A	A_023432
CN202380059552.7	A_000260
CN202010245436.2	A_020354
IN202127060061	A_022703
KR20230076637A	A_019860
CN201810721960.5	A_000384
US202318113472A	A_007775
CN2018085094W	A_000128
CN202310809619.6	A_022004
IN202241006146	A_022790
KR20230002908A	A_023890
CN202280086426.6	A_000260
CN202110035261.7	A_015487
CN202210381107.X	A_000134
CN202110896186.3	A_000371
CN202110489830.5	A_000755
US2020050886W	A_024432
CN2022081085W	A_012652
IN202331000697	A_022871
CN202011565143.9	A_020685
US202118703135A	A_022585
CN202111579144.3	A_021441
KR20230049642A	A_023927
CN202110391804.9	A_021221
CN202110439928.X	A_002168
CN202310077504.2	A_021860
KR2022006096W	A_023759
CN202210504370.3	A_001369
CN202311087417.1	A_002913
US202017138853A	A_024589
JP2022062311A	A_023030
CN202311712395.3	A_000162
IN202341004788	A_022878
CN202010019423.3	A_020939
EP21155555A	A_022458
CN202311177551.0	A_022094
CN202211471383.1	A_000528
US202117542726A	A_009973
CN202180100393.1	A_000128
US2022042215W	A_020616
ES22823634T	A_005645
CN202111575851.5	A_003826
IN202241037444	A_022803
KR20180101618A	A_023260
RU2020109861A	A_005622
CN202010779989.6	A_001132
US2023017980W	A_022468
CN202110200618.2	A_000198
CN202010748649.7	A_020946
CN201911321609.8	A_020906
DE102018000067A	A_022321
CN202310750292.X	A_002168
KR20230061167A	A_013434
JP2022017348A	A_023065
CN202311170971.6	A_021403
CN202210549487.3	A_021571
CN202011396136.0	A_000755
JP2022138771A	A_010941
US202218837595A	A_000129
CN202211254432.6	A_021704
KR20180007353A	A_023198
KR20230075981A	A_023966
US201916547725A	A_024358
KR20200180593A	A_023535
CN202311214960.3	A_020954
US202017629741A	A_024428
CN202010032544.1	A_001668
KR20210042156A	A_023573
CN201821770781.2	A_020759
CN202110280687.9	A_000326
US202218061027A	A_022336
CN202310206621.4	A_021884
CN202311567730.5	A_022200
CN202311473491.7	A_003804
CN202211295413.8	A_002617
KR20190118483A	A_023368
CN202211406328.4	A_000995
US202117628800A	A_009973
CN202111350312.1	A_021388
CN202110694111.7	A_021273
CN202310938781.8	A_022037
CN202311322492.1	A_022136
CN202311297725.7	A_000406
US202318457437A	A_008125
IN202311024629	A_009416
KR20210151177A	A_007262
CN202211384858.3	A_020752
US202318163183A	A_000050
KR20200179962A	A_006834
US202318497025A	A_022509
US201816029868A	A_024240
KR20200049191A	A_006766
EP20189636A	A_000037
US201916560935A	A_024365
US202318323314A	A_024988
KR20230049485A	A_023926
CN202010242292.5	A_020971
CN202211699205.4	A_002446
KR20220162353A	A_023847
KR20220152788A	A_023836
CN202310835602.8	A_004333
CN202110427428.4	A_021229
KR20220116072A	A_006935
EP18210504A	A_022372
CN202010762116.4	A_020659
EP22842932A	A_020615
KR20220054854A	A_006586
US202117499156A	A_024098
KR20210106046A	A_023625
KR20190098001A	A_006695
US202117357821A	A_020616
CN202210734174.5	A_003436
CN202111222524.1	A_021365
CN202011364970.1	A_000543
US202318302604A	A_024490
KR20220181418A	A_023878
CN202311123643.0	A_022083
CN202211371137.9	A_000979
CN202310601229.X	A_020715
KR20190000932A	A_006703
US202218068471A	A_022445
CN202310166583.4	A_000507
DE102022126706A	A_022336
CN202110361836.4	A_001147
EP21198560A	A_007790
BR102021011921A	A_020635
CN202311231503.5	A_013732
US202218147977A	A_024880
DE102022108496A	A_022333
CN202310156954.0	A_001362
US202218147830A	A_024879
CN202110412089.2	A_021225
CN202010242292.5	A_020970
KR20190139450A	A_006970
US201916243668A	A_007822
CN202210048150.4	A_020767
CN202310238345.X	A_000273
US201815941899A	A_007790
CN202010009028.7	A_000636
KR20210090661A	A_006754
US202318545871A	A_007705
KR2023014262W	A_006702
US202016902793A	A_008145
CN201811458042.4	A_020723
CN202010969798.6	A_000330
KR20200107066A	A_023475
AU2021107439A	A_020607
CN202111232210.X	A_000517
KR20190004874A	A_023317
CN202310767179.2	A_020798
CN202011614940.1	A_021151
KR20190020161A	A_023332
US202117328505A	A_022336
CN2020080640W	A_020723
CN202211515957.0	A_001167
KR20190097389A	A_006694
DE202023103973U	A_005453
CN202110796097.1	A_021292
CN202310355180.4	A_021908
CN201911296716.X	A_000828
CN202111362896.4	A_020685
CA3074217A	A_020615
CN201911337677.3	A_020896
CN202310617232.0	A_011461
CN202111305048.X	A_021311
CN202010641464.6	A_018851
JP2020109001A	A_006312
CN202011324668.3	A_021117
CN202211068031.1	A_002464
CN201910378719.1	A_000388
US202318488674A	A_022336
US202318375134A	A_025002
GB201817593A	A_022544
CN202310817490.3	A_021086
US202016805589A	A_022514
KR20210118324A	A_023638
KR20210174642A	A_005588
CN202311249181.7	A_022124
JP2023101763A	A_005487
CN202111012132.2	A_001099
JP2021027191A	A_023015
US201815912820A	A_007759
CN202111589658.7	A_000252
US202318531350A	A_025036
CN2020087591W	A_000128
DE102020128209A	A_005426
CN202110960270.7	A_021304
CN202011076327.9	A_021079
CN2018118007W	A_000129
KR20230158418A	A_024054
CN202311728754.4	A_022244
CN202110884455.4	A_021302
IN202241037444	A_022804
KR20200104949A	A_023473
CN202211073385.5	A_021669
US201917266931A	A_024410
CN202311741118.5	A_000406
KR20220048680A	A_006703
CN202211722234.8	A_021811
CN202111005847.5	A_000353
KR20180157427A	A_023301
KR20220081812A	A_006765
US201916505599A	A_024349
CN202311193092.5	A_003002
CN202210736186.1	A_000252
IN202121006780	A_022682
CN202310669747.5	A_003970
CN202110233520.7	A_020967
CN202311740913.2	A_000198
US202318212462A	A_024960
US201816048791A	A_024251
US202318517119A	A_025028
CN202211384955.2	A_000554
CN2020077481W	A_020752
US201816009175A	A_024244
KR20220181418A	A_023879
CN202210587562.5	A_008968
US2020062753W	A_024434
US201815870024A	A_008125
KR20210054266A	A_023592
CN201910031780.9	A_013782
CN202010587476.5	A_012747
CN202111142274.0	A_001029
AU2021100672A	A_020595
CN202210648512.3	A_002897
CN202310892648.3	A_000636
CN202011610670.7	A_020724
US202117497997A	A_024706
CN202011353440.7	A_000294
CN202210920753.9	A_021642
EP19860992A	A_022407
CN2020071822W	A_000128
CN202311054481.X	A_001179
US202217580498A	A_024514
CN201811193714.3	A_020719
CN202211379773.6	A_021740
KR20230170784A	A_023522
US202017101600A	A_024576
US201815901393A	A_024217
US201816161499A	A_024268
KR20220171608A	A_023863
CN202111235483.X	A_021372
JP2021546271A	A_023060
CN202210130283.6	A_021497
AU2023459118A	A_000050
US2023060736W	A_024905
CN202110004886.7	A_001137
KR20230101790A	A_006702
CN201811095926.8	A_000294
CN2022124889W	A_005857
CN202380078633.1	A_022311
CN202311742877.3	A_002282
JP2023150752A	A_023159
CN202110633417.1	A_013698
IN202011025812	A_022626
CN202010475356.6	A_001600
CN202111354063.3	A_001177
CN201811221788.3	A_020724
CN202310642118.3	A_021968
CN202310604707.2	A_002423
US202218287962A	A_005496
CN202211295413.8	A_000384
CN202211371179.2	A_001568
CN202210857999.6	A_000273
US202016950293A	A_000129
CN202311722447.5	A_000268
CN201911193583.3	A_020891
CN202310559241.9	A_021943
US201917413342A	A_024415
US201916589356A	A_024376
JP2022110104A	A_006169
US202318479594A	A_025015
US202217589715A	A_011373
JP2020186157A	A_022989
US202117473859A	A_024691
CN201810622316.2	A_020685
CN201811045079.4	A_000253
IL27834120A	A_022601
JP2022039317A	A_023069
JP2019526529A	A_022965
CN202110062943.7	A_021194
CN202311196955.4	A_003978
US202318129413A	A_006703
CN202210190167.3	A_021511
US202217744350A	A_009973
US202016857457A	A_024493
CN202110954207.2	A_000198
CN202111302408.0	A_000315
KR20230120934A	A_023999
US202318169120A	A_024942
CN202111336188.3	A_000294
KR20180118076A	A_006755
CN202310423305.2	A_000614
CN202311550695.6	A_000464
US202117928214A	A_024743
KR20190037290A	A_013444
KR20190164732A	A_023409
KR20210182885A	A_007003
CN202010043670.7	A_000947
CN202310841240.3	A_021974
CN201810781115.7	A_002616
CN202010575803.5	A_000709
EP23202502A	A_022508
CN201910805835.7	A_003436
US202318112321A	A_024917
US202217646780A	A_007824
US202117318208A	A_008114
KR20200138232A	A_007026
CN202311523057.5	A_000294
EP19857582A	A_022406
JP2023204587A	A_006111
CN202311833278.2	A_002463
JP2023571880A	A_009274
CN202320517791.X	A_021236
KR20190026159A	A_006703
JP2022073230A	A_023074
CN2020136414W	A_020726
CN202111141249.0	A_001485
KR20230191618A	A_024080
CN202310678688.8	A_011506
US2020061308W	A_009973
CN202010125469.3	A_020950
CN202210385838.1	A_021543
CN202310180438.1	A_021879
KR20230158841A	A_007266
EP2019061426W	A_022427
KR20230114725A	A_023993
KR20210023078A	A_019448
US202318342649A	A_007705
CN202110369038.6	A_002132
JP2020544504A	A_023004
KR20230008479A	A_023895
KR2018006600W	A_009587
CN202311439518.0	A_022165
US202318300268A	A_024985
US201917622719A	A_023123
TR2022010250A	A_017733
US202117467718A	A_022336
CN202011566471.0	A_021147
KR20180106978A	A_008184
KR20190048329A	A_006636
KR20210139256A	A_023656
KR20200132151A	A_006703
CN202111353706.2	A_021389
CN202010893898.5	A_000182
CN202111360123.2	A_021392
FR1902620A	A_022531
CN202311576511.3	A_022201
CN202111096413.0	A_004262
CN202310165665.7	A_021878
CN202011055663.5	A_001575
US202217868668A	A_022336
CN202211193593.9	A_000384
KR20210139261A	A_023655
RU2018122596U	A_024123
CN202110572072.3	A_021256
CN202111505642.3	A_003690
CN202211524233.2	A_001568
KR20190035632A	A_006826
IB2018001107W	A_022565
US201916359341A	A_024321
US202318126124A	A_024924
KR20190000698A	A_006578
JP2020107230A	A_022977
US201916692325A	A_024393
US202017768437A	A_024603
KR20230175805A	A_024067
CN202110831248.2	A_012652
US202318367160A	A_024998
US202318117820A	A_009973
US202117319366A	A_024497
JP2021143626A	A_023040
CN202311235979.6	A_022117
JP2022062311A	A_022351
CN202310753155.1	A_021991
US201916249574A	A_024304
CN202210737605.3	A_021601
KR2021006359W	A_006695
CN202110543495.2	A_000875
CN202211374114.3	A_004920
US2020047789W	A_007795
US202318482662A	A_024836
CN202311740752.7	A_022208
EP18841685A	A_022380
KR20220140502A	A_006703
JP2024573864A	A_023188
JP2020187157A	A_022991
US201815878992A	A_005809
CN201811094762.7	A_000294
KR20200061415A	A_023452
CN2019089425W	A_000128
DE102020203979A	A_005518
CN202310410380.5	A_005122
CN202311751863.8	A_022253
CN202211441960.2	A_021750
CN202310723124.1	A_014363
US202117489448A	A_024700
JP2023095934A	A_023138
US202117192832A	A_020572
US202318208763A	A_024956
CN202210841666.4	A_000735
EP22155866A	A_022477
IN202121047159	A_022692
CN202111116159.6	A_000252
KR20220177921A	A_006917
US202218083352A	A_012612
US201916506894A	A_024098
CN201920402793.8	A_000304
JP2021133884A	A_023038
CN202211024853.X	A_013937
US202117178809A	A_024627
CN201910306620.0	A_000182
JP2021123098A	A_023034
EP21759161A	A_007963
KR20180082633A	A_023248
KR20210164993A	A_006910
JP2023093715A	A_023135
CN202110092586.9	A_000476
KR20230062551A	A_023942
CN202110686701.5	A_021272
KR20200129478A	A_023498
CN202111555635.4	A_001191
CN202310383609.0	A_011860
IN202311053270	A_022846
KR20220033821A	A_023736
KR20210057868A	A_023595
CN202311156169.1	A_002132
US202017067131A	A_024550
KR20210040845A	A_023571
CN202010925818.X	A_021067
US201917616025A	A_007383
US202318105219A	A_024915
US202217827446A	A_022336
US202217874624A	A_005548
CN202311058440.8	A_000317
CN201911066306.6	A_001750
IN202127060061	A_022705
CN202211299471.8	A_021719
KR20230054652A	A_023935
IN202321065951	A_022865
CN202310597122.2	A_020752
KR20210193974A	A_009760
US201816171219A	A_024245
JP2019025788A	A_006313
CN202311518616.3	A_022108
JP2022205675A	A_005487
CN202311343885.0	A_001099
US202016912667A	A_024508
CN201910264598.8	A_020806
IN202211027052	A_022772
KR20220126811A	A_023815
CN202210726459.4	A_000384
US201916729711A	A_006703
US202318093870A	A_022413
US201816053971A	A_005809
CN202210066819.2	A_021487
CN202511057731.4	A_022319
IN201941028863	A_009368
CN201980048144.5	A_000260
US202217742882A	A_024812
CN201911360380.9	A_000923
KR20180082032A	A_023247
CN202211648990.0	A_003608
US202217700843A	A_007682
CN202110353482.9	A_000315
CN202111087830.9	A_001099
US202016834710A	A_023004
US2022030982W	A_022374
US201916242873A	A_008243
US201916415942A	A_005576
CN202111395071.2	A_020983
CN202311210618.6	A_022110
CN202410350646.6	A_000260
CN202311854230.X	A_000559
US201815933358A	A_024223
CN202311525261.0	A_000741
CN202111490901.X	A_021419
US202318195584A	A_024950
KR20200095764A	A_012497
DE112022008124T	A_022352
US202217879447A	A_022336
AU2021107439A	A_020609
CN202211560110.4	A_021776
CN2018108401W	A_000128
CN202310694161.4	A_014821
CN2018120301W	A_020752
US201916661076A	A_024387
CN202311501965.4	A_000276
CN202410388267.6	A_003691
CN202210576973.4	A_021427
CN202310148429.4	A_001139
CN202111181490.6	A_000778
CN202211531425.6	A_021771
EP18815873A	A_022374
ES201831178A	A_022525
CN202010806596.X	A_000704
CN201910293777.4	A_020723
CN202310361768.0	A_010202
CN202311696236.9	A_003114
CN202110672117.4	A_021270
CN202211330461.6	A_001099
IN202341005552	A_018130
JP2018147094A	A_000037
CN202311489887.0	A_022176
CN202210261786.7	A_015653
CN202310383609.0	A_021915
CN202311647728.9	A_022220
CN201811609263.7	A_020750
KR20230166293A	A_024057
CN2018120301W	A_020753
US202218048368A	A_024863
EP18851006A	A_022381
IN202311053270	A_022842
IN202141039960	A_022746
CN201910368348.9	A_002168
JP2023207214A	A_023019
KR20180106978A	A_009618
CN2022083108W	A_000129
JP2022155162A	A_005507
CN202310137245.8	A_002719
CN201811327307.7	A_013819
US202117527096A	A_024717
KR20180030450A	A_011001
KR20200071617A	A_006571
IN202311053270	A_022841
US202318220162A	A_022336
US202318155538A	A_005809
US201916720929A	A_000129
CN201910986667.6	A_020874
CN202210253316.6	A_021523
KR2022007049W	A_023766
CN202311700350.4	A_000134
US202318154237A	A_022336
CN202110742948.4	A_001574
US202117201458A	A_024557
US2023060736W	A_024904
CN202311672720.8	A_001856
US202117357257A	A_007682
CN202310565792.6	A_000330
CN2022091260W	A_014648
KR20210079026A	A_023611
CN202310933403.0	A_011492
IN202021055433	A_022667
CN202310779728.8	A_021997
CN202211187837.2	A_000182
KR20220038660A	A_006523
US202217959689A	A_024843
CN202010212189.6	A_020959
JP2023056427A	A_023131
IN202021055433	A_022662
CN202210048417.X	A_001750
CN202010418103.5	A_000845
CN202121390678.7	A_021466
CN201910443425.2	A_002913
JP2020201114A	A_022964
CN202310601611.0	A_002109
CN202010857536.0	A_000384
CN202111338158.6	A_000279
KR20180166464A	A_023309
KR20220051703A	A_006740
CN202111019579.2	A_002382
CN201980054722.6	A_020925
CN202211043894.3	A_021660
CN202311753478.7	A_022254
KR20220124979A	A_023813
CN202210302923.7	A_020685
CN201811019471.1	A_020703
US201816115097A	A_024259
CN202010539677.8	A_021010
US202318494841A	A_024514
US202217833509A	A_024826
CN2023099688W	A_012652
US202117353037A	A_009973
JP2020050918A	A_017589
US202318114853A	A_024919
CN202110897965.5	A_000196
KR20200158379A	A_023519
US202217659032A	A_022336
CN202210264535.4	A_000198
CN202011282021.9	A_000793
CN202311683504.3	A_022229
FR2007614A	A_022537
CN202211518838.0	A_021764
CN202310505340.9	A_000196
CN202211685420.9	A_021801
AU2021221444A	A_020614
CN202111165286.5	A_020811
CN202121390678.7	A_021464
CN202311336750.1	A_003714
CN2022107176W	A_021597
CN201810996260.7	A_020702
US2019036551W	A_005809
CN201810484717.6	A_002400
CN201810531006.X	A_002132
IN202341007553	A_022884
CN202110737114.4	A_000543
JP2023191284A	A_023165
US202117140527A	A_008039
KR20230048690A	A_023642
US202017119290A	A_009973
CN201911377917.2	A_020896
KR20180008465A	A_023199
US202318521943A	A_009973
KR20227029363A	A_023718
KR20220021877A	A_007063
JP2020568705A	A_006183
US202217660192A	A_009973
US202318373942A	A_025001
CN202010831933.0	A_021061
US202016794257A	A_024466
CN202310754204.3	A_003033
US202217716787A	A_007700
CN201811027883.X	A_020705
CN202310495418.3	A_021927
CN202210740932.4	A_000326
CN201920860856.4	A_011188
CN202280037092.3	A_021837
KR20247003035A	A_024097
CN2022130532W	A_000509
EP19720241A	A_022396
CN202311588902.7	A_011210
CN202080101979.5	A_021176
US202217589709A	A_024783
CN202311322535.6	A_001003
CN202210163556.7	A_012656
CN202210857095.3	A_013765
CN202210818468.6	A_021612
KR20210128990A	A_023643
KR2018005776W	A_009587
CN202311705281.6	A_022238
US201916968310A	A_024402
CN201980043994.6	A_020767
CN2020094381W	A_010153
KR20220066865A	A_009700
EP19178438A	A_022390
US201916684735A	A_007998
CN202211530423.5	A_011748
KR20180171718A	A_023311
JP2020041802A	A_006112
US202017062201A	A_006402
CN202110973091.7	A_020967
IN201814037344	A_022419
KR20190103528A	A_006695
CN2018103580W	A_000492
IN202211067496	A_022773
KR20230128615A	A_024004
CN202111633172.9	A_000315
CN202011506360.0	A_000162
CN202211057649.8	A_021664
CN202311790026.6	A_002953
CN201980086986.X	A_020934
US202218061365A	A_007705
JP2023089770A	A_006215
CN202310942766.0	A_022041
SA521422066A	A_024139
IN202241063090	A_022819
IN202121029153	A_005882
IN202221040445	A_022781
CN202311376401.2	A_000955
US202319134206A	A_025047
CN2021084488W	A_012652
KR20230172940A	A_006732
CN201911303656.X	A_020901
KR20190010198A	A_023323
JP2021170432A	A_006156
CN202310469313.0	A_004005
CN202011271244.5	A_020896
CN202310020106.7	A_000139
CN202310989860.1	A_000936
CN202310698095.8	A_004120
IN202221067167	A_022784
US201916548722A	A_007705
CN202311004688.6	A_000856
KR20180106982A	A_023262
KR20180025818A	A_023219
US202318473414A	A_007705
KR20210047991A	A_023585
US201916589625A	A_024377
IN202011025812	A_022625
CN201820850740.8	A_005351
CN202311635115.3	A_021666
CN201910917491.9	A_020867
KR20210057773A	A_023593
CN202210323841.0	A_021531
KR2022007049W	A_006694
RU2020105705A	A_005557
CN202210891565.8	A_001029
CN202211238074.X	A_021698
US202117393812A	A_006703
US201815888899A	A_022374
US202117474580A	A_024692
CN202011579361.8	A_000735
KR20180012316A	A_006592
KR20210110201A	A_023633
CN202210726459.4	A_021600
CN202221876399.6	A_003744
US202017083768A	A_009973
EP22754650A	A_022374
KR20220103631A	A_023788
US202017108976A	A_024437
CN202011265676.5	A_000182
KR2022006096W	A_023758
CN202111246198.8	A_003688
JP2023109014A	A_006302
US202318190951A	A_024098
CN202311244399.3	A_021949
CN202110789926.3	A_021290
DE202023105341U	A_022363
US202117364795A	A_024668
US201916539871A	A_005577
JP2021058902A	A_023013
CN202310698648.X	A_004639
US201916699831A	A_024394
CN202211137648.4	A_021682
IN201821047954	A_005882
EP22811964A	A_020622
CN202310522604.1	A_008976
CN202211014725.7	A_001714
CN202210499932.X	A_020752
CN201810237060.3	A_020672
US201816203812A	A_005469
CN202210536206.0	A_021567
KR20230157061A	A_024051
CN202010646314.4	A_021021
CN202310870869.0	A_022022
US201816173109A	A_000054
IL28493221A	A_022604
US202217704354A	A_006703
US202016997825A	A_021846
CN201811249088.5	A_000609
CN201911161044.1	A_020888
US202217966288A	A_022608
CN202211523716.0	A_001179
CN202210655564.3	A_000947
CN202310888073.8	A_000315
CN201811051016.X	A_003787
US201917413342A	A_024414
CN202380084373.9	A_022312
KR20210098745A	A_023617
CN202110477134.2	A_001770
IN202141034801	A_007692
KR20230103877A	A_006702
KR20190071499A	A_023356
CN202110814260.2	A_021293
IN202011056466	A_022648
CN201910486384.5	A_020829
KR20230194013A	A_010992
CN202180102022.7	A_000128
CN201980059539.5	A_000910
CN201910318251.7	A_020813
US202318462782A	A_005882
US2021062463W	A_007705
AU2021100672A	A_020600
CN202211065727.9	A_021667
CN202210603857.7	A_020967
GB202102738A	A_022550
US202117307667A	A_006163
KR20230194959A	A_024086
CN202310606978.1	A_008930
US202117375903A	A_006402
US201916593155A	A_006695
KR20210010590A	A_023549
US202117545926A	A_024628
CN202310736792.8	A_021988
CN202310926065.8	A_016693
CN202111027241.1	A_021322
US202117545926A	A_024627
CN202311489887.0	A_022177
CN202011135135.0	A_021092
US201816117952A	A_007705
CN202010060853.X	A_020946
CN202010126965.0	A_003267
CN202110433850.0	A_021231
CN202311453965.1	A_015416
JP2022067096A	A_023072
KR2023005737W	A_023940
RU2020122606A	A_024129
KR20230037304A	A_023910
KR20230154017A	A_024032
CN202010757317.5	A_020967
CN202211531425.6	A_002872
US202217878773A	A_024841
US201816131646A	A_022377
US202016913748A	A_009973
CN202210079600.6	A_021492
CN202311816509.9	A_000294
KR20190010198A	A_023321
CN202110244678.4	A_000253
CN202311551035.X	A_008801
TW108133206A	A_024173
CN202210328172.6	A_021532
US202217993231A	A_022484
US201816163508A	A_024269
CN202110163909.9	A_000198
CN201811349174.3	A_001991
US2023084326W	A_024911
CN202311486534.5	A_008740
CN202211187837.2	A_021691
US202217740101A	A_008084
JP2025518350A	A_023191
US202318140492A	A_024271
US201916677401A	A_024391
KR20210089229A	A_006703
CN202111302408.0	A_001327
EP22756703A	A_009920
IN201947022852	A_005599
US201916705041A	A_005577
KR2022020213W	A_023883
IN201847012476	A_007705
CN201910686677.8	A_000514
CN202110600387.4	A_021262
CN202210258670.8	A_002109
KR20190152364A	A_010992
US202016928874A	A_000129
IN202121061341	A_005882
IN202341005165	A_009402
US202016839037A	A_024486
CN202210842134.2	A_000384
KR20190045860A	A_023348
KR20190068245A	A_006695
US202117347233A	A_009864
CN202311015010.8	A_021544
US202117348248A	A_007790
KR20180012316A	A_023207
CN202311356021.2	A_020168
IL27617820A	A_022599
CN202311402511.1	A_020967
EP20700047A	A_022435
KR20210172139A	A_023434
CN201980009520.X	A_000128
US202016832056A	A_007841
KR20230172940A	A_006731
CN201910296235.2	A_000377
US202217971246A	A_024856
KR20220162780A	A_023849
KR20210142768A	A_023657
EP18823688A	A_005576
KR20230139666A	A_024015
IB2020053083W	A_022579
CN202211673679.1	A_020767
CN202211654903.2	A_021015
US201916547813A	A_024360
CN202110454766.7	A_021239
IN202341009564	A_022890
US202218078905A	A_024873
US2018000280W	A_023004
CN202080015225.8	A_000375
KR20230154017A	A_024038
CN202310789016.4	A_002795
CN202311287307.X	A_012652
JP2021081641A	A_005628
TW109215192U	A_007639
CN202210925190.2	A_000636
US202117545926A	A_024726
CN202311354742.X	A_022144
US202217704709A	A_024800
US201815956083A	A_024229
KR20230188604A	A_013436
CN202111234265.4	A_021370
CN201910486810.5	A_002199
US202117644432A	A_022413
US202117925958A	A_024742
IN202011015251	A_022624
JP2019569277A	A_022971
KR20210026107A	A_009645
CN2022114043W	A_005857
US202117498355A	A_024708
CN202210208659.0	A_002091
KR20210061111A	A_023600
CN202310636356.3	A_001170
KR20230115473A	A_023598
AU2019202129A	A_020569
EP21798914A	A_007705
CN202310035062.5	A_003074
US202318373294A	A_022609
JP2021511446A	A_006293
CN201910742597.X	A_020723
CN202210373594.5	A_021542
US202318869504A	A_007383
CN202010228134.4	A_020966
JP2023014258W	A_023118
FR2112781A	A_022473
US202318456681A	A_023189
EP18209351A	A_007790
KR20220054878A	A_023657
US202318322952A	A_024353
US201916413239A	A_024336
JP2021200682A	A_005487
CN202311012390.X	A_022055
CN202210296652.9	A_000943
EP21867392A	A_022475
US202217942551A	A_022336
US202118032115A	A_000099
CN202011453678.7	A_000198
CN202110604048.3	A_000517
KR20230186746A	A_007118
JP2021125233A	A_022995
KR2022012707W	A_023434
US202318318212A	A_022336
RU2018130996A	A_024124
US202318149454A	A_022336
CN202010452861.9	A_000182
CN202110269609.9	A_000636
CN202211052529.9	A_000182
CN202011505987.4	A_000292
CN202311797825.6	A_022265
CN202310331050.7	A_021903
CN201811621258.8	A_020723
CN202211562598.4	A_000134
CN202180057914.X	A_000910
US202117199010A	A_024638
US202318102972A	A_024497
CN202011344739.6	A_021120
US202017139970A	A_024330
CN202310653598.3	A_021972
US202117790578A	A_024561
KR20230125662A	A_024000
US2020015309W	A_024424
CN201910503595.5	A_020834
KR20220157890A	A_014442
CN202111323605.0	A_021385
CN202111015298.X	A_000452
IN202341029768	A_022898
KR20190112083A	A_023304
CN202311352766.1	A_000294
DE102019106796A	A_022328
US202217872067A	A_020556
US202217819216A	A_007705
US202117217437A	A_005469
US202118033205A	A_024753
CN202311000457.8	A_004703
CN202010612229.6	A_000316
JP2023160301A	A_023143
US202016851279A	A_024491
CN202010393944.5	A_001179
CN202211591739.5	A_002795
US202217830412A	A_024642
IN202141008351	A_022718
CN202011600516.1	A_002897
US201816236528A	A_020572
KR20210173892A	A_023699
CN202210842134.2	A_004444
IN201811025770	A_006703
CN202311448726.7	A_000182
KR20190135154A	A_023373
JP2023020753W	A_006360
US202017068142A	A_024551
JP2025508880A	A_023108
CN202210354629.0	A_000514
US202017065455A	A_009973
CN201911304441.X	A_001139
IN202311013035	A_005811
IN202321080693A	A_005882
CN202010863734.8	A_001574
JP2022088424A	A_022351
US202118566014A	A_007705
US202318333519A	A_022336
US202016988337A	A_024520
CN202310941973.4	A_022040
US202018001548A	A_013124
CN202211155143.0	A_001099
KR20230154503A	A_023878
CN202311257901.4	A_005130
CN202211146873.4	A_012219
EP23710297A	A_022377
CN202211120727.4	A_021680
KR20230077898A	A_023967
JP2022041494A	A_006284
US202217988032A	A_006223
IN202311053270	A_022843
US202318534346A	A_022403
CN201810914370.4	A_000979
CA3178770A	A_000047
KR20230186051A	A_024073
IN202117016531	A_022374
US201816230410A	A_024277
US201816111487A	A_000121
CN202111630748.6	A_000793
US202016868202A	A_007705
US202217664979A	A_022484
KR20210134884A	A_023649
CN202111144072.X	A_020727
KR20200099350A	A_023430
EP23153986A	A_020651
AU2021100672A	A_020594
US202117337410A	A_024659
KR20190118312A	A_013363
DE202022105964U	A_022356
CN202011302684.2	A_000202
TW107212084U	A_007652
EP18798430A	A_006703
JP2019509694A	A_006256
US202217967339A	A_009973
CN202210635990.0	A_000337
CN202310517660.6	A_003153
CN202210353215.6	A_000294
CN202310963315.5	A_000744
CN202310107123.4	A_001141
CN202111670920.0	A_000709
CN202010779950.4	A_000636
JP2023542379A	A_006111
CN202010022985.3	A_000947
CN201910486503.7	A_012652
US202318351348A	A_000037
CN202110828902.4	A_020767
US202217888299A	A_009973
CN202311698328.0	A_019284
CN202010777915.9	A_002044
CN201811480633.1	A_020739
CN202110452374.7	A_000317
KR20190118674A	A_006694
CN202310893129.9	A_001770
CN202010333502.1	A_012084
CN202011300946.1	A_021115
CN202211494792.3	A_021756
US201816224138A	A_005467
KR20200045976A	A_006834
IN202141030415	A_022732
CN202310793300.9	A_001546
CN202310319658.8	A_021900
KR20210117399A	A_023550
CN202311799328.X	A_022266
CN202080052539.5	A_000910
US202016942341A	A_009973
JP2019552737A	A_006083
CN202310053476.0	A_000198
US202318543678A	A_025040
KR20220149657A	A_006703
US202217808921A	A_009973
KR20230073260A	A_023642
KR20210055903A	A_006685
CN202111601363.7	A_021444
CN202211552328.5	A_011569
US201916378882A	A_005572
US201916370461A	A_024329
CN202311847645.4	A_000317
CN201910883602.9	A_020862
US201816022575A	A_007979
US202318243001A	A_024983
KR20210166456A	A_023690
CN202210441444.3	A_020767
US202117758588A	A_006185
KR20230071124A	A_006765
CN202311734574.7	A_013744
IN202047002663	A_007705
US201916597809A	A_024380
KR20210142768A	A_023658
US202217933198A	A_024585
KR20220145835A	A_023831
KR20190097389A	A_006695
CN2018075538W	A_020652
CN201811539161.2	A_020743
CN2022078223W	A_012652
US201917266931A	A_022437
CN202211014436.7	A_021200
CN202110038150.1	A_021189
CN202010326763.0	A_020980
IN202121047159	A_022699
CN202311255809.4	A_004084
CN202380049699.8	A_008943
EP19217511A	A_022393
US202217683292A	A_022336
IB2018060396W	A_022568
KR20220030779A	A_009746
CN202310640048.8	A_000299
US202217866336A	A_009973
IN202241042004	A_022808
US202318506687A	A_007790
US202017013952A	A_005503
US201815955802A	A_007700
CN202210339366.6	A_021534
CN202111091333.6	A_000294
EP23906701A	A_005496
CN202210519388.0	A_021562
US202217572485A	A_005572
CN202311046291.3	A_001363
KR20180015268A	A_023211
US201916730459A	A_006695
CN201910416789.1	A_020723
CN202310705565.9	A_001568
CN202110551735.3	A_000330
KR20230045090A	A_023915
US202217888185A	A_022336
CN202111577154.3	A_021438
CN202211082837.6	A_021672
EP19186659A	A_005469
CN202111375540.4	A_000861
CN202380068439.5	A_022310
JP2021153356A	A_006110
CN202210910103.6	A_021637
CN202010295474.9	A_000384
CN202211693438.3	A_021804
CN202210049012.8	A_021485
JP2022203538A	A_006062
KR20210133461A	A_023646
US201817040859A	A_006223
CN202210376367.8	A_001656
IN202021055433	A_022665
KR20230093551A	A_023705
CN202010401407.0	A_020998
CN202311605004.8	A_022210
CN202110814260.2	A_021294
CN202311321842.2	A_021993
US202117445324A	A_007705
CN201980000865.9	A_020726
US202017033583A	A_009973
CN202211203761.8	A_016787
US202117361605A	A_024574
CN202110887264.3	A_002793
DE102018000789A	A_005518
CN201911409162.X	A_002942
KR20180097101A	A_023253
IN202011045249	A_022636
CN202211526217.7	A_021769
CN202111093830.X	A_000517
US202117486260A	A_009973
CN201910724900.3	A_020723
KR20230132282A	A_024010
CN202110391804.9	A_016116
KR20230153096A	A_006703
CN202210593200.7	A_021580
US202218698408A	A_000029
CN202311589331.9	A_022186
JP2023150752A	A_023160
CN202210409526.X	A_000389
CN202211256958.8	A_010358
CN202310237267.1	A_021889
JP2023218480A	A_011404
CN202310272983.3	A_000389
US202017027039A	A_024536
US202118015924A	A_024747
US2020012653W	A_024420
CN202111583147.4	A_021443
JP2021194710A	A_006114
US202318352053A	A_007661
KR20190132209A	A_012471
US202016841289A	A_005577
CN202210726459.4	A_021599
KR20180165194A	A_006505
JP2023160301A	A_023144
CN202010800463.1	A_021055
US2021063756W	A_024611
US202017007666A	A_012627
CN202311320951.2	A_000749
CN202111005847.5	A_008699
GB202212689A	A_022553
IN202221005538	A_022776
CN202310420280.0	A_013698
CN202211124537.X	A_000979
CN202210523470.0	A_021563
EP2023067074W	A_022432
CN202310935732.9	A_015888
US202217977942A	A_022336
CN202121345381.9	A_021461
US202017101600A	A_024575
CN201910123394.2	A_000636
DE102018209206A	A_022326
KR20230180450A	A_006882
CN202010675678.5	A_020767
CN202311507549.5	A_003787
CN202310719548.0	A_002132
JP2021058902A	A_023019
US202318199134A	A_024952
US202016889527A	A_007841
CN202111432705.7	A_021407
CN202210616779.4	A_000476
US202217731258A	A_007705
EP19219897A	A_022395
CN2019089425W	A_000129
CN202111450273.2	A_020689
JP2023035624W	A_006223
CN2022111681W	A_005857
KR20210164516A	A_023682
US202017125770A	A_024507
KR20220128033A	A_006876
KR2018002567W	A_019457
KR20180119054A	A_006702
KR20180097690A	A_006592
KR20230152300A	A_024026
CN202310156117.8	A_000636
KR20210015280A	A_011321
TW110116202A	A_024164
CN202010570810.6	A_000196
US202217827390A	A_022336
CN202111342712.8	A_000128
US202318309806A	A_023642
US202318481113A	A_024098
CN202110214837.6	A_010313
JP2019238401A	A_009503
CN202311285175.7	A_001257
US202118013461A	A_024746
KR20210044595A	A_023581
CN202111127910.2	A_021345
CN201910451544.2	A_020823
JP2023557156A	A_008252
AU2020102305A	A_020578
CN202210843396.0	A_021618
JP2020091449A	A_006177
US202318533860A	A_024801
JP2020201114A	A_014154
US201816759185A	A_017215
KR20230012819A	A_023902
KR20230017073A	A_023906
US202218147977A	A_023656
KR20190024576A	A_023335
CN202211194947.1	A_001676
US202318131476A	A_007700
EP18784452A	A_022377
EP18795894A	A_007705
US202117480421A	A_007682
CN202311528480.4	A_000254
CN202210508051.X	A_021329
KR20190102937A	A_000037
JP2022575156A	A_006428
KR20190158132A	A_023403
JP2023093096A	A_006313
US201815974611A	A_000037
AU2021100672A	A_020598
KR20200048994A	A_023446
AU2020102305A	A_020583
CN202010244594.6	A_012276
CN202310604707.2	A_000315
US202217974879A	A_024857
CN202211459889.0	A_011946
CN202210096568.2	A_002768
CN2018122059W	A_000128
JP2022527120A	A_023104
US202017442800A	A_005496
KR20210160021A	A_006556
US202117464023A	A_009973
US202318485225A	A_022336
CN202210915482.8	A_003663
KR20230096517A	A_011331
US202218288354A	A_022427
US202318224297A	A_024271
CN202211003481.2	A_000971
CN202310992611.8	A_015434
US202117191793A	A_020556
CN202011406366.0	A_021130
CN201920791415.3	A_020913
US202117400684A	A_024307
US202217726115A	A_005626
CN202111216824.9	A_000276
IB2018001107W	A_022563
KR20180025323A	A_010955
CN202011170901.7	A_000221
CN202111027241.1	A_021323
CN202211681625.X	A_001280
EP23213867A	A_007790
CN202210164290.8	A_004721
US202217686170A	A_024793
EP25206138A	A_005548
CN201910929448.4	A_015732
CN201910452161.7	A_020825
CN202110862185.7	A_021299
KR20210171028A	A_005626
KR20200030739A	A_023439
KR20237025127A	A_020640
US202318149248A	A_022336
CN202211014424.4	A_021200
US201815888321A	A_024210
CN201810170774.7	A_020662
US201816145537A	A_006223
CN202011344676.4	A_021120
US202318225598A	A_024970
CN202210582727.X	A_021576
CN202311386927.9	A_022151
CN202310993016.6	A_001139
US202016949892A	A_009973
CN202211509371.3	A_001676
CN202211658219.1	A_021788
CN202110511878.1	A_021244
CN202311744200.3	A_019788
IN202241063090	A_022818
CN2021081480W	A_009973
EP21197172A	A_007790
IN202341063596	A_022913
CN202210344350.4	A_021537
US201916445909A	A_022377
CN202310854148.0	A_022017
EP22210413A	A_022486
KR20230158420A	A_006581
KR20220053616A	A_006547
CN202110551735.3	A_021254
US201916368286A	A_024328
CN202111621843.X	A_021449
CN202110427760.0	A_021230
KR20230010005A	A_023898
CN202111157430.0	A_021350
JP2020089067A	A_009485
US201916558398A	A_024364
US202017027039A	A_024540
KR20190175364A	A_007042
CN201980028957.8	A_000910
US202217570782A	A_024775
JP2023207239A	A_006312
KR2022008338W	A_007213
CN202310286417.8	A_011822
JP2022155162A	A_006062
US202318111280A	A_009973
KR20210180945A	A_023706
CN201910782216.0	A_000253
JP2023216396A	A_023171
CN202310691964.4	A_002913
CN202011444443.1	A_020989
KR20257001208A	A_006695
KR20210162941A	A_006564
CN202011495674.5	A_021142
US2022020111W	A_024764
CN202211246719.4	A_000936
US202217897401A	A_024844
CN202111266873.3	A_021376
JP2023059177A	A_005604
CN202311289737.5	A_003436
US202117350871A	A_008396
US202218147625A	A_007824
CN201910369420.X	A_003970
CN201911396401.2	A_001137
CN202180023412.5	A_021473
CN202210118201.6	A_002793
US202217574794A	A_019483
US201815907487A	A_005469
CN202310814661.7	A_000896
CN202110416463.6	A_002415
CN202011362104.9	A_020752
RU2021138125A	A_024135
KR20220019531A	A_023729
IN202241036655	A_013276
CN202011479306.1	A_001600
CN201911015876.2	A_018566
US202016779574A	A_024458
US202217824959A	A_024824
ES18856012T	A_022522
KR20210190144A	A_023717
KR20200129478A	A_023493
CN202011584771.1	A_021148
CN202211388882.4	A_002906
KR20230166690A	A_024059
CN201911278596.0	A_010122
CN202211148505.3	A_000895
CN202311346810.8	A_022142
US202318997091A	A_005496
CN202011021134.3	A_020783
CN202311724249.2	A_000337
KR20210010655A	A_006586
CN202311398838.6	A_022155
US202217741940A	A_009973
US201916352923A	A_024319
CN202111194527.9	A_021329
CN202310914975.4	A_002993
US202017766186A	A_024600
KR20190080963A	A_007258
CN202011397484.X	A_000538
US2020012653W	A_024421
CN202011472136.4	A_003082
CN202011263226.2	A_020896
TW110134170A	A_024183
CN202311477514.1	A_001485
CN202010003211.6	A_020881
US202318522986A	A_007700
CN201910771212.2	A_000756
CN202210572286.5	A_021575
KR20210123537A	A_023641
CN201910792992.9	A_020858
IN202227041238	A_007705
US202118017989A	A_024750
CN202310541020.9	A_003255
KR20220084776A	A_023778
CN202310627953.X	A_021935
JP2021058902A	A_023014
CN202310676204.6	A_001485
CN201811278411.1	A_020728
CN201811073251.7	A_020706
CN202310208002.9	A_000631
CN202310204898.3	A_021883
CN201910342011.0	A_020817
KR20200113618A	A_023480
CN202111580161.9	A_021442
CN202010415191.3	A_021000
KR2019012391W	A_023370
JP2019163507A	A_006199
CN201810610199.8	A_000543
KR20230093551A	A_023985
KR20190037290A	A_013443
US202318233686A	A_024271
CN201811625377.0	A_020751
CN201810625974.7	A_020686
CN202311422264.1	A_003730
KR20210159562A	A_023674
KR20230015450A	A_023642
CN202311119970.9	A_022081
KR20190125336A	A_006936
CN202011422570.1	A_021133
CN202311365309.6	A_002792
CN202310710574.7	A_001600
CN202211687916.X	A_003011
CN202411970019.9	A_022317
CN202211507326.4	A_001485
CN202211648891.2	A_000292
KR20210154349A	A_023669
NL2030417A	A_009785
US202318347408A	A_022396
US2023036797W	A_024903
US202217902294A	A_024846
US201916454989A	A_008042
CN202110452906.7	A_021236
US201816156528A	A_024266
CN202011261517.8	A_000315
US202217809276A	A_010066
CN202111407726.3	A_015200
KR20230187903A	A_006485
KR20197035126A	A_023422
CN202311288492.4	A_015259
KR20210040845A	A_023570
CN202311587702.X	A_000315
CN202110394113.4	A_003267
US202016858602A	A_024498
CN202310014323.5	A_020977
US202016918038A	A_006695
CN202211295413.8	A_021325
EP22200577A	A_022485
KR20200138232A	A_007024
CN202310601846.X	A_000416
US202218075201A	A_007661
CN202111279533.4	A_020967
IN201921035526	A_022612
US202117514872A	A_024271
US202318866270A	A_006083
CN202210258670.8	A_000384
CN202011213182.2	A_000345
US201916493848A	A_006695
US202318337984A	A_022336
KR20247019152A	A_024096
CN202310007654.6	A_000388
KR20180154705A	A_023299
CN202011337605.1	A_002565
KR20220113963A	A_006702
KR20230186051A	A_012488
US201916725874A	A_000129
CN202310523177.9	A_014797
US201916292298A	A_024313
CN202310555177.7	A_000252
KR20230106960A	A_006703
US202217729924A	A_024270
JP2023528006A	A_023178
CN201910246793.8	A_020801
US201916446367A	A_024342
CN202311698328.0	A_003033
US202016914315A	A_024509
CN202210795758.3	A_001600
CN201910532054.5	A_002565
CN202210046007.1	A_001614
CN202110262299.8	A_000968
KR20210042156A	A_023576
KR20210079026A	A_023610
US201815912406A	A_022477
AU2020102305A	A_020581
CN201880002336.8	A_020723
EP23192404A	A_006703
CN202110075191.8	A_000198
CN202011109393.1	A_021089
CN202310882338.3	A_022026
KR20230018276A	A_006703
CN202210484609.5	A_013905
EP22777378A	A_007705
EP21740963A	A_022468
KR20180068211A	A_023240
CN202010946929.9	A_001710
CN202110667185.1	A_002913
CN202310489908.2	A_020752
US202217837074A	A_024829
US202318350239A	A_005577
TW107119028A	A_024164
CN202310826667.6	A_022011
EP18904476A	A_022385
CN2022127307W	A_005857
CN202310968588.9	A_001455
CN202310647768.7	A_002913
KR20230070393A	A_023963
CN201910614713.X	A_020840
CN202210261651.0	A_016770
JP2023207239A	A_006313
EP23775589A	A_022516
JP2021081836A	A_006313
CN202310943518.8	A_010601
US2020050234W	A_024431
KR20230134169A	A_024011
KR20220135210A	A_006703
US202318452181A	A_006703
KR20180059678A	A_023233
CN201880089729.7	A_020776
CN202010587150.2	A_021014
KR20180003675A	A_023196
US202117183129A	A_020616
IN202021036740	A_005882
KR20190050313A	A_023351
CN202311540529.8	A_022194
CN202321866688.2	A_016230
CN202310229903.6	A_001071
CN202311830191.X	A_021526
CN202111360123.2	A_021393
US202318463261A	A_007951
CN202310632190.8	A_000384
JP2021161438A	A_023045
IN202141039960	A_013192
CN202011038186.1	A_004125
US201916555502A	A_024361
CN202011169549.5	A_016582
CN202010857536.0	A_002109
US202017013254A	A_024532
CN201910021208.4	A_020782
CN202210353487.6	A_000538
KR20230175805A	A_024066
CN202010602032.4	A_020967
KR20180098615A	A_000037
AU2023237061A	A_020626
KR20230180450A	A_012457
AU2021312378A	A_009255
AU2020103294A	A_020591
KR20210084848A	A_023614
US202016837017A	A_024483
CN202010841306.5	A_021063
CN202211672034.6	A_021799
CN202010792999.3	A_021051
CN202310803643.9	A_000679
CN202010490446.2	A_021004
AT602262021A	A_020564
CN202211590870.X	A_000756
CN202311805599.1	A_022267
CN202010303295.5	A_016582
CN202110884850.2	A_000828
US202017006741A	A_024530
KR20210173143A	A_006933
US202217866341A	A_009973
IN201917022385	A_006703
JP2020012356A	A_006302
CN201910050655.2	A_000211
KR20210113410A	A_023302
KR20180150907A	A_023295
US202318233803A	A_007790
IN202311065885	A_022850
CN202311775772.8	A_022260
CN202211035662.3	A_001116
US202117410134A	A_024684
KR20200158379A	A_023518
US202217576471A	A_014255
JP2024532922A	A_023187
US201917050967A	A_024406
CN202310601628.6	A_021729
CN201980075111.X	A_020930
IB2019052223W	A_022570
CN202210804444.5	A_000476
CN202311290411.4	A_022112
US202318153486A	A_022509
NL2027547A	A_024116
CN202011186649.9	A_000182
US202217867543A	A_024098
US202117176056A	A_024626
US202016837944A	A_024307
KR20180147827A	A_023288
KR20180133077A	A_009775
US202217929937A	A_006703
KR20200142104A	A_012457
CN202111210712.2	A_020752
CN202211506549.9	A_021758
CN202111182565.2	A_001155
CN201910500482.X	A_020833
US202217935473A	A_022336
IN202211076865	A_005937
US202318545911A	A_022336
TW107111994A	A_024164
EP22923614A	A_005857
CN202110303421.1	A_000218
KR20190174430A	A_023416
CN202311183043.3	A_000377
CN202111342955.1	A_000273
CN202210428876.0	A_000182
US202016778813A	A_008103
CN202211636779.7	A_000505
US201816001421A	A_024242
KR2023005063W	A_023931
CN202311549847.0	A_022197
CN202311210618.6	A_022109
KR20220177921A	A_006918
CN2020136414W	A_020572
US201816134559A	A_007705
JP2019026914W	A_022949
US202218066445A	A_007682
CN202311667592.8	A_000850
CN202311342703.8	A_004016
US202016842146A	A_024487
KR20210166456A	A_023687
CN202210319406.0	A_001676
EP19878027A	A_022409
CN202011324987.4	A_021118
KR20230195322A	A_023985
CN202211211208.9	A_021694
US202117497322A	A_024098
KR20180156242A	A_023222
CN202310224123.2	A_020767
KR20200162415A	A_023526
CN202210601995.1	A_021488
KR20257018330A	A_022430
KR20257003799A	A_020621
US201816645390A	A_019425
CN202011389362.6	A_000315
CN201911012978.9	A_015827
JP2021111206A	A_006196
US201815898994A	A_000037
CN202110640365.0	A_000452
US202318473591A	A_022413
US201916448513A	A_013558
CN202110310004.X	A_021215
US201816106449A	A_008042
KR20210134884A	A_006524
CN202110365060.3	A_021219
CN202210539892.7	A_002268
CN202210680712.7	A_000337
EP20849389A	A_022452
CN202380098259.1	A_012652
CN2021137675W	A_005857
US202318110582A	A_006703
CN202211549460.0	A_020967
JP2022104623A	A_023086
KR20220118704A	A_023804
US202117196146A	A_024304
US202117534272A	A_008263
US202217807839A	A_024818
US2022037532W	A_024766
KR20190050603A	A_006703
JP2021196198A	A_023028
CN202311100391.X	A_022075
CN202311642261.9	A_000406
US202217570340A	A_024098
DE202023103973U	A_022360
KR20180127222A	A_023278
CN202311672720.8	A_001960
IN202331035248	A_022873
CN201911251292.5	A_001305
JP2022523846A	A_023030
CN202010302692.0	A_020976
US202318228403A	A_020616
US2019018506W	A_024210
CN202310634015.2	A_021964
CN202210180005.1	A_021509
US201916548217A	A_000129
US202318186376A	A_008146
US202318199057A	A_009973
US201916420414A	A_009963
CN201980038392.1	A_000128
US202218077960A	A_024871
CN202211508278.0	A_021761
JP2022104168A	A_023081
US201916403647A	A_024333
CN2019112472W	A_000128
US202318189833A	A_007661
CN202110455259.5	A_000517
US201916533935A	A_007996
CN202310741335.8	A_000636
CN202310017827.2	A_000838
JP2023055643A	A_023070
KR20210138494A	A_023654
CN202310060428.4	A_000510
US202217818323A	A_024822
US202117461173A	A_024582
CN202311658151.1	A_004323
CN202311554904.4	A_021076
CA2021050659W	A_020643
KR20220179841A	A_023873
CN202311103723.X	A_022076
KR20200021173A	A_023433
EP22715237A	A_007705
CN201910109823.0	A_020786
CN202280016730.3	A_021834
JP2023097950A	A_006302
KR20190097384A	A_006695
CN202211458585.2	A_011822
KR20230047900A	A_023345
CN202210943583.6	A_021643
CN202111181310.4	A_021357
CN202022734215.X	A_021159
CN202311352027.2	A_022143
CN202310346561.6	A_001137
CN202310542609.0	A_001770
CN202010837186.1	A_020752
IN202011045249	A_022634
KR20220091832A	A_023780
CN202280069073.9	A_000260
US202218074394A	A_024870
FR1909383A	A_022535
SG11202204678U	A_024107
CN202110960152.6	A_002545
CN202211175849.3	A_021689
US202217827394A	A_022336
US202117461354A	A_024689
CN202210529560.0	A_021565
IN202041055266	A_022673
KR20230131135A	A_024005
CN202110127168.9	A_021200
CN202210872242.4	A_001139
AU2021258100A	A_020615
JP2022579731A	A_023114
US201816604076A	A_020626
KR20210090250A	A_009700
CN201810091434.5	A_001138
JP2020215588A	A_022998
CN202210859384.7	A_000134
CN202110600483.9	A_002168
US202217703902A	A_009973
CN202180002180.5	A_021470
CN202180090039.5	A_021477
IN202121047159	A_022695
US202318202365A	A_007700
KR20230172901A	A_024065
US202318134992A	A_024222
KR20220132548A	A_023819
CN202110698243.7	A_021274
US202318303954A	A_008263
CN202010779989.6	A_000384
CN202311727607.5	A_002913
CN202110600483.9	A_000314
JP2024516355A	A_015670
US202016869006A	A_024500
KR20220162799A	A_023854
KR20230111036A	A_006473
CN2023124352W	A_022291
US2022039734W	A_024767
CN202111638019.5	A_021455
CN201810860429.6	A_000182
CN202210513027.5	A_004051
CN201811628079.7	A_020723
CN202310262629.2	A_000988
US201815971982A	A_005576
US201816020224A	A_007790
US201916573745A	A_022445
US202217931663A	A_007831
IN202341063596	A_022915
CN202310511388.0	A_000979
CN202210939061.9	A_002786
KR20200080646A	A_023464
CN202310476530.2	A_021864
CN202210321285.3	A_000304
KR20190143199A	A_006694
US202217855264A	A_024271
CN202111328489.1	A_000326
IN202117055177	A_022678
JP2023207214A	A_023169
EP19817233A	A_022405
KR20210153927A	A_023667
CN2023135709W	A_005857
KR20230129930A	A_023563
JP2022153897A	A_006215
CN202311028182.9	A_022050
US202217729329A	A_024098
KR20230148834A	A_024024
US202318365966A	A_022336
US202217582228A	A_008125
KR20237000794A	A_006695
CN201811281801.4	A_020730
CN202111046498.1	A_002756
CN202310525215.4	A_021935
CN202310852749.8	A_000476
CN202111297200.4	A_002615
US202118263233A	A_024609
CN202110652812.4	A_000134
US202318231389A	A_024976
US202218048284A	A_009973
CN202210178013.2	A_021508
US202117328934A	A_022419
CN202110204397.6	A_000198
US201916721132A	A_000005
JP2021555854A	A_023061
JP2020508701A	A_006170
CN202011464473.9	A_021136
US202117562590A	A_009973
EP22152266A	A_022476
DE102020210622A	A_022334
CN202310694161.4	A_014820
US202217687720A	A_024794
EP21745608A	A_022470
CN202010691927.X	A_002109
AU2020203575A	A_020572
KR20210166456A	A_023688
IN202321042437	A_022860
CN202310840032.1	A_012218
CN201910949879.7	A_002312
CN202010612237.0	A_000474
CN202210132644.0	A_000292
KR20180118076A	A_023266
JP2022517526A	A_005496
CN202310193234.1	A_012652
KR20230190899A	A_006702
EP2018066626W	A_022422
CN202210258670.8	A_015612
US201916363343A	A_024272
CN202211225141.4	A_000636
JP2022105546A	A_023087
CN202211015048.0	A_002434
CN202311029104.0	A_000317
CN202110004886.7	A_001138
US202217731020A	A_024098
CN202311524872.3	A_022186
CN2020087591W	A_000129
DE102022129438A	A_022336
CN202311509334.7	A_022183
CN202380019977.5	A_020715
US202016894733A	A_024504
US202117391374A	A_022336
CN202111389310.3	A_021397
CN202210764734.1	A_001071
US201816216782A	A_005503
CN202010031198.5	A_004153
CN202311368293.4	A_000260
KR20210155479A	A_010992
US202117166587A	A_024624
JP2020568705A	A_005577
US202016894563A	A_022403
CN201910328531.6	A_000756
EP20214398A	A_005882
CN202310433040.4	A_000345
SA521422066A	A_024138
KR20210141709A	A_023395
US202318522004A	A_025030
CN202010769384.9	A_021047
JP2020187157A	A_022990
CN202211231763.8	A_021667
KR20210078967A	A_023608
US202117402029A	A_024682
US202318104897A	A_009973
CN202011511072.4	A_001138
CN201980005403.6	A_014498
KR20230195322A	A_023705
KR20230197583A	A_023738
AU2018204321A	A_020566
US202217953002A	A_007790
EP23213920A	A_005469
US202217834508A	A_024827
CN202011464932.3	A_021137
US202117509926A	A_008084
IN202241037444	A_022802
US201816183647A	A_022504
CN202310475114.0	A_021924
KR20180118076A	A_006754
KR20200086530A	A_023444
KR20200032036A	A_023441
CN202311098391.0	A_022072
US202318462244A	A_013104
CN202210744709.7	A_020977
CN202310092414.0	A_021865
EP23151976A	A_022503
CN201910819000.7	A_020723
KR20200022695A	A_023434
CN202210781266.9	A_021609
CN201811436113.0	A_020685
CN202310924832.1	A_022034
KR20210167138A	A_023692
CN202311716078.9	A_000559
IN202211002250	A_022764
GB201902722A	A_022545
CN202211147429.4	A_021684
KR20210041492A	A_013416
JP2021080206A	A_022929
KR20220184034A	A_023839
TR2021016197U	A_024155
IN202231054142	A_022787
CN201910742230.8	A_020723
KR20230116486A	A_023994
CN202111449334.3	A_004302
CN202310292198.4	A_021605
CN202310108884.1	A_021869
US201916585577A	A_014250
GB202317512A	A_022561
CN201880097333.7	A_000910
CN202311840596.1	A_003119
CN202010207255.0	A_000452
JP2020175962A	A_022986
CN201810639869.9	A_000317
EP23188834A	A_008103
US202318167264A	A_011125
CN202211665809.7	A_002446
CN2020137132W	A_020572
CN202210062341.6	A_019781
US202218077960A	A_024872
CN2018108423W	A_000130
US202217836167A	A_007996
CN202210565793.6	A_000896
CN202010392259.0	A_000838
CN202010032544.1	A_020942
AU2020103294A	A_020585
KR20190039134A	A_006759
EP22198159A	A_022483
KR20190170923A	A_023413
CN202310410349.1	A_002362
KR20230055290A	A_023937
IN202121047159	A_022700
CN201821394923.X	A_020758
SG2020050670W	A_024145
CN202010710518.X	A_021035
KR20190133585A	A_023372
US202318202234A	A_008034
US202016988205A	A_024519
CN202310161440.4	A_021877
CN202211477001.6	A_003107
CN202111192381.4	A_020783
CN2018115456W	A_000226
KR20210046231A	A_023584
US202117194752A	A_007824
TW108208512U	A_024176
CN202311247461.4	A_022122
US202117213918A	A_009998
CN201811418898.9	A_000895
CN201910810002.X	A_020860
KR20220056765A	A_006773
CN202110572077.6	A_002970
CN202210186976.7	A_004157
CN202311539347.9	A_022193
CN202220950668.2	A_021828
CN201911338879.X	A_000315
JP2022211709A	A_006264
KR20257010124A	A_015109
CN202210336847.1	A_000384
AU2023307411A	A_020628
EP19213041A	A_022377
US202318523512A	A_024098
KR20190022357A	A_023333
CN202211264550.5	A_021709
KR20210067667A	A_023456
US202218073016A	A_024868
CN202210987618.6	A_001347
CN202110537588.4	A_014648
CN202310123405.3	A_002590
CN202010822627.0	A_021058
US201916708922A	A_024396
CN202211735289.2	A_021820
KR20210070555A	A_006923
CN202311294231.3	A_010617
EP20180906A	A_022424
CN202310606978.1	A_008931
US201916358422A	A_005469
CN202111484793.5	A_014734
CN201911296716.X	A_020900
CN202211519779.9	A_021765
CN202310542358.6	A_021898
US202318525725A	A_025033
CN202311648831.5	A_013765
CN201811249088.5	A_020725
US202117211380A	A_024647
CN202010003211.6	A_000384
US202117458095A	A_006163
JP2023150752A	A_023152
US202318538280A	A_024642
KR20210192218A	A_023655
CN202010436503.9	A_000528
JP2022015148W	A_023064
EP19791376A	A_022401
US201916280687A	A_008150
CN202210840255.3	A_001099
CN202111382992.5	A_021396
US202318485113A	A_025019
JP2021058450A	A_006157
KR20230158418A	A_024053
KR20200010723A	A_023426
CN201911382956.1	A_000543
US202118018654A	A_007836
EP20166652A	A_006703
DE112022000498T	A_022336
CN201810038127.0	A_000196
CN202011034288.6	A_002615
ES19780576T	A_022523
EP21811198A	A_000099
JP2019221604A	A_022962
US202017081361A	A_007578
CN202011239317.2	A_020752
KR20220033821A	A_023737
CN202311660200.5	A_003923
US202318098372A	A_024913
CN201811076049.X	A_003830
CN202311667519.0	A_022227
CN202310260349.8	A_010617
CN202310012989.7	A_000253
US201916416629A	A_019878
US202016935849A	A_024512
CN202311035820.X	A_000995
US202318233126A	A_024977
US202017757226A	A_024597
US201917262792A	A_019399
US2019012613W	A_005809
KR20230024911A	A_023818
CN202011094017.X	A_003876
US202117791342A	A_024738
CN202011465773.9	A_000304
CN201911251231.9	A_000384
CN202011314262.7	A_000333
CN202311226910.7	A_022115
IN202341036798	A_022899
CN202111577154.3	A_021437
US202117562560A	A_009973
KR20220020777A	A_023730
JP2023193555A	A_023016
US201916570044A	A_022377
CN202211401173.5	A_013765
US202218061729A	A_008042
CN202110319469.1	A_020752
KR20210034037A	A_023566
IN202211003820	A_022766
CN201911034185.7	A_015827
CN202310879277.5	A_019234
CN202011481727.8	A_020683
KR2018000210W	A_009587
IB2020053083W	A_022578
CN201910623290.8	A_020723
KR20200075913A	A_023459
DE112020004561T	A_005426
JP2023153054A	A_023144
KR2021000523W	A_006695
KR20190039392A	A_023345
IN202121016180	A_022688
CN202211584679.4	A_004281
CN202111196412.3	A_002440
US201815939040A	A_024226
CN202211577188.7	A_020685
CN201811336709.3	A_020734
US201816771103A	A_022487
JP2021095949A	A_006157
CN202311127732.2	A_002309
CN202310809640.6	A_022005
CN202010587476.5	A_021015
KR20200010723A	A_023427
CN202210739967.6	A_021427
US202017118358A	A_024583
US202217976093A	A_024497
US202318382762A	A_025005
KR20210002384A	A_006701
KR20190088922A	A_006695
CN202310624809.0	A_014820
CN202111395212.0	A_020685
CN202311754318.4	A_022256
CN202310914523.6	A_000756
CN202210488938.7	A_000353
IN2020050083W	A_022621
CN202280098632.9	A_012652
CN202311550937.1	A_021596
EP23153441A	A_006703
US202217872292A	A_024838
US202117352021A	A_024664
CN202211078606.8	A_000315
KR20220157890A	A_023470
CN202080069838.X	A_021173
KR20230065529A	A_023946
US201916572205A	A_008358
CN202122047151.0	A_021469
KR20210164876A	A_005588
JP2023030442A	A_006350
CN2022081013W	A_005857
CN202311727067.0	A_013943
CN202310833639.7	A_000452
US202117905786A	A_024740
US202217698584A	A_024472
KR20220162950A	A_023592
JP2022120572A	A_006284
CN202011137107.2	A_021094
US202217987335A	A_008158
CN202010799729.5	A_021053
CN202110870123.0	A_014648
JP2022192532A	A_013302
CN202111515854.X	A_011446
KR20220176867A	A_023869
CN201910452161.7	A_020824
CN202010121676.1	A_010161
CN202311640807.7	A_002768
IN202147048552	A_005618
US202318111206A	A_024482
CN201810697357.8	A_020688
CN202011309583.8	A_000345
CN201910652457.3	A_020848
US202318385474A	A_022504
CN202011542223.2	A_000198
CN202211509371.3	A_021762
CN202110280989.6	A_021213
CN202210805443.2	A_021611
CN202310723124.1	A_000162
JP2021144745A	A_013319
KR20210164800A	A_006765
KR20220140089A	A_023350
US202318451144A	A_005496
KR20220155296A	A_023839
CN202210036903.X	A_019128
KR20210186311A	A_023713
CN202111228906.5	A_000636
CN202210900123.5	A_021634
US202318140650A	A_024935
JP2019143695A	A_006057
KR20230018358A	A_012455
CN202210608186.3	A_001756
CN2022102635W	A_005857
US202218081970A	A_024802
CN202111526066.0	A_001614
CN202010274128.2	A_000936
CN202210128714.5	A_003074
US202218688622A	A_024891
US202118267482A	A_024759
US202017767381A	A_024601
CN201880016197.4	A_020763
US202117534745A	A_024721
CN202110488565.9	A_003958
LU504080A	A_024114
US202117197192A	A_022495
CN202310404631.9	A_000330
CN202111127405.8	A_000182
CN2023102265W	A_021887
US202318320497A	A_007682
KR20197030696A	A_013568
JP2025526710A	A_005552
US201916588789A	A_005577
KR20220059962A	A_023756
CN202110600483.9	A_021264
KR20190010198A	A_023326
KR20210182885A	A_006547
CN201811653575.8	A_020719
CN202210261375.8	A_021524
CN202310651282.0	A_021971
US202318449238A	A_022336
US202117451030A	A_024686
KR20180066744A	A_009576
KR20230017073A	A_023905
CN202210608442.9	A_001139
CN202111665151.5	A_021456
CN202210754867.0	A_010561
CN202110170259.0	A_019021
US202016998257A	A_022403
KR20210086650A	A_006760
JP2021207223A	A_023056
KR20210163792A	A_023680
US202117235062A	A_024098
JP2023204283A	A_023166
KR20190162018A	A_006695
KR20210178423A	A_012458
US201916547725A	A_024359
CN202210436672.1	A_016259
FR2100154A	A_005680
US2020031561W	A_024426
BR102019008496A	A_020633
KR20190112888A	A_007262
CN201810325262.3	A_000689
US201816047649A	A_024098
KR2018008731W	A_023249
CN202210888129.5	A_021629
US202217816756A	A_022563
IN202221005538	A_022780
US202217840561A	A_024830
CN202010091091.X	A_008913
JP2021058450A	A_006156
DE112023002470T	A_022353
US202017427414A	A_006695
EP22730357A	A_022491
CN202110477130.4	A_002486
CN201911223845.6	A_020893
CN201910568633.5	A_000177
CN201980030364.5	A_000128
DE102019006679A	A_005525
US202117559139A	A_019504
US201815893986A	A_024212
CN201911004533.6	A_018954
US201916577964A	A_024374
KR20220064788A	A_023763
CN202310601846.X	A_003714
IN202141061006	A_022749
CN202011454715.6	A_011546
CN202310709440.3	A_001344
CN202311717986.X	A_000182
CN202310877468.8	A_022023
CN202310305929.4	A_002859
US202117521630A	A_007790
JP2023056427A	A_023130
CN202010220519.6	A_020961
KR20180080961A	A_012458
CN201810504070.9	A_001676
CN202210188881.9	A_021510
US202217891495A	A_009608
CN201910072182.6	A_000253
CN202011240400.1	A_021106
TW107118268A	A_024167
KR20230197709A	A_023694
US202318544102A	A_007998
KR2022018624W	A_006694
KR20190174430A	A_023415
KR20230116486A	A_023995
US202117534023A	A_024720
US202016994484A	A_024526
CN202110833341.7	A_002090
KR20230162343A	A_012457
KR20180148362A	A_023291
CN202311433058.0	A_021811
CN202010668639.2	A_021027
CN201910405785.3	A_020688
CN201910998477.6	A_020876
CN202311640677.7	A_002790
CN201910485788.2	A_020800
CN202011478862.7	A_016698
US202318545603A	A_024507
CN202311557833.3	A_004055
JP2023162930A	A_014157
KR20190118312A	A_013364
US202016936668A	A_005809
CN202111027809.X	A_021324
LU503012A	A_024113
CN201910422872.X	A_020688
NL2033285A	A_005426
JP2022532776A	A_023106
IN202241042004	A_022812
CN202311799653.6	A_004213
CN202311279745.1	A_000198
FR2300302A	A_005428
CN202011468514.1	A_021140
KR20210147757A	A_023659
CN202211446962.0	A_021751
US202318511163A	A_022336
CN202211065374.2	A_021666
CN202310008389.3	A_002854
KR20230136791A	A_011346
JP2023101763A	A_006215
US201815871758A	A_000037
US201816035888A	A_008052
CN202211222924.7	A_016804
CN202110360140.X	A_011946
CN202280000320.X	A_021493
US202017768437A	A_024602
JP2021081836A	A_022977
CN202111179902.2	A_001167
CN202310691371.8	A_021977
CN202311332415.4	A_022140
GB202316580A	A_022560
CN202010131483.4	A_020724
US202318212549A	A_024963
JP2018208503A	A_022939
JP2019200217A	A_022959
US202117358908A	A_007790
KR20190034924A	A_009649
CN202311237447.6	A_000252
KR20230103303A	A_007184
US202016886085A	A_000037
CN201810706272.1	A_010115
US201916519531A	A_007705
CN202211306320.0	A_000182
EP22708611A	A_007383
CN202211016268.5	A_000966
CN202211419985.2	A_003660
CN2022117222W	A_021439
JP2022511759A	A_006170
US202117369742A	A_005576
CN202111300514.5	A_021380
IN202221067167	A_022785
US201916600222A	A_006695
KR20230070393A	A_023962
IN202127025896	A_005557
US202017028641A	A_024542
CN202311833278.2	A_022280
KR2018009485W	A_009587
US2020038189W	A_008252
JP2021142469A	A_006084
CN202211455338.7	A_000507
CN202210451305.9	A_000384
KR20190127967A	A_006694
CN201811476027.2	A_020726
CN202110600387.4	A_021260
US202218083467A	A_008042
CN202311520105.5	A_000315
CN201810212455.8	A_020668
JP2019130033A	A_022952
CN201910355630.3	A_020818
CN202010358140.1	A_020677
US202117556891A	A_009973
EP2023054281W	A_013595
IL28426921A	A_022413
CN202210058539.7	A_021461
US202117646254A	A_009973
CN202111519852.8	A_000384
US202117388341A	A_024677
CN202310851290.X	A_003002
US201816209784A	A_008042
US202117535116A	A_024098
US202318159587A	A_024353
KR20220045470A	A_023745
SG2021050619W	A_024146
CN201910728575.8	A_000139
KR20210153927A	A_023666
CN201811188344.4	A_000862
US202318467993A	A_007705
CN202111139671.2	A_000223
KR20230006923A	A_023887
JP2022188052A	A_023099
US202318318502A	A_005572
IN202341069639A	A_014140
KR20220160321A	A_006929
CN202311160742.6	A_000162
CN202310029986.4	A_015523
KR20180077990A	A_023244
US202117159982A	A_024098
US201917266931A	A_024411
CN201811073774.1	A_020685
KR20230017518A	A_023817
CN201911042554.7	A_020879
JP2022090040A	A_023030
US202217990193A	A_000050
KR20230155829A	A_024046
KR20190144305A	A_007179
CN202310030850.5	A_021856
US202318141988A	A_022336
CN202210158386.3	A_021488
CN201910158111.8	A_020793
CN202010711376.9	A_021036
CN202010167880.7	A_000241
JP2019538596A	A_022968
KR20190012135A	A_006703
IN202311065885	A_022849
CN201811324616.9	A_020733
DE112022003562T	A_022351
CN201922123884.0	A_000614
CN202211643646.2	A_015762
CN202210495033.2	A_002132
CN202111160391.X	A_000276
CN202011412039.6	A_021132
IN201817049050	A_020572
CN202311022453.X	A_002993
US202117211885A	A_005507
US201916590879A	A_007705
US2020026023W	A_022445
CN202110093115.X	A_000253
CN202110378022.1	A_002301
KR20210064080A	A_023395
KR20220046482A	A_023746
CN202210028555.1	A_016510
RU2022112066A	A_024137
CN202111439832.X	A_011191
KR20210079975A	A_023612
US202318120734A	A_022482
KR20230153097A	A_006702
US202318347322A	A_024992
KR20200029956A	A_023436
CN202111188719.9	A_021360
CN202310476530.2	A_000384
US201916675249A	A_006223
CN201911244292.2	A_020895
CN202311478036.6	A_022171
KR20210151380A	A_023663
KR20230147419A	A_024023
KR20220181417A	A_023879
KR20200049191A	A_007147
EP21820017A	A_022397
CN202210898757.1	A_021631
CN202280098396.0	A_021059
CN202111202856.3	A_020767
CN202110454766.7	A_021238
CN202211474485.9	A_000134
IN202227051922	A_007705
US201916557503A	A_024362
US201916700804A	A_000113
CN202310287941.7	A_002623
CN201880093319.X	A_020726
CN201911115072.X	A_000326
US202218056813A	A_008252
CN202111465719.9	A_021413
CN202210159494.2	A_021503
IN2022050162W	A_007383
US201816199549A	A_007705
US202217663255A	A_009973
KR20190000757A	A_023313
CN202111181310.4	A_021355
CN202211573994.7	A_000315
US202318469124A	A_005469
US202217891660A	A_024842
CN201811126648.8	A_020714
US202017091725A	A_024569
KR20190160746A	A_006586
CN202210246642.4	A_001109
KR20230089579A	A_023978
US202117358526A	A_007790
US202217899378A	A_024845
EP21790456A	A_000113
KR20220106870A	A_023797
KR20200136613A	A_023506
DE102022119799A	A_022342
KR20180110867A	A_006715
CN202111253507.4	A_002992
CN202080049364.2	A_021170
JP2023531450A	A_006196
CN202210078080.7	A_002815
CN202110228122.6	A_008682
US201816498617A	A_022325
CN201910221244.5	A_003262
JP2022138718A	A_023093
CN202010219905.3	A_020960
CN202110323376.6	A_000636
IN202221005538	A_022779
KR2023014262W	A_006703
US201917280544A	A_005404
KR20190071499A	A_023357
US202117644288A	A_000037
US202017623216A	A_005809
CN201910110591.0	A_011172
CN202310452180.6	A_000375
US202318483294A	A_022396
CN202111577154.3	A_021439
JP2018055577A	A_022931
US202117167652A	A_006703
KR20190004941A	A_023319
CN202111226832.1	A_021367
CN202311619209.1	A_000679
CN202311754318.4	A_022255
CN202210681636.1	A_020715
IN202127060061	A_022704
CN202211611275.X	A_004157
CN201911320004.7	A_020905
CN202210046866.0	A_021325
JP2023097950A	A_005628
IN202241006146	A_022788
KR20200189900A	A_006530
US202117550619A	A_005555
CN202311817710.9	A_022272
KR20210015036A	A_023551
AU2021107088A	A_020606
CN202211679325.8	A_015646
US202318339430A	A_007705
JP2023137663A	A_006703
KR2018003668W	A_009587
CN202310049128.6	A_002425
US202117385317A	A_024675
CN202210566327.X	A_021329
FR1904123A	A_022532
US202217989509A	A_024271
CN202120784149.9	A_021459
KR20210104317A	A_014221
JP2021168738A	A_006313
CN202210202128.0	A_021514
CN202010542392.X	A_003085
CN202311765325.4	A_020967
CN202111268831.3	A_015457
US201815948415A	A_024228
CN202311514493.6	A_002293
DE112022002809T	A_022336
KR20200171286A	A_023532
KR20190170923A	A_023410
CN201810847167.X	A_000452
CN201811002575.1	A_000276
KR20220003240A	A_006760
US202217865637A	A_006703
CN202210273481.8	A_001004
CN202010701602.5	A_021032
CN202210907397.7	A_021636
KR20217041105A	A_007172
US202017099313A	A_008042
US2022022055W	A_007790
CN202110354619.2	A_000315
CN202310919047.7	A_003419
US201916242873A	A_000069
CN202310154609.3	A_000276
CN202211140312.3	A_000294
CN202210336032.3	A_000304
CN202310632190.8	A_021963
CN202311377486.6	A_000610
CN202110512674.X	A_001139
CN202211531447.2	A_021772
KR20190130120A	A_006695
KR20210133947A	A_023648
JP2023030442A	A_006351
CN202180065873.9	A_000910
CN202111028947.X	A_021325
KR20230167621A	A_024060
CN202310286828.7	A_021898
KR20180012316A	A_023203
US202318488958A	A_025022
KR20210161920A	A_023677
US202017438043A	A_006083
US202318167698A	A_024940
US202318139058A	A_007790
CN202210083359.4	A_000994
CN202080003279.2	A_002872
KR20190098000A	A_006695
CN202311322535.6	A_021692
CN202311542873.0	A_001613
JP2020557859A	A_006114
CN202011048572.9	A_021080
CN202011367786.2	A_000299
CN2019112472W	A_000129
CN202211287877.4	A_020748
CN2019127052W	A_020910
CN202111165286.5	A_021353
IN202031044075	A_005985
CN202210064052.X	A_000389
US202117920590A	A_009245
CN2020082831W	A_020723
CN202211428489.3	A_011667
CN202311058298.7	A_000856
CN202111137334.X	A_000182
JP2021153356A	A_006111
CN201911326992.6	A_020896
CN202211140141.4	A_002414
CN202310419595.3	A_016051
CN201821224663.1	A_020756
KR20210108084A	A_006910
IN202221019788	A_013262
CN202211523716.0	A_021768
CN202110483524.0	A_021243
CN201810229422.4	A_020671
US202217698488A	A_005587
CN202210912163.1	A_021638
DE102022105464A	A_022339
US202117524471A	A_009973
CN202311116754.9	A_019301
US202017616293A	A_024593
US202318347485A	A_022403
CN202210361714.X	A_000304
KR20210133947A	A_023647
CN202310545908.X	A_000198
KR20220113963A	A_006935
KR20200036433A	A_006702
CN2022102904W	A_005857
KR20210042156A	A_023575
KR20210027789A	A_023563
CN202010567584.6	A_020863
KR20210106462A	A_023629
JP2023512405A	A_023056
BR112021015314A	A_020641
CN202210486920.3	A_005163
CN202111423715.4	A_021312
US202217929954A	A_009973
CN202010366536.0	A_000223
JP2021509055A	A_006196
CN202210774152.1	A_021606
CN202010779950.4	A_021050
CN202111529026.1	A_021427
US201916684458A	A_005576
US201916260683A	A_005809
CN202111271432.2	A_020767
US201816761088A	A_024287
CN202210386106.4	A_000337
EP21725634A	A_007705
KR20190039134A	A_023343
US2018031947W	A_024199
IN202141061006	A_022750
US202016991890A	A_024522
IN202131001783	A_022709
US202217687555A	A_020616
US202318359630A	A_007700
CN202311716052.4	A_003130
KR20220118716A	A_023805
KR20200189655A	A_007103
CN202111505030.4	A_021421
CN202010690289.X	A_003267
CN202111194730.6	A_015869
CN2020137132W	A_020726
KR20190085509A	A_023359
US201915733875A	A_022411
JP2023020814A	A_006264
US201916521155A	A_024353
JP2018039908A	A_022927
US202217739282A	A_024810
CN202310498165.5	A_021929
CN202310626001.6	A_002872
US202017013925A	A_007824
US202016926946A	A_020641
EP21743154A	A_022469
CN202011538720.5	A_000260
US202318526912A	A_024514
US202217842320A	A_024831
KR20200085201A	A_006501
US2019033738W	A_024210
JP2022090040A	A_022351
EP21159411A	A_007790
CN201811390428.6	A_020723
KR20220171608A	A_023862
US202016739920A	A_024446
CN202311741519.0	A_022249
KR20220048524A	A_023669
CN201911330753.8	A_020859
JP2023179424A	A_023163
EP19790912A	A_007705
KR20200114865A	A_023481
CN202311279151.0	A_000936
KR20200107066A	A_023474
CN202210213173.6	A_001135
CN202211507326.4	A_021759
CN202310522170.5	A_021933
CN201880069832.5	A_020773
KR20220048524A	A_023670
CN202011094017.X	A_021087
KR20257027980A	A_022774
CN202110477941.4	A_021242
US202217883191A	A_009973
AU2023437794A	A_020630
CN201880049130.0	A_000260
US2020062753W	A_024436
CN202111361807.4	A_000681
KR20180025818A	A_023217
CN201880098130.X	A_020779
CN202210889701.X	A_001139
EP22789047A	A_009973
CN202211348203.0	A_021731
CN202011465483.4	A_001129
TW107135830A	A_024164
US201916435337A	A_022336
KR2018003687W	A_006702
US202016750819A	A_007790
EP21813818A	A_000020
CN202311242135.4	A_000299
CN202210299026.5	A_000377
KR20220176922A	A_023344
US202217683621A	A_020646
KR20220090412A	A_023779
US201816228389A	A_024276
IN202241037921	A_022806
KR20190126195A	A_006694
CN202211425972.6	A_000162
US2022082477W	A_024772
KR20190048258A	A_023350
TW108208512U	A_024177
AU2018204315A	A_020566
CN2020122716W	A_005857
CN201880072862.1	A_020774
US201815991976A	A_024098
KR2022008338W	A_023774
EP19757834A	A_005507
EP18717754A	A_022376
KR20210174479A	A_009563
CN202011071103.9	A_012739
KR20180029344A	A_007188
US202318485819A	A_025020
US201916538978A	A_008125
KR20190090080A	A_006695
KR20230073260A	A_023646
CN202211733378.3	A_021817
US202017061439A	A_006703
CN202110101522.0	A_001765
CN202110806607.9	A_003152
CN202310606978.1	A_000384
CN202011401276.2	A_010259
CN201910888165.X	A_020863
US202017039604A	A_024271
CN202010113357.6	A_000756
IN202141039960	A_022743
JP2023012997A	A_006303
CN202011344659.0	A_021120
CN202011359966.6	A_000157
US202217733688A	A_022509
CN201811131656.1	A_015280
KR20230066369A	A_023951
KR20180075469A	A_006852
KR20220105749A	A_023793
US202318543678A	A_024814
KR20220162353A	A_023848
KR20220157683A	A_006595
KR20210059196A	A_023550
CN202311083274.7	A_022069
CN202311405942.3	A_003745
CN202080037240.2	A_021167
US2022040114W	A_024768
KR20210159562A	A_023676
CN202311242579.8	A_022120
CN202111041309.1	A_000198
KR20210061111A	A_023599
CN202111460793.1	A_000533
KR20180165194A	A_006504
US202318156953A	A_024937
CN201910740813.7	A_020723
IN202241066484	A_022825
CN202311465774.7	A_001676
US202016897826A	A_022353
KR20180160144A	A_023304
US202017085511A	A_007790
CN202310725582.9	A_002001
CN202210917631.4	A_021325
CN202111370644.6	A_003255
CN202111353699.6	A_021389
CN202011393836.4	A_000203
CN2023102265W	A_000304
CN202210118201.6	A_011244
CN202210371229.0	A_001327
CN202111197982.4	A_001600
CN202210733011.5	A_000252
KR20230191618A	A_024079
CN202010243874.5	A_017213
CN202010304250.X	A_020977
CN202110332571.5	A_000182
IN202131013270	A_022711
CN202010794123.2	A_021052
US2019060606W	A_007705
JP2021133296A	A_006156
EP21714084A	A_007578
CN202311551130.X	A_004208
US202218072887A	A_024867
CN202111594416.7	A_000326
CN201910257826.9	A_002872
UA201812555U	A_024194
CN202311722870.5	A_022241
CN202010650764.0	A_020767
CN202310903742.4	A_022029
CN202310941819.7	A_016693
IN202141039960	A_005839
CN201811455827.6	A_020723
KR20230013654A	A_023646
IN202241042004	A_022814
CN202211602512.6	A_018756
CN202311401928.6	A_022158
KR20210110201A	A_023630
CN202310589770.3	A_011860
CN202211641799.3	A_011492
CN202310881575.8	A_011658
CN201910742674.1	A_020723
IN202011056466	A_022638
CN202211295413.8	A_002616
CN202010415124.1	A_021000
TW112208123U	A_024191
CN202311643710.1	A_022187
CN201880060900.1	A_001519
CN201910128689.9	A_000384
CN202111089935.8	A_014624
CN202311429314.9	A_000374
EP22177884A	A_000122
EP23165024A	A_000008
US202017094620A	A_022941
